#VRML V2.0 utf8
DEF TXFM_1 Transform {
  center 0 0 0
  rotation 0 0 1 0
  scale 2.54 2.54 2.54
  scaleOrientation 0 0 1 0
  translation 0 0 0
 children [
DEF TXFM_2 Transform {
  center 0 0 0
  rotation 0 0 1 0
  scale 1 1 1
  scaleOrientation 0 0 1 0
  translation 0 0 0
 children [
DEF SHAPE_1 Shape {
 appearance DEF APP_1 Appearance {
  material Material {
   ambientIntensity 1
   diffuseColor 0 0 0
   emissiveColor 0 0 0
   shininess 0.0099999998
   specularColor 0.1 0.1 0.1
   transparency 0
} }
 geometry DEF FACE_1 IndexedFaceSet {
  coord DEF COORD_1 Coordinate { point [
  10.885531 -13.437008 0.31003937,10.899002 -13.369285 0.31003937,
  10.937364 -13.311872 0.31003937,10.994777 -13.27351 0.31003937,
  11.0625 -13.260039 0.31003937,11.130223 -13.27351 0.31003937,
  11.187636 -13.311872 0.31003937,11.225998 -13.369285 0.31003937,
  11.239469 -13.437008 0.31003937,11.225998 -13.504731 0.31003937,
  11.187636 -13.562144 0.31003937,11.130223 -13.600505 0.31003937,
  11.0625 -13.613976 0.31003937,10.994777 -13.600505 0.31003937,
  10.937364 -13.562144 0.31003937,10.899002 -13.504731 0.31003937,
  10.885531 -14.437008 0.31003937,10.899002 -14.369285 0.31003937,
  10.937364 -14.311872 0.31003937,10.994777 -14.27351 0.31003937,
  11.0625 -14.260039 0.31003937,11.130223 -14.27351 0.31003937,
  11.187636 -14.311872 0.31003937,11.225998 -14.369285 0.31003937,
  11.239469 -14.437008 0.31003937,11.225998 -14.504731 0.31003937,
  11.187636 -14.562144 0.31003937,11.130223 -14.600505 0.31003937,
  11.0625 -14.613976 0.31003937,10.994777 -14.600505 0.31003937,
  10.937364 -14.562144 0.31003937,10.899002 -14.504731 0.31003937,
  10.885531 -15.437008 0.31003937,10.899002 -15.369285 0.31003937,
  10.937364 -15.311872 0.31003937,10.994777 -15.27351 0.31003937,
  11.0625 -15.260039 0.31003937,11.130223 -15.27351 0.31003937,
  11.187636 -15.311872 0.31003937,11.225998 -15.369285 0.31003937,
  11.239469 -15.437008 0.31003937,11.225998 -15.504731 0.31003937,
  11.187636 -15.562144 0.31003937,11.130223 -15.600505 0.31003937,
  11.0625 -15.613976 0.31003937,10.994777 -15.600505 0.31003937,
  10.937364 -15.562144 0.31003937,10.899002 -15.504731 0.31003937,
  10.885531 -16.437008 0.31003937,10.899002 -16.369285 0.31003937,
  10.937364 -16.311872 0.31003937,10.994777 -16.27351 0.31003937,
  11.0625 -16.260039 0.31003937,11.130223 -16.27351 0.31003937,
  11.187636 -16.311872 0.31003937,11.225998 -16.369285 0.31003937,
  11.239469 -16.437008 0.31003937,11.225998 -16.504731 0.31003937,
  11.187636 -16.562144 0.31003937,11.130223 -16.600505 0.31003937,
  11.0625 -16.613976 0.31003937,10.994777 -16.600505 0.31003937,
  10.937364 -16.562144 0.31003937,10.899002 -16.504731 0.31003937,
  10.885531 -17.437008 0.31003937,10.899002 -17.369285 0.31003937,
  10.937364 -17.311872 0.31003937,10.994777 -17.27351 0.31003937,
  11.0625 -17.260039 0.31003937,11.130223 -17.27351 0.31003937,
  11.187636 -17.311872 0.31003937,11.225998 -17.369285 0.31003937,
  11.239469 -17.437008 0.31003937,11.225998 -17.504731 0.31003937,
  11.187636 -17.562144 0.31003937,11.130223 -17.600505 0.31003937,
  11.0625 -17.613976 0.31003937,10.994777 -17.600505 0.31003937,
  10.937364 -17.562144 0.31003937,10.899002 -17.504731 0.31003937,
  34.6875 -28.125 0.31003937,34.6875 -11.25 0.31003937,
  8.4375 -11.25 0.31003937,8.4375 -28.125 0.31003937,
  32.272146 -16.0625 0.31003937,32.246672 -16.190563 0.31003937,
  32.17413 -16.29913 0.31003937,32.065563 -16.371672 0.31003937,
  31.9375 -16.397146 0.31003937,31.809437 -16.371672 0.31003937,
  31.70087 -16.29913 0.31003937,31.628328 -16.190563 0.31003937,
  31.602854 -16.0625 0.31003937,31.628328 -15.934437 0.31003937,
  31.70087 -15.82587 0.31003937,31.809437 -15.753328 0.31003937,
  31.9375 -15.727854 0.31003937,32.065563 -15.753328 0.31003937,
  32.17413 -15.82587 0.31003937,32.246672 -15.934437 0.31003937,
  10.885531 -18.437008 0.31003937,10.899002 -18.369285 0.31003937,
  10.937364 -18.311872 0.31003937,10.994777 -18.27351 0.31003937,
  11.0625 -18.260039 0.31003937,11.130223 -18.27351 0.31003937,
  11.187636 -18.311872 0.31003937,11.225998 -18.369285 0.31003937,
  11.239469 -18.437008 0.31003937,11.225998 -18.504731 0.31003937,
  11.187636 -18.562144 0.31003937,11.130223 -18.600505 0.31003937,
  11.0625 -18.613976 0.31003937,10.994777 -18.600505 0.31003937,
  10.937364 -18.562144 0.31003937,10.899002 -18.504731 0.31003937,
  31.602854 -23.5625 0.31003937,31.628328 -23.434437 0.31003937,
  31.70087 -23.32587 0.31003937,31.809437 -23.253328 0.31003937,
  31.9375 -23.227854 0.31003937,32.065563 -23.253328 0.31003937,
  32.17413 -23.32587 0.31003937,32.246672 -23.434437 0.31003937,
  32.272146 -23.5625 0.31003937,32.246672 -23.690563 0.31003937,
  32.17413 -23.79913 0.31003937,32.065563 -23.871672 0.31003937,
  31.9375 -23.897146 0.31003937,31.809437 -23.871672 0.31003937,
  31.70087 -23.79913 0.31003937,31.628328 -23.690563 0.31003937,
  29.150098 -23.5625 0.31003937,29.210036 -23.261174 0.31003937,
  29.380723 -23.005723 0.31003937,29.636174 -22.835036 0.31003937,
  29.9375 -22.775098 0.31003937,30.238826 -22.835036 0.31003937,
  30.494277 -23.005723 0.31003937,30.664964 -23.261174 0.31003937,
  30.724902 -23.5625 0.31003937,30.664964 -23.863826 0.31003937,
  30.494277 -24.119277 0.31003937,30.238826 -24.289964 0.31003937,
  29.9375 -24.349902 0.31003937,29.636174 -24.289964 0.31003937,
  29.380723 -24.119277 0.31003937,29.210036 -23.863826 0.31003937,
  27.602854 -23.5625 0.31003937,27.628328 -23.434437 0.31003937,
  27.70087 -23.32587 0.31003937,27.809437 -23.253328 0.31003937,
  27.9375 -23.227854 0.31003937,28.065563 -23.253328 0.31003937,
  28.17413 -23.32587 0.31003937,28.246672 -23.434437 0.31003937,
  28.272146 -23.5625 0.31003937,28.246672 -23.690563 0.31003937,
  28.17413 -23.79913 0.31003937,28.065563 -23.871672 0.31003937,
  27.9375 -23.897146 0.31003937,27.809437 -23.871672 0.31003937,
  27.70087 -23.79913 0.31003937,27.628328 -23.690563 0.31003937,
  30.727317 -21.352317 0.31003937,30.82375 -21.287882 0.31003937,
  30.9375 -21.265256 0.31003937,31.05125 -21.287882 0.31003937,
  31.147683 -21.352317 0.31003937,31.212118 -21.44875 0.31003937,
  31.234744 -21.5625 0.31003937,31.212118 -21.67625 0.31003937,
  31.147683 -21.772683 0.31003937,31.05125 -21.837118 0.31003937,
  30.9375 -21.859744 0.31003937,30.82375 -21.837118 0.31003937,
  30.727317 -21.772683 0.31003937,30.662882 -21.67625 0.31003937,
  30.640256 -21.5625 0.31003937,30.662882 -21.44875 0.31003937,
  30.640256 -14.0625 0.31003937,30.662882 -13.94875 0.31003937,
  30.727317 -13.852317 0.31003937,30.82375 -13.787882 0.31003937,
  30.9375 -13.765256 0.31003937,31.05125 -13.787882 0.31003937,
  31.147683 -13.852317 0.31003937,31.212118 -13.94875 0.31003937,
  31.234744 -14.0625 0.31003937,31.212118 -14.17625 0.31003937,
  31.147683 -14.272683 0.31003937,31.05125 -14.337118 0.31003937,
  30.9375 -14.359744 0.31003937,30.82375 -14.337118 0.31003937,
  30.727317 -14.272683 0.31003937,30.662882 -14.17625 0.31003937,
  30.494277 -15.505723 0.31003937,30.664964 -15.761174 0.31003937,
  30.724902 -16.0625 0.31003937,30.664964 -16.363826 0.31003937,
  30.494277 -16.619277 0.31003937,30.238826 -16.789964 0.31003937,
  29.9375 -16.849902 0.31003937,29.636174 -16.789964 0.31003937,
  29.380723 -16.619277 0.31003937,29.210036 -16.363826 0.31003937,
  29.150098 -16.0625 0.31003937,29.210036 -15.761174 0.31003937,
  29.380723 -15.505723 0.31003937,29.636174 -15.335036 0.31003937,
  29.9375 -15.275098 0.31003937,30.238826 -15.335036 0.31003937,
  28.32375 -22.287882 0.31003937,28.4375 -22.265256 0.31003937,
  28.55125 -22.287882 0.31003937,28.647683 -22.352317 0.31003937,
  28.712118 -22.44875 0.31003937,28.734744 -22.5625 0.31003937,
  28.712118 -22.67625 0.31003937,28.647683 -22.772683 0.31003937,
  28.55125 -22.837118 0.31003937,28.4375 -22.859744 0.31003937,
  28.32375 -22.837118 0.31003937,28.227317 -22.772683 0.31003937,
  28.162882 -22.67625 0.31003937,28.140256 -22.5625 0.31003937,
  28.162882 -22.44875 0.31003937,28.227317 -22.352317 0.31003937,
  28.140256 -15.0625 0.31003937,28.162882 -14.94875 0.31003937,
  28.227317 -14.852317 0.31003937,28.32375 -14.787882 0.31003937,
  28.4375 -14.765256 0.31003937,28.55125 -14.787882 0.31003937,
  28.647683 -14.852317 0.31003937,28.712118 -14.94875 0.31003937,
  28.734744 -15.0625 0.31003937,28.712118 -15.17625 0.31003937,
  28.647683 -15.272683 0.31003937,28.55125 -15.337118 0.31003937,
  28.4375 -15.359744 0.31003937,28.32375 -15.337118 0.31003937,
  28.227317 -15.272683 0.31003937,28.162882 -15.17625 0.31003937,
  28.065563 -15.753328 0.31003937,28.17413 -15.82587 0.31003937,
  28.246672 -15.934437 0.31003937,28.272146 -16.0625 0.31003937,
  28.246672 -16.190563 0.31003937,28.17413 -16.29913 0.31003937,
  28.065563 -16.371672 0.31003937,27.9375 -16.397146 0.31003937,
  27.809437 -16.371672 0.31003937,27.70087 -16.29913 0.31003937,
  27.628328 -16.190563 0.31003937,27.602854 -16.0625 0.31003937,
  27.628328 -15.934437 0.31003937,27.70087 -15.82587 0.31003937,
  27.809437 -15.753328 0.31003937,27.9375 -15.727854 0.31003937,
  17.239469 -13.437008 0.31003937,17.225998 -13.504731 0.31003937,
  17.187636 -13.562144 0.31003937,17.130223 -13.600505 0.31003937,
  17.0625 -13.613976 0.31003937,16.994777 -13.600505 0.31003937,
  16.937364 -13.562144 0.31003937,16.899002 -13.504731 0.31003937,
  16.885531 -13.437008 0.31003937,16.899002 -13.369285 0.31003937,
  16.937364 -13.311872 0.31003937,16.994777 -13.27351 0.31003937,
  17.0625 -13.260039 0.31003937,17.130223 -13.27351 0.31003937,
  17.187636 -13.311872 0.31003937,17.225998 -13.369285 0.31003937,
  17.239469 -14.437008 0.31003937,17.225998 -14.504731 0.31003937,
  17.187636 -14.562144 0.31003937,17.130223 -14.600505 0.31003937,
  17.0625 -14.613976 0.31003937,16.994777 -14.600505 0.31003937,
  16.937364 -14.562144 0.31003937,16.899002 -14.504731 0.31003937,
  16.885531 -14.437008 0.31003937,16.899002 -14.369285 0.31003937,
  16.937364 -14.311872 0.31003937,16.994777 -14.27351 0.31003937,
  17.0625 -14.260039 0.31003937,17.130223 -14.27351 0.31003937,
  17.187636 -14.311872 0.31003937,17.225998 -14.369285 0.31003937,
  17.239469 -15.437008 0.31003937,17.225998 -15.504731 0.31003937,
  17.187636 -15.562144 0.31003937,17.130223 -15.600505 0.31003937,
  17.0625 -15.613976 0.31003937,16.994777 -15.600505 0.31003937,
  16.937364 -15.562144 0.31003937,16.899002 -15.504731 0.31003937,
  16.885531 -15.437008 0.31003937,16.899002 -15.369285 0.31003937,
  16.937364 -15.311872 0.31003937,16.994777 -15.27351 0.31003937,
  17.0625 -15.260039 0.31003937,17.130223 -15.27351 0.31003937,
  17.187636 -15.311872 0.31003937,17.225998 -15.369285 0.31003937,
  17.239469 -16.437008 0.31003937,17.225998 -16.504731 0.31003937,
  17.187636 -16.562144 0.31003937,17.130223 -16.600505 0.31003937,
  17.0625 -16.613976 0.31003937,16.994777 -16.600505 0.31003937,
  16.937364 -16.562144 0.31003937,16.899002 -16.504731 0.31003937,
  16.885531 -16.437008 0.31003937,16.899002 -16.369285 0.31003937,
  16.937364 -16.311872 0.31003937,16.994777 -16.27351 0.31003937,
  17.0625 -16.260039 0.31003937,17.130223 -16.27351 0.31003937,
  17.187636 -16.311872 0.31003937,17.225998 -16.369285 0.31003937,
  17.239469 -17.437008 0.31003937,17.225998 -17.504731 0.31003937,
  17.187636 -17.562144 0.31003937,17.130223 -17.600505 0.31003937,
  17.0625 -17.613976 0.31003937,16.994777 -17.600505 0.31003937,
  16.937364 -17.562144 0.31003937,16.899002 -17.504731 0.31003937,
  16.885531 -17.437008 0.31003937,16.899002 -17.369285 0.31003937,
  16.937364 -17.311872 0.31003937,16.994777 -17.27351 0.31003937,
  17.0625 -17.260039 0.31003937,17.130223 -17.27351 0.31003937,
  17.187636 -17.311872 0.31003937,17.225998 -17.369285 0.31003937,
  11.239469 -12.437008 0.31003937,11.225998 -12.504731 0.31003937,
  11.187636 -12.562144 0.31003937,11.130223 -12.600505 0.31003937,
  11.0625 -12.613976 0.31003937,10.994777 -12.600505 0.31003937,
  10.937364 -12.562144 0.31003937,10.899002 -12.504731 0.31003937,
  10.885531 -12.437008 0.31003937,10.899002 -12.369285 0.31003937,
  10.937364 -12.311872 0.31003937,10.994777 -12.27351 0.31003937,
  11.0625 -12.260039 0.31003937,11.130223 -12.27351 0.31003937,
  11.187636 -12.311872 0.31003937,11.225998 -12.369285 0.31003937,
  16.885531 -18.437008 0.31003937,16.899002 -18.369285 0.31003937,
  16.937364 -18.311872 0.31003937,16.994777 -18.27351 0.31003937,
  17.0625 -18.260039 0.31003937,17.130223 -18.27351 0.31003937,
  17.187636 -18.311872 0.31003937,17.225998 -18.369285 0.31003937,
  17.239469 -18.437008 0.31003937,17.225998 -18.504731 0.31003937,
  17.187636 -18.562144 0.31003937,17.130223 -18.600505 0.31003937,
  17.0625 -18.613976 0.31003937,16.994777 -18.600505 0.31003937,
  16.937364 -18.562144 0.31003937,16.899002 -18.504731 0.31003937,
  24.102854 -16.0625 0.31003937,24.128328 -15.934437 0.31003937,
  24.20087 -15.82587 0.31003937,24.309437 -15.753328 0.31003937,
  24.4375 -15.727854 0.31003937,24.565563 -15.753328 0.31003937,
  24.67413 -15.82587 0.31003937,24.746672 -15.934437 0.31003937,
  24.772146 -16.0625 0.31003937,24.746672 -16.190563 0.31003937,
  24.67413 -16.29913 0.31003937,24.565563 -16.371672 0.31003937,
  24.4375 -16.397146 0.31003937,24.309437 -16.371672 0.31003937,
  24.20087 -16.29913 0.31003937,24.128328 -16.190563 0.31003937,
  23.734744 -14.0625 0.31003937,23.712118 -14.17625 0.31003937,
  23.647683 -14.272683 0.31003937,23.55125 -14.337118 0.31003937,
  23.4375 -14.359744 0.31003937,23.32375 -14.337118 0.31003937,
  23.227317 -14.272683 0.31003937,23.162882 -14.17625 0.31003937,
  23.140256 -14.0625 0.31003937,23.162882 -13.94875 0.31003937,
  23.227317 -13.852317 0.31003937,23.32375 -13.787882 0.31003937,
  23.4375 -13.765256 0.31003937,23.55125 -13.787882 0.31003937,
  23.647683 -13.852317 0.31003937,23.712118 -13.94875 0.31003937,
  23.734744 -21.5625 0.31003937,23.712118 -21.67625 0.31003937,
  23.647683 -21.772683 0.31003937,23.55125 -21.837118 0.31003937,
  23.4375 -21.859744 0.31003937,23.32375 -21.837118 0.31003937,
  23.227317 -21.772683 0.31003937,23.162882 -21.67625 0.31003937,
  23.140256 -21.5625 0.31003937,23.162882 -21.44875 0.31003937,
  23.227317 -21.352317 0.31003937,23.32375 -21.287882 0.31003937,
  23.4375 -21.265256 0.31003937,23.55125 -21.287882 0.31003937,
  23.647683 -21.352317 0.31003937,23.712118 -21.44875 0.31003937,
  24.102854 -23.5625 0.31003937,24.128328 -23.434437 0.31003937,
  24.20087 -23.32587 0.31003937,24.309437 -23.253328 0.31003937,
  24.4375 -23.227854 0.31003937,24.565563 -23.253328 0.31003937,
  24.67413 -23.32587 0.31003937,24.746672 -23.434437 0.31003937,
  24.772146 -23.5625 0.31003937,24.746672 -23.690563 0.31003937,
  24.67413 -23.79913 0.31003937,24.565563 -23.871672 0.31003937,
  24.4375 -23.897146 0.31003937,24.309437 -23.871672 0.31003937,
  24.20087 -23.79913 0.31003937,24.128328 -23.690563 0.31003937,
  21.650098 -16.0625 0.31003937,21.710036 -15.761174 0.31003937,
  21.880723 -15.505723 0.31003937,22.136174 -15.335036 0.31003937,
  22.4375 -15.275098 0.31003937,22.738826 -15.335036 0.31003937,
  22.994277 -15.505723 0.31003937,23.164964 -15.761174 0.31003937,
  23.224902 -16.0625 0.31003937,23.164964 -16.363826 0.31003937,
  22.994277 -16.619277 0.31003937,22.738826 -16.789964 0.31003937,
  22.4375 -16.849902 0.31003937,22.136174 -16.789964 0.31003937,
  21.880723 -16.619277 0.31003937,21.710036 -16.363826 0.31003937,
  21.234744 -15.0625 0.31003937,21.212118 -15.17625 0.31003937,
  21.147683 -15.272683 0.31003937,21.05125 -15.337118 0.31003937,
  20.9375 -15.359744 0.31003937,20.82375 -15.337118 0.31003937,
  20.727317 -15.272683 0.31003937,20.662882 -15.17625 0.31003937,
  20.640256 -15.0625 0.31003937,20.662882 -14.94875 0.31003937,
  20.727317 -14.852317 0.31003937,20.82375 -14.787882 0.31003937,
  20.9375 -14.765256 0.31003937,21.05125 -14.787882 0.31003937,
  21.147683 -14.852317 0.31003937,21.212118 -14.94875 0.31003937,
  20.565563 -16.371672 0.31003937,20.4375 -16.397146 0.31003937,
  20.309437 -16.371672 0.31003937,20.20087 -16.29913 0.31003937,
  20.128328 -16.190563 0.31003937,20.102854 -16.0625 0.31003937,
  20.128328 -15.934437 0.31003937,20.20087 -15.82587 0.31003937,
  20.309437 -15.753328 0.31003937,20.4375 -15.727854 0.31003937,
  20.565563 -15.753328 0.31003937,20.67413 -15.82587 0.31003937,
  20.746672 -15.934437 0.31003937,20.772146 -16.0625 0.31003937,
  20.746672 -16.190563 0.31003937,20.67413 -16.29913 0.31003937,
  20.640256 -22.5625 0.31003937,20.662882 -22.44875 0.31003937,
  20.727317 -22.352317 0.31003937,20.82375 -22.287882 0.31003937,
  20.9375 -22.265256 0.31003937,21.05125 -22.287882 0.31003937,
  21.147683 -22.352317 0.31003937,21.212118 -22.44875 0.31003937,
  21.234744 -22.5625 0.31003937,21.212118 -22.67625 0.31003937,
  21.147683 -22.772683 0.31003937,21.05125 -22.837118 0.31003937,
  20.9375 -22.859744 0.31003937,20.82375 -22.837118 0.31003937,
  20.727317 -22.772683 0.31003937,20.662882 -22.67625 0.31003937,
  21.650098 -23.5625 0.31003937,21.710036 -23.261174 0.31003937,
  21.880723 -23.005723 0.31003937,22.136174 -22.835036 0.31003937,
  22.4375 -22.775098 0.31003937,22.738826 -22.835036 0.31003937,
  22.994277 -23.005723 0.31003937,23.164964 -23.261174 0.31003937,
  23.224902 -23.5625 0.31003937,23.164964 -23.863826 0.31003937,
  22.994277 -24.119277 0.31003937,22.738826 -24.289964 0.31003937,
  22.4375 -24.349902 0.31003937,22.136174 -24.289964 0.31003937,
  21.880723 -24.119277 0.31003937,21.710036 -23.863826 0.31003937,
  17.239469 -12.437008 0.31003937,17.225998 -12.504731 0.31003937,
  17.187636 -12.562144 0.31003937,17.130223 -12.600505 0.31003937,
  17.0625 -12.613976 0.31003937,16.994777 -12.600505 0.31003937,
  16.937364 -12.562144 0.31003937,16.899002 -12.504731 0.31003937,
  16.885531 -12.437008 0.31003937,16.899002 -12.369285 0.31003937,
  16.937364 -12.311872 0.31003937,16.994777 -12.27351 0.31003937,
  17.0625 -12.260039 0.31003937,17.130223 -12.27351 0.31003937,
  17.187636 -12.311872 0.31003937,17.225998 -12.369285 0.31003937,
  20.102854 -23.5625 0.31003937,20.128328 -23.434437 0.31003937,
  20.20087 -23.32587 0.31003937,20.309437 -23.253328 0.31003937,
  20.4375 -23.227854 0.31003937,20.565563 -23.253328 0.31003937,
  20.67413 -23.32587 0.31003937,20.746672 -23.434437 0.31003937,
  20.772146 -23.5625 0.31003937,20.746672 -23.690563 0.31003937,
  20.67413 -23.79913 0.31003937,20.565563 -23.871672 0.31003937,
  20.4375 -23.897146 0.31003937,20.309437 -23.871672 0.31003937,
  20.20087 -23.79913 0.31003937,20.128328 -23.690563 0.31003937,
  10.885531 -13.437008 -0.31003937,10.899002 -13.369285 -0.31003937,
  10.937364 -13.311872 -0.31003937,10.994777 -13.27351 -0.31003937,
  11.0625 -13.260039 -0.31003937,11.130223 -13.27351 -0.31003937,
  11.187636 -13.311872 -0.31003937,11.225998 -13.369285 -0.31003937,
  11.239469 -13.437008 -0.31003937,11.225998 -13.504731 -0.31003937,
  11.187636 -13.562144 -0.31003937,11.130223 -13.600505 -0.31003937,
  11.0625 -13.613976 -0.31003937,10.994777 -13.600505 -0.31003937,
  10.937364 -13.562144 -0.31003937,10.899002 -13.504731 -0.31003937,
  10.885531 -14.437008 -0.31003937,10.899002 -14.369285 -0.31003937,
  10.937364 -14.311872 -0.31003937,10.994777 -14.27351 -0.31003937,
  11.0625 -14.260039 -0.31003937,11.130223 -14.27351 -0.31003937,
  11.187636 -14.311872 -0.31003937,11.225998 -14.369285 -0.31003937,
  11.239469 -14.437008 -0.31003937,11.225998 -14.504731 -0.31003937,
  11.187636 -14.562144 -0.31003937,11.130223 -14.600505 -0.31003937,
  11.0625 -14.613976 -0.31003937,10.994777 -14.600505 -0.31003937,
  10.937364 -14.562144 -0.31003937,10.899002 -14.504731 -0.31003937,
  10.885531 -15.437008 -0.31003937,10.899002 -15.369285 -0.31003937,
  10.937364 -15.311872 -0.31003937,10.994777 -15.27351 -0.31003937,
  11.0625 -15.260039 -0.31003937,11.130223 -15.27351 -0.31003937,
  11.187636 -15.311872 -0.31003937,11.225998 -15.369285 -0.31003937,
  11.239469 -15.437008 -0.31003937,11.225998 -15.504731 -0.31003937,
  11.187636 -15.562144 -0.31003937,11.130223 -15.600505 -0.31003937,
  11.0625 -15.613976 -0.31003937,10.994777 -15.600505 -0.31003937,
  10.937364 -15.562144 -0.31003937,10.899002 -15.504731 -0.31003937,
  10.885531 -16.437008 -0.31003937,10.899002 -16.369285 -0.31003937,
  10.937364 -16.311872 -0.31003937,10.994777 -16.27351 -0.31003937,
  11.0625 -16.260039 -0.31003937,11.130223 -16.27351 -0.31003937,
  11.187636 -16.311872 -0.31003937,11.225998 -16.369285 -0.31003937,
  11.239469 -16.437008 -0.31003937,11.225998 -16.504731 -0.31003937,
  11.187636 -16.562144 -0.31003937,11.130223 -16.600505 -0.31003937,
  11.0625 -16.613976 -0.31003937,10.994777 -16.600505 -0.31003937,
  10.937364 -16.562144 -0.31003937,10.899002 -16.504731 -0.31003937,
  10.885531 -17.437008 -0.31003937,10.899002 -17.369285 -0.31003937,
  10.937364 -17.311872 -0.31003937,10.994777 -17.27351 -0.31003937,
  11.0625 -17.260039 -0.31003937,11.130223 -17.27351 -0.31003937,
  11.187636 -17.311872 -0.31003937,11.225998 -17.369285 -0.31003937,
  11.239469 -17.437008 -0.31003937,11.225998 -17.504731 -0.31003937,
  11.187636 -17.562144 -0.31003937,11.130223 -17.600505 -0.31003937,
  11.0625 -17.613976 -0.31003937,10.994777 -17.600505 -0.31003937,
  10.937364 -17.562144 -0.31003937,10.899002 -17.504731 -0.31003937,
  34.6875 -28.125 -0.31003937,34.6875 -11.25 -0.31003937,
  8.4375 -11.25 -0.31003937,8.4375 -28.125 -0.31003937,
  32.272146 -16.0625 -0.31003937,32.246672 -16.190563 -0.31003937,
  32.17413 -16.29913 -0.31003937,32.065563 -16.371672 -0.31003937,
  31.9375 -16.397146 -0.31003937,31.809437 -16.371672 -0.31003937,
  31.70087 -16.29913 -0.31003937,31.628328 -16.190563 -0.31003937,
  31.602854 -16.0625 -0.31003937,31.628328 -15.934437 -0.31003937,
  31.70087 -15.82587 -0.31003937,31.809437 -15.753328 -0.31003937,
  31.9375 -15.727854 -0.31003937,32.065563 -15.753328 -0.31003937,
  32.17413 -15.82587 -0.31003937,32.246672 -15.934437 -0.31003937,
  10.885531 -18.437008 -0.31003937,10.899002 -18.369285 -0.31003937,
  10.937364 -18.311872 -0.31003937,10.994777 -18.27351 -0.31003937,
  11.0625 -18.260039 -0.31003937,11.130223 -18.27351 -0.31003937,
  11.187636 -18.311872 -0.31003937,11.225998 -18.369285 -0.31003937,
  11.239469 -18.437008 -0.31003937,11.225998 -18.504731 -0.31003937,
  11.187636 -18.562144 -0.31003937,11.130223 -18.600505 -0.31003937,
  11.0625 -18.613976 -0.31003937,10.994777 -18.600505 -0.31003937,
  10.937364 -18.562144 -0.31003937,10.899002 -18.504731 -0.31003937,
  31.602854 -23.5625 -0.31003937,31.628328 -23.434437 -0.31003937,
  31.70087 -23.32587 -0.31003937,31.809437 -23.253328 -0.31003937,
  31.9375 -23.227854 -0.31003937,32.065563 -23.253328 -0.31003937,
  32.17413 -23.32587 -0.31003937,32.246672 -23.434437 -0.31003937,
  32.272146 -23.5625 -0.31003937,32.246672 -23.690563 -0.31003937,
  32.17413 -23.79913 -0.31003937,32.065563 -23.871672 -0.31003937,
  31.9375 -23.897146 -0.31003937,31.809437 -23.871672 -0.31003937,
  31.70087 -23.79913 -0.31003937,31.628328 -23.690563 -0.31003937,
  29.150098 -23.5625 -0.31003937,29.210036 -23.261174 -0.31003937,
  29.380723 -23.005723 -0.31003937,29.636174 -22.835036 -0.31003937,
  29.9375 -22.775098 -0.31003937,30.238826 -22.835036 -0.31003937,
  30.494277 -23.005723 -0.31003937,30.664964 -23.261174 -0.31003937,
  30.724902 -23.5625 -0.31003937,30.664964 -23.863826 -0.31003937,
  30.494277 -24.119277 -0.31003937,30.238826 -24.289964 -0.31003937,
  29.9375 -24.349902 -0.31003937,29.636174 -24.289964 -0.31003937,
  29.380723 -24.119277 -0.31003937,29.210036 -23.863826 -0.31003937,
  27.602854 -23.5625 -0.31003937,27.628328 -23.434437 -0.31003937,
  27.70087 -23.32587 -0.31003937,27.809437 -23.253328 -0.31003937,
  27.9375 -23.227854 -0.31003937,28.065563 -23.253328 -0.31003937,
  28.17413 -23.32587 -0.31003937,28.246672 -23.434437 -0.31003937,
  28.272146 -23.5625 -0.31003937,28.246672 -23.690563 -0.31003937,
  28.17413 -23.79913 -0.31003937,28.065563 -23.871672 -0.31003937,
  27.9375 -23.897146 -0.31003937,27.809437 -23.871672 -0.31003937,
  27.70087 -23.79913 -0.31003937,27.628328 -23.690563 -0.31003937,
  30.727317 -21.352317 -0.31003937,30.82375 -21.287882 -0.31003937,
  30.9375 -21.265256 -0.31003937,31.05125 -21.287882 -0.31003937,
  31.147683 -21.352317 -0.31003937,31.212118 -21.44875 -0.31003937,
  31.234744 -21.5625 -0.31003937,31.212118 -21.67625 -0.31003937,
  31.147683 -21.772683 -0.31003937,31.05125 -21.837118 -0.31003937,
  30.9375 -21.859744 -0.31003937,30.82375 -21.837118 -0.31003937,
  30.727317 -21.772683 -0.31003937,30.662882 -21.67625 -0.31003937,
  30.640256 -21.5625 -0.31003937,30.662882 -21.44875 -0.31003937,
  30.640256 -14.0625 -0.31003937,30.662882 -13.94875 -0.31003937,
  30.727317 -13.852317 -0.31003937,30.82375 -13.787882 -0.31003937,
  30.9375 -13.765256 -0.31003937,31.05125 -13.787882 -0.31003937,
  31.147683 -13.852317 -0.31003937,31.212118 -13.94875 -0.31003937,
  31.234744 -14.0625 -0.31003937,31.212118 -14.17625 -0.31003937,
  31.147683 -14.272683 -0.31003937,31.05125 -14.337118 -0.31003937,
  30.9375 -14.359744 -0.31003937,30.82375 -14.337118 -0.31003937,
  30.727317 -14.272683 -0.31003937,30.662882 -14.17625 -0.31003937,
  30.494277 -15.505723 -0.31003937,30.664964 -15.761174 -0.31003937,
  30.724902 -16.0625 -0.31003937,30.664964 -16.363826 -0.31003937,
  30.494277 -16.619277 -0.31003937,30.238826 -16.789964 -0.31003937,
  29.9375 -16.849902 -0.31003937,29.636174 -16.789964 -0.31003937,
  29.380723 -16.619277 -0.31003937,29.210036 -16.363826 -0.31003937,
  29.150098 -16.0625 -0.31003937,29.210036 -15.761174 -0.31003937,
  29.380723 -15.505723 -0.31003937,29.636174 -15.335036 -0.31003937,
  29.9375 -15.275098 -0.31003937,30.238826 -15.335036 -0.31003937,
  28.32375 -22.287882 -0.31003937,28.4375 -22.265256 -0.31003937,
  28.55125 -22.287882 -0.31003937,28.647683 -22.352317 -0.31003937,
  28.712118 -22.44875 -0.31003937,28.734744 -22.5625 -0.31003937,
  28.712118 -22.67625 -0.31003937,28.647683 -22.772683 -0.31003937,
  28.55125 -22.837118 -0.31003937,28.4375 -22.859744 -0.31003937,
  28.32375 -22.837118 -0.31003937,28.227317 -22.772683 -0.31003937,
  28.162882 -22.67625 -0.31003937,28.140256 -22.5625 -0.31003937,
  28.162882 -22.44875 -0.31003937,28.227317 -22.352317 -0.31003937,
  28.140256 -15.0625 -0.31003937,28.162882 -14.94875 -0.31003937,
  28.227317 -14.852317 -0.31003937,28.32375 -14.787882 -0.31003937,
  28.4375 -14.765256 -0.31003937,28.55125 -14.787882 -0.31003937,
  28.647683 -14.852317 -0.31003937,28.712118 -14.94875 -0.31003937,
  28.734744 -15.0625 -0.31003937,28.712118 -15.17625 -0.31003937,
  28.647683 -15.272683 -0.31003937,28.55125 -15.337118 -0.31003937,
  28.4375 -15.359744 -0.31003937,28.32375 -15.337118 -0.31003937,
  28.227317 -15.272683 -0.31003937,28.162882 -15.17625 -0.31003937,
  28.065563 -15.753328 -0.31003937,28.17413 -15.82587 -0.31003937,
  28.246672 -15.934437 -0.31003937,28.272146 -16.0625 -0.31003937,
  28.246672 -16.190563 -0.31003937,28.17413 -16.29913 -0.31003937,
  28.065563 -16.371672 -0.31003937,27.9375 -16.397146 -0.31003937,
  27.809437 -16.371672 -0.31003937,27.70087 -16.29913 -0.31003937,
  27.628328 -16.190563 -0.31003937,27.602854 -16.0625 -0.31003937,
  27.628328 -15.934437 -0.31003937,27.70087 -15.82587 -0.31003937,
  27.809437 -15.753328 -0.31003937,27.9375 -15.727854 -0.31003937,
  17.239469 -13.437008 -0.31003937,17.225998 -13.504731 -0.31003937,
  17.187636 -13.562144 -0.31003937,17.130223 -13.600505 -0.31003937,
  17.0625 -13.613976 -0.31003937,16.994777 -13.600505 -0.31003937,
  16.937364 -13.562144 -0.31003937,16.899002 -13.504731 -0.31003937,
  16.885531 -13.437008 -0.31003937,16.899002 -13.369285 -0.31003937,
  16.937364 -13.311872 -0.31003937,16.994777 -13.27351 -0.31003937,
  17.0625 -13.260039 -0.31003937,17.130223 -13.27351 -0.31003937,
  17.187636 -13.311872 -0.31003937,17.225998 -13.369285 -0.31003937,
  17.239469 -14.437008 -0.31003937,17.225998 -14.504731 -0.31003937,
  17.187636 -14.562144 -0.31003937,17.130223 -14.600505 -0.31003937,
  17.0625 -14.613976 -0.31003937,16.994777 -14.600505 -0.31003937,
  16.937364 -14.562144 -0.31003937,16.899002 -14.504731 -0.31003937,
  16.885531 -14.437008 -0.31003937,16.899002 -14.369285 -0.31003937,
  16.937364 -14.311872 -0.31003937,16.994777 -14.27351 -0.31003937,
  17.0625 -14.260039 -0.31003937,17.130223 -14.27351 -0.31003937,
  17.187636 -14.311872 -0.31003937,17.225998 -14.369285 -0.31003937,
  17.239469 -15.437008 -0.31003937,17.225998 -15.504731 -0.31003937,
  17.187636 -15.562144 -0.31003937,17.130223 -15.600505 -0.31003937,
  17.0625 -15.613976 -0.31003937,16.994777 -15.600505 -0.31003937,
  16.937364 -15.562144 -0.31003937,16.899002 -15.504731 -0.31003937,
  16.885531 -15.437008 -0.31003937,16.899002 -15.369285 -0.31003937,
  16.937364 -15.311872 -0.31003937,16.994777 -15.27351 -0.31003937,
  17.0625 -15.260039 -0.31003937,17.130223 -15.27351 -0.31003937,
  17.187636 -15.311872 -0.31003937,17.225998 -15.369285 -0.31003937,
  17.239469 -16.437008 -0.31003937,17.225998 -16.504731 -0.31003937,
  17.187636 -16.562144 -0.31003937,17.130223 -16.600505 -0.31003937,
  17.0625 -16.613976 -0.31003937,16.994777 -16.600505 -0.31003937,
  16.937364 -16.562144 -0.31003937,16.899002 -16.504731 -0.31003937,
  16.885531 -16.437008 -0.31003937,16.899002 -16.369285 -0.31003937,
  16.937364 -16.311872 -0.31003937,16.994777 -16.27351 -0.31003937,
  17.0625 -16.260039 -0.31003937,17.130223 -16.27351 -0.31003937,
  17.187636 -16.311872 -0.31003937,17.225998 -16.369285 -0.31003937,
  17.239469 -17.437008 -0.31003937,17.225998 -17.504731 -0.31003937,
  17.187636 -17.562144 -0.31003937,17.130223 -17.600505 -0.31003937,
  17.0625 -17.613976 -0.31003937,16.994777 -17.600505 -0.31003937,
  16.937364 -17.562144 -0.31003937,16.899002 -17.504731 -0.31003937,
  16.885531 -17.437008 -0.31003937,16.899002 -17.369285 -0.31003937,
  16.937364 -17.311872 -0.31003937,16.994777 -17.27351 -0.31003937,
  17.0625 -17.260039 -0.31003937,17.130223 -17.27351 -0.31003937,
  17.187636 -17.311872 -0.31003937,17.225998 -17.369285 -0.31003937,
  11.239469 -12.437008 -0.31003937,11.225998 -12.504731 -0.31003937,
  11.187636 -12.562144 -0.31003937,11.130223 -12.600505 -0.31003937,
  11.0625 -12.613976 -0.31003937,10.994777 -12.600505 -0.31003937,
  10.937364 -12.562144 -0.31003937,10.899002 -12.504731 -0.31003937,
  10.885531 -12.437008 -0.31003937,10.899002 -12.369285 -0.31003937,
  10.937364 -12.311872 -0.31003937,10.994777 -12.27351 -0.31003937,
  11.0625 -12.260039 -0.31003937,11.130223 -12.27351 -0.31003937,
  11.187636 -12.311872 -0.31003937,11.225998 -12.369285 -0.31003937,
  16.885531 -18.437008 -0.31003937,16.899002 -18.369285 -0.31003937,
  16.937364 -18.311872 -0.31003937,16.994777 -18.27351 -0.31003937,
  17.0625 -18.260039 -0.31003937,17.130223 -18.27351 -0.31003937,
  17.187636 -18.311872 -0.31003937,17.225998 -18.369285 -0.31003937,
  17.239469 -18.437008 -0.31003937,17.225998 -18.504731 -0.31003937,
  17.187636 -18.562144 -0.31003937,17.130223 -18.600505 -0.31003937,
  17.0625 -18.613976 -0.31003937,16.994777 -18.600505 -0.31003937,
  16.937364 -18.562144 -0.31003937,16.899002 -18.504731 -0.31003937,
  24.102854 -16.0625 -0.31003937,24.128328 -15.934437 -0.31003937,
  24.20087 -15.82587 -0.31003937,24.309437 -15.753328 -0.31003937,
  24.4375 -15.727854 -0.31003937,24.565563 -15.753328 -0.31003937,
  24.67413 -15.82587 -0.31003937,24.746672 -15.934437 -0.31003937,
  24.772146 -16.0625 -0.31003937,24.746672 -16.190563 -0.31003937,
  24.67413 -16.29913 -0.31003937,24.565563 -16.371672 -0.31003937,
  24.4375 -16.397146 -0.31003937,24.309437 -16.371672 -0.31003937,
  24.20087 -16.29913 -0.31003937,24.128328 -16.190563 -0.31003937,
  23.734744 -14.0625 -0.31003937,23.712118 -14.17625 -0.31003937,
  23.647683 -14.272683 -0.31003937,23.55125 -14.337118 -0.31003937,
  23.4375 -14.359744 -0.31003937,23.32375 -14.337118 -0.31003937,
  23.227317 -14.272683 -0.31003937,23.162882 -14.17625 -0.31003937,
  23.140256 -14.0625 -0.31003937,23.162882 -13.94875 -0.31003937,
  23.227317 -13.852317 -0.31003937,23.32375 -13.787882 -0.31003937,
  23.4375 -13.765256 -0.31003937,23.55125 -13.787882 -0.31003937,
  23.647683 -13.852317 -0.31003937,23.712118 -13.94875 -0.31003937,
  23.734744 -21.5625 -0.31003937,23.712118 -21.67625 -0.31003937,
  23.647683 -21.772683 -0.31003937,23.55125 -21.837118 -0.31003937,
  23.4375 -21.859744 -0.31003937,23.32375 -21.837118 -0.31003937,
  23.227317 -21.772683 -0.31003937,23.162882 -21.67625 -0.31003937,
  23.140256 -21.5625 -0.31003937,23.162882 -21.44875 -0.31003937,
  23.227317 -21.352317 -0.31003937,23.32375 -21.287882 -0.31003937,
  23.4375 -21.265256 -0.31003937,23.55125 -21.287882 -0.31003937,
  23.647683 -21.352317 -0.31003937,23.712118 -21.44875 -0.31003937,
  24.102854 -23.5625 -0.31003937,24.128328 -23.434437 -0.31003937,
  24.20087 -23.32587 -0.31003937,24.309437 -23.253328 -0.31003937,
  24.4375 -23.227854 -0.31003937,24.565563 -23.253328 -0.31003937,
  24.67413 -23.32587 -0.31003937,24.746672 -23.434437 -0.31003937,
  24.772146 -23.5625 -0.31003937,24.746672 -23.690563 -0.31003937,
  24.67413 -23.79913 -0.31003937,24.565563 -23.871672 -0.31003937,
  24.4375 -23.897146 -0.31003937,24.309437 -23.871672 -0.31003937,
  24.20087 -23.79913 -0.31003937,24.128328 -23.690563 -0.31003937,
  21.650098 -16.0625 -0.31003937,21.710036 -15.761174 -0.31003937,
  21.880723 -15.505723 -0.31003937,22.136174 -15.335036 -0.31003937,
  22.4375 -15.275098 -0.31003937,22.738826 -15.335036 -0.31003937,
  22.994277 -15.505723 -0.31003937,23.164964 -15.761174 -0.31003937,
  23.224902 -16.0625 -0.31003937,23.164964 -16.363826 -0.31003937,
  22.994277 -16.619277 -0.31003937,22.738826 -16.789964 -0.31003937,
  22.4375 -16.849902 -0.31003937,22.136174 -16.789964 -0.31003937,
  21.880723 -16.619277 -0.31003937,21.710036 -16.363826 -0.31003937,
  21.234744 -15.0625 -0.31003937,21.212118 -15.17625 -0.31003937,
  21.147683 -15.272683 -0.31003937,21.05125 -15.337118 -0.31003937,
  20.9375 -15.359744 -0.31003937,20.82375 -15.337118 -0.31003937,
  20.727317 -15.272683 -0.31003937,20.662882 -15.17625 -0.31003937,
  20.640256 -15.0625 -0.31003937,20.662882 -14.94875 -0.31003937,
  20.727317 -14.852317 -0.31003937,20.82375 -14.787882 -0.31003937,
  20.9375 -14.765256 -0.31003937,21.05125 -14.787882 -0.31003937,
  21.147683 -14.852317 -0.31003937,21.212118 -14.94875 -0.31003937,
  20.565563 -16.371672 -0.31003937,20.4375 -16.397146 -0.31003937,
  20.309437 -16.371672 -0.31003937,20.20087 -16.29913 -0.31003937,
  20.128328 -16.190563 -0.31003937,20.102854 -16.0625 -0.31003937,
  20.128328 -15.934437 -0.31003937,20.20087 -15.82587 -0.31003937,
  20.309437 -15.753328 -0.31003937,20.4375 -15.727854 -0.31003937,
  20.565563 -15.753328 -0.31003937,20.67413 -15.82587 -0.31003937,
  20.746672 -15.934437 -0.31003937,20.772146 -16.0625 -0.31003937,
  20.746672 -16.190563 -0.31003937,20.67413 -16.29913 -0.31003937,
  20.640256 -22.5625 -0.31003937,20.662882 -22.44875 -0.31003937,
  20.727317 -22.352317 -0.31003937,20.82375 -22.287882 -0.31003937,
  20.9375 -22.265256 -0.31003937,21.05125 -22.287882 -0.31003937,
  21.147683 -22.352317 -0.31003937,21.212118 -22.44875 -0.31003937,
  21.234744 -22.5625 -0.31003937,21.212118 -22.67625 -0.31003937,
  21.147683 -22.772683 -0.31003937,21.05125 -22.837118 -0.31003937,
  20.9375 -22.859744 -0.31003937,20.82375 -22.837118 -0.31003937,
  20.727317 -22.772683 -0.31003937,20.662882 -22.67625 -0.31003937,
  21.650098 -23.5625 -0.31003937,21.710036 -23.261174 -0.31003937,
  21.880723 -23.005723 -0.31003937,22.136174 -22.835036 -0.31003937,
  22.4375 -22.775098 -0.31003937,22.738826 -22.835036 -0.31003937,
  22.994277 -23.005723 -0.31003937,23.164964 -23.261174 -0.31003937,
  23.224902 -23.5625 -0.31003937,23.164964 -23.863826 -0.31003937,
  22.994277 -24.119277 -0.31003937,22.738826 -24.289964 -0.31003937,
  22.4375 -24.349902 -0.31003937,22.136174 -24.289964 -0.31003937,
  21.880723 -24.119277 -0.31003937,21.710036 -23.863826 -0.31003937,
  17.239469 -12.437008 -0.31003937,17.225998 -12.504731 -0.31003937,
  17.187636 -12.562144 -0.31003937,17.130223 -12.600505 -0.31003937,
  17.0625 -12.613976 -0.31003937,16.994777 -12.600505 -0.31003937,
  16.937364 -12.562144 -0.31003937,16.899002 -12.504731 -0.31003937,
  16.885531 -12.437008 -0.31003937,16.899002 -12.369285 -0.31003937,
  16.937364 -12.311872 -0.31003937,16.994777 -12.27351 -0.31003937,
  17.0625 -12.260039 -0.31003937,17.130223 -12.27351 -0.31003937,
  17.187636 -12.311872 -0.31003937,17.225998 -12.369285 -0.31003937,
  20.102854 -23.5625 -0.31003937,20.128328 -23.434437 -0.31003937,
  20.20087 -23.32587 -0.31003937,20.309437 -23.253328 -0.31003937,
  20.4375 -23.227854 -0.31003937,20.565563 -23.253328 -0.31003937,
  20.67413 -23.32587 -0.31003937,20.746672 -23.434437 -0.31003937,
  20.772146 -23.5625 -0.31003937,20.746672 -23.690563 -0.31003937,
  20.67413 -23.79913 -0.31003937,20.565563 -23.871672 -0.31003937,
  20.4375 -23.897146 -0.31003937,20.309437 -23.871672 -0.31003937,
  20.20087 -23.79913 -0.31003937,20.128328 -23.690563 -0.31003937] }
 coordIndex [
  106,107,73,-1,73,107,108,-1,73,108,72,-1,72,108,546,-1,72,546,56,-1,56,546,40,-1,56,40,41,-1,73,74,106,-1,
  106,74,75,-1,106,75,105,-1,105,75,76,-1,105,76,104,-1,104,76,77,-1,104,77,103,-1,103,77,78,-1,103,78,102,-1,
  102,78,79,-1,102,79,101,-1,101,79,64,-1,101,64,100,-1,100,64,348,-1,100,348,82,-1,82,348,349,-1,82,349,350,-1,
  57,58,70,-1,57,70,71,-1,57,71,72,-1,57,72,56,-1,348,64,48,-1,48,64,65,-1,48,65,63,-1,63,65,66,-1,
  63,66,62,-1,62,66,67,-1,62,67,61,-1,61,67,68,-1,61,68,60,-1,60,68,69,-1,60,69,59,-1,59,69,70,-1,
  59,70,58,-1,41,42,54,-1,41,54,55,-1,41,55,56,-1,348,48,32,-1,32,48,49,-1,32,49,47,-1,47,49,50,-1,
  47,50,46,-1,46,50,51,-1,46,51,45,-1,45,51,52,-1,45,52,44,-1,44,52,53,-1,44,53,43,-1,43,53,54,-1,
  43,54,42,-1,38,39,25,-1,25,39,40,-1,25,40,24,-1,24,40,546,-1,24,546,8,-1,8,546,340,-1,8,340,341,-1,
  348,32,16,-1,16,32,33,-1,16,33,31,-1,31,33,34,-1,31,34,30,-1,30,34,35,-1,30,35,29,-1,29,35,36,-1,
  29,36,28,-1,28,36,37,-1,28,37,27,-1,27,37,38,-1,27,38,26,-1,26,38,25,-1,9,10,22,-1,9,22,23,-1,
  9,23,24,-1,9,24,8,-1,348,16,0,-1,0,16,17,-1,0,17,15,-1,15,17,18,-1,15,18,14,-1,14,18,19,-1,
  14,19,13,-1,13,19,20,-1,13,20,12,-1,12,20,21,-1,12,21,11,-1,11,21,22,-1,11,22,10,-1,341,342,6,-1,
  341,6,7,-1,341,7,8,-1,348,1,347,-1,347,1,2,-1,347,2,346,-1,346,2,3,-1,346,3,345,-1,345,3,4,-1,
  345,4,344,-1,344,4,5,-1,344,5,343,-1,343,5,6,-1,343,6,342,-1,525,340,524,-1,524,340,356,-1,524,356,332,-1,
  332,356,357,-1,332,357,331,-1,331,357,358,-1,331,358,330,-1,330,358,359,-1,330,359,329,-1,329,359,360,-1,329,360,328,-1,
  328,360,361,-1,328,361,327,-1,327,361,362,-1,327,362,326,-1,326,362,363,-1,326,363,325,-1,325,363,364,-1,325,364,324,-1,
  324,364,547,-1,324,547,308,-1,308,547,292,-1,308,292,293,-1,524,332,316,-1,316,332,333,-1,316,333,315,-1,315,333,334,-1,
  315,334,314,-1,314,334,335,-1,314,335,313,-1,313,335,336,-1,313,336,312,-1,312,336,337,-1,312,337,311,-1,311,337,338,-1,
  311,338,310,-1,310,338,339,-1,310,339,309,-1,309,339,324,-1,309,324,308,-1,524,316,300,-1,300,316,317,-1,300,317,299,-1,
  299,317,318,-1,299,318,298,-1,298,318,319,-1,298,319,297,-1,297,319,320,-1,297,320,296,-1,296,320,321,-1,296,321,295,-1,
  295,321,322,-1,295,322,294,-1,294,322,323,-1,294,323,293,-1,293,323,308,-1,524,300,284,-1,284,300,301,-1,284,301,283,-1,
  283,301,302,-1,283,302,282,-1,282,302,303,-1,282,303,281,-1,281,303,304,-1,281,304,280,-1,280,304,305,-1,280,305,279,-1,
  279,305,306,-1,279,306,278,-1,278,306,307,-1,278,307,277,-1,277,307,292,-1,277,292,276,-1,276,292,547,-1,276,547,260,-1,
  260,547,516,-1,260,516,517,-1,524,284,268,-1,268,284,285,-1,268,285,267,-1,267,285,286,-1,267,286,266,-1,266,286,287,-1,
  266,287,265,-1,265,287,288,-1,265,288,264,-1,264,288,289,-1,264,289,263,-1,263,289,290,-1,263,290,262,-1,262,290,291,-1,
  262,291,261,-1,261,291,276,-1,261,276,260,-1,260,517,275,-1,275,517,518,-1,275,518,274,-1,274,518,519,-1,274,519,273,-1,
  273,519,520,-1,273,520,272,-1,272,520,521,-1,272,521,271,-1,271,521,522,-1,271,522,270,-1,270,522,523,-1,270,523,269,-1,
  269,523,524,-1,269,524,268,-1,139,140,176,-1,139,176,177,-1,139,177,178,-1,139,178,200,-1,139,200,138,-1,247,212,241,-1,
  241,212,213,-1,241,213,240,-1,240,213,214,-1,240,214,239,-1,239,214,215,-1,239,215,238,-1,238,215,216,-1,238,216,237,-1,
  237,216,217,-1,237,217,236,-1,236,217,132,-1,236,132,206,-1,206,132,133,-1,206,133,205,-1,205,133,134,-1,205,134,204,-1,
  204,134,135,-1,204,135,203,-1,203,135,136,-1,203,136,202,-1,202,136,137,-1,202,137,201,-1,201,137,138,-1,201,138,200,-1,
  198,164,194,-1,194,164,165,-1,194,165,193,-1,193,165,166,-1,193,166,192,-1,192,166,167,-1,192,167,191,-1,191,167,168,-1,
  191,168,190,-1,190,168,169,-1,190,169,189,-1,189,169,170,-1,189,170,188,-1,188,170,116,-1,188,116,92,-1,92,116,117,-1,
  92,117,91,-1,91,117,118,-1,91,118,90,-1,90,118,119,-1,90,119,89,-1,89,119,120,-1,89,120,88,-1,88,120,121,-1,
  88,121,87,-1,87,121,122,-1,87,122,86,-1,86,122,123,-1,86,123,85,-1,85,123,124,-1,85,124,84,-1,84,124,80,-1,
  84,80,81,-1,197,198,194,-1,197,194,195,-1,197,195,180,-1,197,180,196,-1,81,82,352,-1,81,352,353,-1,81,353,354,-1,
  81,354,355,-1,81,355,340,-1,81,340,528,-1,81,528,529,-1,81,529,530,-1,81,530,531,-1,81,531,516,-1,81,516,399,-1,
  81,399,400,-1,81,400,401,-1,81,401,402,-1,81,402,403,-1,81,403,388,-1,81,388,375,-1,81,375,376,-1,81,376,377,-1,
  81,377,378,-1,81,378,379,-1,81,379,380,-1,81,380,231,-1,81,231,232,-1,81,232,233,-1,81,233,234,-1,81,234,235,-1,
  81,235,236,-1,81,236,183,-1,81,183,184,-1,81,184,185,-1,81,185,186,-1,81,186,187,-1,81,187,188,-1,81,188,93,-1,
  81,93,94,-1,81,94,95,-1,81,95,96,-1,81,96,97,-1,81,97,98,-1,81,98,99,-1,81,99,84,-1,209,210,181,-1,
  181,210,211,-1,181,211,180,-1,180,211,196,-1,206,207,236,-1,236,207,208,-1,236,208,182,-1,182,208,209,-1,182,209,181,-1,
  257,258,229,-1,229,258,259,-1,229,259,228,-1,228,259,244,-1,228,244,245,-1,257,229,256,-1,256,229,380,-1,256,380,255,-1,
  255,380,148,-1,255,148,149,-1,230,231,380,-1,230,380,229,-1,419,404,388,-1,388,404,420,-1,388,420,372,-1,372,420,421,-1,
  372,421,387,-1,387,421,422,-1,387,422,386,-1,386,422,423,-1,386,423,385,-1,385,423,424,-1,385,424,384,-1,384,424,425,-1,
  384,425,383,-1,383,425,426,-1,383,426,382,-1,382,426,427,-1,382,427,381,-1,381,427,428,-1,381,428,380,-1,380,428,163,-1,
  380,163,148,-1,388,372,373,-1,388,373,374,-1,388,374,375,-1,439,440,397,-1,397,440,441,-1,397,441,396,-1,396,441,442,-1,
  396,442,443,-1,436,437,452,-1,452,437,438,-1,452,438,398,-1,398,438,439,-1,398,439,397,-1,445,446,506,-1,506,446,447,-1,
  506,447,505,-1,505,447,448,-1,505,448,504,-1,504,448,449,-1,504,449,503,-1,503,449,450,-1,503,450,502,-1,502,450,451,-1,
  502,451,501,-1,501,451,436,-1,501,436,500,-1,500,436,452,-1,500,452,492,-1,492,452,491,-1,399,516,463,-1,399,463,464,-1,
  399,464,465,-1,399,465,466,-1,399,466,467,-1,399,467,452,-1,399,452,398,-1,475,476,461,-1,461,476,477,-1,461,477,460,-1,
  460,477,478,-1,460,478,479,-1,475,461,474,-1,474,461,516,-1,474,516,473,-1,473,516,532,-1,473,532,533,-1,462,463,516,-1,
  462,516,461,-1,340,525,526,-1,340,526,527,-1,340,527,528,-1,351,352,82,-1,351,82,350,-1,80,124,125,-1,80,125,126,-1,
  80,126,127,-1,80,127,128,-1,80,128,129,-1,80,129,130,-1,80,130,140,-1,80,140,141,-1,80,141,142,-1,80,142,143,-1,
  80,143,144,-1,80,144,145,-1,80,145,146,-1,80,146,156,-1,80,156,157,-1,80,157,158,-1,80,158,159,-1,80,159,160,-1,
  80,160,161,-1,80,161,428,-1,80,428,429,-1,80,429,430,-1,80,430,431,-1,80,431,432,-1,80,432,433,-1,80,433,508,-1,
  80,508,509,-1,80,509,510,-1,80,510,511,-1,80,511,512,-1,80,512,513,-1,80,513,543,-1,80,543,544,-1,80,544,545,-1,
  80,545,83,-1,171,172,131,-1,171,131,116,-1,171,116,170,-1,131,172,173,-1,131,173,174,-1,131,174,175,-1,131,175,176,-1,
  131,176,140,-1,131,140,130,-1,147,132,217,-1,147,217,218,-1,147,218,219,-1,147,219,220,-1,147,220,221,-1,147,221,146,-1,
  222,223,155,-1,222,155,156,-1,222,156,146,-1,222,146,221,-1,428,161,162,-1,428,162,163,-1,405,406,435,-1,405,435,420,-1,
  405,420,404,-1,435,406,407,-1,435,407,408,-1,435,408,409,-1,435,409,410,-1,435,410,508,-1,435,508,434,-1,515,500,492,-1,
  515,492,493,-1,515,493,494,-1,515,494,495,-1,515,495,496,-1,515,496,514,-1,496,497,514,-1,514,497,540,-1,514,540,513,-1,
  513,540,541,-1,513,541,542,-1,547,364,365,-1,547,365,366,-1,547,366,367,-1,547,367,368,-1,547,368,369,-1,547,369,370,-1,
  547,370,371,-1,547,371,340,-1,547,340,546,-1,545,546,108,-1,545,108,109,-1,545,109,110,-1,545,110,111,-1,545,111,112,-1,
  545,112,113,-1,545,113,83,-1,113,114,83,-1,83,114,115,-1,83,115,82,-1,82,115,100,-1,199,200,178,-1,199,178,179,-1,
  199,179,164,-1,199,164,198,-1,154,155,223,-1,154,223,224,-1,154,224,225,-1,154,225,153,-1,255,149,254,-1,254,149,150,-1,
  254,150,253,-1,253,150,151,-1,253,151,252,-1,252,151,152,-1,252,152,251,-1,251,152,153,-1,251,153,250,-1,250,153,225,-1,
  250,225,249,-1,249,225,226,-1,249,226,227,-1,247,241,246,-1,246,241,242,-1,246,242,245,-1,245,242,243,-1,245,243,228,-1,
  248,249,227,-1,248,227,212,-1,248,212,247,-1,540,497,539,-1,539,497,498,-1,539,498,538,-1,538,498,499,-1,538,499,484,-1,
  484,485,483,-1,484,483,468,-1,484,468,537,-1,484,537,538,-1,473,533,472,-1,472,533,534,-1,472,534,471,-1,471,534,535,-1,
  471,535,470,-1,470,535,536,-1,470,536,469,-1,469,536,537,-1,469,537,468,-1,453,454,490,-1,453,490,491,-1,453,491,452,-1,
  481,487,457,-1,457,487,488,-1,457,488,456,-1,456,488,489,-1,456,489,455,-1,455,489,490,-1,455,490,454,-1,481,457,480,-1,
  480,457,458,-1,480,458,479,-1,479,458,459,-1,479,459,460,-1,507,508,410,-1,507,410,411,-1,507,411,412,-1,507,412,506,-1,
  389,390,418,-1,389,418,419,-1,389,419,388,-1,444,414,394,-1,394,414,415,-1,394,415,393,-1,393,415,416,-1,393,416,392,-1,
  392,416,417,-1,392,417,391,-1,391,417,418,-1,391,418,390,-1,443,444,394,-1,443,394,395,-1,443,395,396,-1,445,506,412,-1,
  445,412,413,-1,445,413,414,-1,445,414,444,-1,482,483,486,-1,482,486,487,-1,482,487,481,-1,483,485,486,-1,340,371,356,-1,
  516,547,532,-1,543,513,542,-1,508,433,434,-1,183,236,182,-1,93,188,92,-1,1,348,0,-1,655,654,621,-1,655,621,656,-1,
  656,621,620,-1,656,620,1094,-1,1094,620,604,-1,1094,604,588,-1,588,604,589,-1,622,621,654,-1,622,654,623,-1,623,654,653,-1,
  623,653,624,-1,624,653,652,-1,624,652,625,-1,625,652,651,-1,625,651,626,-1,626,651,650,-1,626,650,627,-1,627,650,649,-1,
  627,649,612,-1,612,649,648,-1,612,648,896,-1,896,648,630,-1,896,630,897,-1,897,630,898,-1,606,605,618,-1,618,605,619,-1,
  619,605,620,-1,620,605,604,-1,612,896,596,-1,612,596,613,-1,613,596,611,-1,613,611,614,-1,614,611,610,-1,614,610,615,-1,
  615,610,609,-1,615,609,616,-1,616,609,608,-1,616,608,617,-1,617,608,607,-1,617,607,618,-1,618,607,606,-1,590,589,602,-1,
  602,589,603,-1,603,589,604,-1,596,896,580,-1,596,580,597,-1,597,580,595,-1,597,595,598,-1,598,595,594,-1,598,594,599,-1,
  599,594,593,-1,599,593,600,-1,600,593,592,-1,600,592,601,-1,601,592,591,-1,601,591,602,-1,602,591,590,-1,587,586,573,-1,
  587,573,588,-1,588,573,572,-1,588,572,1094,-1,1094,572,556,-1,1094,556,888,-1,888,556,889,-1,580,896,564,-1,580,564,581,-1,
  581,564,579,-1,581,579,582,-1,582,579,578,-1,582,578,583,-1,583,578,577,-1,583,577,584,-1,584,577,576,-1,584,576,585,-1,
  585,576,575,-1,585,575,586,-1,586,575,574,-1,586,574,573,-1,558,557,570,-1,570,557,571,-1,571,557,572,-1,572,557,556,-1,
  564,896,548,-1,564,548,565,-1,565,548,563,-1,565,563,566,-1,566,563,562,-1,566,562,567,-1,567,562,561,-1,567,561,568,-1,
  568,561,560,-1,568,560,569,-1,569,560,559,-1,569,559,570,-1,570,559,558,-1,890,889,554,-1,554,889,555,-1,555,889,556,-1,
  549,896,895,-1,549,895,550,-1,550,895,894,-1,550,894,551,-1,551,894,893,-1,551,893,552,-1,552,893,892,-1,552,892,553,-1,
  553,892,891,-1,553,891,554,-1,554,891,890,-1,888,1073,1072,-1,888,1072,904,-1,904,1072,880,-1,904,880,905,-1,905,880,879,-1,
  905,879,906,-1,906,879,878,-1,906,878,907,-1,907,878,877,-1,907,877,908,-1,908,877,876,-1,908,876,909,-1,909,876,875,-1,
  909,875,910,-1,910,875,874,-1,910,874,911,-1,911,874,873,-1,911,873,912,-1,912,873,872,-1,912,872,1095,-1,1095,872,856,-1,
  1095,856,840,-1,840,856,841,-1,880,1072,864,-1,880,864,881,-1,881,864,863,-1,881,863,882,-1,882,863,862,-1,882,862,883,-1,
  883,862,861,-1,883,861,884,-1,884,861,860,-1,884,860,885,-1,885,860,859,-1,885,859,886,-1,886,859,858,-1,886,858,887,-1,
  887,858,857,-1,887,857,872,-1,872,857,856,-1,864,1072,848,-1,864,848,865,-1,865,848,847,-1,865,847,866,-1,866,847,846,-1,
  866,846,867,-1,867,846,845,-1,867,845,868,-1,868,845,844,-1,868,844,869,-1,869,844,843,-1,869,843,870,-1,870,843,842,-1,
  870,842,871,-1,871,842,841,-1,871,841,856,-1,848,1072,832,-1,848,832,849,-1,849,832,831,-1,849,831,850,-1,850,831,830,-1,
  850,830,851,-1,851,830,829,-1,851,829,852,-1,852,829,828,-1,852,828,853,-1,853,828,827,-1,853,827,854,-1,854,827,826,-1,
  854,826,855,-1,855,826,825,-1,855,825,840,-1,840,825,824,-1,840,824,1095,-1,1095,824,808,-1,1095,808,1064,-1,1064,808,1065,-1,
  832,1072,816,-1,832,816,833,-1,833,816,815,-1,833,815,834,-1,834,815,814,-1,834,814,835,-1,835,814,813,-1,835,813,836,-1,
  836,813,812,-1,836,812,837,-1,837,812,811,-1,837,811,838,-1,838,811,810,-1,838,810,839,-1,839,810,809,-1,839,809,824,-1,
  824,809,808,-1,1065,808,823,-1,1065,823,1066,-1,1066,823,822,-1,1066,822,1067,-1,1067,822,821,-1,1067,821,1068,-1,1068,821,820,-1,
  1068,820,1069,-1,1069,820,819,-1,1069,819,1070,-1,1070,819,818,-1,1070,818,1071,-1,1071,818,817,-1,1071,817,1072,-1,1072,817,816,-1,
  688,687,724,-1,724,687,725,-1,725,687,726,-1,726,687,748,-1,748,687,686,-1,760,795,789,-1,760,789,761,-1,761,789,788,-1,
  761,788,762,-1,762,788,787,-1,762,787,763,-1,763,787,786,-1,763,786,764,-1,764,786,785,-1,764,785,765,-1,765,785,784,-1,
  765,784,680,-1,680,784,754,-1,680,754,681,-1,681,754,753,-1,681,753,682,-1,682,753,752,-1,682,752,683,-1,683,752,751,-1,
  683,751,684,-1,684,751,750,-1,684,750,685,-1,685,750,749,-1,685,749,686,-1,686,749,748,-1,712,746,742,-1,712,742,713,-1,
  713,742,741,-1,713,741,714,-1,714,741,740,-1,714,740,715,-1,715,740,739,-1,715,739,716,-1,716,739,738,-1,716,738,717,-1,
  717,738,737,-1,717,737,718,-1,718,737,736,-1,718,736,664,-1,664,736,640,-1,664,640,665,-1,665,640,639,-1,665,639,666,-1,
  666,639,638,-1,666,638,667,-1,667,638,637,-1,667,637,668,-1,668,637,636,-1,668,636,669,-1,669,636,635,-1,669,635,670,-1,
  670,635,634,-1,670,634,671,-1,671,634,633,-1,671,633,672,-1,672,633,632,-1,672,632,628,-1,628,632,629,-1,746,745,742,-1,
  742,745,743,-1,743,745,728,-1,728,745,744,-1,630,629,900,-1,900,629,901,-1,901,629,902,-1,902,629,903,-1,903,629,888,-1,
  888,629,1076,-1,1076,629,1077,-1,1077,629,1078,-1,1078,629,1079,-1,1079,629,1064,-1,1064,629,947,-1,947,629,948,-1,948,629,949,-1,
  949,629,950,-1,950,629,951,-1,951,629,936,-1,936,629,923,-1,923,629,924,-1,924,629,925,-1,925,629,926,-1,926,629,927,-1,
  927,629,928,-1,928,629,779,-1,779,629,780,-1,780,629,781,-1,781,629,782,-1,782,629,783,-1,783,629,784,-1,784,629,731,-1,
  731,629,732,-1,732,629,733,-1,733,629,734,-1,734,629,735,-1,735,629,736,-1,736,629,641,-1,641,629,642,-1,642,629,643,-1,
  643,629,644,-1,644,629,645,-1,645,629,646,-1,646,629,647,-1,647,629,632,-1,758,757,729,-1,758,729,759,-1,759,729,728,-1,
  759,728,744,-1,755,754,784,-1,755,784,756,-1,756,784,730,-1,756,730,757,-1,757,730,729,-1,806,805,777,-1,806,777,807,-1,
  807,777,776,-1,807,776,792,-1,792,776,793,-1,777,805,804,-1,777,804,928,-1,928,804,803,-1,928,803,696,-1,696,803,697,-1,
  779,778,928,-1,928,778,777,-1,952,967,936,-1,952,936,968,-1,968,936,920,-1,968,920,969,-1,969,920,935,-1,969,935,970,-1,
  970,935,934,-1,970,934,971,-1,971,934,933,-1,971,933,972,-1,972,933,932,-1,972,932,973,-1,973,932,931,-1,973,931,974,-1,
  974,931,930,-1,974,930,975,-1,975,930,929,-1,975,929,976,-1,976,929,928,-1,976,928,711,-1,711,928,696,-1,920,936,921,-1,
  921,936,922,-1,922,936,923,-1,988,987,945,-1,988,945,989,-1,989,945,944,-1,989,944,990,-1,990,944,991,-1,985,984,1000,-1,
  985,1000,986,-1,986,1000,946,-1,986,946,987,-1,987,946,945,-1,994,993,1054,-1,994,1054,995,-1,995,1054,1053,-1,995,1053,996,-1,
  996,1053,1052,-1,996,1052,997,-1,997,1052,1051,-1,997,1051,998,-1,998,1051,1050,-1,998,1050,999,-1,999,1050,1049,-1,999,1049,984,-1,
  984,1049,1048,-1,984,1048,1000,-1,1000,1048,1040,-1,1000,1040,1039,-1,1064,947,1011,-1,1011,947,1012,-1,1012,947,1013,-1,1013,947,1014,-1,
  1014,947,1015,-1,1015,947,1000,-1,1000,947,946,-1,1024,1023,1009,-1,1024,1009,1025,-1,1025,1009,1008,-1,1025,1008,1026,-1,1026,1008,1027,-1,
  1009,1023,1022,-1,1009,1022,1064,-1,1064,1022,1021,-1,1064,1021,1080,-1,1080,1021,1081,-1,1011,1010,1064,-1,1064,1010,1009,-1,1073,888,1074,-1,
  1074,888,1075,-1,1075,888,1076,-1,900,899,630,-1,630,899,898,-1,672,628,673,-1,673,628,674,-1,674,628,675,-1,675,628,676,-1,
  676,628,677,-1,677,628,678,-1,678,628,688,-1,688,628,689,-1,689,628,690,-1,690,628,691,-1,691,628,692,-1,692,628,693,-1,
  693,628,694,-1,694,628,704,-1,704,628,705,-1,705,628,706,-1,706,628,707,-1,707,628,708,-1,708,628,709,-1,709,628,976,-1,
  976,628,977,-1,977,628,978,-1,978,628,979,-1,979,628,980,-1,980,628,981,-1,981,628,1056,-1,1056,628,1057,-1,1057,628,1058,-1,
  1058,628,1059,-1,1059,628,1060,-1,1060,628,1061,-1,1061,628,1091,-1,1091,628,1092,-1,1092,628,1093,-1,1093,628,631,-1,720,719,679,-1,
  679,719,664,-1,664,719,718,-1,720,679,721,-1,721,679,722,-1,722,679,723,-1,723,679,724,-1,724,679,688,-1,688,679,678,-1,
  680,695,765,-1,765,695,766,-1,766,695,767,-1,767,695,768,-1,768,695,769,-1,769,695,694,-1,771,770,703,-1,703,770,704,-1,
  704,770,694,-1,694,770,769,-1,709,976,710,-1,710,976,711,-1,954,953,983,-1,983,953,968,-1,968,953,952,-1,954,983,955,-1,
  955,983,956,-1,956,983,957,-1,957,983,958,-1,958,983,1056,-1,1056,983,982,-1,1048,1063,1040,-1,1040,1063,1041,-1,1041,1063,1042,-1,
  1042,1063,1043,-1,1043,1063,1044,-1,1044,1063,1062,-1,1045,1044,1062,-1,1045,1062,1088,-1,1088,1062,1061,-1,1088,1061,1089,-1,1089,1061,1090,-1,
  912,1095,913,-1,913,1095,914,-1,914,1095,915,-1,915,1095,916,-1,916,1095,917,-1,917,1095,918,-1,918,1095,919,-1,919,1095,888,-1,
  888,1095,1094,-1,1094,1093,656,-1,656,1093,657,-1,657,1093,658,-1,658,1093,659,-1,659,1093,660,-1,660,1093,661,-1,661,1093,631,-1,
  662,661,631,-1,662,631,663,-1,663,631,630,-1,663,630,648,-1,748,747,726,-1,726,747,727,-1,727,747,712,-1,712,747,746,-1,
  703,702,771,-1,771,702,772,-1,772,702,773,-1,773,702,701,-1,697,803,802,-1,697,802,698,-1,698,802,801,-1,698,801,699,-1,
  699,801,800,-1,699,800,700,-1,700,800,799,-1,700,799,701,-1,701,799,798,-1,701,798,773,-1,773,798,797,-1,773,797,774,-1,
  774,797,775,-1,789,795,794,-1,789,794,790,-1,790,794,793,-1,790,793,791,-1,791,793,776,-1,797,796,775,-1,775,796,760,-1,
  760,796,795,-1,1045,1088,1087,-1,1045,1087,1046,-1,1046,1087,1086,-1,1046,1086,1047,-1,1047,1086,1032,-1,1033,1032,1031,-1,1031,1032,1016,-1,
  1016,1032,1085,-1,1085,1032,1086,-1,1081,1021,1020,-1,1081,1020,1082,-1,1082,1020,1019,-1,1082,1019,1083,-1,1083,1019,1018,-1,1083,1018,1084,-1,
  1084,1018,1017,-1,1084,1017,1085,-1,1085,1017,1016,-1,1002,1001,1038,-1,1038,1001,1039,-1,1039,1001,1000,-1,1035,1029,1005,-1,1035,1005,1036,-1,
  1036,1005,1004,-1,1036,1004,1037,-1,1037,1004,1003,-1,1037,1003,1038,-1,1038,1003,1002,-1,1005,1029,1028,-1,1005,1028,1006,-1,1006,1028,1027,-1,
  1006,1027,1007,-1,1007,1027,1008,-1,1056,1055,958,-1,958,1055,959,-1,959,1055,960,-1,960,1055,1054,-1,938,937,966,-1,966,937,967,-1,
  967,937,936,-1,962,992,942,-1,962,942,963,-1,963,942,941,-1,963,941,964,-1,964,941,940,-1,964,940,965,-1,965,940,939,-1,
  965,939,966,-1,966,939,938,-1,992,991,942,-1,942,991,943,-1,943,991,944,-1,1054,993,960,-1,960,993,961,-1,961,993,962,-1,
  962,993,992,-1,1031,1030,1034,-1,1034,1030,1035,-1,1035,1030,1029,-1,1033,1031,1034,-1,919,888,904,-1,1095,1064,1080,-1,1061,1091,1090,-1,
  981,1056,982,-1,784,731,730,-1,736,641,640,-1,896,549,548,-1]
  normalPerVertex TRUE
  normal DEF NORM_1 Normal { vector [
  0 0 1,0 0 1,
  0 0 1,0 0 1,
  0 0 1,0 0 1,
  0 0 1,0 0 1,
  0 0 1,0 0 1,
  0 0 1,0 0 1,
  0 0 1,0 0 1,
  0 0 1,0 0 1,
  0 0 1,0 0 1,
  0 0 1,0 0 1,
  0 0 1,0 0 1,
  0 0 1,0 0 1,
  0 0 1,0 0 1,
  0 0 1,0 0 1,
  0 0 1,0 0 1,
  0 0 1,0 0 1,
  0 0 1,0 0 1,
  0 0 1,0 0 1,
  0 0 1,0 0 1,
  0 0 1,0 0 1,
  0 0 1,0 0 1,
  0 0 1,0 0 1,
  0 0 1,0 0 1,
  0 0 1,0 0 1,
  0 0 1,0 0 1,
  0 0 1,0 0 1,
  0 0 1,0 0 1,
  0 0 1,0 0 1,
  0 0 1,0 0 1,
  0 0 1,0 0 1,
  0 0 1,0 0 1,
  0 0 1,0 0 1,
  0 0 1,0 0 1,
  0 0 1,0 0 1,
  0 0 1,0 0 1,
  0 0 1,0 0 1,
  0 0 1,0 0 1,
  0 0 1,0 0 1,
  0 0 1,0 0 1,
  0 0 1,0 0 1,
  0 0 1,0 0 1,
  0 0 1,0 0 1,
  0 0 1,0 0 1,
  0 0 1,0 0 1,
  0 0 1,0 0 1,
  0 0 1,0 0 1,
  0 0 1,0 0 1,
  0 0 1,0 0 1,
  0 0 1,0 0 1,
  0 0 1,0 0 1,
  0 0 1,0 0 1,
  0 0 1,0 0 1,
  0 0 1,0 0 1,
  0 0 1,0 0 1,
  0 0 1,0 0 1,
  0 0 1,0 0 1,
  0 0 1,0 0 1,
  0 0 1,0 0 1,
  0 0 1,0 0 1,
  0 0 1,0 0 1,
  0 0 1,0 0 1,
  0 0 1,0 0 1,
  0 0 1,0 0 1,
  0 0 1,0 0 1,
  0 0 1,0 0 1,
  0 0 1,0 0 1,
  0 0 1,0 0 1,
  0 0 1,0 0 1,
  0 0 1,0 0 1,
  0 0 1,0 0 1,
  0 0 1,0 0 1,
  0 0 1,0 0 1,
  0 0 1,0 0 1,
  0 0 1,0 0 1,
  0 0 1,0 0 1,
  0 0 1,0 0 1,
  0 0 1,0 0 1,
  0 0 1,0 0 1,
  0 0 1,0 0 1,
  0 0 1,0 0 1,
  0 0 1,0 0 1,
  0 0 1,0 0 1,
  0 0 1,0 0 1,
  0 0 1,0 0 1,
  0 0 1,0 0 1,
  0 0 1,0 0 1,
  0 0 1,0 0 1,
  0 0 1,0 0 1,
  0 0 1,0 0 1,
  0 0 1,0 0 1,
  0 0 1,0 0 1,
  0 0 1,0 0 1,
  0 0 1,0 0 1,
  0 0 1,0 0 1,
  0 0 1,0 0 1,
  0 0 1,0 0 1,
  0 0 1,0 0 1,
  0 0 1,0 0 1,
  0 0 1,0 0 1,
  0 0 1,0 0 1,
  0 0 1,0 0 1,
  0 0 1,0 0 1,
  0 0 1,0 0 1,
  0 0 1,0 0 1,
  0 0 1,0 0 1,
  0 0 1,0 0 1,
  0 0 1,0 0 1,
  0 0 1,0 0 1,
  0 0 1,0 0 1,
  0 0 1,0 0 1,
  0 0 1,0 0 1,
  0 0 1,0 0 1,
  0 0 1,0 0 1,
  0 0 1,0 0 1,
  0 0 1,0 0 1,
  0 0 1,0 0 1,
  0 0 1,0 0 1,
  0 0 1,0 0 1,
  0 0 1,0 0 1,
  0 0 1,0 0 1,
  0 0 1,0 0 1,
  0 0 1,0 0 1,
  0 0 1,0 0 1,
  0 0 1,0 0 1,
  0 0 1,0 0 1,
  0 0 1,0 0 1,
  0 0 1,0 0 1,
  0 0 1,0 0 1,
  0 0 1,0 0 1,
  0 0 1,0 0 1,
  0 0 1,0 0 1,
  0 0 1,0 0 1,
  0 0 1,0 0 1,
  0 0 1,0 0 1,
  0 0 1,0 0 1,
  0 0 1,0 0 1,
  0 0 1,0 0 1,
  0 0 1,0 0 1,
  0 0 1,0 0 1,
  0 0 1,0 0 1,
  0 0 1,0 0 1,
  0 0 1,0 0 1,
  0 0 1,0 0 1,
  0 0 1,0 0 1,
  0 0 1,0 0 1,
  0 0 1,0 0 1,
  0 0 1,0 0 1,
  0 0 1,0 0 1,
  0 0 1,0 0 1,
  0 0 1,0 0 1,
  0 0 1,0 0 1,
  0 0 1,0 0 1,
  0 0 1,0 0 1,
  0 0 1,0 0 1,
  0 0 1,0 0 1,
  0 0 1,0 0 1,
  0 0 1,0 0 1,
  0 0 1,0 0 1,
  0 0 1,0 0 1,
  0 0 1,0 0 1,
  0 0 1,0 0 1,
  0 0 1,0 0 1,
  0 0 1,0 0 1,
  0 0 1,0 0 1,
  0 0 1,0 0 1,
  0 0 1,0 0 1,
  0 0 1,0 0 1,
  0 0 1,0 0 1,
  0 0 1,0 0 1,
  0 0 1,0 0 1,
  0 0 1,0 0 1,
  0 0 1,0 0 1,
  0 0 1,0 0 1,
  0 0 1,0 0 1,
  0 0 1,0 0 1,
  0 0 1,0 0 1,
  0 0 1,0 0 1,
  0 0 1,0 0 1,
  0 0 1,0 0 1,
  0 0 1,0 0 1,
  0 0 1,0 0 1,
  0 0 1,0 0 1,
  0 0 1,0 0 1,
  0 0 1,0 0 1,
  0 0 1,0 0 1,
  0 0 1,0 0 1,
  0 0 1,0 0 1,
  0 0 1,0 0 1,
  0 0 1,0 0 1,
  0 0 1,0 0 1,
  0 0 1,0 0 1,
  0 0 1,0 0 1,
  0 0 1,0 0 1,
  0 0 1,0 0 1,
  0 0 1,0 0 1,
  0 0 1,0 0 1,
  0 0 1,0 0 1,
  0 0 1,0 0 1,
  0 0 1,0 0 1,
  0 0 1,0 0 1,
  0 0 1,0 0 1,
  0 0 1,0 0 1,
  0 0 1,0 0 1,
  0 0 1,0 0 1,
  0 0 1,0 0 1,
  0 0 1,0 0 1,
  0 0 1,0 0 1,
  0 0 1,0 0 1,
  0 0 1,0 0 1,
  0 0 1,0 0 1,
  0 0 1,0 0 1,
  0 0 1,0 0 1,
  0 0 1,0 0 1,
  0 0 1,0 0 1,
  0 0 1,0 0 1,
  0 0 1,0 0 1,
  0 0 1,0 0 1,
  0 0 1,0 0 1,
  0 0 1,0 0 1,
  0 0 1,0 0 1,
  0 0 1,0 0 1,
  0 0 1,0 0 1,
  0 0 1,0 0 1,
  0 0 1,0 0 1,
  0 0 1,0 0 1,
  0 0 1,0 0 1,
  0 0 1,0 0 1,
  0 0 1,0 0 1,
  0 0 1,0 0 1,
  0 0 1,0 0 1,
  0 0 1,0 0 1,
  0 0 1,0 0 1,
  0 0 1,0 0 1,
  0 0 1,0 0 1,
  0 0 1,0 0 1,
  0 0 1,0 0 1,
  0 0 1,0 0 1,
  0 0 1,0 0 1,
  0 0 1,0 0 1,
  0 0 1,0 0 1,
  0 0 1,0 0 1,
  0 0 1,0 0 1,
  0 0 1,0 0 1,
  0 0 1,0 0 1,
  0 0 1,0 0 1,
  0 0 1,0 0 1,
  0 0 1,0 0 1,
  0 0 1,0 0 1,
  0 0 1,0 0 1,
  0 0 1,0 0 1,
  0 0 1,0 0 1,
  0 0 1,0 0 1,
  0 0 1,0 0 1,
  0 0 1,0 0 1,
  0 0 1,0 0 1,
  0 0 1,0 0 1,
  0 0 1,0 0 1,
  0 0 1,0 0 1,
  0 0 1,0 0 1,
  0 0 1,0 0 1,
  0 0 1,0 0 1,
  0 0 1,0 0 1,
  0 0 1,0 0 1,
  0 0 1,0 0 1,
  0 0 1,0 0 1,
  0 0 1,0 0 1,
  0 0 1,0 0 1,
  0 0 1,0 0 1,
  0 0 1,0 0 1,
  0 0 1,0 0 1,
  0 0 1,0 0 1,
  0 0 1,0 0 1,
  0 0 1,0 0 1,
  0 0 1,0 0 1,
  0 0 -1,0 0 -1,
  0 0 -1,0 0 -1,
  0 0 -1,0 0 -1,
  0 0 -1,0 0 -1,
  0 0 -1,0 0 -1,
  0 0 -1,0 0 -1,
  0 0 -1,0 0 -1,
  0 0 -1,0 0 -1,
  0 0 -1,0 0 -1,
  0 0 -1,0 0 -1,
  0 0 -1,0 0 -1,
  0 0 -1,0 0 -1,
  0 0 -1,0 0 -1,
  0 0 -1,0 0 -1,
  0 0 -1,0 0 -1,
  0 0 -1,0 0 -1,
  0 0 -1,0 0 -1,
  0 0 -1,0 0 -1,
  0 0 -1,0 0 -1,
  0 0 -1,0 0 -1,
  0 0 -1,0 0 -1,
  0 0 -1,0 0 -1,
  0 0 -1,0 0 -1,
  0 0 -1,0 0 -1,
  0 0 -1,0 0 -1,
  0 0 -1,0 0 -1,
  0 0 -1,0 0 -1,
  0 0 -1,0 0 -1,
  0 0 -1,0 0 -1,
  0 0 -1,0 0 -1,
  0 0 -1,0 0 -1,
  0 0 -1,0 0 -1,
  0 0 -1,0 0 -1,
  0 0 -1,0 0 -1,
  0 0 -1,0 0 -1,
  0 0 -1,0 0 -1,
  0 0 -1,0 0 -1,
  0 0 -1,0 0 -1,
  0 0 -1,0 0 -1,
  0 0 -1,0 0 -1,
  0 0 -1,0 0 -1,
  0 0 -1,0 0 -1,
  0 0 -1,0 0 -1,
  0 0 -1,0 0 -1,
  0 0 -1,0 0 -1,
  0 0 -1,0 0 -1,
  0 0 -1,0 0 -1,
  0 0 -1,0 0 -1,
  0 0 -1,0 0 -1,
  0 0 -1,0 0 -1,
  0 0 -1,0 0 -1,
  0 0 -1,0 0 -1,
  0 0 -1,0 0 -1,
  0 0 -1,0 0 -1,
  0 0 -1,0 0 -1,
  0 0 -1,0 0 -1,
  0 0 -1,0 0 -1,
  0 0 -1,0 0 -1,
  0 0 -1,0 0 -1,
  0 0 -1,0 0 -1,
  0 0 -1,0 0 -1,
  0 0 -1,0 0 -1,
  0 0 -1,0 0 -1,
  0 0 -1,0 0 -1,
  0 0 -1,0 0 -1,
  0 0 -1,0 0 -1,
  0 0 -1,0 0 -1,
  0 0 -1,0 0 -1,
  0 0 -1,0 0 -1,
  0 0 -1,0 0 -1,
  0 0 -1,0 0 -1,
  0 0 -1,0 0 -1,
  0 0 -1,0 0 -1,
  0 0 -1,0 0 -1,
  0 0 -1,0 0 -1,
  0 0 -1,0 0 -1,
  0 0 -1,0 0 -1,
  0 0 -1,0 0 -1,
  0 0 -1,0 0 -1,
  0 0 -1,0 0 -1,
  0 0 -1,0 0 -1,
  0 0 -1,0 0 -1,
  0 0 -1,0 0 -1,
  0 0 -1,0 0 -1,
  0 0 -1,0 0 -1,
  0 0 -1,0 0 -1,
  0 0 -1,0 0 -1,
  0 0 -1,0 0 -1,
  0 0 -1,0 0 -1,
  0 0 -1,0 0 -1,
  0 0 -1,0 0 -1,
  0 0 -1,0 0 -1,
  0 0 -1,0 0 -1,
  0 0 -1,0 0 -1,
  0 0 -1,0 0 -1,
  0 0 -1,0 0 -1,
  0 0 -1,0 0 -1,
  0 0 -1,0 0 -1,
  0 0 -1,0 0 -1,
  0 0 -1,0 0 -1,
  0 0 -1,0 0 -1,
  0 0 -1,0 0 -1,
  0 0 -1,0 0 -1,
  0 0 -1,0 0 -1,
  0 0 -1,0 0 -1,
  0 0 -1,0 0 -1,
  0 0 -1,0 0 -1,
  0 0 -1,0 0 -1,
  0 0 -1,0 0 -1,
  0 0 -1,0 0 -1,
  0 0 -1,0 0 -1,
  0 0 -1,0 0 -1,
  0 0 -1,0 0 -1,
  0 0 -1,0 0 -1,
  0 0 -1,0 0 -1,
  0 0 -1,0 0 -1,
  0 0 -1,0 0 -1,
  0 0 -1,0 0 -1,
  0 0 -1,0 0 -1,
  0 0 -1,0 0 -1,
  0 0 -1,0 0 -1,
  0 0 -1,0 0 -1,
  0 0 -1,0 0 -1,
  0 0 -1,0 0 -1,
  0 0 -1,0 0 -1,
  0 0 -1,0 0 -1,
  0 0 -1,0 0 -1,
  0 0 -1,0 0 -1,
  0 0 -1,0 0 -1,
  0 0 -1,0 0 -1,
  0 0 -1,0 0 -1,
  0 0 -1,0 0 -1,
  0 0 -1,0 0 -1,
  0 0 -1,0 0 -1,
  0 0 -1,0 0 -1,
  0 0 -1,0 0 -1,
  0 0 -1,0 0 -1,
  0 0 -1,0 0 -1,
  0 0 -1,0 0 -1,
  0 0 -1,0 0 -1,
  0 0 -1,0 0 -1,
  0 0 -1,0 0 -1,
  0 0 -1,0 0 -1,
  0 0 -1,0 0 -1,
  0 0 -1,0 0 -1,
  0 0 -1,0 0 -1,
  0 0 -1,0 0 -1,
  0 0 -1,0 0 -1,
  0 0 -1,0 0 -1,
  0 0 -1,0 0 -1,
  0 0 -1,0 0 -1,
  0 0 -1,0 0 -1,
  0 0 -1,0 0 -1,
  0 0 -1,0 0 -1,
  0 0 -1,0 0 -1,
  0 0 -1,0 0 -1,
  0 0 -1,0 0 -1,
  0 0 -1,0 0 -1,
  0 0 -1,0 0 -1,
  0 0 -1,0 0 -1,
  0 0 -1,0 0 -1,
  0 0 -1,0 0 -1,
  0 0 -1,0 0 -1,
  0 0 -1,0 0 -1,
  0 0 -1,0 0 -1,
  0 0 -1,0 0 -1,
  0 0 -1,0 0 -1,
  0 0 -1,0 0 -1,
  0 0 -1,0 0 -1,
  0 0 -1,0 0 -1,
  0 0 -1,0 0 -1,
  0 0 -1,0 0 -1,
  0 0 -1,0 0 -1,
  0 0 -1,0 0 -1,
  0 0 -1,0 0 -1,
  0 0 -1,0 0 -1,
  0 0 -1,0 0 -1,
  0 0 -1,0 0 -1,
  0 0 -1,0 0 -1,
  0 0 -1,0 0 -1,
  0 0 -1,0 0 -1,
  0 0 -1,0 0 -1,
  0 0 -1,0 0 -1,
  0 0 -1,0 0 -1,
  0 0 -1,0 0 -1,
  0 0 -1,0 0 -1,
  0 0 -1,0 0 -1,
  0 0 -1,0 0 -1,
  0 0 -1,0 0 -1,
  0 0 -1,0 0 -1,
  0 0 -1,0 0 -1,
  0 0 -1,0 0 -1,
  0 0 -1,0 0 -1,
  0 0 -1,0 0 -1,
  0 0 -1,0 0 -1,
  0 0 -1,0 0 -1,
  0 0 -1,0 0 -1,
  0 0 -1,0 0 -1,
  0 0 -1,0 0 -1,
  0 0 -1,0 0 -1,
  0 0 -1,0 0 -1,
  0 0 -1,0 0 -1,
  0 0 -1,0 0 -1,
  0 0 -1,0 0 -1,
  0 0 -1,0 0 -1,
  0 0 -1,0 0 -1,
  0 0 -1,0 0 -1,
  0 0 -1,0 0 -1,
  0 0 -1,0 0 -1,
  0 0 -1,0 0 -1,
  0 0 -1,0 0 -1,
  0 0 -1,0 0 -1,
  0 0 -1,0 0 -1,
  0 0 -1,0 0 -1,
  0 0 -1,0 0 -1,
  0 0 -1,0 0 -1,
  0 0 -1,0 0 -1,
  0 0 -1,0 0 -1,
  0 0 -1,0 0 -1,
  0 0 -1,0 0 -1,
  0 0 -1,0 0 -1,
  0 0 -1,0 0 -1,
  0 0 -1,0 0 -1,
  0 0 -1,0 0 -1,
  0 0 -1,0 0 -1,
  0 0 -1,0 0 -1,
  0 0 -1,0 0 -1,
  0 0 -1,0 0 -1,
  0 0 -1,0 0 -1,
  0 0 -1,0 0 -1,
  0 0 -1,0 0 -1,
  0 0 -1,0 0 -1,
  0 0 -1,0 0 -1,
  0 0 -1,0 0 -1,
  0 0 -1,0 0 -1,
  0 0 -1,0 0 -1,
  0 0 -1,0 0 -1,
  0 0 -1,0 0 -1,
  0 0 -1,0 0 -1,
  0 0 -1,0 0 -1,
  0 0 -1,0 0 -1,
  0 0 -1,0 0 -1,
  0 0 -1,0 0 -1,
  0 0 -1,0 0 -1,
  0 0 -1,0 0 -1,
  0 0 -1,0 0 -1,
  0 0 -1,0 0 -1,
  0 0 -1,0 0 -1,
  0 0 -1,0 0 -1,
  0 0 -1,0 0 -1,
  0 0 -1,0 0 -1,
  0 0 -1,0 0 -1,
  0 0 -1,0 0 -1,
  0 0 -1,0 0 -1,
  0 0 -1,0 0 -1,
  0 0 -1,0 0 -1,
  0 0 -1,0 0 -1,
  0 0 -1,0 0 -1,
  0 0 -1,0 0 -1,
  0 0 -1,0 0 -1,
  0 0 -1,0 0 -1,
  0 0 -1,0 0 -1,
  0 0 -1,0 0 -1,
  0 0 -1,0 0 -1,
  0 0 -1,0 0 -1,
  0 0 -1,0 0 -1,
  0 0 -1,0 0 -1,
  0 0 -1,0 0 -1,
  0 0 -1,0 0 -1,
  0 0 -1,0 0 -1,
  0 0 -1,0 0 -1,
  0 0 -1,0 0 -1,
  0 0 -1,0 0 -1,
  0 0 -1,0 0 -1] }
}
}
DEF SHAPE_2 Shape {
 appearance USE APP_1
 geometry DEF FACE_2 IndexedFaceSet {
  coord DEF COORD_2 Coordinate { point [
  10.899002 -13.369285 0.31003937,10.885531 -13.437008 0.31003937,
  10.899002 -13.369285 -0.31003937,10.899002 -13.369285 -0.31003937,
  10.885531 -13.437008 0.31003937,10.885531 -13.437008 -0.31003937,
  10.937364 -13.311872 0.31003937,10.899002 -13.369285 0.31003937,
  10.937364 -13.311872 -0.31003937,10.937364 -13.311872 -0.31003937,
  10.899002 -13.369285 0.31003937,10.899002 -13.369285 -0.31003937,
  10.994777 -13.27351 0.31003937,10.937364 -13.311872 0.31003937,
  10.994777 -13.27351 -0.31003937,10.994777 -13.27351 -0.31003937,
  10.937364 -13.311872 0.31003937,10.937364 -13.311872 -0.31003937,
  11.0625 -13.260039 0.31003937,10.994777 -13.27351 0.31003937,
  11.0625 -13.260039 -0.31003937,11.0625 -13.260039 -0.31003937,
  10.994777 -13.27351 0.31003937,10.994777 -13.27351 -0.31003937,
  11.130223 -13.27351 0.31003937,11.0625 -13.260039 0.31003937,
  11.130223 -13.27351 -0.31003937,11.130223 -13.27351 -0.31003937,
  11.0625 -13.260039 0.31003937,11.0625 -13.260039 -0.31003937,
  11.187636 -13.311872 0.31003937,11.130223 -13.27351 0.31003937,
  11.187636 -13.311872 -0.31003937,11.187636 -13.311872 -0.31003937,
  11.130223 -13.27351 0.31003937,11.130223 -13.27351 -0.31003937,
  11.225998 -13.369285 0.31003937,11.187636 -13.311872 0.31003937,
  11.225998 -13.369285 -0.31003937,11.225998 -13.369285 -0.31003937,
  11.187636 -13.311872 0.31003937,11.187636 -13.311872 -0.31003937,
  11.239469 -13.437008 0.31003937,11.225998 -13.369285 0.31003937,
  11.239469 -13.437008 -0.31003937,11.239469 -13.437008 -0.31003937,
  11.225998 -13.369285 0.31003937,11.225998 -13.369285 -0.31003937,
  11.225998 -13.504731 0.31003937,11.239469 -13.437008 0.31003937,
  11.225998 -13.504731 -0.31003937,11.225998 -13.504731 -0.31003937,
  11.239469 -13.437008 0.31003937,11.239469 -13.437008 -0.31003937,
  11.187636 -13.562144 0.31003937,11.225998 -13.504731 0.31003937,
  11.187636 -13.562144 -0.31003937,11.187636 -13.562144 -0.31003937,
  11.225998 -13.504731 0.31003937,11.225998 -13.504731 -0.31003937,
  11.130223 -13.600505 0.31003937,11.187636 -13.562144 0.31003937,
  11.130223 -13.600505 -0.31003937,11.130223 -13.600505 -0.31003937,
  11.187636 -13.562144 0.31003937,11.187636 -13.562144 -0.31003937,
  11.0625 -13.613976 0.31003937,11.130223 -13.600505 0.31003937,
  11.0625 -13.613976 -0.31003937,11.0625 -13.613976 -0.31003937,
  11.130223 -13.600505 0.31003937,11.130223 -13.600505 -0.31003937,
  10.994777 -13.600505 0.31003937,11.0625 -13.613976 0.31003937,
  10.994777 -13.600505 -0.31003937,10.994777 -13.600505 -0.31003937,
  11.0625 -13.613976 0.31003937,11.0625 -13.613976 -0.31003937,
  10.937364 -13.562144 0.31003937,10.994777 -13.600505 0.31003937,
  10.937364 -13.562144 -0.31003937,10.937364 -13.562144 -0.31003937,
  10.994777 -13.600505 0.31003937,10.994777 -13.600505 -0.31003937,
  10.899002 -13.504731 0.31003937,10.937364 -13.562144 0.31003937,
  10.899002 -13.504731 -0.31003937,10.899002 -13.504731 -0.31003937,
  10.937364 -13.562144 0.31003937,10.937364 -13.562144 -0.31003937,
  10.885531 -13.437008 0.31003937,10.899002 -13.504731 0.31003937,
  10.885531 -13.437008 -0.31003937,10.885531 -13.437008 -0.31003937,
  10.899002 -13.504731 0.31003937,10.899002 -13.504731 -0.31003937,
  10.899002 -14.369285 0.31003937,10.885531 -14.437008 0.31003937,
  10.899002 -14.369285 -0.31003937,10.899002 -14.369285 -0.31003937,
  10.885531 -14.437008 0.31003937,10.885531 -14.437008 -0.31003937,
  10.937364 -14.311872 0.31003937,10.899002 -14.369285 0.31003937,
  10.937364 -14.311872 -0.31003937,10.937364 -14.311872 -0.31003937,
  10.899002 -14.369285 0.31003937,10.899002 -14.369285 -0.31003937,
  10.994777 -14.27351 0.31003937,10.937364 -14.311872 0.31003937,
  10.994777 -14.27351 -0.31003937,10.994777 -14.27351 -0.31003937,
  10.937364 -14.311872 0.31003937,10.937364 -14.311872 -0.31003937,
  11.0625 -14.260039 0.31003937,10.994777 -14.27351 0.31003937,
  11.0625 -14.260039 -0.31003937,11.0625 -14.260039 -0.31003937,
  10.994777 -14.27351 0.31003937,10.994777 -14.27351 -0.31003937,
  11.130223 -14.27351 0.31003937,11.0625 -14.260039 0.31003937,
  11.130223 -14.27351 -0.31003937,11.130223 -14.27351 -0.31003937,
  11.0625 -14.260039 0.31003937,11.0625 -14.260039 -0.31003937,
  11.187636 -14.311872 0.31003937,11.130223 -14.27351 0.31003937,
  11.187636 -14.311872 -0.31003937,11.187636 -14.311872 -0.31003937,
  11.130223 -14.27351 0.31003937,11.130223 -14.27351 -0.31003937,
  11.225998 -14.369285 0.31003937,11.187636 -14.311872 0.31003937,
  11.225998 -14.369285 -0.31003937,11.225998 -14.369285 -0.31003937,
  11.187636 -14.311872 0.31003937,11.187636 -14.311872 -0.31003937,
  11.239469 -14.437008 0.31003937,11.225998 -14.369285 0.31003937,
  11.239469 -14.437008 -0.31003937,11.239469 -14.437008 -0.31003937,
  11.225998 -14.369285 0.31003937,11.225998 -14.369285 -0.31003937,
  11.225998 -14.504731 0.31003937,11.239469 -14.437008 0.31003937,
  11.225998 -14.504731 -0.31003937,11.225998 -14.504731 -0.31003937,
  11.239469 -14.437008 0.31003937,11.239469 -14.437008 -0.31003937,
  11.187636 -14.562144 0.31003937,11.225998 -14.504731 0.31003937,
  11.187636 -14.562144 -0.31003937,11.187636 -14.562144 -0.31003937,
  11.225998 -14.504731 0.31003937,11.225998 -14.504731 -0.31003937,
  11.130223 -14.600505 0.31003937,11.187636 -14.562144 0.31003937,
  11.130223 -14.600505 -0.31003937,11.130223 -14.600505 -0.31003937,
  11.187636 -14.562144 0.31003937,11.187636 -14.562144 -0.31003937,
  11.0625 -14.613976 0.31003937,11.130223 -14.600505 0.31003937,
  11.0625 -14.613976 -0.31003937,11.0625 -14.613976 -0.31003937,
  11.130223 -14.600505 0.31003937,11.130223 -14.600505 -0.31003937,
  10.994777 -14.600505 0.31003937,11.0625 -14.613976 0.31003937,
  10.994777 -14.600505 -0.31003937,10.994777 -14.600505 -0.31003937,
  11.0625 -14.613976 0.31003937,11.0625 -14.613976 -0.31003937,
  10.937364 -14.562144 0.31003937,10.994777 -14.600505 0.31003937,
  10.937364 -14.562144 -0.31003937,10.937364 -14.562144 -0.31003937,
  10.994777 -14.600505 0.31003937,10.994777 -14.600505 -0.31003937,
  10.899002 -14.504731 0.31003937,10.937364 -14.562144 0.31003937,
  10.899002 -14.504731 -0.31003937,10.899002 -14.504731 -0.31003937,
  10.937364 -14.562144 0.31003937,10.937364 -14.562144 -0.31003937,
  10.885531 -14.437008 0.31003937,10.899002 -14.504731 0.31003937,
  10.885531 -14.437008 -0.31003937,10.885531 -14.437008 -0.31003937,
  10.899002 -14.504731 0.31003937,10.899002 -14.504731 -0.31003937,
  10.899002 -15.369285 0.31003937,10.885531 -15.437008 0.31003937,
  10.899002 -15.369285 -0.31003937,10.899002 -15.369285 -0.31003937,
  10.885531 -15.437008 0.31003937,10.885531 -15.437008 -0.31003937,
  10.937364 -15.311872 0.31003937,10.899002 -15.369285 0.31003937,
  10.937364 -15.311872 -0.31003937,10.937364 -15.311872 -0.31003937,
  10.899002 -15.369285 0.31003937,10.899002 -15.369285 -0.31003937,
  10.994777 -15.27351 0.31003937,10.937364 -15.311872 0.31003937,
  10.994777 -15.27351 -0.31003937,10.994777 -15.27351 -0.31003937,
  10.937364 -15.311872 0.31003937,10.937364 -15.311872 -0.31003937,
  11.0625 -15.260039 0.31003937,10.994777 -15.27351 0.31003937,
  11.0625 -15.260039 -0.31003937,11.0625 -15.260039 -0.31003937,
  10.994777 -15.27351 0.31003937,10.994777 -15.27351 -0.31003937,
  11.130223 -15.27351 0.31003937,11.0625 -15.260039 0.31003937,
  11.130223 -15.27351 -0.31003937,11.130223 -15.27351 -0.31003937,
  11.0625 -15.260039 0.31003937,11.0625 -15.260039 -0.31003937,
  11.187636 -15.311872 0.31003937,11.130223 -15.27351 0.31003937,
  11.187636 -15.311872 -0.31003937,11.187636 -15.311872 -0.31003937,
  11.130223 -15.27351 0.31003937,11.130223 -15.27351 -0.31003937,
  11.225998 -15.369285 0.31003937,11.187636 -15.311872 0.31003937,
  11.225998 -15.369285 -0.31003937,11.225998 -15.369285 -0.31003937,
  11.187636 -15.311872 0.31003937,11.187636 -15.311872 -0.31003937,
  11.239469 -15.437008 0.31003937,11.225998 -15.369285 0.31003937,
  11.239469 -15.437008 -0.31003937,11.239469 -15.437008 -0.31003937,
  11.225998 -15.369285 0.31003937,11.225998 -15.369285 -0.31003937,
  11.225998 -15.504731 0.31003937,11.239469 -15.437008 0.31003937,
  11.225998 -15.504731 -0.31003937,11.225998 -15.504731 -0.31003937,
  11.239469 -15.437008 0.31003937,11.239469 -15.437008 -0.31003937,
  11.187636 -15.562144 0.31003937,11.225998 -15.504731 0.31003937,
  11.187636 -15.562144 -0.31003937,11.187636 -15.562144 -0.31003937,
  11.225998 -15.504731 0.31003937,11.225998 -15.504731 -0.31003937,
  11.130223 -15.600505 0.31003937,11.187636 -15.562144 0.31003937,
  11.130223 -15.600505 -0.31003937,11.130223 -15.600505 -0.31003937,
  11.187636 -15.562144 0.31003937,11.187636 -15.562144 -0.31003937,
  11.0625 -15.613976 0.31003937,11.130223 -15.600505 0.31003937,
  11.0625 -15.613976 -0.31003937,11.0625 -15.613976 -0.31003937,
  11.130223 -15.600505 0.31003937,11.130223 -15.600505 -0.31003937,
  10.994777 -15.600505 0.31003937,11.0625 -15.613976 0.31003937,
  10.994777 -15.600505 -0.31003937,10.994777 -15.600505 -0.31003937,
  11.0625 -15.613976 0.31003937,11.0625 -15.613976 -0.31003937,
  10.937364 -15.562144 0.31003937,10.994777 -15.600505 0.31003937,
  10.937364 -15.562144 -0.31003937,10.937364 -15.562144 -0.31003937,
  10.994777 -15.600505 0.31003937,10.994777 -15.600505 -0.31003937,
  10.899002 -15.504731 0.31003937,10.937364 -15.562144 0.31003937,
  10.899002 -15.504731 -0.31003937,10.899002 -15.504731 -0.31003937,
  10.937364 -15.562144 0.31003937,10.937364 -15.562144 -0.31003937,
  10.885531 -15.437008 0.31003937,10.899002 -15.504731 0.31003937,
  10.885531 -15.437008 -0.31003937,10.885531 -15.437008 -0.31003937,
  10.899002 -15.504731 0.31003937,10.899002 -15.504731 -0.31003937,
  10.899002 -16.369285 0.31003937,10.885531 -16.437008 0.31003937,
  10.899002 -16.369285 -0.31003937,10.899002 -16.369285 -0.31003937,
  10.885531 -16.437008 0.31003937,10.885531 -16.437008 -0.31003937,
  10.937364 -16.311872 0.31003937,10.899002 -16.369285 0.31003937,
  10.937364 -16.311872 -0.31003937,10.937364 -16.311872 -0.31003937,
  10.899002 -16.369285 0.31003937,10.899002 -16.369285 -0.31003937,
  10.994777 -16.27351 0.31003937,10.937364 -16.311872 0.31003937,
  10.994777 -16.27351 -0.31003937,10.994777 -16.27351 -0.31003937,
  10.937364 -16.311872 0.31003937,10.937364 -16.311872 -0.31003937,
  11.0625 -16.260039 0.31003937,10.994777 -16.27351 0.31003937,
  11.0625 -16.260039 -0.31003937,11.0625 -16.260039 -0.31003937,
  10.994777 -16.27351 0.31003937,10.994777 -16.27351 -0.31003937,
  11.130223 -16.27351 0.31003937,11.0625 -16.260039 0.31003937,
  11.130223 -16.27351 -0.31003937,11.130223 -16.27351 -0.31003937,
  11.0625 -16.260039 0.31003937,11.0625 -16.260039 -0.31003937,
  11.187636 -16.311872 0.31003937,11.130223 -16.27351 0.31003937,
  11.187636 -16.311872 -0.31003937,11.187636 -16.311872 -0.31003937,
  11.130223 -16.27351 0.31003937,11.130223 -16.27351 -0.31003937,
  11.225998 -16.369285 0.31003937,11.187636 -16.311872 0.31003937,
  11.225998 -16.369285 -0.31003937,11.225998 -16.369285 -0.31003937,
  11.187636 -16.311872 0.31003937,11.187636 -16.311872 -0.31003937,
  11.239469 -16.437008 0.31003937,11.225998 -16.369285 0.31003937,
  11.239469 -16.437008 -0.31003937,11.239469 -16.437008 -0.31003937,
  11.225998 -16.369285 0.31003937,11.225998 -16.369285 -0.31003937,
  11.225998 -16.504731 0.31003937,11.239469 -16.437008 0.31003937,
  11.225998 -16.504731 -0.31003937,11.225998 -16.504731 -0.31003937,
  11.239469 -16.437008 0.31003937,11.239469 -16.437008 -0.31003937,
  11.187636 -16.562144 0.31003937,11.225998 -16.504731 0.31003937,
  11.187636 -16.562144 -0.31003937,11.187636 -16.562144 -0.31003937,
  11.225998 -16.504731 0.31003937,11.225998 -16.504731 -0.31003937,
  11.130223 -16.600505 0.31003937,11.187636 -16.562144 0.31003937,
  11.130223 -16.600505 -0.31003937,11.130223 -16.600505 -0.31003937,
  11.187636 -16.562144 0.31003937,11.187636 -16.562144 -0.31003937,
  11.0625 -16.613976 0.31003937,11.130223 -16.600505 0.31003937,
  11.0625 -16.613976 -0.31003937,11.0625 -16.613976 -0.31003937,
  11.130223 -16.600505 0.31003937,11.130223 -16.600505 -0.31003937,
  10.994777 -16.600505 0.31003937,11.0625 -16.613976 0.31003937,
  10.994777 -16.600505 -0.31003937,10.994777 -16.600505 -0.31003937,
  11.0625 -16.613976 0.31003937,11.0625 -16.613976 -0.31003937,
  10.937364 -16.562144 0.31003937,10.994777 -16.600505 0.31003937,
  10.937364 -16.562144 -0.31003937,10.937364 -16.562144 -0.31003937,
  10.994777 -16.600505 0.31003937,10.994777 -16.600505 -0.31003937,
  10.899002 -16.504731 0.31003937,10.937364 -16.562144 0.31003937,
  10.899002 -16.504731 -0.31003937,10.899002 -16.504731 -0.31003937,
  10.937364 -16.562144 0.31003937,10.937364 -16.562144 -0.31003937,
  10.885531 -16.437008 0.31003937,10.899002 -16.504731 0.31003937,
  10.885531 -16.437008 -0.31003937,10.885531 -16.437008 -0.31003937,
  10.899002 -16.504731 0.31003937,10.899002 -16.504731 -0.31003937,
  10.899002 -17.369285 0.31003937,10.885531 -17.437008 0.31003937,
  10.899002 -17.369285 -0.31003937,10.899002 -17.369285 -0.31003937,
  10.885531 -17.437008 0.31003937,10.885531 -17.437008 -0.31003937,
  10.937364 -17.311872 0.31003937,10.899002 -17.369285 0.31003937,
  10.937364 -17.311872 -0.31003937,10.937364 -17.311872 -0.31003937,
  10.899002 -17.369285 0.31003937,10.899002 -17.369285 -0.31003937,
  10.994777 -17.27351 0.31003937,10.937364 -17.311872 0.31003937,
  10.994777 -17.27351 -0.31003937,10.994777 -17.27351 -0.31003937,
  10.937364 -17.311872 0.31003937,10.937364 -17.311872 -0.31003937,
  11.0625 -17.260039 0.31003937,10.994777 -17.27351 0.31003937,
  11.0625 -17.260039 -0.31003937,11.0625 -17.260039 -0.31003937,
  10.994777 -17.27351 0.31003937,10.994777 -17.27351 -0.31003937,
  11.130223 -17.27351 0.31003937,11.0625 -17.260039 0.31003937,
  11.130223 -17.27351 -0.31003937,11.130223 -17.27351 -0.31003937,
  11.0625 -17.260039 0.31003937,11.0625 -17.260039 -0.31003937,
  11.187636 -17.311872 0.31003937,11.130223 -17.27351 0.31003937,
  11.187636 -17.311872 -0.31003937,11.187636 -17.311872 -0.31003937,
  11.130223 -17.27351 0.31003937,11.130223 -17.27351 -0.31003937,
  11.225998 -17.369285 0.31003937,11.187636 -17.311872 0.31003937,
  11.225998 -17.369285 -0.31003937,11.225998 -17.369285 -0.31003937,
  11.187636 -17.311872 0.31003937,11.187636 -17.311872 -0.31003937,
  11.239469 -17.437008 0.31003937,11.225998 -17.369285 0.31003937,
  11.239469 -17.437008 -0.31003937,11.239469 -17.437008 -0.31003937,
  11.225998 -17.369285 0.31003937,11.225998 -17.369285 -0.31003937,
  11.225998 -17.504731 0.31003937,11.239469 -17.437008 0.31003937,
  11.225998 -17.504731 -0.31003937,11.225998 -17.504731 -0.31003937,
  11.239469 -17.437008 0.31003937,11.239469 -17.437008 -0.31003937,
  11.187636 -17.562144 0.31003937,11.225998 -17.504731 0.31003937,
  11.187636 -17.562144 -0.31003937,11.187636 -17.562144 -0.31003937,
  11.225998 -17.504731 0.31003937,11.225998 -17.504731 -0.31003937,
  11.130223 -17.600505 0.31003937,11.187636 -17.562144 0.31003937,
  11.130223 -17.600505 -0.31003937,11.130223 -17.600505 -0.31003937,
  11.187636 -17.562144 0.31003937,11.187636 -17.562144 -0.31003937,
  11.0625 -17.613976 0.31003937,11.130223 -17.600505 0.31003937,
  11.0625 -17.613976 -0.31003937,11.0625 -17.613976 -0.31003937,
  11.130223 -17.600505 0.31003937,11.130223 -17.600505 -0.31003937,
  10.994777 -17.600505 0.31003937,11.0625 -17.613976 0.31003937,
  10.994777 -17.600505 -0.31003937,10.994777 -17.600505 -0.31003937,
  11.0625 -17.613976 0.31003937,11.0625 -17.613976 -0.31003937,
  10.937364 -17.562144 0.31003937,10.994777 -17.600505 0.31003937,
  10.937364 -17.562144 -0.31003937,10.937364 -17.562144 -0.31003937,
  10.994777 -17.600505 0.31003937,10.994777 -17.600505 -0.31003937,
  10.899002 -17.504731 0.31003937,10.937364 -17.562144 0.31003937,
  10.899002 -17.504731 -0.31003937,10.899002 -17.504731 -0.31003937,
  10.937364 -17.562144 0.31003937,10.937364 -17.562144 -0.31003937,
  10.885531 -17.437008 0.31003937,10.899002 -17.504731 0.31003937,
  10.885531 -17.437008 -0.31003937,10.885531 -17.437008 -0.31003937,
  10.899002 -17.504731 0.31003937,10.899002 -17.504731 -0.31003937,
  34.6875 -11.25 0.31003937,34.6875 -28.125 0.31003937,
  34.6875 -11.25 -0.31003937,34.6875 -11.25 -0.31003937,
  34.6875 -28.125 0.31003937,34.6875 -28.125 -0.31003937,
  8.4375 -11.25 0.31003937,34.6875 -11.25 0.31003937,
  8.4375 -11.25 -0.31003937,8.4375 -11.25 -0.31003937,
  34.6875 -11.25 0.31003937,34.6875 -11.25 -0.31003937,
  8.4375 -28.125 0.31003937,8.4375 -11.25 0.31003937,
  8.4375 -28.125 -0.31003937,8.4375 -28.125 -0.31003937,
  8.4375 -11.25 0.31003937,8.4375 -11.25 -0.31003937,
  34.6875 -28.125 0.31003937,8.4375 -28.125 0.31003937,
  34.6875 -28.125 -0.31003937,34.6875 -28.125 -0.31003937,
  8.4375 -28.125 0.31003937,8.4375 -28.125 -0.31003937,
  32.246672 -16.190563 0.31003937,32.272146 -16.0625 0.31003937,
  32.246672 -16.190563 -0.31003937,32.246672 -16.190563 -0.31003937,
  32.272146 -16.0625 0.31003937,32.272146 -16.0625 -0.31003937,
  32.17413 -16.29913 0.31003937,32.246672 -16.190563 0.31003937,
  32.17413 -16.29913 -0.31003937,32.17413 -16.29913 -0.31003937,
  32.246672 -16.190563 0.31003937,32.246672 -16.190563 -0.31003937,
  32.065563 -16.371672 0.31003937,32.17413 -16.29913 0.31003937,
  32.065563 -16.371672 -0.31003937,32.065563 -16.371672 -0.31003937,
  32.17413 -16.29913 0.31003937,32.17413 -16.29913 -0.31003937,
  31.9375 -16.397146 0.31003937,32.065563 -16.371672 0.31003937,
  31.9375 -16.397146 -0.31003937,31.9375 -16.397146 -0.31003937,
  32.065563 -16.371672 0.31003937,32.065563 -16.371672 -0.31003937,
  31.809437 -16.371672 0.31003937,31.9375 -16.397146 0.31003937,
  31.809437 -16.371672 -0.31003937,31.809437 -16.371672 -0.31003937,
  31.9375 -16.397146 0.31003937,31.9375 -16.397146 -0.31003937,
  31.70087 -16.29913 0.31003937,31.809437 -16.371672 0.31003937,
  31.70087 -16.29913 -0.31003937,31.70087 -16.29913 -0.31003937,
  31.809437 -16.371672 0.31003937,31.809437 -16.371672 -0.31003937,
  31.628328 -16.190563 0.31003937,31.70087 -16.29913 0.31003937,
  31.628328 -16.190563 -0.31003937,31.628328 -16.190563 -0.31003937,
  31.70087 -16.29913 0.31003937,31.70087 -16.29913 -0.31003937,
  31.602854 -16.0625 0.31003937,31.628328 -16.190563 0.31003937,
  31.602854 -16.0625 -0.31003937,31.602854 -16.0625 -0.31003937,
  31.628328 -16.190563 0.31003937,31.628328 -16.190563 -0.31003937,
  31.628328 -15.934437 0.31003937,31.602854 -16.0625 0.31003937,
  31.628328 -15.934437 -0.31003937,31.628328 -15.934437 -0.31003937,
  31.602854 -16.0625 0.31003937,31.602854 -16.0625 -0.31003937,
  31.70087 -15.82587 0.31003937,31.628328 -15.934437 0.31003937,
  31.70087 -15.82587 -0.31003937,31.70087 -15.82587 -0.31003937,
  31.628328 -15.934437 0.31003937,31.628328 -15.934437 -0.31003937,
  31.809437 -15.753328 0.31003937,31.70087 -15.82587 0.31003937,
  31.809437 -15.753328 -0.31003937,31.809437 -15.753328 -0.31003937,
  31.70087 -15.82587 0.31003937,31.70087 -15.82587 -0.31003937,
  31.9375 -15.727854 0.31003937,31.809437 -15.753328 0.31003937,
  31.9375 -15.727854 -0.31003937,31.9375 -15.727854 -0.31003937,
  31.809437 -15.753328 0.31003937,31.809437 -15.753328 -0.31003937,
  32.065563 -15.753328 0.31003937,31.9375 -15.727854 0.31003937,
  32.065563 -15.753328 -0.31003937,32.065563 -15.753328 -0.31003937,
  31.9375 -15.727854 0.31003937,31.9375 -15.727854 -0.31003937,
  32.17413 -15.82587 0.31003937,32.065563 -15.753328 0.31003937,
  32.17413 -15.82587 -0.31003937,32.17413 -15.82587 -0.31003937,
  32.065563 -15.753328 0.31003937,32.065563 -15.753328 -0.31003937,
  32.246672 -15.934437 0.31003937,32.17413 -15.82587 0.31003937,
  32.246672 -15.934437 -0.31003937,32.246672 -15.934437 -0.31003937,
  32.17413 -15.82587 0.31003937,32.17413 -15.82587 -0.31003937,
  32.272146 -16.0625 0.31003937,32.246672 -15.934437 0.31003937,
  32.272146 -16.0625 -0.31003937,32.272146 -16.0625 -0.31003937,
  32.246672 -15.934437 0.31003937,32.246672 -15.934437 -0.31003937,
  10.899002 -18.369285 0.31003937,10.885531 -18.437008 0.31003937,
  10.899002 -18.369285 -0.31003937,10.899002 -18.369285 -0.31003937,
  10.885531 -18.437008 0.31003937,10.885531 -18.437008 -0.31003937,
  10.937364 -18.311872 0.31003937,10.899002 -18.369285 0.31003937,
  10.937364 -18.311872 -0.31003937,10.937364 -18.311872 -0.31003937,
  10.899002 -18.369285 0.31003937,10.899002 -18.369285 -0.31003937,
  10.994777 -18.27351 0.31003937,10.937364 -18.311872 0.31003937,
  10.994777 -18.27351 -0.31003937,10.994777 -18.27351 -0.31003937,
  10.937364 -18.311872 0.31003937,10.937364 -18.311872 -0.31003937,
  11.0625 -18.260039 0.31003937,10.994777 -18.27351 0.31003937,
  11.0625 -18.260039 -0.31003937,11.0625 -18.260039 -0.31003937,
  10.994777 -18.27351 0.31003937,10.994777 -18.27351 -0.31003937,
  11.130223 -18.27351 0.31003937,11.0625 -18.260039 0.31003937,
  11.130223 -18.27351 -0.31003937,11.130223 -18.27351 -0.31003937,
  11.0625 -18.260039 0.31003937,11.0625 -18.260039 -0.31003937,
  11.187636 -18.311872 0.31003937,11.130223 -18.27351 0.31003937,
  11.187636 -18.311872 -0.31003937,11.187636 -18.311872 -0.31003937,
  11.130223 -18.27351 0.31003937,11.130223 -18.27351 -0.31003937,
  11.225998 -18.369285 0.31003937,11.187636 -18.311872 0.31003937,
  11.225998 -18.369285 -0.31003937,11.225998 -18.369285 -0.31003937,
  11.187636 -18.311872 0.31003937,11.187636 -18.311872 -0.31003937,
  11.239469 -18.437008 0.31003937,11.225998 -18.369285 0.31003937,
  11.239469 -18.437008 -0.31003937,11.239469 -18.437008 -0.31003937,
  11.225998 -18.369285 0.31003937,11.225998 -18.369285 -0.31003937,
  11.225998 -18.504731 0.31003937,11.239469 -18.437008 0.31003937,
  11.225998 -18.504731 -0.31003937,11.225998 -18.504731 -0.31003937,
  11.239469 -18.437008 0.31003937,11.239469 -18.437008 -0.31003937,
  11.187636 -18.562144 0.31003937,11.225998 -18.504731 0.31003937,
  11.187636 -18.562144 -0.31003937,11.187636 -18.562144 -0.31003937,
  11.225998 -18.504731 0.31003937,11.225998 -18.504731 -0.31003937,
  11.130223 -18.600505 0.31003937,11.187636 -18.562144 0.31003937,
  11.130223 -18.600505 -0.31003937,11.130223 -18.600505 -0.31003937,
  11.187636 -18.562144 0.31003937,11.187636 -18.562144 -0.31003937,
  11.0625 -18.613976 0.31003937,11.130223 -18.600505 0.31003937,
  11.0625 -18.613976 -0.31003937,11.0625 -18.613976 -0.31003937,
  11.130223 -18.600505 0.31003937,11.130223 -18.600505 -0.31003937,
  10.994777 -18.600505 0.31003937,11.0625 -18.613976 0.31003937,
  10.994777 -18.600505 -0.31003937,10.994777 -18.600505 -0.31003937,
  11.0625 -18.613976 0.31003937,11.0625 -18.613976 -0.31003937,
  10.937364 -18.562144 0.31003937,10.994777 -18.600505 0.31003937,
  10.937364 -18.562144 -0.31003937,10.937364 -18.562144 -0.31003937,
  10.994777 -18.600505 0.31003937,10.994777 -18.600505 -0.31003937,
  10.899002 -18.504731 0.31003937,10.937364 -18.562144 0.31003937,
  10.899002 -18.504731 -0.31003937,10.899002 -18.504731 -0.31003937,
  10.937364 -18.562144 0.31003937,10.937364 -18.562144 -0.31003937,
  10.885531 -18.437008 0.31003937,10.899002 -18.504731 0.31003937,
  10.885531 -18.437008 -0.31003937,10.885531 -18.437008 -0.31003937,
  10.899002 -18.504731 0.31003937,10.899002 -18.504731 -0.31003937,
  31.628328 -23.434437 0.31003937,31.602854 -23.5625 0.31003937,
  31.628328 -23.434437 -0.31003937,31.628328 -23.434437 -0.31003937,
  31.602854 -23.5625 0.31003937,31.602854 -23.5625 -0.31003937,
  31.70087 -23.32587 0.31003937,31.628328 -23.434437 0.31003937,
  31.70087 -23.32587 -0.31003937,31.70087 -23.32587 -0.31003937,
  31.628328 -23.434437 0.31003937,31.628328 -23.434437 -0.31003937,
  31.809437 -23.253328 0.31003937,31.70087 -23.32587 0.31003937,
  31.809437 -23.253328 -0.31003937,31.809437 -23.253328 -0.31003937,
  31.70087 -23.32587 0.31003937,31.70087 -23.32587 -0.31003937,
  31.9375 -23.227854 0.31003937,31.809437 -23.253328 0.31003937,
  31.9375 -23.227854 -0.31003937,31.9375 -23.227854 -0.31003937,
  31.809437 -23.253328 0.31003937,31.809437 -23.253328 -0.31003937,
  32.065563 -23.253328 0.31003937,31.9375 -23.227854 0.31003937,
  32.065563 -23.253328 -0.31003937,32.065563 -23.253328 -0.31003937,
  31.9375 -23.227854 0.31003937,31.9375 -23.227854 -0.31003937,
  32.17413 -23.32587 0.31003937,32.065563 -23.253328 0.31003937,
  32.17413 -23.32587 -0.31003937,32.17413 -23.32587 -0.31003937,
  32.065563 -23.253328 0.31003937,32.065563 -23.253328 -0.31003937,
  32.246672 -23.434437 0.31003937,32.17413 -23.32587 0.31003937,
  32.246672 -23.434437 -0.31003937,32.246672 -23.434437 -0.31003937,
  32.17413 -23.32587 0.31003937,32.17413 -23.32587 -0.31003937,
  32.272146 -23.5625 0.31003937,32.246672 -23.434437 0.31003937,
  32.272146 -23.5625 -0.31003937,32.272146 -23.5625 -0.31003937,
  32.246672 -23.434437 0.31003937,32.246672 -23.434437 -0.31003937,
  32.246672 -23.690563 0.31003937,32.272146 -23.5625 0.31003937,
  32.246672 -23.690563 -0.31003937,32.246672 -23.690563 -0.31003937,
  32.272146 -23.5625 0.31003937,32.272146 -23.5625 -0.31003937,
  32.17413 -23.79913 0.31003937,32.246672 -23.690563 0.31003937,
  32.17413 -23.79913 -0.31003937,32.17413 -23.79913 -0.31003937,
  32.246672 -23.690563 0.31003937,32.246672 -23.690563 -0.31003937,
  32.065563 -23.871672 0.31003937,32.17413 -23.79913 0.31003937,
  32.065563 -23.871672 -0.31003937,32.065563 -23.871672 -0.31003937,
  32.17413 -23.79913 0.31003937,32.17413 -23.79913 -0.31003937,
  31.9375 -23.897146 0.31003937,32.065563 -23.871672 0.31003937,
  31.9375 -23.897146 -0.31003937,31.9375 -23.897146 -0.31003937,
  32.065563 -23.871672 0.31003937,32.065563 -23.871672 -0.31003937,
  31.809437 -23.871672 0.31003937,31.9375 -23.897146 0.31003937,
  31.809437 -23.871672 -0.31003937,31.809437 -23.871672 -0.31003937,
  31.9375 -23.897146 0.31003937,31.9375 -23.897146 -0.31003937,
  31.70087 -23.79913 0.31003937,31.809437 -23.871672 0.31003937,
  31.70087 -23.79913 -0.31003937,31.70087 -23.79913 -0.31003937,
  31.809437 -23.871672 0.31003937,31.809437 -23.871672 -0.31003937,
  31.628328 -23.690563 0.31003937,31.70087 -23.79913 0.31003937,
  31.628328 -23.690563 -0.31003937,31.628328 -23.690563 -0.31003937,
  31.70087 -23.79913 0.31003937,31.70087 -23.79913 -0.31003937,
  31.602854 -23.5625 0.31003937,31.628328 -23.690563 0.31003937,
  31.602854 -23.5625 -0.31003937,31.602854 -23.5625 -0.31003937,
  31.628328 -23.690563 0.31003937,31.628328 -23.690563 -0.31003937,
  29.210036 -23.261174 0.31003937,29.150098 -23.5625 0.31003937,
  29.210036 -23.261174 -0.31003937,29.210036 -23.261174 -0.31003937,
  29.150098 -23.5625 0.31003937,29.150098 -23.5625 -0.31003937,
  29.380723 -23.005723 0.31003937,29.210036 -23.261174 0.31003937,
  29.380723 -23.005723 -0.31003937,29.380723 -23.005723 -0.31003937,
  29.210036 -23.261174 0.31003937,29.210036 -23.261174 -0.31003937,
  29.636174 -22.835036 0.31003937,29.380723 -23.005723 0.31003937,
  29.636174 -22.835036 -0.31003937,29.636174 -22.835036 -0.31003937,
  29.380723 -23.005723 0.31003937,29.380723 -23.005723 -0.31003937,
  29.9375 -22.775098 0.31003937,29.636174 -22.835036 0.31003937,
  29.9375 -22.775098 -0.31003937,29.9375 -22.775098 -0.31003937,
  29.636174 -22.835036 0.31003937,29.636174 -22.835036 -0.31003937,
  30.238826 -22.835036 0.31003937,29.9375 -22.775098 0.31003937,
  30.238826 -22.835036 -0.31003937,30.238826 -22.835036 -0.31003937,
  29.9375 -22.775098 0.31003937,29.9375 -22.775098 -0.31003937,
  30.494277 -23.005723 0.31003937,30.238826 -22.835036 0.31003937,
  30.494277 -23.005723 -0.31003937,30.494277 -23.005723 -0.31003937,
  30.238826 -22.835036 0.31003937,30.238826 -22.835036 -0.31003937,
  30.664964 -23.261174 0.31003937,30.494277 -23.005723 0.31003937,
  30.664964 -23.261174 -0.31003937,30.664964 -23.261174 -0.31003937,
  30.494277 -23.005723 0.31003937,30.494277 -23.005723 -0.31003937,
  30.724902 -23.5625 0.31003937,30.664964 -23.261174 0.31003937,
  30.724902 -23.5625 -0.31003937,30.724902 -23.5625 -0.31003937,
  30.664964 -23.261174 0.31003937,30.664964 -23.261174 -0.31003937,
  30.664964 -23.863826 0.31003937,30.724902 -23.5625 0.31003937,
  30.664964 -23.863826 -0.31003937,30.664964 -23.863826 -0.31003937,
  30.724902 -23.5625 0.31003937,30.724902 -23.5625 -0.31003937,
  30.494277 -24.119277 0.31003937,30.664964 -23.863826 0.31003937,
  30.494277 -24.119277 -0.31003937,30.494277 -24.119277 -0.31003937,
  30.664964 -23.863826 0.31003937,30.664964 -23.863826 -0.31003937,
  30.238826 -24.289964 0.31003937,30.494277 -24.119277 0.31003937,
  30.238826 -24.289964 -0.31003937,30.238826 -24.289964 -0.31003937,
  30.494277 -24.119277 0.31003937,30.494277 -24.119277 -0.31003937,
  29.9375 -24.349902 0.31003937,30.238826 -24.289964 0.31003937,
  29.9375 -24.349902 -0.31003937,29.9375 -24.349902 -0.31003937,
  30.238826 -24.289964 0.31003937,30.238826 -24.289964 -0.31003937,
  29.636174 -24.289964 0.31003937,29.9375 -24.349902 0.31003937,
  29.636174 -24.289964 -0.31003937,29.636174 -24.289964 -0.31003937,
  29.9375 -24.349902 0.31003937,29.9375 -24.349902 -0.31003937,
  29.380723 -24.119277 0.31003937,29.636174 -24.289964 0.31003937,
  29.380723 -24.119277 -0.31003937,29.380723 -24.119277 -0.31003937,
  29.636174 -24.289964 0.31003937,29.636174 -24.289964 -0.31003937,
  29.210036 -23.863826 0.31003937,29.380723 -24.119277 0.31003937,
  29.210036 -23.863826 -0.31003937,29.210036 -23.863826 -0.31003937,
  29.380723 -24.119277 0.31003937,29.380723 -24.119277 -0.31003937,
  29.150098 -23.5625 0.31003937,29.210036 -23.863826 0.31003937,
  29.150098 -23.5625 -0.31003937,29.150098 -23.5625 -0.31003937,
  29.210036 -23.863826 0.31003937,29.210036 -23.863826 -0.31003937,
  27.628328 -23.434437 0.31003937,27.602854 -23.5625 0.31003937,
  27.628328 -23.434437 -0.31003937,27.628328 -23.434437 -0.31003937,
  27.602854 -23.5625 0.31003937,27.602854 -23.5625 -0.31003937,
  27.70087 -23.32587 0.31003937,27.628328 -23.434437 0.31003937,
  27.70087 -23.32587 -0.31003937,27.70087 -23.32587 -0.31003937,
  27.628328 -23.434437 0.31003937,27.628328 -23.434437 -0.31003937,
  27.809437 -23.253328 0.31003937,27.70087 -23.32587 0.31003937,
  27.809437 -23.253328 -0.31003937,27.809437 -23.253328 -0.31003937,
  27.70087 -23.32587 0.31003937,27.70087 -23.32587 -0.31003937,
  27.9375 -23.227854 0.31003937,27.809437 -23.253328 0.31003937,
  27.9375 -23.227854 -0.31003937,27.9375 -23.227854 -0.31003937,
  27.809437 -23.253328 0.31003937,27.809437 -23.253328 -0.31003937,
  28.065563 -23.253328 0.31003937,27.9375 -23.227854 0.31003937,
  28.065563 -23.253328 -0.31003937,28.065563 -23.253328 -0.31003937,
  27.9375 -23.227854 0.31003937,27.9375 -23.227854 -0.31003937,
  28.17413 -23.32587 0.31003937,28.065563 -23.253328 0.31003937,
  28.17413 -23.32587 -0.31003937,28.17413 -23.32587 -0.31003937,
  28.065563 -23.253328 0.31003937,28.065563 -23.253328 -0.31003937,
  28.246672 -23.434437 0.31003937,28.17413 -23.32587 0.31003937,
  28.246672 -23.434437 -0.31003937,28.246672 -23.434437 -0.31003937,
  28.17413 -23.32587 0.31003937,28.17413 -23.32587 -0.31003937,
  28.272146 -23.5625 0.31003937,28.246672 -23.434437 0.31003937,
  28.272146 -23.5625 -0.31003937,28.272146 -23.5625 -0.31003937,
  28.246672 -23.434437 0.31003937,28.246672 -23.434437 -0.31003937,
  28.246672 -23.690563 0.31003937,28.272146 -23.5625 0.31003937,
  28.246672 -23.690563 -0.31003937,28.246672 -23.690563 -0.31003937,
  28.272146 -23.5625 0.31003937,28.272146 -23.5625 -0.31003937,
  28.17413 -23.79913 0.31003937,28.246672 -23.690563 0.31003937,
  28.17413 -23.79913 -0.31003937,28.17413 -23.79913 -0.31003937,
  28.246672 -23.690563 0.31003937,28.246672 -23.690563 -0.31003937,
  28.065563 -23.871672 0.31003937,28.17413 -23.79913 0.31003937,
  28.065563 -23.871672 -0.31003937,28.065563 -23.871672 -0.31003937,
  28.17413 -23.79913 0.31003937,28.17413 -23.79913 -0.31003937,
  27.9375 -23.897146 0.31003937,28.065563 -23.871672 0.31003937,
  27.9375 -23.897146 -0.31003937,27.9375 -23.897146 -0.31003937,
  28.065563 -23.871672 0.31003937,28.065563 -23.871672 -0.31003937,
  27.809437 -23.871672 0.31003937,27.9375 -23.897146 0.31003937,
  27.809437 -23.871672 -0.31003937,27.809437 -23.871672 -0.31003937,
  27.9375 -23.897146 0.31003937,27.9375 -23.897146 -0.31003937,
  27.70087 -23.79913 0.31003937,27.809437 -23.871672 0.31003937,
  27.70087 -23.79913 -0.31003937,27.70087 -23.79913 -0.31003937,
  27.809437 -23.871672 0.31003937,27.809437 -23.871672 -0.31003937,
  27.628328 -23.690563 0.31003937,27.70087 -23.79913 0.31003937,
  27.628328 -23.690563 -0.31003937,27.628328 -23.690563 -0.31003937,
  27.70087 -23.79913 0.31003937,27.70087 -23.79913 -0.31003937,
  27.602854 -23.5625 0.31003937,27.628328 -23.690563 0.31003937,
  27.602854 -23.5625 -0.31003937,27.602854 -23.5625 -0.31003937,
  27.628328 -23.690563 0.31003937,27.628328 -23.690563 -0.31003937,
  30.82375 -21.287882 0.31003937,30.727317 -21.352317 0.31003937,
  30.82375 -21.287882 -0.31003937,30.82375 -21.287882 -0.31003937,
  30.727317 -21.352317 0.31003937,30.727317 -21.352317 -0.31003937,
  30.9375 -21.265256 0.31003937,30.82375 -21.287882 0.31003937,
  30.9375 -21.265256 -0.31003937,30.9375 -21.265256 -0.31003937,
  30.82375 -21.287882 0.31003937,30.82375 -21.287882 -0.31003937,
  31.05125 -21.287882 0.31003937,30.9375 -21.265256 0.31003937,
  31.05125 -21.287882 -0.31003937,31.05125 -21.287882 -0.31003937,
  30.9375 -21.265256 0.31003937,30.9375 -21.265256 -0.31003937,
  31.147683 -21.352317 0.31003937,31.05125 -21.287882 0.31003937,
  31.147683 -21.352317 -0.31003937,31.147683 -21.352317 -0.31003937,
  31.05125 -21.287882 0.31003937,31.05125 -21.287882 -0.31003937,
  31.212118 -21.44875 0.31003937,31.147683 -21.352317 0.31003937,
  31.212118 -21.44875 -0.31003937,31.212118 -21.44875 -0.31003937,
  31.147683 -21.352317 0.31003937,31.147683 -21.352317 -0.31003937,
  31.234744 -21.5625 0.31003937,31.212118 -21.44875 0.31003937,
  31.234744 -21.5625 -0.31003937,31.234744 -21.5625 -0.31003937,
  31.212118 -21.44875 0.31003937,31.212118 -21.44875 -0.31003937,
  31.212118 -21.67625 0.31003937,31.234744 -21.5625 0.31003937,
  31.212118 -21.67625 -0.31003937,31.212118 -21.67625 -0.31003937,
  31.234744 -21.5625 0.31003937,31.234744 -21.5625 -0.31003937,
  31.147683 -21.772683 0.31003937,31.212118 -21.67625 0.31003937,
  31.147683 -21.772683 -0.31003937,31.147683 -21.772683 -0.31003937,
  31.212118 -21.67625 0.31003937,31.212118 -21.67625 -0.31003937,
  31.05125 -21.837118 0.31003937,31.147683 -21.772683 0.31003937,
  31.05125 -21.837118 -0.31003937,31.05125 -21.837118 -0.31003937,
  31.147683 -21.772683 0.31003937,31.147683 -21.772683 -0.31003937,
  30.9375 -21.859744 0.31003937,31.05125 -21.837118 0.31003937,
  30.9375 -21.859744 -0.31003937,30.9375 -21.859744 -0.31003937,
  31.05125 -21.837118 0.31003937,31.05125 -21.837118 -0.31003937,
  30.82375 -21.837118 0.31003937,30.9375 -21.859744 0.31003937,
  30.82375 -21.837118 -0.31003937,30.82375 -21.837118 -0.31003937,
  30.9375 -21.859744 0.31003937,30.9375 -21.859744 -0.31003937,
  30.727317 -21.772683 0.31003937,30.82375 -21.837118 0.31003937,
  30.727317 -21.772683 -0.31003937,30.727317 -21.772683 -0.31003937,
  30.82375 -21.837118 0.31003937,30.82375 -21.837118 -0.31003937,
  30.662882 -21.67625 0.31003937,30.727317 -21.772683 0.31003937,
  30.662882 -21.67625 -0.31003937,30.662882 -21.67625 -0.31003937,
  30.727317 -21.772683 0.31003937,30.727317 -21.772683 -0.31003937,
  30.640256 -21.5625 0.31003937,30.662882 -21.67625 0.31003937,
  30.640256 -21.5625 -0.31003937,30.640256 -21.5625 -0.31003937,
  30.662882 -21.67625 0.31003937,30.662882 -21.67625 -0.31003937,
  30.662882 -21.44875 0.31003937,30.640256 -21.5625 0.31003937,
  30.662882 -21.44875 -0.31003937,30.662882 -21.44875 -0.31003937,
  30.640256 -21.5625 0.31003937,30.640256 -21.5625 -0.31003937,
  30.727317 -21.352317 0.31003937,30.662882 -21.44875 0.31003937,
  30.727317 -21.352317 -0.31003937,30.727317 -21.352317 -0.31003937,
  30.662882 -21.44875 0.31003937,30.662882 -21.44875 -0.31003937,
  30.662882 -13.94875 0.31003937,30.640256 -14.0625 0.31003937,
  30.662882 -13.94875 -0.31003937,30.662882 -13.94875 -0.31003937,
  30.640256 -14.0625 0.31003937,30.640256 -14.0625 -0.31003937,
  30.727317 -13.852317 0.31003937,30.662882 -13.94875 0.31003937,
  30.727317 -13.852317 -0.31003937,30.727317 -13.852317 -0.31003937,
  30.662882 -13.94875 0.31003937,30.662882 -13.94875 -0.31003937,
  30.82375 -13.787882 0.31003937,30.727317 -13.852317 0.31003937,
  30.82375 -13.787882 -0.31003937,30.82375 -13.787882 -0.31003937,
  30.727317 -13.852317 0.31003937,30.727317 -13.852317 -0.31003937,
  30.9375 -13.765256 0.31003937,30.82375 -13.787882 0.31003937,
  30.9375 -13.765256 -0.31003937,30.9375 -13.765256 -0.31003937,
  30.82375 -13.787882 0.31003937,30.82375 -13.787882 -0.31003937,
  31.05125 -13.787882 0.31003937,30.9375 -13.765256 0.31003937,
  31.05125 -13.787882 -0.31003937,31.05125 -13.787882 -0.31003937,
  30.9375 -13.765256 0.31003937,30.9375 -13.765256 -0.31003937,
  31.147683 -13.852317 0.31003937,31.05125 -13.787882 0.31003937,
  31.147683 -13.852317 -0.31003937,31.147683 -13.852317 -0.31003937,
  31.05125 -13.787882 0.31003937,31.05125 -13.787882 -0.31003937,
  31.212118 -13.94875 0.31003937,31.147683 -13.852317 0.31003937,
  31.212118 -13.94875 -0.31003937,31.212118 -13.94875 -0.31003937,
  31.147683 -13.852317 0.31003937,31.147683 -13.852317 -0.31003937,
  31.234744 -14.0625 0.31003937,31.212118 -13.94875 0.31003937,
  31.234744 -14.0625 -0.31003937,31.234744 -14.0625 -0.31003937,
  31.212118 -13.94875 0.31003937,31.212118 -13.94875 -0.31003937,
  31.212118 -14.17625 0.31003937,31.234744 -14.0625 0.31003937,
  31.212118 -14.17625 -0.31003937,31.212118 -14.17625 -0.31003937,
  31.234744 -14.0625 0.31003937,31.234744 -14.0625 -0.31003937,
  31.147683 -14.272683 0.31003937,31.212118 -14.17625 0.31003937,
  31.147683 -14.272683 -0.31003937,31.147683 -14.272683 -0.31003937,
  31.212118 -14.17625 0.31003937,31.212118 -14.17625 -0.31003937,
  31.05125 -14.337118 0.31003937,31.147683 -14.272683 0.31003937,
  31.05125 -14.337118 -0.31003937,31.05125 -14.337118 -0.31003937,
  31.147683 -14.272683 0.31003937,31.147683 -14.272683 -0.31003937,
  30.9375 -14.359744 0.31003937,31.05125 -14.337118 0.31003937,
  30.9375 -14.359744 -0.31003937,30.9375 -14.359744 -0.31003937,
  31.05125 -14.337118 0.31003937,31.05125 -14.337118 -0.31003937,
  30.82375 -14.337118 0.31003937,30.9375 -14.359744 0.31003937,
  30.82375 -14.337118 -0.31003937,30.82375 -14.337118 -0.31003937,
  30.9375 -14.359744 0.31003937,30.9375 -14.359744 -0.31003937,
  30.727317 -14.272683 0.31003937,30.82375 -14.337118 0.31003937,
  30.727317 -14.272683 -0.31003937,30.727317 -14.272683 -0.31003937,
  30.82375 -14.337118 0.31003937,30.82375 -14.337118 -0.31003937,
  30.662882 -14.17625 0.31003937,30.727317 -14.272683 0.31003937,
  30.662882 -14.17625 -0.31003937,30.662882 -14.17625 -0.31003937,
  30.727317 -14.272683 0.31003937,30.727317 -14.272683 -0.31003937,
  30.640256 -14.0625 0.31003937,30.662882 -14.17625 0.31003937,
  30.640256 -14.0625 -0.31003937,30.640256 -14.0625 -0.31003937,
  30.662882 -14.17625 0.31003937,30.662882 -14.17625 -0.31003937,
  30.664964 -15.761174 0.31003937,30.494277 -15.505723 0.31003937,
  30.664964 -15.761174 -0.31003937,30.664964 -15.761174 -0.31003937,
  30.494277 -15.505723 0.31003937,30.494277 -15.505723 -0.31003937,
  30.724902 -16.0625 0.31003937,30.664964 -15.761174 0.31003937,
  30.724902 -16.0625 -0.31003937,30.724902 -16.0625 -0.31003937,
  30.664964 -15.761174 0.31003937,30.664964 -15.761174 -0.31003937,
  30.664964 -16.363826 0.31003937,30.724902 -16.0625 0.31003937,
  30.664964 -16.363826 -0.31003937,30.664964 -16.363826 -0.31003937,
  30.724902 -16.0625 0.31003937,30.724902 -16.0625 -0.31003937,
  30.494277 -16.619277 0.31003937,30.664964 -16.363826 0.31003937,
  30.494277 -16.619277 -0.31003937,30.494277 -16.619277 -0.31003937,
  30.664964 -16.363826 0.31003937,30.664964 -16.363826 -0.31003937,
  30.238826 -16.789964 0.31003937,30.494277 -16.619277 0.31003937,
  30.238826 -16.789964 -0.31003937,30.238826 -16.789964 -0.31003937,
  30.494277 -16.619277 0.31003937,30.494277 -16.619277 -0.31003937,
  29.9375 -16.849902 0.31003937,30.238826 -16.789964 0.31003937,
  29.9375 -16.849902 -0.31003937,29.9375 -16.849902 -0.31003937,
  30.238826 -16.789964 0.31003937,30.238826 -16.789964 -0.31003937,
  29.636174 -16.789964 0.31003937,29.9375 -16.849902 0.31003937,
  29.636174 -16.789964 -0.31003937,29.636174 -16.789964 -0.31003937,
  29.9375 -16.849902 0.31003937,29.9375 -16.849902 -0.31003937,
  29.380723 -16.619277 0.31003937,29.636174 -16.789964 0.31003937,
  29.380723 -16.619277 -0.31003937,29.380723 -16.619277 -0.31003937,
  29.636174 -16.789964 0.31003937,29.636174 -16.789964 -0.31003937,
  29.210036 -16.363826 0.31003937,29.380723 -16.619277 0.31003937,
  29.210036 -16.363826 -0.31003937,29.210036 -16.363826 -0.31003937,
  29.380723 -16.619277 0.31003937,29.380723 -16.619277 -0.31003937,
  29.150098 -16.0625 0.31003937,29.210036 -16.363826 0.31003937,
  29.150098 -16.0625 -0.31003937,29.150098 -16.0625 -0.31003937,
  29.210036 -16.363826 0.31003937,29.210036 -16.363826 -0.31003937,
  29.210036 -15.761174 0.31003937,29.150098 -16.0625 0.31003937,
  29.210036 -15.761174 -0.31003937,29.210036 -15.761174 -0.31003937,
  29.150098 -16.0625 0.31003937,29.150098 -16.0625 -0.31003937,
  29.380723 -15.505723 0.31003937,29.210036 -15.761174 0.31003937,
  29.380723 -15.505723 -0.31003937,29.380723 -15.505723 -0.31003937,
  29.210036 -15.761174 0.31003937,29.210036 -15.761174 -0.31003937,
  29.636174 -15.335036 0.31003937,29.380723 -15.505723 0.31003937,
  29.636174 -15.335036 -0.31003937,29.636174 -15.335036 -0.31003937,
  29.380723 -15.505723 0.31003937,29.380723 -15.505723 -0.31003937,
  29.9375 -15.275098 0.31003937,29.636174 -15.335036 0.31003937,
  29.9375 -15.275098 -0.31003937,29.9375 -15.275098 -0.31003937,
  29.636174 -15.335036 0.31003937,29.636174 -15.335036 -0.31003937,
  30.238826 -15.335036 0.31003937,29.9375 -15.275098 0.31003937,
  30.238826 -15.335036 -0.31003937,30.238826 -15.335036 -0.31003937,
  29.9375 -15.275098 0.31003937,29.9375 -15.275098 -0.31003937,
  30.494277 -15.505723 0.31003937,30.238826 -15.335036 0.31003937,
  30.494277 -15.505723 -0.31003937,30.494277 -15.505723 -0.31003937,
  30.238826 -15.335036 0.31003937,30.238826 -15.335036 -0.31003937,
  28.4375 -22.265256 0.31003937,28.32375 -22.287882 0.31003937,
  28.4375 -22.265256 -0.31003937,28.4375 -22.265256 -0.31003937,
  28.32375 -22.287882 0.31003937,28.32375 -22.287882 -0.31003937,
  28.55125 -22.287882 0.31003937,28.4375 -22.265256 0.31003937,
  28.55125 -22.287882 -0.31003937,28.55125 -22.287882 -0.31003937,
  28.4375 -22.265256 0.31003937,28.4375 -22.265256 -0.31003937,
  28.647683 -22.352317 0.31003937,28.55125 -22.287882 0.31003937,
  28.647683 -22.352317 -0.31003937,28.647683 -22.352317 -0.31003937,
  28.55125 -22.287882 0.31003937,28.55125 -22.287882 -0.31003937,
  28.712118 -22.44875 0.31003937,28.647683 -22.352317 0.31003937,
  28.712118 -22.44875 -0.31003937,28.712118 -22.44875 -0.31003937,
  28.647683 -22.352317 0.31003937,28.647683 -22.352317 -0.31003937,
  28.734744 -22.5625 0.31003937,28.712118 -22.44875 0.31003937,
  28.734744 -22.5625 -0.31003937,28.734744 -22.5625 -0.31003937,
  28.712118 -22.44875 0.31003937,28.712118 -22.44875 -0.31003937,
  28.712118 -22.67625 0.31003937,28.734744 -22.5625 0.31003937,
  28.712118 -22.67625 -0.31003937,28.712118 -22.67625 -0.31003937,
  28.734744 -22.5625 0.31003937,28.734744 -22.5625 -0.31003937,
  28.647683 -22.772683 0.31003937,28.712118 -22.67625 0.31003937,
  28.647683 -22.772683 -0.31003937,28.647683 -22.772683 -0.31003937,
  28.712118 -22.67625 0.31003937,28.712118 -22.67625 -0.31003937,
  28.55125 -22.837118 0.31003937,28.647683 -22.772683 0.31003937,
  28.55125 -22.837118 -0.31003937,28.55125 -22.837118 -0.31003937,
  28.647683 -22.772683 0.31003937,28.647683 -22.772683 -0.31003937,
  28.4375 -22.859744 0.31003937,28.55125 -22.837118 0.31003937,
  28.4375 -22.859744 -0.31003937,28.4375 -22.859744 -0.31003937,
  28.55125 -22.837118 0.31003937,28.55125 -22.837118 -0.31003937,
  28.32375 -22.837118 0.31003937,28.4375 -22.859744 0.31003937,
  28.32375 -22.837118 -0.31003937,28.32375 -22.837118 -0.31003937,
  28.4375 -22.859744 0.31003937,28.4375 -22.859744 -0.31003937,
  28.227317 -22.772683 0.31003937,28.32375 -22.837118 0.31003937,
  28.227317 -22.772683 -0.31003937,28.227317 -22.772683 -0.31003937,
  28.32375 -22.837118 0.31003937,28.32375 -22.837118 -0.31003937,
  28.162882 -22.67625 0.31003937,28.227317 -22.772683 0.31003937,
  28.162882 -22.67625 -0.31003937,28.162882 -22.67625 -0.31003937,
  28.227317 -22.772683 0.31003937,28.227317 -22.772683 -0.31003937,
  28.140256 -22.5625 0.31003937,28.162882 -22.67625 0.31003937,
  28.140256 -22.5625 -0.31003937,28.140256 -22.5625 -0.31003937,
  28.162882 -22.67625 0.31003937,28.162882 -22.67625 -0.31003937,
  28.162882 -22.44875 0.31003937,28.140256 -22.5625 0.31003937,
  28.162882 -22.44875 -0.31003937,28.162882 -22.44875 -0.31003937,
  28.140256 -22.5625 0.31003937,28.140256 -22.5625 -0.31003937,
  28.227317 -22.352317 0.31003937,28.162882 -22.44875 0.31003937,
  28.227317 -22.352317 -0.31003937,28.227317 -22.352317 -0.31003937,
  28.162882 -22.44875 0.31003937,28.162882 -22.44875 -0.31003937,
  28.32375 -22.287882 0.31003937,28.227317 -22.352317 0.31003937,
  28.32375 -22.287882 -0.31003937,28.32375 -22.287882 -0.31003937,
  28.227317 -22.352317 0.31003937,28.227317 -22.352317 -0.31003937,
  28.162882 -14.94875 0.31003937,28.140256 -15.0625 0.31003937,
  28.162882 -14.94875 -0.31003937,28.162882 -14.94875 -0.31003937,
  28.140256 -15.0625 0.31003937,28.140256 -15.0625 -0.31003937,
  28.227317 -14.852317 0.31003937,28.162882 -14.94875 0.31003937,
  28.227317 -14.852317 -0.31003937,28.227317 -14.852317 -0.31003937,
  28.162882 -14.94875 0.31003937,28.162882 -14.94875 -0.31003937,
  28.32375 -14.787882 0.31003937,28.227317 -14.852317 0.31003937,
  28.32375 -14.787882 -0.31003937,28.32375 -14.787882 -0.31003937,
  28.227317 -14.852317 0.31003937,28.227317 -14.852317 -0.31003937,
  28.4375 -14.765256 0.31003937,28.32375 -14.787882 0.31003937,
  28.4375 -14.765256 -0.31003937,28.4375 -14.765256 -0.31003937,
  28.32375 -14.787882 0.31003937,28.32375 -14.787882 -0.31003937,
  28.55125 -14.787882 0.31003937,28.4375 -14.765256 0.31003937,
  28.55125 -14.787882 -0.31003937,28.55125 -14.787882 -0.31003937,
  28.4375 -14.765256 0.31003937,28.4375 -14.765256 -0.31003937,
  28.647683 -14.852317 0.31003937,28.55125 -14.787882 0.31003937,
  28.647683 -14.852317 -0.31003937,28.647683 -14.852317 -0.31003937,
  28.55125 -14.787882 0.31003937,28.55125 -14.787882 -0.31003937,
  28.712118 -14.94875 0.31003937,28.647683 -14.852317 0.31003937,
  28.712118 -14.94875 -0.31003937,28.712118 -14.94875 -0.31003937,
  28.647683 -14.852317 0.31003937,28.647683 -14.852317 -0.31003937,
  28.734744 -15.0625 0.31003937,28.712118 -14.94875 0.31003937,
  28.734744 -15.0625 -0.31003937,28.734744 -15.0625 -0.31003937,
  28.712118 -14.94875 0.31003937,28.712118 -14.94875 -0.31003937,
  28.712118 -15.17625 0.31003937,28.734744 -15.0625 0.31003937,
  28.712118 -15.17625 -0.31003937,28.712118 -15.17625 -0.31003937,
  28.734744 -15.0625 0.31003937,28.734744 -15.0625 -0.31003937,
  28.647683 -15.272683 0.31003937,28.712118 -15.17625 0.31003937,
  28.647683 -15.272683 -0.31003937,28.647683 -15.272683 -0.31003937,
  28.712118 -15.17625 0.31003937,28.712118 -15.17625 -0.31003937,
  28.55125 -15.337118 0.31003937,28.647683 -15.272683 0.31003937,
  28.55125 -15.337118 -0.31003937,28.55125 -15.337118 -0.31003937,
  28.647683 -15.272683 0.31003937,28.647683 -15.272683 -0.31003937,
  28.4375 -15.359744 0.31003937,28.55125 -15.337118 0.31003937,
  28.4375 -15.359744 -0.31003937,28.4375 -15.359744 -0.31003937,
  28.55125 -15.337118 0.31003937,28.55125 -15.337118 -0.31003937,
  28.32375 -15.337118 0.31003937,28.4375 -15.359744 0.31003937,
  28.32375 -15.337118 -0.31003937,28.32375 -15.337118 -0.31003937,
  28.4375 -15.359744 0.31003937,28.4375 -15.359744 -0.31003937,
  28.227317 -15.272683 0.31003937,28.32375 -15.337118 0.31003937,
  28.227317 -15.272683 -0.31003937,28.227317 -15.272683 -0.31003937,
  28.32375 -15.337118 0.31003937,28.32375 -15.337118 -0.31003937,
  28.162882 -15.17625 0.31003937,28.227317 -15.272683 0.31003937,
  28.162882 -15.17625 -0.31003937,28.162882 -15.17625 -0.31003937,
  28.227317 -15.272683 0.31003937,28.227317 -15.272683 -0.31003937,
  28.140256 -15.0625 0.31003937,28.162882 -15.17625 0.31003937,
  28.140256 -15.0625 -0.31003937,28.140256 -15.0625 -0.31003937,
  28.162882 -15.17625 0.31003937,28.162882 -15.17625 -0.31003937,
  28.17413 -15.82587 0.31003937,28.065563 -15.753328 0.31003937,
  28.17413 -15.82587 -0.31003937,28.17413 -15.82587 -0.31003937,
  28.065563 -15.753328 0.31003937,28.065563 -15.753328 -0.31003937,
  28.246672 -15.934437 0.31003937,28.17413 -15.82587 0.31003937,
  28.246672 -15.934437 -0.31003937,28.246672 -15.934437 -0.31003937,
  28.17413 -15.82587 0.31003937,28.17413 -15.82587 -0.31003937,
  28.272146 -16.0625 0.31003937,28.246672 -15.934437 0.31003937,
  28.272146 -16.0625 -0.31003937,28.272146 -16.0625 -0.31003937,
  28.246672 -15.934437 0.31003937,28.246672 -15.934437 -0.31003937,
  28.246672 -16.190563 0.31003937,28.272146 -16.0625 0.31003937,
  28.246672 -16.190563 -0.31003937,28.246672 -16.190563 -0.31003937,
  28.272146 -16.0625 0.31003937,28.272146 -16.0625 -0.31003937,
  28.17413 -16.29913 0.31003937,28.246672 -16.190563 0.31003937,
  28.17413 -16.29913 -0.31003937,28.17413 -16.29913 -0.31003937,
  28.246672 -16.190563 0.31003937,28.246672 -16.190563 -0.31003937,
  28.065563 -16.371672 0.31003937,28.17413 -16.29913 0.31003937,
  28.065563 -16.371672 -0.31003937,28.065563 -16.371672 -0.31003937,
  28.17413 -16.29913 0.31003937,28.17413 -16.29913 -0.31003937,
  27.9375 -16.397146 0.31003937,28.065563 -16.371672 0.31003937,
  27.9375 -16.397146 -0.31003937,27.9375 -16.397146 -0.31003937,
  28.065563 -16.371672 0.31003937,28.065563 -16.371672 -0.31003937,
  27.809437 -16.371672 0.31003937,27.9375 -16.397146 0.31003937,
  27.809437 -16.371672 -0.31003937,27.809437 -16.371672 -0.31003937,
  27.9375 -16.397146 0.31003937,27.9375 -16.397146 -0.31003937,
  27.70087 -16.29913 0.31003937,27.809437 -16.371672 0.31003937,
  27.70087 -16.29913 -0.31003937,27.70087 -16.29913 -0.31003937,
  27.809437 -16.371672 0.31003937,27.809437 -16.371672 -0.31003937,
  27.628328 -16.190563 0.31003937,27.70087 -16.29913 0.31003937,
  27.628328 -16.190563 -0.31003937,27.628328 -16.190563 -0.31003937,
  27.70087 -16.29913 0.31003937,27.70087 -16.29913 -0.31003937,
  27.602854 -16.0625 0.31003937,27.628328 -16.190563 0.31003937,
  27.602854 -16.0625 -0.31003937,27.602854 -16.0625 -0.31003937,
  27.628328 -16.190563 0.31003937,27.628328 -16.190563 -0.31003937,
  27.628328 -15.934437 0.31003937,27.602854 -16.0625 0.31003937,
  27.628328 -15.934437 -0.31003937,27.628328 -15.934437 -0.31003937,
  27.602854 -16.0625 0.31003937,27.602854 -16.0625 -0.31003937,
  27.70087 -15.82587 0.31003937,27.628328 -15.934437 0.31003937,
  27.70087 -15.82587 -0.31003937,27.70087 -15.82587 -0.31003937,
  27.628328 -15.934437 0.31003937,27.628328 -15.934437 -0.31003937,
  27.809437 -15.753328 0.31003937,27.70087 -15.82587 0.31003937,
  27.809437 -15.753328 -0.31003937,27.809437 -15.753328 -0.31003937,
  27.70087 -15.82587 0.31003937,27.70087 -15.82587 -0.31003937,
  27.9375 -15.727854 0.31003937,27.809437 -15.753328 0.31003937,
  27.9375 -15.727854 -0.31003937,27.9375 -15.727854 -0.31003937,
  27.809437 -15.753328 0.31003937,27.809437 -15.753328 -0.31003937,
  28.065563 -15.753328 0.31003937,27.9375 -15.727854 0.31003937,
  28.065563 -15.753328 -0.31003937,28.065563 -15.753328 -0.31003937,
  27.9375 -15.727854 0.31003937,27.9375 -15.727854 -0.31003937,
  17.225998 -13.504731 0.31003937,17.239469 -13.437008 0.31003937,
  17.225998 -13.504731 -0.31003937,17.225998 -13.504731 -0.31003937,
  17.239469 -13.437008 0.31003937,17.239469 -13.437008 -0.31003937,
  17.187636 -13.562144 0.31003937,17.225998 -13.504731 0.31003937,
  17.187636 -13.562144 -0.31003937,17.187636 -13.562144 -0.31003937,
  17.225998 -13.504731 0.31003937,17.225998 -13.504731 -0.31003937,
  17.130223 -13.600505 0.31003937,17.187636 -13.562144 0.31003937,
  17.130223 -13.600505 -0.31003937,17.130223 -13.600505 -0.31003937,
  17.187636 -13.562144 0.31003937,17.187636 -13.562144 -0.31003937,
  17.0625 -13.613976 0.31003937,17.130223 -13.600505 0.31003937,
  17.0625 -13.613976 -0.31003937,17.0625 -13.613976 -0.31003937,
  17.130223 -13.600505 0.31003937,17.130223 -13.600505 -0.31003937,
  16.994777 -13.600505 0.31003937,17.0625 -13.613976 0.31003937,
  16.994777 -13.600505 -0.31003937,16.994777 -13.600505 -0.31003937,
  17.0625 -13.613976 0.31003937,17.0625 -13.613976 -0.31003937,
  16.937364 -13.562144 0.31003937,16.994777 -13.600505 0.31003937,
  16.937364 -13.562144 -0.31003937,16.937364 -13.562144 -0.31003937,
  16.994777 -13.600505 0.31003937,16.994777 -13.600505 -0.31003937,
  16.899002 -13.504731 0.31003937,16.937364 -13.562144 0.31003937,
  16.899002 -13.504731 -0.31003937,16.899002 -13.504731 -0.31003937,
  16.937364 -13.562144 0.31003937,16.937364 -13.562144 -0.31003937,
  16.885531 -13.437008 0.31003937,16.899002 -13.504731 0.31003937,
  16.885531 -13.437008 -0.31003937,16.885531 -13.437008 -0.31003937,
  16.899002 -13.504731 0.31003937,16.899002 -13.504731 -0.31003937,
  16.899002 -13.369285 0.31003937,16.885531 -13.437008 0.31003937,
  16.899002 -13.369285 -0.31003937,16.899002 -13.369285 -0.31003937,
  16.885531 -13.437008 0.31003937,16.885531 -13.437008 -0.31003937,
  16.937364 -13.311872 0.31003937,16.899002 -13.369285 0.31003937,
  16.937364 -13.311872 -0.31003937,16.937364 -13.311872 -0.31003937,
  16.899002 -13.369285 0.31003937,16.899002 -13.369285 -0.31003937,
  16.994777 -13.27351 0.31003937,16.937364 -13.311872 0.31003937,
  16.994777 -13.27351 -0.31003937,16.994777 -13.27351 -0.31003937,
  16.937364 -13.311872 0.31003937,16.937364 -13.311872 -0.31003937,
  17.0625 -13.260039 0.31003937,16.994777 -13.27351 0.31003937,
  17.0625 -13.260039 -0.31003937,17.0625 -13.260039 -0.31003937,
  16.994777 -13.27351 0.31003937,16.994777 -13.27351 -0.31003937,
  17.130223 -13.27351 0.31003937,17.0625 -13.260039 0.31003937,
  17.130223 -13.27351 -0.31003937,17.130223 -13.27351 -0.31003937,
  17.0625 -13.260039 0.31003937,17.0625 -13.260039 -0.31003937,
  17.187636 -13.311872 0.31003937,17.130223 -13.27351 0.31003937,
  17.187636 -13.311872 -0.31003937,17.187636 -13.311872 -0.31003937,
  17.130223 -13.27351 0.31003937,17.130223 -13.27351 -0.31003937,
  17.225998 -13.369285 0.31003937,17.187636 -13.311872 0.31003937,
  17.225998 -13.369285 -0.31003937,17.225998 -13.369285 -0.31003937,
  17.187636 -13.311872 0.31003937,17.187636 -13.311872 -0.31003937,
  17.239469 -13.437008 0.31003937,17.225998 -13.369285 0.31003937,
  17.239469 -13.437008 -0.31003937,17.239469 -13.437008 -0.31003937,
  17.225998 -13.369285 0.31003937,17.225998 -13.369285 -0.31003937,
  17.225998 -14.504731 0.31003937,17.239469 -14.437008 0.31003937,
  17.225998 -14.504731 -0.31003937,17.225998 -14.504731 -0.31003937,
  17.239469 -14.437008 0.31003937,17.239469 -14.437008 -0.31003937,
  17.187636 -14.562144 0.31003937,17.225998 -14.504731 0.31003937,
  17.187636 -14.562144 -0.31003937,17.187636 -14.562144 -0.31003937,
  17.225998 -14.504731 0.31003937,17.225998 -14.504731 -0.31003937,
  17.130223 -14.600505 0.31003937,17.187636 -14.562144 0.31003937,
  17.130223 -14.600505 -0.31003937,17.130223 -14.600505 -0.31003937,
  17.187636 -14.562144 0.31003937,17.187636 -14.562144 -0.31003937,
  17.0625 -14.613976 0.31003937,17.130223 -14.600505 0.31003937,
  17.0625 -14.613976 -0.31003937,17.0625 -14.613976 -0.31003937,
  17.130223 -14.600505 0.31003937,17.130223 -14.600505 -0.31003937,
  16.994777 -14.600505 0.31003937,17.0625 -14.613976 0.31003937,
  16.994777 -14.600505 -0.31003937,16.994777 -14.600505 -0.31003937,
  17.0625 -14.613976 0.31003937,17.0625 -14.613976 -0.31003937,
  16.937364 -14.562144 0.31003937,16.994777 -14.600505 0.31003937,
  16.937364 -14.562144 -0.31003937,16.937364 -14.562144 -0.31003937,
  16.994777 -14.600505 0.31003937,16.994777 -14.600505 -0.31003937,
  16.899002 -14.504731 0.31003937,16.937364 -14.562144 0.31003937,
  16.899002 -14.504731 -0.31003937,16.899002 -14.504731 -0.31003937,
  16.937364 -14.562144 0.31003937,16.937364 -14.562144 -0.31003937,
  16.885531 -14.437008 0.31003937,16.899002 -14.504731 0.31003937,
  16.885531 -14.437008 -0.31003937,16.885531 -14.437008 -0.31003937,
  16.899002 -14.504731 0.31003937,16.899002 -14.504731 -0.31003937,
  16.899002 -14.369285 0.31003937,16.885531 -14.437008 0.31003937,
  16.899002 -14.369285 -0.31003937,16.899002 -14.369285 -0.31003937,
  16.885531 -14.437008 0.31003937,16.885531 -14.437008 -0.31003937,
  16.937364 -14.311872 0.31003937,16.899002 -14.369285 0.31003937,
  16.937364 -14.311872 -0.31003937,16.937364 -14.311872 -0.31003937,
  16.899002 -14.369285 0.31003937,16.899002 -14.369285 -0.31003937,
  16.994777 -14.27351 0.31003937,16.937364 -14.311872 0.31003937,
  16.994777 -14.27351 -0.31003937,16.994777 -14.27351 -0.31003937,
  16.937364 -14.311872 0.31003937,16.937364 -14.311872 -0.31003937,
  17.0625 -14.260039 0.31003937,16.994777 -14.27351 0.31003937,
  17.0625 -14.260039 -0.31003937,17.0625 -14.260039 -0.31003937,
  16.994777 -14.27351 0.31003937,16.994777 -14.27351 -0.31003937,
  17.130223 -14.27351 0.31003937,17.0625 -14.260039 0.31003937,
  17.130223 -14.27351 -0.31003937,17.130223 -14.27351 -0.31003937,
  17.0625 -14.260039 0.31003937,17.0625 -14.260039 -0.31003937,
  17.187636 -14.311872 0.31003937,17.130223 -14.27351 0.31003937,
  17.187636 -14.311872 -0.31003937,17.187636 -14.311872 -0.31003937,
  17.130223 -14.27351 0.31003937,17.130223 -14.27351 -0.31003937,
  17.225998 -14.369285 0.31003937,17.187636 -14.311872 0.31003937,
  17.225998 -14.369285 -0.31003937,17.225998 -14.369285 -0.31003937,
  17.187636 -14.311872 0.31003937,17.187636 -14.311872 -0.31003937,
  17.239469 -14.437008 0.31003937,17.225998 -14.369285 0.31003937,
  17.239469 -14.437008 -0.31003937,17.239469 -14.437008 -0.31003937,
  17.225998 -14.369285 0.31003937,17.225998 -14.369285 -0.31003937,
  17.225998 -15.504731 0.31003937,17.239469 -15.437008 0.31003937,
  17.225998 -15.504731 -0.31003937,17.225998 -15.504731 -0.31003937,
  17.239469 -15.437008 0.31003937,17.239469 -15.437008 -0.31003937,
  17.187636 -15.562144 0.31003937,17.225998 -15.504731 0.31003937,
  17.187636 -15.562144 -0.31003937,17.187636 -15.562144 -0.31003937,
  17.225998 -15.504731 0.31003937,17.225998 -15.504731 -0.31003937,
  17.130223 -15.600505 0.31003937,17.187636 -15.562144 0.31003937,
  17.130223 -15.600505 -0.31003937,17.130223 -15.600505 -0.31003937,
  17.187636 -15.562144 0.31003937,17.187636 -15.562144 -0.31003937,
  17.0625 -15.613976 0.31003937,17.130223 -15.600505 0.31003937,
  17.0625 -15.613976 -0.31003937,17.0625 -15.613976 -0.31003937,
  17.130223 -15.600505 0.31003937,17.130223 -15.600505 -0.31003937,
  16.994777 -15.600505 0.31003937,17.0625 -15.613976 0.31003937,
  16.994777 -15.600505 -0.31003937,16.994777 -15.600505 -0.31003937,
  17.0625 -15.613976 0.31003937,17.0625 -15.613976 -0.31003937,
  16.937364 -15.562144 0.31003937,16.994777 -15.600505 0.31003937,
  16.937364 -15.562144 -0.31003937,16.937364 -15.562144 -0.31003937,
  16.994777 -15.600505 0.31003937,16.994777 -15.600505 -0.31003937,
  16.899002 -15.504731 0.31003937,16.937364 -15.562144 0.31003937,
  16.899002 -15.504731 -0.31003937,16.899002 -15.504731 -0.31003937,
  16.937364 -15.562144 0.31003937,16.937364 -15.562144 -0.31003937,
  16.885531 -15.437008 0.31003937,16.899002 -15.504731 0.31003937,
  16.885531 -15.437008 -0.31003937,16.885531 -15.437008 -0.31003937,
  16.899002 -15.504731 0.31003937,16.899002 -15.504731 -0.31003937,
  16.899002 -15.369285 0.31003937,16.885531 -15.437008 0.31003937,
  16.899002 -15.369285 -0.31003937,16.899002 -15.369285 -0.31003937,
  16.885531 -15.437008 0.31003937,16.885531 -15.437008 -0.31003937,
  16.937364 -15.311872 0.31003937,16.899002 -15.369285 0.31003937,
  16.937364 -15.311872 -0.31003937,16.937364 -15.311872 -0.31003937,
  16.899002 -15.369285 0.31003937,16.899002 -15.369285 -0.31003937,
  16.994777 -15.27351 0.31003937,16.937364 -15.311872 0.31003937,
  16.994777 -15.27351 -0.31003937,16.994777 -15.27351 -0.31003937,
  16.937364 -15.311872 0.31003937,16.937364 -15.311872 -0.31003937,
  17.0625 -15.260039 0.31003937,16.994777 -15.27351 0.31003937,
  17.0625 -15.260039 -0.31003937,17.0625 -15.260039 -0.31003937,
  16.994777 -15.27351 0.31003937,16.994777 -15.27351 -0.31003937,
  17.130223 -15.27351 0.31003937,17.0625 -15.260039 0.31003937,
  17.130223 -15.27351 -0.31003937,17.130223 -15.27351 -0.31003937,
  17.0625 -15.260039 0.31003937,17.0625 -15.260039 -0.31003937,
  17.187636 -15.311872 0.31003937,17.130223 -15.27351 0.31003937,
  17.187636 -15.311872 -0.31003937,17.187636 -15.311872 -0.31003937,
  17.130223 -15.27351 0.31003937,17.130223 -15.27351 -0.31003937,
  17.225998 -15.369285 0.31003937,17.187636 -15.311872 0.31003937,
  17.225998 -15.369285 -0.31003937,17.225998 -15.369285 -0.31003937,
  17.187636 -15.311872 0.31003937,17.187636 -15.311872 -0.31003937,
  17.239469 -15.437008 0.31003937,17.225998 -15.369285 0.31003937,
  17.239469 -15.437008 -0.31003937,17.239469 -15.437008 -0.31003937,
  17.225998 -15.369285 0.31003937,17.225998 -15.369285 -0.31003937,
  17.225998 -16.504731 0.31003937,17.239469 -16.437008 0.31003937,
  17.225998 -16.504731 -0.31003937,17.225998 -16.504731 -0.31003937,
  17.239469 -16.437008 0.31003937,17.239469 -16.437008 -0.31003937,
  17.187636 -16.562144 0.31003937,17.225998 -16.504731 0.31003937,
  17.187636 -16.562144 -0.31003937,17.187636 -16.562144 -0.31003937,
  17.225998 -16.504731 0.31003937,17.225998 -16.504731 -0.31003937,
  17.130223 -16.600505 0.31003937,17.187636 -16.562144 0.31003937,
  17.130223 -16.600505 -0.31003937,17.130223 -16.600505 -0.31003937,
  17.187636 -16.562144 0.31003937,17.187636 -16.562144 -0.31003937,
  17.0625 -16.613976 0.31003937,17.130223 -16.600505 0.31003937,
  17.0625 -16.613976 -0.31003937,17.0625 -16.613976 -0.31003937,
  17.130223 -16.600505 0.31003937,17.130223 -16.600505 -0.31003937,
  16.994777 -16.600505 0.31003937,17.0625 -16.613976 0.31003937,
  16.994777 -16.600505 -0.31003937,16.994777 -16.600505 -0.31003937,
  17.0625 -16.613976 0.31003937,17.0625 -16.613976 -0.31003937,
  16.937364 -16.562144 0.31003937,16.994777 -16.600505 0.31003937,
  16.937364 -16.562144 -0.31003937,16.937364 -16.562144 -0.31003937,
  16.994777 -16.600505 0.31003937,16.994777 -16.600505 -0.31003937,
  16.899002 -16.504731 0.31003937,16.937364 -16.562144 0.31003937,
  16.899002 -16.504731 -0.31003937,16.899002 -16.504731 -0.31003937,
  16.937364 -16.562144 0.31003937,16.937364 -16.562144 -0.31003937,
  16.885531 -16.437008 0.31003937,16.899002 -16.504731 0.31003937,
  16.885531 -16.437008 -0.31003937,16.885531 -16.437008 -0.31003937,
  16.899002 -16.504731 0.31003937,16.899002 -16.504731 -0.31003937,
  16.899002 -16.369285 0.31003937,16.885531 -16.437008 0.31003937,
  16.899002 -16.369285 -0.31003937,16.899002 -16.369285 -0.31003937,
  16.885531 -16.437008 0.31003937,16.885531 -16.437008 -0.31003937,
  16.937364 -16.311872 0.31003937,16.899002 -16.369285 0.31003937,
  16.937364 -16.311872 -0.31003937,16.937364 -16.311872 -0.31003937,
  16.899002 -16.369285 0.31003937,16.899002 -16.369285 -0.31003937,
  16.994777 -16.27351 0.31003937,16.937364 -16.311872 0.31003937,
  16.994777 -16.27351 -0.31003937,16.994777 -16.27351 -0.31003937,
  16.937364 -16.311872 0.31003937,16.937364 -16.311872 -0.31003937,
  17.0625 -16.260039 0.31003937,16.994777 -16.27351 0.31003937,
  17.0625 -16.260039 -0.31003937,17.0625 -16.260039 -0.31003937,
  16.994777 -16.27351 0.31003937,16.994777 -16.27351 -0.31003937,
  17.130223 -16.27351 0.31003937,17.0625 -16.260039 0.31003937,
  17.130223 -16.27351 -0.31003937,17.130223 -16.27351 -0.31003937,
  17.0625 -16.260039 0.31003937,17.0625 -16.260039 -0.31003937,
  17.187636 -16.311872 0.31003937,17.130223 -16.27351 0.31003937,
  17.187636 -16.311872 -0.31003937,17.187636 -16.311872 -0.31003937,
  17.130223 -16.27351 0.31003937,17.130223 -16.27351 -0.31003937,
  17.225998 -16.369285 0.31003937,17.187636 -16.311872 0.31003937,
  17.225998 -16.369285 -0.31003937,17.225998 -16.369285 -0.31003937,
  17.187636 -16.311872 0.31003937,17.187636 -16.311872 -0.31003937,
  17.239469 -16.437008 0.31003937,17.225998 -16.369285 0.31003937,
  17.239469 -16.437008 -0.31003937,17.239469 -16.437008 -0.31003937,
  17.225998 -16.369285 0.31003937,17.225998 -16.369285 -0.31003937,
  17.225998 -17.504731 0.31003937,17.239469 -17.437008 0.31003937,
  17.225998 -17.504731 -0.31003937,17.225998 -17.504731 -0.31003937,
  17.239469 -17.437008 0.31003937,17.239469 -17.437008 -0.31003937,
  17.187636 -17.562144 0.31003937,17.225998 -17.504731 0.31003937,
  17.187636 -17.562144 -0.31003937,17.187636 -17.562144 -0.31003937,
  17.225998 -17.504731 0.31003937,17.225998 -17.504731 -0.31003937,
  17.130223 -17.600505 0.31003937,17.187636 -17.562144 0.31003937,
  17.130223 -17.600505 -0.31003937,17.130223 -17.600505 -0.31003937,
  17.187636 -17.562144 0.31003937,17.187636 -17.562144 -0.31003937,
  17.0625 -17.613976 0.31003937,17.130223 -17.600505 0.31003937,
  17.0625 -17.613976 -0.31003937,17.0625 -17.613976 -0.31003937,
  17.130223 -17.600505 0.31003937,17.130223 -17.600505 -0.31003937,
  16.994777 -17.600505 0.31003937,17.0625 -17.613976 0.31003937,
  16.994777 -17.600505 -0.31003937,16.994777 -17.600505 -0.31003937,
  17.0625 -17.613976 0.31003937,17.0625 -17.613976 -0.31003937,
  16.937364 -17.562144 0.31003937,16.994777 -17.600505 0.31003937,
  16.937364 -17.562144 -0.31003937,16.937364 -17.562144 -0.31003937,
  16.994777 -17.600505 0.31003937,16.994777 -17.600505 -0.31003937,
  16.899002 -17.504731 0.31003937,16.937364 -17.562144 0.31003937,
  16.899002 -17.504731 -0.31003937,16.899002 -17.504731 -0.31003937,
  16.937364 -17.562144 0.31003937,16.937364 -17.562144 -0.31003937,
  16.885531 -17.437008 0.31003937,16.899002 -17.504731 0.31003937,
  16.885531 -17.437008 -0.31003937,16.885531 -17.437008 -0.31003937,
  16.899002 -17.504731 0.31003937,16.899002 -17.504731 -0.31003937,
  16.899002 -17.369285 0.31003937,16.885531 -17.437008 0.31003937,
  16.899002 -17.369285 -0.31003937,16.899002 -17.369285 -0.31003937,
  16.885531 -17.437008 0.31003937,16.885531 -17.437008 -0.31003937,
  16.937364 -17.311872 0.31003937,16.899002 -17.369285 0.31003937,
  16.937364 -17.311872 -0.31003937,16.937364 -17.311872 -0.31003937,
  16.899002 -17.369285 0.31003937,16.899002 -17.369285 -0.31003937,
  16.994777 -17.27351 0.31003937,16.937364 -17.311872 0.31003937,
  16.994777 -17.27351 -0.31003937,16.994777 -17.27351 -0.31003937,
  16.937364 -17.311872 0.31003937,16.937364 -17.311872 -0.31003937,
  17.0625 -17.260039 0.31003937,16.994777 -17.27351 0.31003937,
  17.0625 -17.260039 -0.31003937,17.0625 -17.260039 -0.31003937,
  16.994777 -17.27351 0.31003937,16.994777 -17.27351 -0.31003937,
  17.130223 -17.27351 0.31003937,17.0625 -17.260039 0.31003937,
  17.130223 -17.27351 -0.31003937,17.130223 -17.27351 -0.31003937,
  17.0625 -17.260039 0.31003937,17.0625 -17.260039 -0.31003937,
  17.187636 -17.311872 0.31003937,17.130223 -17.27351 0.31003937,
  17.187636 -17.311872 -0.31003937,17.187636 -17.311872 -0.31003937,
  17.130223 -17.27351 0.31003937,17.130223 -17.27351 -0.31003937,
  17.225998 -17.369285 0.31003937,17.187636 -17.311872 0.31003937,
  17.225998 -17.369285 -0.31003937,17.225998 -17.369285 -0.31003937,
  17.187636 -17.311872 0.31003937,17.187636 -17.311872 -0.31003937,
  17.239469 -17.437008 0.31003937,17.225998 -17.369285 0.31003937,
  17.239469 -17.437008 -0.31003937,17.239469 -17.437008 -0.31003937,
  17.225998 -17.369285 0.31003937,17.225998 -17.369285 -0.31003937,
  11.225998 -12.504731 0.31003937,11.239469 -12.437008 0.31003937,
  11.225998 -12.504731 -0.31003937,11.225998 -12.504731 -0.31003937,
  11.239469 -12.437008 0.31003937,11.239469 -12.437008 -0.31003937,
  11.187636 -12.562144 0.31003937,11.225998 -12.504731 0.31003937,
  11.187636 -12.562144 -0.31003937,11.187636 -12.562144 -0.31003937,
  11.225998 -12.504731 0.31003937,11.225998 -12.504731 -0.31003937,
  11.130223 -12.600505 0.31003937,11.187636 -12.562144 0.31003937,
  11.130223 -12.600505 -0.31003937,11.130223 -12.600505 -0.31003937,
  11.187636 -12.562144 0.31003937,11.187636 -12.562144 -0.31003937,
  11.0625 -12.613976 0.31003937,11.130223 -12.600505 0.31003937,
  11.0625 -12.613976 -0.31003937,11.0625 -12.613976 -0.31003937,
  11.130223 -12.600505 0.31003937,11.130223 -12.600505 -0.31003937,
  10.994777 -12.600505 0.31003937,11.0625 -12.613976 0.31003937,
  10.994777 -12.600505 -0.31003937,10.994777 -12.600505 -0.31003937,
  11.0625 -12.613976 0.31003937,11.0625 -12.613976 -0.31003937,
  10.937364 -12.562144 0.31003937,10.994777 -12.600505 0.31003937,
  10.937364 -12.562144 -0.31003937,10.937364 -12.562144 -0.31003937,
  10.994777 -12.600505 0.31003937,10.994777 -12.600505 -0.31003937,
  10.899002 -12.504731 0.31003937,10.937364 -12.562144 0.31003937,
  10.899002 -12.504731 -0.31003937,10.899002 -12.504731 -0.31003937,
  10.937364 -12.562144 0.31003937,10.937364 -12.562144 -0.31003937,
  10.885531 -12.437008 0.31003937,10.899002 -12.504731 0.31003937,
  10.885531 -12.437008 -0.31003937,10.885531 -12.437008 -0.31003937,
  10.899002 -12.504731 0.31003937,10.899002 -12.504731 -0.31003937,
  10.899002 -12.369285 0.31003937,10.885531 -12.437008 0.31003937,
  10.899002 -12.369285 -0.31003937,10.899002 -12.369285 -0.31003937,
  10.885531 -12.437008 0.31003937,10.885531 -12.437008 -0.31003937,
  10.937364 -12.311872 0.31003937,10.899002 -12.369285 0.31003937,
  10.937364 -12.311872 -0.31003937,10.937364 -12.311872 -0.31003937,
  10.899002 -12.369285 0.31003937,10.899002 -12.369285 -0.31003937,
  10.994777 -12.27351 0.31003937,10.937364 -12.311872 0.31003937,
  10.994777 -12.27351 -0.31003937,10.994777 -12.27351 -0.31003937,
  10.937364 -12.311872 0.31003937,10.937364 -12.311872 -0.31003937,
  11.0625 -12.260039 0.31003937,10.994777 -12.27351 0.31003937,
  11.0625 -12.260039 -0.31003937,11.0625 -12.260039 -0.31003937,
  10.994777 -12.27351 0.31003937,10.994777 -12.27351 -0.31003937,
  11.130223 -12.27351 0.31003937,11.0625 -12.260039 0.31003937,
  11.130223 -12.27351 -0.31003937,11.130223 -12.27351 -0.31003937,
  11.0625 -12.260039 0.31003937,11.0625 -12.260039 -0.31003937,
  11.187636 -12.311872 0.31003937,11.130223 -12.27351 0.31003937,
  11.187636 -12.311872 -0.31003937,11.187636 -12.311872 -0.31003937,
  11.130223 -12.27351 0.31003937,11.130223 -12.27351 -0.31003937,
  11.225998 -12.369285 0.31003937,11.187636 -12.311872 0.31003937,
  11.225998 -12.369285 -0.31003937,11.225998 -12.369285 -0.31003937,
  11.187636 -12.311872 0.31003937,11.187636 -12.311872 -0.31003937,
  11.239469 -12.437008 0.31003937,11.225998 -12.369285 0.31003937,
  11.239469 -12.437008 -0.31003937,11.239469 -12.437008 -0.31003937,
  11.225998 -12.369285 0.31003937,11.225998 -12.369285 -0.31003937,
  16.899002 -18.369285 0.31003937,16.885531 -18.437008 0.31003937,
  16.899002 -18.369285 -0.31003937,16.899002 -18.369285 -0.31003937,
  16.885531 -18.437008 0.31003937,16.885531 -18.437008 -0.31003937,
  16.937364 -18.311872 0.31003937,16.899002 -18.369285 0.31003937,
  16.937364 -18.311872 -0.31003937,16.937364 -18.311872 -0.31003937,
  16.899002 -18.369285 0.31003937,16.899002 -18.369285 -0.31003937,
  16.994777 -18.27351 0.31003937,16.937364 -18.311872 0.31003937,
  16.994777 -18.27351 -0.31003937,16.994777 -18.27351 -0.31003937,
  16.937364 -18.311872 0.31003937,16.937364 -18.311872 -0.31003937,
  17.0625 -18.260039 0.31003937,16.994777 -18.27351 0.31003937,
  17.0625 -18.260039 -0.31003937,17.0625 -18.260039 -0.31003937,
  16.994777 -18.27351 0.31003937,16.994777 -18.27351 -0.31003937,
  17.130223 -18.27351 0.31003937,17.0625 -18.260039 0.31003937,
  17.130223 -18.27351 -0.31003937,17.130223 -18.27351 -0.31003937,
  17.0625 -18.260039 0.31003937,17.0625 -18.260039 -0.31003937,
  17.187636 -18.311872 0.31003937,17.130223 -18.27351 0.31003937,
  17.187636 -18.311872 -0.31003937,17.187636 -18.311872 -0.31003937,
  17.130223 -18.27351 0.31003937,17.130223 -18.27351 -0.31003937,
  17.225998 -18.369285 0.31003937,17.187636 -18.311872 0.31003937,
  17.225998 -18.369285 -0.31003937,17.225998 -18.369285 -0.31003937,
  17.187636 -18.311872 0.31003937,17.187636 -18.311872 -0.31003937,
  17.239469 -18.437008 0.31003937,17.225998 -18.369285 0.31003937,
  17.239469 -18.437008 -0.31003937,17.239469 -18.437008 -0.31003937,
  17.225998 -18.369285 0.31003937,17.225998 -18.369285 -0.31003937,
  17.225998 -18.504731 0.31003937,17.239469 -18.437008 0.31003937,
  17.225998 -18.504731 -0.31003937,17.225998 -18.504731 -0.31003937,
  17.239469 -18.437008 0.31003937,17.239469 -18.437008 -0.31003937,
  17.187636 -18.562144 0.31003937,17.225998 -18.504731 0.31003937,
  17.187636 -18.562144 -0.31003937,17.187636 -18.562144 -0.31003937,
  17.225998 -18.504731 0.31003937,17.225998 -18.504731 -0.31003937,
  17.130223 -18.600505 0.31003937,17.187636 -18.562144 0.31003937,
  17.130223 -18.600505 -0.31003937,17.130223 -18.600505 -0.31003937,
  17.187636 -18.562144 0.31003937,17.187636 -18.562144 -0.31003937,
  17.0625 -18.613976 0.31003937,17.130223 -18.600505 0.31003937,
  17.0625 -18.613976 -0.31003937,17.0625 -18.613976 -0.31003937,
  17.130223 -18.600505 0.31003937,17.130223 -18.600505 -0.31003937,
  16.994777 -18.600505 0.31003937,17.0625 -18.613976 0.31003937,
  16.994777 -18.600505 -0.31003937,16.994777 -18.600505 -0.31003937,
  17.0625 -18.613976 0.31003937,17.0625 -18.613976 -0.31003937,
  16.937364 -18.562144 0.31003937,16.994777 -18.600505 0.31003937,
  16.937364 -18.562144 -0.31003937,16.937364 -18.562144 -0.31003937,
  16.994777 -18.600505 0.31003937,16.994777 -18.600505 -0.31003937,
  16.899002 -18.504731 0.31003937,16.937364 -18.562144 0.31003937,
  16.899002 -18.504731 -0.31003937,16.899002 -18.504731 -0.31003937,
  16.937364 -18.562144 0.31003937,16.937364 -18.562144 -0.31003937,
  16.885531 -18.437008 0.31003937,16.899002 -18.504731 0.31003937,
  16.885531 -18.437008 -0.31003937,16.885531 -18.437008 -0.31003937,
  16.899002 -18.504731 0.31003937,16.899002 -18.504731 -0.31003937,
  24.128328 -15.934437 0.31003937,24.102854 -16.0625 0.31003937,
  24.128328 -15.934437 -0.31003937,24.128328 -15.934437 -0.31003937,
  24.102854 -16.0625 0.31003937,24.102854 -16.0625 -0.31003937,
  24.20087 -15.82587 0.31003937,24.128328 -15.934437 0.31003937,
  24.20087 -15.82587 -0.31003937,24.20087 -15.82587 -0.31003937,
  24.128328 -15.934437 0.31003937,24.128328 -15.934437 -0.31003937,
  24.309437 -15.753328 0.31003937,24.20087 -15.82587 0.31003937,
  24.309437 -15.753328 -0.31003937,24.309437 -15.753328 -0.31003937,
  24.20087 -15.82587 0.31003937,24.20087 -15.82587 -0.31003937,
  24.4375 -15.727854 0.31003937,24.309437 -15.753328 0.31003937,
  24.4375 -15.727854 -0.31003937,24.4375 -15.727854 -0.31003937,
  24.309437 -15.753328 0.31003937,24.309437 -15.753328 -0.31003937,
  24.565563 -15.753328 0.31003937,24.4375 -15.727854 0.31003937,
  24.565563 -15.753328 -0.31003937,24.565563 -15.753328 -0.31003937,
  24.4375 -15.727854 0.31003937,24.4375 -15.727854 -0.31003937,
  24.67413 -15.82587 0.31003937,24.565563 -15.753328 0.31003937,
  24.67413 -15.82587 -0.31003937,24.67413 -15.82587 -0.31003937,
  24.565563 -15.753328 0.31003937,24.565563 -15.753328 -0.31003937,
  24.746672 -15.934437 0.31003937,24.67413 -15.82587 0.31003937,
  24.746672 -15.934437 -0.31003937,24.746672 -15.934437 -0.31003937,
  24.67413 -15.82587 0.31003937,24.67413 -15.82587 -0.31003937,
  24.772146 -16.0625 0.31003937,24.746672 -15.934437 0.31003937,
  24.772146 -16.0625 -0.31003937,24.772146 -16.0625 -0.31003937,
  24.746672 -15.934437 0.31003937,24.746672 -15.934437 -0.31003937,
  24.746672 -16.190563 0.31003937,24.772146 -16.0625 0.31003937,
  24.746672 -16.190563 -0.31003937,24.746672 -16.190563 -0.31003937,
  24.772146 -16.0625 0.31003937,24.772146 -16.0625 -0.31003937,
  24.67413 -16.29913 0.31003937,24.746672 -16.190563 0.31003937,
  24.67413 -16.29913 -0.31003937,24.67413 -16.29913 -0.31003937,
  24.746672 -16.190563 0.31003937,24.746672 -16.190563 -0.31003937,
  24.565563 -16.371672 0.31003937,24.67413 -16.29913 0.31003937,
  24.565563 -16.371672 -0.31003937,24.565563 -16.371672 -0.31003937,
  24.67413 -16.29913 0.31003937,24.67413 -16.29913 -0.31003937,
  24.4375 -16.397146 0.31003937,24.565563 -16.371672 0.31003937,
  24.4375 -16.397146 -0.31003937,24.4375 -16.397146 -0.31003937,
  24.565563 -16.371672 0.31003937,24.565563 -16.371672 -0.31003937,
  24.309437 -16.371672 0.31003937,24.4375 -16.397146 0.31003937,
  24.309437 -16.371672 -0.31003937,24.309437 -16.371672 -0.31003937,
  24.4375 -16.397146 0.31003937,24.4375 -16.397146 -0.31003937,
  24.20087 -16.29913 0.31003937,24.309437 -16.371672 0.31003937,
  24.20087 -16.29913 -0.31003937,24.20087 -16.29913 -0.31003937,
  24.309437 -16.371672 0.31003937,24.309437 -16.371672 -0.31003937,
  24.128328 -16.190563 0.31003937,24.20087 -16.29913 0.31003937,
  24.128328 -16.190563 -0.31003937,24.128328 -16.190563 -0.31003937,
  24.20087 -16.29913 0.31003937,24.20087 -16.29913 -0.31003937,
  24.102854 -16.0625 0.31003937,24.128328 -16.190563 0.31003937,
  24.102854 -16.0625 -0.31003937,24.102854 -16.0625 -0.31003937,
  24.128328 -16.190563 0.31003937,24.128328 -16.190563 -0.31003937,
  23.712118 -14.17625 0.31003937,23.734744 -14.0625 0.31003937,
  23.712118 -14.17625 -0.31003937,23.712118 -14.17625 -0.31003937,
  23.734744 -14.0625 0.31003937,23.734744 -14.0625 -0.31003937,
  23.647683 -14.272683 0.31003937,23.712118 -14.17625 0.31003937,
  23.647683 -14.272683 -0.31003937,23.647683 -14.272683 -0.31003937,
  23.712118 -14.17625 0.31003937,23.712118 -14.17625 -0.31003937,
  23.55125 -14.337118 0.31003937,23.647683 -14.272683 0.31003937,
  23.55125 -14.337118 -0.31003937,23.55125 -14.337118 -0.31003937,
  23.647683 -14.272683 0.31003937,23.647683 -14.272683 -0.31003937,
  23.4375 -14.359744 0.31003937,23.55125 -14.337118 0.31003937,
  23.4375 -14.359744 -0.31003937,23.4375 -14.359744 -0.31003937,
  23.55125 -14.337118 0.31003937,23.55125 -14.337118 -0.31003937,
  23.32375 -14.337118 0.31003937,23.4375 -14.359744 0.31003937,
  23.32375 -14.337118 -0.31003937,23.32375 -14.337118 -0.31003937,
  23.4375 -14.359744 0.31003937,23.4375 -14.359744 -0.31003937,
  23.227317 -14.272683 0.31003937,23.32375 -14.337118 0.31003937,
  23.227317 -14.272683 -0.31003937,23.227317 -14.272683 -0.31003937,
  23.32375 -14.337118 0.31003937,23.32375 -14.337118 -0.31003937,
  23.162882 -14.17625 0.31003937,23.227317 -14.272683 0.31003937,
  23.162882 -14.17625 -0.31003937,23.162882 -14.17625 -0.31003937,
  23.227317 -14.272683 0.31003937,23.227317 -14.272683 -0.31003937,
  23.140256 -14.0625 0.31003937,23.162882 -14.17625 0.31003937,
  23.140256 -14.0625 -0.31003937,23.140256 -14.0625 -0.31003937,
  23.162882 -14.17625 0.31003937,23.162882 -14.17625 -0.31003937,
  23.162882 -13.94875 0.31003937,23.140256 -14.0625 0.31003937,
  23.162882 -13.94875 -0.31003937,23.162882 -13.94875 -0.31003937,
  23.140256 -14.0625 0.31003937,23.140256 -14.0625 -0.31003937,
  23.227317 -13.852317 0.31003937,23.162882 -13.94875 0.31003937,
  23.227317 -13.852317 -0.31003937,23.227317 -13.852317 -0.31003937,
  23.162882 -13.94875 0.31003937,23.162882 -13.94875 -0.31003937,
  23.32375 -13.787882 0.31003937,23.227317 -13.852317 0.31003937,
  23.32375 -13.787882 -0.31003937,23.32375 -13.787882 -0.31003937,
  23.227317 -13.852317 0.31003937,23.227317 -13.852317 -0.31003937,
  23.4375 -13.765256 0.31003937,23.32375 -13.787882 0.31003937,
  23.4375 -13.765256 -0.31003937,23.4375 -13.765256 -0.31003937,
  23.32375 -13.787882 0.31003937,23.32375 -13.787882 -0.31003937,
  23.55125 -13.787882 0.31003937,23.4375 -13.765256 0.31003937,
  23.55125 -13.787882 -0.31003937,23.55125 -13.787882 -0.31003937,
  23.4375 -13.765256 0.31003937,23.4375 -13.765256 -0.31003937,
  23.647683 -13.852317 0.31003937,23.55125 -13.787882 0.31003937,
  23.647683 -13.852317 -0.31003937,23.647683 -13.852317 -0.31003937,
  23.55125 -13.787882 0.31003937,23.55125 -13.787882 -0.31003937,
  23.712118 -13.94875 0.31003937,23.647683 -13.852317 0.31003937,
  23.712118 -13.94875 -0.31003937,23.712118 -13.94875 -0.31003937,
  23.647683 -13.852317 0.31003937,23.647683 -13.852317 -0.31003937,
  23.734744 -14.0625 0.31003937,23.712118 -13.94875 0.31003937,
  23.734744 -14.0625 -0.31003937,23.734744 -14.0625 -0.31003937,
  23.712118 -13.94875 0.31003937,23.712118 -13.94875 -0.31003937,
  23.712118 -21.67625 0.31003937,23.734744 -21.5625 0.31003937,
  23.712118 -21.67625 -0.31003937,23.712118 -21.67625 -0.31003937,
  23.734744 -21.5625 0.31003937,23.734744 -21.5625 -0.31003937,
  23.647683 -21.772683 0.31003937,23.712118 -21.67625 0.31003937,
  23.647683 -21.772683 -0.31003937,23.647683 -21.772683 -0.31003937,
  23.712118 -21.67625 0.31003937,23.712118 -21.67625 -0.31003937,
  23.55125 -21.837118 0.31003937,23.647683 -21.772683 0.31003937,
  23.55125 -21.837118 -0.31003937,23.55125 -21.837118 -0.31003937,
  23.647683 -21.772683 0.31003937,23.647683 -21.772683 -0.31003937,
  23.4375 -21.859744 0.31003937,23.55125 -21.837118 0.31003937,
  23.4375 -21.859744 -0.31003937,23.4375 -21.859744 -0.31003937,
  23.55125 -21.837118 0.31003937,23.55125 -21.837118 -0.31003937,
  23.32375 -21.837118 0.31003937,23.4375 -21.859744 0.31003937,
  23.32375 -21.837118 -0.31003937,23.32375 -21.837118 -0.31003937,
  23.4375 -21.859744 0.31003937,23.4375 -21.859744 -0.31003937,
  23.227317 -21.772683 0.31003937,23.32375 -21.837118 0.31003937,
  23.227317 -21.772683 -0.31003937,23.227317 -21.772683 -0.31003937,
  23.32375 -21.837118 0.31003937,23.32375 -21.837118 -0.31003937,
  23.162882 -21.67625 0.31003937,23.227317 -21.772683 0.31003937,
  23.162882 -21.67625 -0.31003937,23.162882 -21.67625 -0.31003937,
  23.227317 -21.772683 0.31003937,23.227317 -21.772683 -0.31003937,
  23.140256 -21.5625 0.31003937,23.162882 -21.67625 0.31003937,
  23.140256 -21.5625 -0.31003937,23.140256 -21.5625 -0.31003937,
  23.162882 -21.67625 0.31003937,23.162882 -21.67625 -0.31003937,
  23.162882 -21.44875 0.31003937,23.140256 -21.5625 0.31003937,
  23.162882 -21.44875 -0.31003937,23.162882 -21.44875 -0.31003937,
  23.140256 -21.5625 0.31003937,23.140256 -21.5625 -0.31003937,
  23.227317 -21.352317 0.31003937,23.162882 -21.44875 0.31003937,
  23.227317 -21.352317 -0.31003937,23.227317 -21.352317 -0.31003937,
  23.162882 -21.44875 0.31003937,23.162882 -21.44875 -0.31003937,
  23.32375 -21.287882 0.31003937,23.227317 -21.352317 0.31003937,
  23.32375 -21.287882 -0.31003937,23.32375 -21.287882 -0.31003937,
  23.227317 -21.352317 0.31003937,23.227317 -21.352317 -0.31003937,
  23.4375 -21.265256 0.31003937,23.32375 -21.287882 0.31003937,
  23.4375 -21.265256 -0.31003937,23.4375 -21.265256 -0.31003937,
  23.32375 -21.287882 0.31003937,23.32375 -21.287882 -0.31003937,
  23.55125 -21.287882 0.31003937,23.4375 -21.265256 0.31003937,
  23.55125 -21.287882 -0.31003937,23.55125 -21.287882 -0.31003937,
  23.4375 -21.265256 0.31003937,23.4375 -21.265256 -0.31003937,
  23.647683 -21.352317 0.31003937,23.55125 -21.287882 0.31003937,
  23.647683 -21.352317 -0.31003937,23.647683 -21.352317 -0.31003937,
  23.55125 -21.287882 0.31003937,23.55125 -21.287882 -0.31003937,
  23.712118 -21.44875 0.31003937,23.647683 -21.352317 0.31003937,
  23.712118 -21.44875 -0.31003937,23.712118 -21.44875 -0.31003937,
  23.647683 -21.352317 0.31003937,23.647683 -21.352317 -0.31003937,
  23.734744 -21.5625 0.31003937,23.712118 -21.44875 0.31003937,
  23.734744 -21.5625 -0.31003937,23.734744 -21.5625 -0.31003937,
  23.712118 -21.44875 0.31003937,23.712118 -21.44875 -0.31003937,
  24.128328 -23.434437 0.31003937,24.102854 -23.5625 0.31003937,
  24.128328 -23.434437 -0.31003937,24.128328 -23.434437 -0.31003937,
  24.102854 -23.5625 0.31003937,24.102854 -23.5625 -0.31003937,
  24.20087 -23.32587 0.31003937,24.128328 -23.434437 0.31003937,
  24.20087 -23.32587 -0.31003937,24.20087 -23.32587 -0.31003937,
  24.128328 -23.434437 0.31003937,24.128328 -23.434437 -0.31003937,
  24.309437 -23.253328 0.31003937,24.20087 -23.32587 0.31003937,
  24.309437 -23.253328 -0.31003937,24.309437 -23.253328 -0.31003937,
  24.20087 -23.32587 0.31003937,24.20087 -23.32587 -0.31003937,
  24.4375 -23.227854 0.31003937,24.309437 -23.253328 0.31003937,
  24.4375 -23.227854 -0.31003937,24.4375 -23.227854 -0.31003937,
  24.309437 -23.253328 0.31003937,24.309437 -23.253328 -0.31003937,
  24.565563 -23.253328 0.31003937,24.4375 -23.227854 0.31003937,
  24.565563 -23.253328 -0.31003937,24.565563 -23.253328 -0.31003937,
  24.4375 -23.227854 0.31003937,24.4375 -23.227854 -0.31003937,
  24.67413 -23.32587 0.31003937,24.565563 -23.253328 0.31003937,
  24.67413 -23.32587 -0.31003937,24.67413 -23.32587 -0.31003937,
  24.565563 -23.253328 0.31003937,24.565563 -23.253328 -0.31003937,
  24.746672 -23.434437 0.31003937,24.67413 -23.32587 0.31003937,
  24.746672 -23.434437 -0.31003937,24.746672 -23.434437 -0.31003937,
  24.67413 -23.32587 0.31003937,24.67413 -23.32587 -0.31003937,
  24.772146 -23.5625 0.31003937,24.746672 -23.434437 0.31003937,
  24.772146 -23.5625 -0.31003937,24.772146 -23.5625 -0.31003937,
  24.746672 -23.434437 0.31003937,24.746672 -23.434437 -0.31003937,
  24.746672 -23.690563 0.31003937,24.772146 -23.5625 0.31003937,
  24.746672 -23.690563 -0.31003937,24.746672 -23.690563 -0.31003937,
  24.772146 -23.5625 0.31003937,24.772146 -23.5625 -0.31003937,
  24.67413 -23.79913 0.31003937,24.746672 -23.690563 0.31003937,
  24.67413 -23.79913 -0.31003937,24.67413 -23.79913 -0.31003937,
  24.746672 -23.690563 0.31003937,24.746672 -23.690563 -0.31003937,
  24.565563 -23.871672 0.31003937,24.67413 -23.79913 0.31003937,
  24.565563 -23.871672 -0.31003937,24.565563 -23.871672 -0.31003937,
  24.67413 -23.79913 0.31003937,24.67413 -23.79913 -0.31003937,
  24.4375 -23.897146 0.31003937,24.565563 -23.871672 0.31003937,
  24.4375 -23.897146 -0.31003937,24.4375 -23.897146 -0.31003937,
  24.565563 -23.871672 0.31003937,24.565563 -23.871672 -0.31003937,
  24.309437 -23.871672 0.31003937,24.4375 -23.897146 0.31003937,
  24.309437 -23.871672 -0.31003937,24.309437 -23.871672 -0.31003937,
  24.4375 -23.897146 0.31003937,24.4375 -23.897146 -0.31003937,
  24.20087 -23.79913 0.31003937,24.309437 -23.871672 0.31003937,
  24.20087 -23.79913 -0.31003937,24.20087 -23.79913 -0.31003937,
  24.309437 -23.871672 0.31003937,24.309437 -23.871672 -0.31003937,
  24.128328 -23.690563 0.31003937,24.20087 -23.79913 0.31003937,
  24.128328 -23.690563 -0.31003937,24.128328 -23.690563 -0.31003937,
  24.20087 -23.79913 0.31003937,24.20087 -23.79913 -0.31003937,
  24.102854 -23.5625 0.31003937,24.128328 -23.690563 0.31003937,
  24.102854 -23.5625 -0.31003937,24.102854 -23.5625 -0.31003937,
  24.128328 -23.690563 0.31003937,24.128328 -23.690563 -0.31003937,
  21.710036 -15.761174 0.31003937,21.650098 -16.0625 0.31003937,
  21.710036 -15.761174 -0.31003937,21.710036 -15.761174 -0.31003937,
  21.650098 -16.0625 0.31003937,21.650098 -16.0625 -0.31003937,
  21.880723 -15.505723 0.31003937,21.710036 -15.761174 0.31003937,
  21.880723 -15.505723 -0.31003937,21.880723 -15.505723 -0.31003937,
  21.710036 -15.761174 0.31003937,21.710036 -15.761174 -0.31003937,
  22.136174 -15.335036 0.31003937,21.880723 -15.505723 0.31003937,
  22.136174 -15.335036 -0.31003937,22.136174 -15.335036 -0.31003937,
  21.880723 -15.505723 0.31003937,21.880723 -15.505723 -0.31003937,
  22.4375 -15.275098 0.31003937,22.136174 -15.335036 0.31003937,
  22.4375 -15.275098 -0.31003937,22.4375 -15.275098 -0.31003937,
  22.136174 -15.335036 0.31003937,22.136174 -15.335036 -0.31003937,
  22.738826 -15.335036 0.31003937,22.4375 -15.275098 0.31003937,
  22.738826 -15.335036 -0.31003937,22.738826 -15.335036 -0.31003937,
  22.4375 -15.275098 0.31003937,22.4375 -15.275098 -0.31003937,
  22.994277 -15.505723 0.31003937,22.738826 -15.335036 0.31003937,
  22.994277 -15.505723 -0.31003937,22.994277 -15.505723 -0.31003937,
  22.738826 -15.335036 0.31003937,22.738826 -15.335036 -0.31003937,
  23.164964 -15.761174 0.31003937,22.994277 -15.505723 0.31003937,
  23.164964 -15.761174 -0.31003937,23.164964 -15.761174 -0.31003937,
  22.994277 -15.505723 0.31003937,22.994277 -15.505723 -0.31003937,
  23.224902 -16.0625 0.31003937,23.164964 -15.761174 0.31003937,
  23.224902 -16.0625 -0.31003937,23.224902 -16.0625 -0.31003937,
  23.164964 -15.761174 0.31003937,23.164964 -15.761174 -0.31003937,
  23.164964 -16.363826 0.31003937,23.224902 -16.0625 0.31003937,
  23.164964 -16.363826 -0.31003937,23.164964 -16.363826 -0.31003937,
  23.224902 -16.0625 0.31003937,23.224902 -16.0625 -0.31003937,
  22.994277 -16.619277 0.31003937,23.164964 -16.363826 0.31003937,
  22.994277 -16.619277 -0.31003937,22.994277 -16.619277 -0.31003937,
  23.164964 -16.363826 0.31003937,23.164964 -16.363826 -0.31003937,
  22.738826 -16.789964 0.31003937,22.994277 -16.619277 0.31003937,
  22.738826 -16.789964 -0.31003937,22.738826 -16.789964 -0.31003937,
  22.994277 -16.619277 0.31003937,22.994277 -16.619277 -0.31003937,
  22.4375 -16.849902 0.31003937,22.738826 -16.789964 0.31003937,
  22.4375 -16.849902 -0.31003937,22.4375 -16.849902 -0.31003937,
  22.738826 -16.789964 0.31003937,22.738826 -16.789964 -0.31003937,
  22.136174 -16.789964 0.31003937,22.4375 -16.849902 0.31003937,
  22.136174 -16.789964 -0.31003937,22.136174 -16.789964 -0.31003937,
  22.4375 -16.849902 0.31003937,22.4375 -16.849902 -0.31003937,
  21.880723 -16.619277 0.31003937,22.136174 -16.789964 0.31003937,
  21.880723 -16.619277 -0.31003937,21.880723 -16.619277 -0.31003937,
  22.136174 -16.789964 0.31003937,22.136174 -16.789964 -0.31003937,
  21.710036 -16.363826 0.31003937,21.880723 -16.619277 0.31003937,
  21.710036 -16.363826 -0.31003937,21.710036 -16.363826 -0.31003937,
  21.880723 -16.619277 0.31003937,21.880723 -16.619277 -0.31003937,
  21.650098 -16.0625 0.31003937,21.710036 -16.363826 0.31003937,
  21.650098 -16.0625 -0.31003937,21.650098 -16.0625 -0.31003937,
  21.710036 -16.363826 0.31003937,21.710036 -16.363826 -0.31003937,
  21.212118 -15.17625 0.31003937,21.234744 -15.0625 0.31003937,
  21.212118 -15.17625 -0.31003937,21.212118 -15.17625 -0.31003937,
  21.234744 -15.0625 0.31003937,21.234744 -15.0625 -0.31003937,
  21.147683 -15.272683 0.31003937,21.212118 -15.17625 0.31003937,
  21.147683 -15.272683 -0.31003937,21.147683 -15.272683 -0.31003937,
  21.212118 -15.17625 0.31003937,21.212118 -15.17625 -0.31003937,
  21.05125 -15.337118 0.31003937,21.147683 -15.272683 0.31003937,
  21.05125 -15.337118 -0.31003937,21.05125 -15.337118 -0.31003937,
  21.147683 -15.272683 0.31003937,21.147683 -15.272683 -0.31003937,
  20.9375 -15.359744 0.31003937,21.05125 -15.337118 0.31003937,
  20.9375 -15.359744 -0.31003937,20.9375 -15.359744 -0.31003937,
  21.05125 -15.337118 0.31003937,21.05125 -15.337118 -0.31003937,
  20.82375 -15.337118 0.31003937,20.9375 -15.359744 0.31003937,
  20.82375 -15.337118 -0.31003937,20.82375 -15.337118 -0.31003937,
  20.9375 -15.359744 0.31003937,20.9375 -15.359744 -0.31003937,
  20.727317 -15.272683 0.31003937,20.82375 -15.337118 0.31003937,
  20.727317 -15.272683 -0.31003937,20.727317 -15.272683 -0.31003937,
  20.82375 -15.337118 0.31003937,20.82375 -15.337118 -0.31003937,
  20.662882 -15.17625 0.31003937,20.727317 -15.272683 0.31003937,
  20.662882 -15.17625 -0.31003937,20.662882 -15.17625 -0.31003937,
  20.727317 -15.272683 0.31003937,20.727317 -15.272683 -0.31003937,
  20.640256 -15.0625 0.31003937,20.662882 -15.17625 0.31003937,
  20.640256 -15.0625 -0.31003937,20.640256 -15.0625 -0.31003937,
  20.662882 -15.17625 0.31003937,20.662882 -15.17625 -0.31003937,
  20.662882 -14.94875 0.31003937,20.640256 -15.0625 0.31003937,
  20.662882 -14.94875 -0.31003937,20.662882 -14.94875 -0.31003937,
  20.640256 -15.0625 0.31003937,20.640256 -15.0625 -0.31003937,
  20.727317 -14.852317 0.31003937,20.662882 -14.94875 0.31003937,
  20.727317 -14.852317 -0.31003937,20.727317 -14.852317 -0.31003937,
  20.662882 -14.94875 0.31003937,20.662882 -14.94875 -0.31003937,
  20.82375 -14.787882 0.31003937,20.727317 -14.852317 0.31003937,
  20.82375 -14.787882 -0.31003937,20.82375 -14.787882 -0.31003937,
  20.727317 -14.852317 0.31003937,20.727317 -14.852317 -0.31003937,
  20.9375 -14.765256 0.31003937,20.82375 -14.787882 0.31003937,
  20.9375 -14.765256 -0.31003937,20.9375 -14.765256 -0.31003937,
  20.82375 -14.787882 0.31003937,20.82375 -14.787882 -0.31003937,
  21.05125 -14.787882 0.31003937,20.9375 -14.765256 0.31003937,
  21.05125 -14.787882 -0.31003937,21.05125 -14.787882 -0.31003937,
  20.9375 -14.765256 0.31003937,20.9375 -14.765256 -0.31003937,
  21.147683 -14.852317 0.31003937,21.05125 -14.787882 0.31003937,
  21.147683 -14.852317 -0.31003937,21.147683 -14.852317 -0.31003937,
  21.05125 -14.787882 0.31003937,21.05125 -14.787882 -0.31003937,
  21.212118 -14.94875 0.31003937,21.147683 -14.852317 0.31003937,
  21.212118 -14.94875 -0.31003937,21.212118 -14.94875 -0.31003937,
  21.147683 -14.852317 0.31003937,21.147683 -14.852317 -0.31003937,
  21.234744 -15.0625 0.31003937,21.212118 -14.94875 0.31003937,
  21.234744 -15.0625 -0.31003937,21.234744 -15.0625 -0.31003937,
  21.212118 -14.94875 0.31003937,21.212118 -14.94875 -0.31003937,
  20.4375 -16.397146 0.31003937,20.565563 -16.371672 0.31003937,
  20.4375 -16.397146 -0.31003937,20.4375 -16.397146 -0.31003937,
  20.565563 -16.371672 0.31003937,20.565563 -16.371672 -0.31003937,
  20.309437 -16.371672 0.31003937,20.4375 -16.397146 0.31003937,
  20.309437 -16.371672 -0.31003937,20.309437 -16.371672 -0.31003937,
  20.4375 -16.397146 0.31003937,20.4375 -16.397146 -0.31003937,
  20.20087 -16.29913 0.31003937,20.309437 -16.371672 0.31003937,
  20.20087 -16.29913 -0.31003937,20.20087 -16.29913 -0.31003937,
  20.309437 -16.371672 0.31003937,20.309437 -16.371672 -0.31003937,
  20.128328 -16.190563 0.31003937,20.20087 -16.29913 0.31003937,
  20.128328 -16.190563 -0.31003937,20.128328 -16.190563 -0.31003937,
  20.20087 -16.29913 0.31003937,20.20087 -16.29913 -0.31003937,
  20.102854 -16.0625 0.31003937,20.128328 -16.190563 0.31003937,
  20.102854 -16.0625 -0.31003937,20.102854 -16.0625 -0.31003937,
  20.128328 -16.190563 0.31003937,20.128328 -16.190563 -0.31003937,
  20.128328 -15.934437 0.31003937,20.102854 -16.0625 0.31003937,
  20.128328 -15.934437 -0.31003937,20.128328 -15.934437 -0.31003937,
  20.102854 -16.0625 0.31003937,20.102854 -16.0625 -0.31003937,
  20.20087 -15.82587 0.31003937,20.128328 -15.934437 0.31003937,
  20.20087 -15.82587 -0.31003937,20.20087 -15.82587 -0.31003937,
  20.128328 -15.934437 0.31003937,20.128328 -15.934437 -0.31003937,
  20.309437 -15.753328 0.31003937,20.20087 -15.82587 0.31003937,
  20.309437 -15.753328 -0.31003937,20.309437 -15.753328 -0.31003937,
  20.20087 -15.82587 0.31003937,20.20087 -15.82587 -0.31003937,
  20.4375 -15.727854 0.31003937,20.309437 -15.753328 0.31003937,
  20.4375 -15.727854 -0.31003937,20.4375 -15.727854 -0.31003937,
  20.309437 -15.753328 0.31003937,20.309437 -15.753328 -0.31003937,
  20.565563 -15.753328 0.31003937,20.4375 -15.727854 0.31003937,
  20.565563 -15.753328 -0.31003937,20.565563 -15.753328 -0.31003937,
  20.4375 -15.727854 0.31003937,20.4375 -15.727854 -0.31003937,
  20.67413 -15.82587 0.31003937,20.565563 -15.753328 0.31003937,
  20.67413 -15.82587 -0.31003937,20.67413 -15.82587 -0.31003937,
  20.565563 -15.753328 0.31003937,20.565563 -15.753328 -0.31003937,
  20.746672 -15.934437 0.31003937,20.67413 -15.82587 0.31003937,
  20.746672 -15.934437 -0.31003937,20.746672 -15.934437 -0.31003937,
  20.67413 -15.82587 0.31003937,20.67413 -15.82587 -0.31003937,
  20.772146 -16.0625 0.31003937,20.746672 -15.934437 0.31003937,
  20.772146 -16.0625 -0.31003937,20.772146 -16.0625 -0.31003937,
  20.746672 -15.934437 0.31003937,20.746672 -15.934437 -0.31003937,
  20.746672 -16.190563 0.31003937,20.772146 -16.0625 0.31003937,
  20.746672 -16.190563 -0.31003937,20.746672 -16.190563 -0.31003937,
  20.772146 -16.0625 0.31003937,20.772146 -16.0625 -0.31003937,
  20.67413 -16.29913 0.31003937,20.746672 -16.190563 0.31003937,
  20.67413 -16.29913 -0.31003937,20.67413 -16.29913 -0.31003937,
  20.746672 -16.190563 0.31003937,20.746672 -16.190563 -0.31003937,
  20.565563 -16.371672 0.31003937,20.67413 -16.29913 0.31003937,
  20.565563 -16.371672 -0.31003937,20.565563 -16.371672 -0.31003937,
  20.67413 -16.29913 0.31003937,20.67413 -16.29913 -0.31003937,
  20.662882 -22.44875 0.31003937,20.640256 -22.5625 0.31003937,
  20.662882 -22.44875 -0.31003937,20.662882 -22.44875 -0.31003937,
  20.640256 -22.5625 0.31003937,20.640256 -22.5625 -0.31003937,
  20.727317 -22.352317 0.31003937,20.662882 -22.44875 0.31003937,
  20.727317 -22.352317 -0.31003937,20.727317 -22.352317 -0.31003937,
  20.662882 -22.44875 0.31003937,20.662882 -22.44875 -0.31003937,
  20.82375 -22.287882 0.31003937,20.727317 -22.352317 0.31003937,
  20.82375 -22.287882 -0.31003937,20.82375 -22.287882 -0.31003937,
  20.727317 -22.352317 0.31003937,20.727317 -22.352317 -0.31003937,
  20.9375 -22.265256 0.31003937,20.82375 -22.287882 0.31003937,
  20.9375 -22.265256 -0.31003937,20.9375 -22.265256 -0.31003937,
  20.82375 -22.287882 0.31003937,20.82375 -22.287882 -0.31003937,
  21.05125 -22.287882 0.31003937,20.9375 -22.265256 0.31003937,
  21.05125 -22.287882 -0.31003937,21.05125 -22.287882 -0.31003937,
  20.9375 -22.265256 0.31003937,20.9375 -22.265256 -0.31003937,
  21.147683 -22.352317 0.31003937,21.05125 -22.287882 0.31003937,
  21.147683 -22.352317 -0.31003937,21.147683 -22.352317 -0.31003937,
  21.05125 -22.287882 0.31003937,21.05125 -22.287882 -0.31003937,
  21.212118 -22.44875 0.31003937,21.147683 -22.352317 0.31003937,
  21.212118 -22.44875 -0.31003937,21.212118 -22.44875 -0.31003937,
  21.147683 -22.352317 0.31003937,21.147683 -22.352317 -0.31003937,
  21.234744 -22.5625 0.31003937,21.212118 -22.44875 0.31003937,
  21.234744 -22.5625 -0.31003937,21.234744 -22.5625 -0.31003937,
  21.212118 -22.44875 0.31003937,21.212118 -22.44875 -0.31003937,
  21.212118 -22.67625 0.31003937,21.234744 -22.5625 0.31003937,
  21.212118 -22.67625 -0.31003937,21.212118 -22.67625 -0.31003937,
  21.234744 -22.5625 0.31003937,21.234744 -22.5625 -0.31003937,
  21.147683 -22.772683 0.31003937,21.212118 -22.67625 0.31003937,
  21.147683 -22.772683 -0.31003937,21.147683 -22.772683 -0.31003937,
  21.212118 -22.67625 0.31003937,21.212118 -22.67625 -0.31003937,
  21.05125 -22.837118 0.31003937,21.147683 -22.772683 0.31003937,
  21.05125 -22.837118 -0.31003937,21.05125 -22.837118 -0.31003937,
  21.147683 -22.772683 0.31003937,21.147683 -22.772683 -0.31003937,
  20.9375 -22.859744 0.31003937,21.05125 -22.837118 0.31003937,
  20.9375 -22.859744 -0.31003937,20.9375 -22.859744 -0.31003937,
  21.05125 -22.837118 0.31003937,21.05125 -22.837118 -0.31003937,
  20.82375 -22.837118 0.31003937,20.9375 -22.859744 0.31003937,
  20.82375 -22.837118 -0.31003937,20.82375 -22.837118 -0.31003937,
  20.9375 -22.859744 0.31003937,20.9375 -22.859744 -0.31003937,
  20.727317 -22.772683 0.31003937,20.82375 -22.837118 0.31003937,
  20.727317 -22.772683 -0.31003937,20.727317 -22.772683 -0.31003937,
  20.82375 -22.837118 0.31003937,20.82375 -22.837118 -0.31003937,
  20.662882 -22.67625 0.31003937,20.727317 -22.772683 0.31003937,
  20.662882 -22.67625 -0.31003937,20.662882 -22.67625 -0.31003937,
  20.727317 -22.772683 0.31003937,20.727317 -22.772683 -0.31003937,
  20.640256 -22.5625 0.31003937,20.662882 -22.67625 0.31003937,
  20.640256 -22.5625 -0.31003937,20.640256 -22.5625 -0.31003937,
  20.662882 -22.67625 0.31003937,20.662882 -22.67625 -0.31003937,
  21.710036 -23.261174 0.31003937,21.650098 -23.5625 0.31003937,
  21.710036 -23.261174 -0.31003937,21.710036 -23.261174 -0.31003937,
  21.650098 -23.5625 0.31003937,21.650098 -23.5625 -0.31003937,
  21.880723 -23.005723 0.31003937,21.710036 -23.261174 0.31003937,
  21.880723 -23.005723 -0.31003937,21.880723 -23.005723 -0.31003937,
  21.710036 -23.261174 0.31003937,21.710036 -23.261174 -0.31003937,
  22.136174 -22.835036 0.31003937,21.880723 -23.005723 0.31003937,
  22.136174 -22.835036 -0.31003937,22.136174 -22.835036 -0.31003937,
  21.880723 -23.005723 0.31003937,21.880723 -23.005723 -0.31003937,
  22.4375 -22.775098 0.31003937,22.136174 -22.835036 0.31003937,
  22.4375 -22.775098 -0.31003937,22.4375 -22.775098 -0.31003937,
  22.136174 -22.835036 0.31003937,22.136174 -22.835036 -0.31003937,
  22.738826 -22.835036 0.31003937,22.4375 -22.775098 0.31003937,
  22.738826 -22.835036 -0.31003937,22.738826 -22.835036 -0.31003937,
  22.4375 -22.775098 0.31003937,22.4375 -22.775098 -0.31003937,
  22.994277 -23.005723 0.31003937,22.738826 -22.835036 0.31003937,
  22.994277 -23.005723 -0.31003937,22.994277 -23.005723 -0.31003937,
  22.738826 -22.835036 0.31003937,22.738826 -22.835036 -0.31003937,
  23.164964 -23.261174 0.31003937,22.994277 -23.005723 0.31003937,
  23.164964 -23.261174 -0.31003937,23.164964 -23.261174 -0.31003937,
  22.994277 -23.005723 0.31003937,22.994277 -23.005723 -0.31003937,
  23.224902 -23.5625 0.31003937,23.164964 -23.261174 0.31003937,
  23.224902 -23.5625 -0.31003937,23.224902 -23.5625 -0.31003937,
  23.164964 -23.261174 0.31003937,23.164964 -23.261174 -0.31003937,
  23.164964 -23.863826 0.31003937,23.224902 -23.5625 0.31003937,
  23.164964 -23.863826 -0.31003937,23.164964 -23.863826 -0.31003937,
  23.224902 -23.5625 0.31003937,23.224902 -23.5625 -0.31003937,
  22.994277 -24.119277 0.31003937,23.164964 -23.863826 0.31003937,
  22.994277 -24.119277 -0.31003937,22.994277 -24.119277 -0.31003937,
  23.164964 -23.863826 0.31003937,23.164964 -23.863826 -0.31003937,
  22.738826 -24.289964 0.31003937,22.994277 -24.119277 0.31003937,
  22.738826 -24.289964 -0.31003937,22.738826 -24.289964 -0.31003937,
  22.994277 -24.119277 0.31003937,22.994277 -24.119277 -0.31003937,
  22.4375 -24.349902 0.31003937,22.738826 -24.289964 0.31003937,
  22.4375 -24.349902 -0.31003937,22.4375 -24.349902 -0.31003937,
  22.738826 -24.289964 0.31003937,22.738826 -24.289964 -0.31003937,
  22.136174 -24.289964 0.31003937,22.4375 -24.349902 0.31003937,
  22.136174 -24.289964 -0.31003937,22.136174 -24.289964 -0.31003937,
  22.4375 -24.349902 0.31003937,22.4375 -24.349902 -0.31003937,
  21.880723 -24.119277 0.31003937,22.136174 -24.289964 0.31003937,
  21.880723 -24.119277 -0.31003937,21.880723 -24.119277 -0.31003937,
  22.136174 -24.289964 0.31003937,22.136174 -24.289964 -0.31003937,
  21.710036 -23.863826 0.31003937,21.880723 -24.119277 0.31003937,
  21.710036 -23.863826 -0.31003937,21.710036 -23.863826 -0.31003937,
  21.880723 -24.119277 0.31003937,21.880723 -24.119277 -0.31003937,
  21.650098 -23.5625 0.31003937,21.710036 -23.863826 0.31003937,
  21.650098 -23.5625 -0.31003937,21.650098 -23.5625 -0.31003937,
  21.710036 -23.863826 0.31003937,21.710036 -23.863826 -0.31003937,
  17.225998 -12.504731 0.31003937,17.239469 -12.437008 0.31003937,
  17.225998 -12.504731 -0.31003937,17.225998 -12.504731 -0.31003937,
  17.239469 -12.437008 0.31003937,17.239469 -12.437008 -0.31003937,
  17.187636 -12.562144 0.31003937,17.225998 -12.504731 0.31003937,
  17.187636 -12.562144 -0.31003937,17.187636 -12.562144 -0.31003937,
  17.225998 -12.504731 0.31003937,17.225998 -12.504731 -0.31003937,
  17.130223 -12.600505 0.31003937,17.187636 -12.562144 0.31003937,
  17.130223 -12.600505 -0.31003937,17.130223 -12.600505 -0.31003937,
  17.187636 -12.562144 0.31003937,17.187636 -12.562144 -0.31003937,
  17.0625 -12.613976 0.31003937,17.130223 -12.600505 0.31003937,
  17.0625 -12.613976 -0.31003937,17.0625 -12.613976 -0.31003937,
  17.130223 -12.600505 0.31003937,17.130223 -12.600505 -0.31003937,
  16.994777 -12.600505 0.31003937,17.0625 -12.613976 0.31003937,
  16.994777 -12.600505 -0.31003937,16.994777 -12.600505 -0.31003937,
  17.0625 -12.613976 0.31003937,17.0625 -12.613976 -0.31003937,
  16.937364 -12.562144 0.31003937,16.994777 -12.600505 0.31003937,
  16.937364 -12.562144 -0.31003937,16.937364 -12.562144 -0.31003937,
  16.994777 -12.600505 0.31003937,16.994777 -12.600505 -0.31003937,
  16.899002 -12.504731 0.31003937,16.937364 -12.562144 0.31003937,
  16.899002 -12.504731 -0.31003937,16.899002 -12.504731 -0.31003937,
  16.937364 -12.562144 0.31003937,16.937364 -12.562144 -0.31003937,
  16.885531 -12.437008 0.31003937,16.899002 -12.504731 0.31003937,
  16.885531 -12.437008 -0.31003937,16.885531 -12.437008 -0.31003937,
  16.899002 -12.504731 0.31003937,16.899002 -12.504731 -0.31003937,
  16.899002 -12.369285 0.31003937,16.885531 -12.437008 0.31003937,
  16.899002 -12.369285 -0.31003937,16.899002 -12.369285 -0.31003937,
  16.885531 -12.437008 0.31003937,16.885531 -12.437008 -0.31003937,
  16.937364 -12.311872 0.31003937,16.899002 -12.369285 0.31003937,
  16.937364 -12.311872 -0.31003937,16.937364 -12.311872 -0.31003937,
  16.899002 -12.369285 0.31003937,16.899002 -12.369285 -0.31003937,
  16.994777 -12.27351 0.31003937,16.937364 -12.311872 0.31003937,
  16.994777 -12.27351 -0.31003937,16.994777 -12.27351 -0.31003937,
  16.937364 -12.311872 0.31003937,16.937364 -12.311872 -0.31003937,
  17.0625 -12.260039 0.31003937,16.994777 -12.27351 0.31003937,
  17.0625 -12.260039 -0.31003937,17.0625 -12.260039 -0.31003937,
  16.994777 -12.27351 0.31003937,16.994777 -12.27351 -0.31003937,
  17.130223 -12.27351 0.31003937,17.0625 -12.260039 0.31003937,
  17.130223 -12.27351 -0.31003937,17.130223 -12.27351 -0.31003937,
  17.0625 -12.260039 0.31003937,17.0625 -12.260039 -0.31003937,
  17.187636 -12.311872 0.31003937,17.130223 -12.27351 0.31003937,
  17.187636 -12.311872 -0.31003937,17.187636 -12.311872 -0.31003937,
  17.130223 -12.27351 0.31003937,17.130223 -12.27351 -0.31003937,
  17.225998 -12.369285 0.31003937,17.187636 -12.311872 0.31003937,
  17.225998 -12.369285 -0.31003937,17.225998 -12.369285 -0.31003937,
  17.187636 -12.311872 0.31003937,17.187636 -12.311872 -0.31003937,
  17.239469 -12.437008 0.31003937,17.225998 -12.369285 0.31003937,
  17.239469 -12.437008 -0.31003937,17.239469 -12.437008 -0.31003937,
  17.225998 -12.369285 0.31003937,17.225998 -12.369285 -0.31003937,
  20.128328 -23.434437 0.31003937,20.102854 -23.5625 0.31003937,
  20.128328 -23.434437 -0.31003937,20.128328 -23.434437 -0.31003937,
  20.102854 -23.5625 0.31003937,20.102854 -23.5625 -0.31003937,
  20.20087 -23.32587 0.31003937,20.128328 -23.434437 0.31003937,
  20.20087 -23.32587 -0.31003937,20.20087 -23.32587 -0.31003937,
  20.128328 -23.434437 0.31003937,20.128328 -23.434437 -0.31003937,
  20.309437 -23.253328 0.31003937,20.20087 -23.32587 0.31003937,
  20.309437 -23.253328 -0.31003937,20.309437 -23.253328 -0.31003937,
  20.20087 -23.32587 0.31003937,20.20087 -23.32587 -0.31003937,
  20.4375 -23.227854 0.31003937,20.309437 -23.253328 0.31003937,
  20.4375 -23.227854 -0.31003937,20.4375 -23.227854 -0.31003937,
  20.309437 -23.253328 0.31003937,20.309437 -23.253328 -0.31003937,
  20.565563 -23.253328 0.31003937,20.4375 -23.227854 0.31003937,
  20.565563 -23.253328 -0.31003937,20.565563 -23.253328 -0.31003937,
  20.4375 -23.227854 0.31003937,20.4375 -23.227854 -0.31003937,
  20.67413 -23.32587 0.31003937,20.565563 -23.253328 0.31003937,
  20.67413 -23.32587 -0.31003937,20.67413 -23.32587 -0.31003937,
  20.565563 -23.253328 0.31003937,20.565563 -23.253328 -0.31003937,
  20.746672 -23.434437 0.31003937,20.67413 -23.32587 0.31003937,
  20.746672 -23.434437 -0.31003937,20.746672 -23.434437 -0.31003937,
  20.67413 -23.32587 0.31003937,20.67413 -23.32587 -0.31003937,
  20.772146 -23.5625 0.31003937,20.746672 -23.434437 0.31003937,
  20.772146 -23.5625 -0.31003937,20.772146 -23.5625 -0.31003937,
  20.746672 -23.434437 0.31003937,20.746672 -23.434437 -0.31003937,
  20.746672 -23.690563 0.31003937,20.772146 -23.5625 0.31003937,
  20.746672 -23.690563 -0.31003937,20.746672 -23.690563 -0.31003937,
  20.772146 -23.5625 0.31003937,20.772146 -23.5625 -0.31003937,
  20.67413 -23.79913 0.31003937,20.746672 -23.690563 0.31003937,
  20.67413 -23.79913 -0.31003937,20.67413 -23.79913 -0.31003937,
  20.746672 -23.690563 0.31003937,20.746672 -23.690563 -0.31003937,
  20.565563 -23.871672 0.31003937,20.67413 -23.79913 0.31003937,
  20.565563 -23.871672 -0.31003937,20.565563 -23.871672 -0.31003937,
  20.67413 -23.79913 0.31003937,20.67413 -23.79913 -0.31003937,
  20.4375 -23.897146 0.31003937,20.565563 -23.871672 0.31003937,
  20.4375 -23.897146 -0.31003937,20.4375 -23.897146 -0.31003937,
  20.565563 -23.871672 0.31003937,20.565563 -23.871672 -0.31003937,
  20.309437 -23.871672 0.31003937,20.4375 -23.897146 0.31003937,
  20.309437 -23.871672 -0.31003937,20.309437 -23.871672 -0.31003937,
  20.4375 -23.897146 0.31003937,20.4375 -23.897146 -0.31003937,
  20.20087 -23.79913 0.31003937,20.309437 -23.871672 0.31003937,
  20.20087 -23.79913 -0.31003937,20.20087 -23.79913 -0.31003937,
  20.309437 -23.871672 0.31003937,20.309437 -23.871672 -0.31003937,
  20.128328 -23.690563 0.31003937,20.20087 -23.79913 0.31003937,
  20.128328 -23.690563 -0.31003937,20.128328 -23.690563 -0.31003937,
  20.20087 -23.79913 0.31003937,20.20087 -23.79913 -0.31003937,
  20.102854 -23.5625 0.31003937,20.128328 -23.690563 0.31003937,
  20.102854 -23.5625 -0.31003937,20.102854 -23.5625 -0.31003937,
  20.128328 -23.690563 0.31003937,20.128328 -23.690563 -0.31003937] }
 coordIndex [
  0,1,2,-1,3,4,5,-1,6,7,8,-1,9,10,11,-1,12,13,14,-1,15,16,17,-1,18,19,20,-1,21,22,23,-1,
  24,25,26,-1,27,28,29,-1,30,31,32,-1,33,34,35,-1,36,37,38,-1,39,40,41,-1,42,43,44,-1,45,46,47,-1,
  48,49,50,-1,51,52,53,-1,54,55,56,-1,57,58,59,-1,60,61,62,-1,63,64,65,-1,66,67,68,-1,69,70,71,-1,
  72,73,74,-1,75,76,77,-1,78,79,80,-1,81,82,83,-1,84,85,86,-1,87,88,89,-1,90,91,92,-1,93,94,95,-1,
  96,97,98,-1,99,100,101,-1,102,103,104,-1,105,106,107,-1,108,109,110,-1,111,112,113,-1,114,115,116,-1,117,118,119,-1,
  120,121,122,-1,123,124,125,-1,126,127,128,-1,129,130,131,-1,132,133,134,-1,135,136,137,-1,138,139,140,-1,141,142,143,-1,
  144,145,146,-1,147,148,149,-1,150,151,152,-1,153,154,155,-1,156,157,158,-1,159,160,161,-1,162,163,164,-1,165,166,167,-1,
  168,169,170,-1,171,172,173,-1,174,175,176,-1,177,178,179,-1,180,181,182,-1,183,184,185,-1,186,187,188,-1,189,190,191,-1,
  192,193,194,-1,195,196,197,-1,198,199,200,-1,201,202,203,-1,204,205,206,-1,207,208,209,-1,210,211,212,-1,213,214,215,-1,
  216,217,218,-1,219,220,221,-1,222,223,224,-1,225,226,227,-1,228,229,230,-1,231,232,233,-1,234,235,236,-1,237,238,239,-1,
  240,241,242,-1,243,244,245,-1,246,247,248,-1,249,250,251,-1,252,253,254,-1,255,256,257,-1,258,259,260,-1,261,262,263,-1,
  264,265,266,-1,267,268,269,-1,270,271,272,-1,273,274,275,-1,276,277,278,-1,279,280,281,-1,282,283,284,-1,285,286,287,-1,
  288,289,290,-1,291,292,293,-1,294,295,296,-1,297,298,299,-1,300,301,302,-1,303,304,305,-1,306,307,308,-1,309,310,311,-1,
  312,313,314,-1,315,316,317,-1,318,319,320,-1,321,322,323,-1,324,325,326,-1,327,328,329,-1,330,331,332,-1,333,334,335,-1,
  336,337,338,-1,339,340,341,-1,342,343,344,-1,345,346,347,-1,348,349,350,-1,351,352,353,-1,354,355,356,-1,357,358,359,-1,
  360,361,362,-1,363,364,365,-1,366,367,368,-1,369,370,371,-1,372,373,374,-1,375,376,377,-1,378,379,380,-1,381,382,383,-1,
  384,385,386,-1,387,388,389,-1,390,391,392,-1,393,394,395,-1,396,397,398,-1,399,400,401,-1,402,403,404,-1,405,406,407,-1,
  408,409,410,-1,411,412,413,-1,414,415,416,-1,417,418,419,-1,420,421,422,-1,423,424,425,-1,426,427,428,-1,429,430,431,-1,
  432,433,434,-1,435,436,437,-1,438,439,440,-1,441,442,443,-1,444,445,446,-1,447,448,449,-1,450,451,452,-1,453,454,455,-1,
  456,457,458,-1,459,460,461,-1,462,463,464,-1,465,466,467,-1,468,469,470,-1,471,472,473,-1,474,475,476,-1,477,478,479,-1,
  480,481,482,-1,483,484,485,-1,486,487,488,-1,489,490,491,-1,492,493,494,-1,495,496,497,-1,498,499,500,-1,501,502,503,-1,
  504,505,506,-1,507,508,509,-1,510,511,512,-1,513,514,515,-1,516,517,518,-1,519,520,521,-1,522,523,524,-1,525,526,527,-1,
  528,529,530,-1,531,532,533,-1,534,535,536,-1,537,538,539,-1,540,541,542,-1,543,544,545,-1,546,547,548,-1,549,550,551,-1,
  552,553,554,-1,555,556,557,-1,558,559,560,-1,561,562,563,-1,564,565,566,-1,567,568,569,-1,570,571,572,-1,573,574,575,-1,
  576,577,578,-1,579,580,581,-1,582,583,584,-1,585,586,587,-1,588,589,590,-1,591,592,593,-1,594,595,596,-1,597,598,599,-1,
  600,601,602,-1,603,604,605,-1,606,607,608,-1,609,610,611,-1,612,613,614,-1,615,616,617,-1,618,619,620,-1,621,622,623,-1,
  624,625,626,-1,627,628,629,-1,630,631,632,-1,633,634,635,-1,636,637,638,-1,639,640,641,-1,642,643,644,-1,645,646,647,-1,
  648,649,650,-1,651,652,653,-1,654,655,656,-1,657,658,659,-1,660,661,662,-1,663,664,665,-1,666,667,668,-1,669,670,671,-1,
  672,673,674,-1,675,676,677,-1,678,679,680,-1,681,682,683,-1,684,685,686,-1,687,688,689,-1,690,691,692,-1,693,694,695,-1,
  696,697,698,-1,699,700,701,-1,702,703,704,-1,705,706,707,-1,708,709,710,-1,711,712,713,-1,714,715,716,-1,717,718,719,-1,
  720,721,722,-1,723,724,725,-1,726,727,728,-1,729,730,731,-1,732,733,734,-1,735,736,737,-1,738,739,740,-1,741,742,743,-1,
  744,745,746,-1,747,748,749,-1,750,751,752,-1,753,754,755,-1,756,757,758,-1,759,760,761,-1,762,763,764,-1,765,766,767,-1,
  768,769,770,-1,771,772,773,-1,774,775,776,-1,777,778,779,-1,780,781,782,-1,783,784,785,-1,786,787,788,-1,789,790,791,-1,
  792,793,794,-1,795,796,797,-1,798,799,800,-1,801,802,803,-1,804,805,806,-1,807,808,809,-1,810,811,812,-1,813,814,815,-1,
  816,817,818,-1,819,820,821,-1,822,823,824,-1,825,826,827,-1,828,829,830,-1,831,832,833,-1,834,835,836,-1,837,838,839,-1,
  840,841,842,-1,843,844,845,-1,846,847,848,-1,849,850,851,-1,852,853,854,-1,855,856,857,-1,858,859,860,-1,861,862,863,-1,
  864,865,866,-1,867,868,869,-1,870,871,872,-1,873,874,875,-1,876,877,878,-1,879,880,881,-1,882,883,884,-1,885,886,887,-1,
  888,889,890,-1,891,892,893,-1,894,895,896,-1,897,898,899,-1,900,901,902,-1,903,904,905,-1,906,907,908,-1,909,910,911,-1,
  912,913,914,-1,915,916,917,-1,918,919,920,-1,921,922,923,-1,924,925,926,-1,927,928,929,-1,930,931,932,-1,933,934,935,-1,
  936,937,938,-1,939,940,941,-1,942,943,944,-1,945,946,947,-1,948,949,950,-1,951,952,953,-1,954,955,956,-1,957,958,959,-1,
  960,961,962,-1,963,964,965,-1,966,967,968,-1,969,970,971,-1,972,973,974,-1,975,976,977,-1,978,979,980,-1,981,982,983,-1,
  984,985,986,-1,987,988,989,-1,990,991,992,-1,993,994,995,-1,996,997,998,-1,999,1000,1001,-1,1002,1003,1004,-1,1005,1006,1007,-1,
  1008,1009,1010,-1,1011,1012,1013,-1,1014,1015,1016,-1,1017,1018,1019,-1,1020,1021,1022,-1,1023,1024,1025,-1,1026,1027,1028,-1,1029,1030,1031,-1,
  1032,1033,1034,-1,1035,1036,1037,-1,1038,1039,1040,-1,1041,1042,1043,-1,1044,1045,1046,-1,1047,1048,1049,-1,1050,1051,1052,-1,1053,1054,1055,-1,
  1056,1057,1058,-1,1059,1060,1061,-1,1062,1063,1064,-1,1065,1066,1067,-1,1068,1069,1070,-1,1071,1072,1073,-1,1074,1075,1076,-1,1077,1078,1079,-1,
  1080,1081,1082,-1,1083,1084,1085,-1,1086,1087,1088,-1,1089,1090,1091,-1,1092,1093,1094,-1,1095,1096,1097,-1,1098,1099,1100,-1,1101,1102,1103,-1,
  1104,1105,1106,-1,1107,1108,1109,-1,1110,1111,1112,-1,1113,1114,1115,-1,1116,1117,1118,-1,1119,1120,1121,-1,1122,1123,1124,-1,1125,1126,1127,-1,
  1128,1129,1130,-1,1131,1132,1133,-1,1134,1135,1136,-1,1137,1138,1139,-1,1140,1141,1142,-1,1143,1144,1145,-1,1146,1147,1148,-1,1149,1150,1151,-1,
  1152,1153,1154,-1,1155,1156,1157,-1,1158,1159,1160,-1,1161,1162,1163,-1,1164,1165,1166,-1,1167,1168,1169,-1,1170,1171,1172,-1,1173,1174,1175,-1,
  1176,1177,1178,-1,1179,1180,1181,-1,1182,1183,1184,-1,1185,1186,1187,-1,1188,1189,1190,-1,1191,1192,1193,-1,1194,1195,1196,-1,1197,1198,1199,-1,
  1200,1201,1202,-1,1203,1204,1205,-1,1206,1207,1208,-1,1209,1210,1211,-1,1212,1213,1214,-1,1215,1216,1217,-1,1218,1219,1220,-1,1221,1222,1223,-1,
  1224,1225,1226,-1,1227,1228,1229,-1,1230,1231,1232,-1,1233,1234,1235,-1,1236,1237,1238,-1,1239,1240,1241,-1,1242,1243,1244,-1,1245,1246,1247,-1,
  1248,1249,1250,-1,1251,1252,1253,-1,1254,1255,1256,-1,1257,1258,1259,-1,1260,1261,1262,-1,1263,1264,1265,-1,1266,1267,1268,-1,1269,1270,1271,-1,
  1272,1273,1274,-1,1275,1276,1277,-1,1278,1279,1280,-1,1281,1282,1283,-1,1284,1285,1286,-1,1287,1288,1289,-1,1290,1291,1292,-1,1293,1294,1295,-1,
  1296,1297,1298,-1,1299,1300,1301,-1,1302,1303,1304,-1,1305,1306,1307,-1,1308,1309,1310,-1,1311,1312,1313,-1,1314,1315,1316,-1,1317,1318,1319,-1,
  1320,1321,1322,-1,1323,1324,1325,-1,1326,1327,1328,-1,1329,1330,1331,-1,1332,1333,1334,-1,1335,1336,1337,-1,1338,1339,1340,-1,1341,1342,1343,-1,
  1344,1345,1346,-1,1347,1348,1349,-1,1350,1351,1352,-1,1353,1354,1355,-1,1356,1357,1358,-1,1359,1360,1361,-1,1362,1363,1364,-1,1365,1366,1367,-1,
  1368,1369,1370,-1,1371,1372,1373,-1,1374,1375,1376,-1,1377,1378,1379,-1,1380,1381,1382,-1,1383,1384,1385,-1,1386,1387,1388,-1,1389,1390,1391,-1,
  1392,1393,1394,-1,1395,1396,1397,-1,1398,1399,1400,-1,1401,1402,1403,-1,1404,1405,1406,-1,1407,1408,1409,-1,1410,1411,1412,-1,1413,1414,1415,-1,
  1416,1417,1418,-1,1419,1420,1421,-1,1422,1423,1424,-1,1425,1426,1427,-1,1428,1429,1430,-1,1431,1432,1433,-1,1434,1435,1436,-1,1437,1438,1439,-1,
  1440,1441,1442,-1,1443,1444,1445,-1,1446,1447,1448,-1,1449,1450,1451,-1,1452,1453,1454,-1,1455,1456,1457,-1,1458,1459,1460,-1,1461,1462,1463,-1,
  1464,1465,1466,-1,1467,1468,1469,-1,1470,1471,1472,-1,1473,1474,1475,-1,1476,1477,1478,-1,1479,1480,1481,-1,1482,1483,1484,-1,1485,1486,1487,-1,
  1488,1489,1490,-1,1491,1492,1493,-1,1494,1495,1496,-1,1497,1498,1499,-1,1500,1501,1502,-1,1503,1504,1505,-1,1506,1507,1508,-1,1509,1510,1511,-1,
  1512,1513,1514,-1,1515,1516,1517,-1,1518,1519,1520,-1,1521,1522,1523,-1,1524,1525,1526,-1,1527,1528,1529,-1,1530,1531,1532,-1,1533,1534,1535,-1,
  1536,1537,1538,-1,1539,1540,1541,-1,1542,1543,1544,-1,1545,1546,1547,-1,1548,1549,1550,-1,1551,1552,1553,-1,1554,1555,1556,-1,1557,1558,1559,-1,
  1560,1561,1562,-1,1563,1564,1565,-1,1566,1567,1568,-1,1569,1570,1571,-1,1572,1573,1574,-1,1575,1576,1577,-1,1578,1579,1580,-1,1581,1582,1583,-1,
  1584,1585,1586,-1,1587,1588,1589,-1,1590,1591,1592,-1,1593,1594,1595,-1,1596,1597,1598,-1,1599,1600,1601,-1,1602,1603,1604,-1,1605,1606,1607,-1,
  1608,1609,1610,-1,1611,1612,1613,-1,1614,1615,1616,-1,1617,1618,1619,-1,1620,1621,1622,-1,1623,1624,1625,-1,1626,1627,1628,-1,1629,1630,1631,-1,
  1632,1633,1634,-1,1635,1636,1637,-1,1638,1639,1640,-1,1641,1642,1643,-1,1644,1645,1646,-1,1647,1648,1649,-1,1650,1651,1652,-1,1653,1654,1655,-1,
  1656,1657,1658,-1,1659,1660,1661,-1,1662,1663,1664,-1,1665,1666,1667,-1,1668,1669,1670,-1,1671,1672,1673,-1,1674,1675,1676,-1,1677,1678,1679,-1,
  1680,1681,1682,-1,1683,1684,1685,-1,1686,1687,1688,-1,1689,1690,1691,-1,1692,1693,1694,-1,1695,1696,1697,-1,1698,1699,1700,-1,1701,1702,1703,-1,
  1704,1705,1706,-1,1707,1708,1709,-1,1710,1711,1712,-1,1713,1714,1715,-1,1716,1717,1718,-1,1719,1720,1721,-1,1722,1723,1724,-1,1725,1726,1727,-1,
  1728,1729,1730,-1,1731,1732,1733,-1,1734,1735,1736,-1,1737,1738,1739,-1,1740,1741,1742,-1,1743,1744,1745,-1,1746,1747,1748,-1,1749,1750,1751,-1,
  1752,1753,1754,-1,1755,1756,1757,-1,1758,1759,1760,-1,1761,1762,1763,-1,1764,1765,1766,-1,1767,1768,1769,-1,1770,1771,1772,-1,1773,1774,1775,-1,
  1776,1777,1778,-1,1779,1780,1781,-1,1782,1783,1784,-1,1785,1786,1787,-1,1788,1789,1790,-1,1791,1792,1793,-1,1794,1795,1796,-1,1797,1798,1799,-1,
  1800,1801,1802,-1,1803,1804,1805,-1,1806,1807,1808,-1,1809,1810,1811,-1,1812,1813,1814,-1,1815,1816,1817,-1,1818,1819,1820,-1,1821,1822,1823,-1,
  1824,1825,1826,-1,1827,1828,1829,-1,1830,1831,1832,-1,1833,1834,1835,-1,1836,1837,1838,-1,1839,1840,1841,-1,1842,1843,1844,-1,1845,1846,1847,-1,
  1848,1849,1850,-1,1851,1852,1853,-1,1854,1855,1856,-1,1857,1858,1859,-1,1860,1861,1862,-1,1863,1864,1865,-1,1866,1867,1868,-1,1869,1870,1871,-1,
  1872,1873,1874,-1,1875,1876,1877,-1,1878,1879,1880,-1,1881,1882,1883,-1,1884,1885,1886,-1,1887,1888,1889,-1,1890,1891,1892,-1,1893,1894,1895,-1,
  1896,1897,1898,-1,1899,1900,1901,-1,1902,1903,1904,-1,1905,1906,1907,-1,1908,1909,1910,-1,1911,1912,1913,-1,1914,1915,1916,-1,1917,1918,1919,-1,
  1920,1921,1922,-1,1923,1924,1925,-1,1926,1927,1928,-1,1929,1930,1931,-1,1932,1933,1934,-1,1935,1936,1937,-1,1938,1939,1940,-1,1941,1942,1943,-1,
  1944,1945,1946,-1,1947,1948,1949,-1,1950,1951,1952,-1,1953,1954,1955,-1,1956,1957,1958,-1,1959,1960,1961,-1,1962,1963,1964,-1,1965,1966,1967,-1,
  1968,1969,1970,-1,1971,1972,1973,-1,1974,1975,1976,-1,1977,1978,1979,-1,1980,1981,1982,-1,1983,1984,1985,-1,1986,1987,1988,-1,1989,1990,1991,-1,
  1992,1993,1994,-1,1995,1996,1997,-1,1998,1999,2000,-1,2001,2002,2003,-1,2004,2005,2006,-1,2007,2008,2009,-1,2010,2011,2012,-1,2013,2014,2015,-1,
  2016,2017,2018,-1,2019,2020,2021,-1,2022,2023,2024,-1,2025,2026,2027,-1,2028,2029,2030,-1,2031,2032,2033,-1,2034,2035,2036,-1,2037,2038,2039,-1,
  2040,2041,2042,-1,2043,2044,2045,-1,2046,2047,2048,-1,2049,2050,2051,-1,2052,2053,2054,-1,2055,2056,2057,-1,2058,2059,2060,-1,2061,2062,2063,-1,
  2064,2065,2066,-1,2067,2068,2069,-1,2070,2071,2072,-1,2073,2074,2075,-1,2076,2077,2078,-1,2079,2080,2081,-1,2082,2083,2084,-1,2085,2086,2087,-1,
  2088,2089,2090,-1,2091,2092,2093,-1,2094,2095,2096,-1,2097,2098,2099,-1,2100,2101,2102,-1,2103,2104,2105,-1,2106,2107,2108,-1,2109,2110,2111,-1,
  2112,2113,2114,-1,2115,2116,2117,-1,2118,2119,2120,-1,2121,2122,2123,-1,2124,2125,2126,-1,2127,2128,2129,-1,2130,2131,2132,-1,2133,2134,2135,-1,
  2136,2137,2138,-1,2139,2140,2141,-1,2142,2143,2144,-1,2145,2146,2147,-1,2148,2149,2150,-1,2151,2152,2153,-1,2154,2155,2156,-1,2157,2158,2159,-1,
  2160,2161,2162,-1,2163,2164,2165,-1,2166,2167,2168,-1,2169,2170,2171,-1,2172,2173,2174,-1,2175,2176,2177,-1,2178,2179,2180,-1,2181,2182,2183,-1,
  2184,2185,2186,-1,2187,2188,2189,-1,2190,2191,2192,-1,2193,2194,2195,-1,2196,2197,2198,-1,2199,2200,2201,-1,2202,2203,2204,-1,2205,2206,2207,-1,
  2208,2209,2210,-1,2211,2212,2213,-1,2214,2215,2216,-1,2217,2218,2219,-1,2220,2221,2222,-1,2223,2224,2225,-1,2226,2227,2228,-1,2229,2230,2231,-1,
  2232,2233,2234,-1,2235,2236,2237,-1,2238,2239,2240,-1,2241,2242,2243,-1,2244,2245,2246,-1,2247,2248,2249,-1,2250,2251,2252,-1,2253,2254,2255,-1,
  2256,2257,2258,-1,2259,2260,2261,-1,2262,2263,2264,-1,2265,2266,2267,-1,2268,2269,2270,-1,2271,2272,2273,-1,2274,2275,2276,-1,2277,2278,2279,-1,
  2280,2281,2282,-1,2283,2284,2285,-1,2286,2287,2288,-1,2289,2290,2291,-1,2292,2293,2294,-1,2295,2296,2297,-1,2298,2299,2300,-1,2301,2302,2303,-1,
  2304,2305,2306,-1,2307,2308,2309,-1,2310,2311,2312,-1,2313,2314,2315,-1,2316,2317,2318,-1,2319,2320,2321,-1,2322,2323,2324,-1,2325,2326,2327,-1,
  2328,2329,2330,-1,2331,2332,2333,-1,2334,2335,2336,-1,2337,2338,2339,-1,2340,2341,2342,-1,2343,2344,2345,-1,2346,2347,2348,-1,2349,2350,2351,-1,
  2352,2353,2354,-1,2355,2356,2357,-1,2358,2359,2360,-1,2361,2362,2363,-1,2364,2365,2366,-1,2367,2368,2369,-1,2370,2371,2372,-1,2373,2374,2375,-1,
  2376,2377,2378,-1,2379,2380,2381,-1,2382,2383,2384,-1,2385,2386,2387,-1,2388,2389,2390,-1,2391,2392,2393,-1,2394,2395,2396,-1,2397,2398,2399,-1,
  2400,2401,2402,-1,2403,2404,2405,-1,2406,2407,2408,-1,2409,2410,2411,-1,2412,2413,2414,-1,2415,2416,2417,-1,2418,2419,2420,-1,2421,2422,2423,-1,
  2424,2425,2426,-1,2427,2428,2429,-1,2430,2431,2432,-1,2433,2434,2435,-1,2436,2437,2438,-1,2439,2440,2441,-1,2442,2443,2444,-1,2445,2446,2447,-1,
  2448,2449,2450,-1,2451,2452,2453,-1,2454,2455,2456,-1,2457,2458,2459,-1,2460,2461,2462,-1,2463,2464,2465,-1,2466,2467,2468,-1,2469,2470,2471,-1,
  2472,2473,2474,-1,2475,2476,2477,-1,2478,2479,2480,-1,2481,2482,2483,-1,2484,2485,2486,-1,2487,2488,2489,-1,2490,2491,2492,-1,2493,2494,2495,-1,
  2496,2497,2498,-1,2499,2500,2501,-1,2502,2503,2504,-1,2505,2506,2507,-1,2508,2509,2510,-1,2511,2512,2513,-1,2514,2515,2516,-1,2517,2518,2519,-1,
  2520,2521,2522,-1,2523,2524,2525,-1,2526,2527,2528,-1,2529,2530,2531,-1,2532,2533,2534,-1,2535,2536,2537,-1,2538,2539,2540,-1,2541,2542,2543,-1,
  2544,2545,2546,-1,2547,2548,2549,-1,2550,2551,2552,-1,2553,2554,2555,-1,2556,2557,2558,-1,2559,2560,2561,-1,2562,2563,2564,-1,2565,2566,2567,-1,
  2568,2569,2570,-1,2571,2572,2573,-1,2574,2575,2576,-1,2577,2578,2579,-1,2580,2581,2582,-1,2583,2584,2585,-1,2586,2587,2588,-1,2589,2590,2591,-1,
  2592,2593,2594,-1,2595,2596,2597,-1,2598,2599,2600,-1,2601,2602,2603,-1,2604,2605,2606,-1,2607,2608,2609,-1,2610,2611,2612,-1,2613,2614,2615,-1,
  2616,2617,2618,-1,2619,2620,2621,-1,2622,2623,2624,-1,2625,2626,2627,-1,2628,2629,2630,-1,2631,2632,2633,-1,2634,2635,2636,-1,2637,2638,2639,-1,
  2640,2641,2642,-1,2643,2644,2645,-1,2646,2647,2648,-1,2649,2650,2651,-1,2652,2653,2654,-1,2655,2656,2657,-1,2658,2659,2660,-1,2661,2662,2663,-1,
  2664,2665,2666,-1,2667,2668,2669,-1,2670,2671,2672,-1,2673,2674,2675,-1,2676,2677,2678,-1,2679,2680,2681,-1,2682,2683,2684,-1,2685,2686,2687,-1,
  2688,2689,2690,-1,2691,2692,2693,-1,2694,2695,2696,-1,2697,2698,2699,-1,2700,2701,2702,-1,2703,2704,2705,-1,2706,2707,2708,-1,2709,2710,2711,-1,
  2712,2713,2714,-1,2715,2716,2717,-1,2718,2719,2720,-1,2721,2722,2723,-1,2724,2725,2726,-1,2727,2728,2729,-1,2730,2731,2732,-1,2733,2734,2735,-1,
  2736,2737,2738,-1,2739,2740,2741,-1,2742,2743,2744,-1,2745,2746,2747,-1,2748,2749,2750,-1,2751,2752,2753,-1,2754,2755,2756,-1,2757,2758,2759,-1,
  2760,2761,2762,-1,2763,2764,2765,-1,2766,2767,2768,-1,2769,2770,2771,-1,2772,2773,2774,-1,2775,2776,2777,-1,2778,2779,2780,-1,2781,2782,2783,-1,
  2784,2785,2786,-1,2787,2788,2789,-1,2790,2791,2792,-1,2793,2794,2795,-1,2796,2797,2798,-1,2799,2800,2801,-1,2802,2803,2804,-1,2805,2806,2807,-1,
  2808,2809,2810,-1,2811,2812,2813,-1,2814,2815,2816,-1,2817,2818,2819,-1,2820,2821,2822,-1,2823,2824,2825,-1,2826,2827,2828,-1,2829,2830,2831,-1,
  2832,2833,2834,-1,2835,2836,2837,-1,2838,2839,2840,-1,2841,2842,2843,-1,2844,2845,2846,-1,2847,2848,2849,-1,2850,2851,2852,-1,2853,2854,2855,-1,
  2856,2857,2858,-1,2859,2860,2861,-1,2862,2863,2864,-1,2865,2866,2867,-1,2868,2869,2870,-1,2871,2872,2873,-1,2874,2875,2876,-1,2877,2878,2879,-1,
  2880,2881,2882,-1,2883,2884,2885,-1,2886,2887,2888,-1,2889,2890,2891,-1,2892,2893,2894,-1,2895,2896,2897,-1,2898,2899,2900,-1,2901,2902,2903,-1,
  2904,2905,2906,-1,2907,2908,2909,-1,2910,2911,2912,-1,2913,2914,2915,-1,2916,2917,2918,-1,2919,2920,2921,-1,2922,2923,2924,-1,2925,2926,2927,-1,
  2928,2929,2930,-1,2931,2932,2933,-1,2934,2935,2936,-1,2937,2938,2939,-1,2940,2941,2942,-1,2943,2944,2945,-1,2946,2947,2948,-1,2949,2950,2951,-1,
  2952,2953,2954,-1,2955,2956,2957,-1,2958,2959,2960,-1,2961,2962,2963,-1,2964,2965,2966,-1,2967,2968,2969,-1,2970,2971,2972,-1,2973,2974,2975,-1,
  2976,2977,2978,-1,2979,2980,2981,-1,2982,2983,2984,-1,2985,2986,2987,-1,2988,2989,2990,-1,2991,2992,2993,-1,2994,2995,2996,-1,2997,2998,2999,-1,
  3000,3001,3002,-1,3003,3004,3005,-1,3006,3007,3008,-1,3009,3010,3011,-1,3012,3013,3014,-1,3015,3016,3017,-1,3018,3019,3020,-1,3021,3022,3023,-1,
  3024,3025,3026,-1,3027,3028,3029,-1,3030,3031,3032,-1,3033,3034,3035,-1,3036,3037,3038,-1,3039,3040,3041,-1,3042,3043,3044,-1,3045,3046,3047,-1,
  3048,3049,3050,-1,3051,3052,3053,-1,3054,3055,3056,-1,3057,3058,3059,-1,3060,3061,3062,-1,3063,3064,3065,-1,3066,3067,3068,-1,3069,3070,3071,-1,
  3072,3073,3074,-1,3075,3076,3077,-1,3078,3079,3080,-1,3081,3082,3083,-1,3084,3085,3086,-1,3087,3088,3089,-1,3090,3091,3092,-1,3093,3094,3095,-1,
  3096,3097,3098,-1,3099,3100,3101,-1,3102,3103,3104,-1,3105,3106,3107,-1,3108,3109,3110,-1,3111,3112,3113,-1,3114,3115,3116,-1,3117,3118,3119,-1,
  3120,3121,3122,-1,3123,3124,3125,-1,3126,3127,3128,-1,3129,3130,3131,-1,3132,3133,3134,-1,3135,3136,3137,-1,3138,3139,3140,-1,3141,3142,3143,-1,
  3144,3145,3146,-1,3147,3148,3149,-1,3150,3151,3152,-1,3153,3154,3155,-1,3156,3157,3158,-1,3159,3160,3161,-1,3162,3163,3164,-1,3165,3166,3167,-1,
  3168,3169,3170,-1,3171,3172,3173,-1,3174,3175,3176,-1,3177,3178,3179,-1,3180,3181,3182,-1,3183,3184,3185,-1,3186,3187,3188,-1,3189,3190,3191,-1,
  3192,3193,3194,-1,3195,3196,3197,-1,3198,3199,3200,-1,3201,3202,3203,-1,3204,3205,3206,-1,3207,3208,3209,-1,3210,3211,3212,-1,3213,3214,3215,-1,
  3216,3217,3218,-1,3219,3220,3221,-1,3222,3223,3224,-1,3225,3226,3227,-1,3228,3229,3230,-1,3231,3232,3233,-1,3234,3235,3236,-1,3237,3238,3239,-1,
  3240,3241,3242,-1,3243,3244,3245,-1,3246,3247,3248,-1,3249,3250,3251,-1,3252,3253,3254,-1,3255,3256,3257,-1,3258,3259,3260,-1,3261,3262,3263,-1,
  3264,3265,3266,-1,3267,3268,3269,-1,3270,3271,3272,-1,3273,3274,3275,-1,3276,3277,3278,-1,3279,3280,3281,-1,3282,3283,3284,-1,3285,3286,3287,-1]
  normalPerVertex TRUE
  normal DEF NORM_2 Normal { vector [
  0.98078528 -0.19509032 0,0.98078528 -0.19509032 0,
  0.98078528 -0.19509032 0,0.98078528 -0.19509032 0,
  0.98078528 -0.19509032 0,0.98078528 -0.19509032 0,
  0.83146961 -0.55557023 0,0.83146961 -0.55557023 0,
  0.83146961 -0.55557023 0,0.83146961 -0.55557023 0,
  0.83146961 -0.55557023 0,0.83146961 -0.55557023 0,
  0.55557023 -0.83146961 0,0.55557023 -0.83146961 0,
  0.55557023 -0.83146961 0,0.55557023 -0.83146961 0,
  0.55557023 -0.83146961 0,0.55557023 -0.83146961 0,
  0.19509032 -0.98078528 0,0.19509032 -0.98078528 0,
  0.19509032 -0.98078528 0,0.19509032 -0.98078528 0,
  0.19509032 -0.98078528 0,0.19509032 -0.98078528 0,
  -0.19509032 -0.98078528 0,-0.19509032 -0.98078528 0,
  -0.19509032 -0.98078528 0,-0.19509032 -0.98078528 0,
  -0.19509032 -0.98078528 0,-0.19509032 -0.98078528 0,
  -0.55557023 -0.83146961 0,-0.55557023 -0.83146961 0,
  -0.55557023 -0.83146961 0,-0.55557023 -0.83146961 0,
  -0.55557023 -0.83146961 0,-0.55557023 -0.83146961 0,
  -0.83146961 -0.55557023 0,-0.83146961 -0.55557023 0,
  -0.83146961 -0.55557023 0,-0.83146961 -0.55557023 0,
  -0.83146961 -0.55557023 0,-0.83146961 -0.55557023 0,
  -0.98078528 -0.19509032 0,-0.98078528 -0.19509032 0,
  -0.98078528 -0.19509032 0,-0.98078528 -0.19509032 0,
  -0.98078528 -0.19509032 0,-0.98078528 -0.19509032 0,
  -0.98078528 0.19509032 0,-0.98078528 0.19509032 0,
  -0.98078528 0.19509032 0,-0.98078528 0.19509032 0,
  -0.98078528 0.19509032 0,-0.98078528 0.19509032 0,
  -0.83146961 0.55557023 0,-0.83146961 0.55557023 0,
  -0.83146961 0.55557023 0,-0.83146961 0.55557023 0,
  -0.83146961 0.55557023 0,-0.83146961 0.55557023 0,
  -0.55557023 0.83146961 0,-0.55557023 0.83146961 0,
  -0.55557023 0.83146961 0,-0.55557023 0.83146961 0,
  -0.55557023 0.83146961 0,-0.55557023 0.83146961 0,
  -0.19509032 0.98078528 0,-0.19509032 0.98078528 0,
  -0.19509032 0.98078528 0,-0.19509032 0.98078528 0,
  -0.19509032 0.98078528 0,-0.19509032 0.98078528 0,
  0.19509032 0.98078528 0,0.19509032 0.98078528 0,
  0.19509032 0.98078528 0,0.19509032 0.98078528 0,
  0.19509032 0.98078528 0,0.19509032 0.98078528 0,
  0.55557023 0.83146961 0,0.55557023 0.83146961 0,
  0.55557023 0.83146961 0,0.55557023 0.83146961 0,
  0.55557023 0.83146961 0,0.55557023 0.83146961 0,
  0.83146961 0.55557023 0,0.83146961 0.55557023 0,
  0.83146961 0.55557023 0,0.83146961 0.55557023 0,
  0.83146961 0.55557023 0,0.83146961 0.55557023 0,
  0.98078528 0.19509032 0,0.98078528 0.19509032 0,
  0.98078528 0.19509032 0,0.98078528 0.19509032 0,
  0.98078528 0.19509032 0,0.98078528 0.19509032 0,
  0.98078528 -0.19509032 0,0.98078528 -0.19509032 0,
  0.98078528 -0.19509032 0,0.98078528 -0.19509032 0,
  0.98078528 -0.19509032 0,0.98078528 -0.19509032 0,
  0.83146961 -0.55557023 0,0.83146961 -0.55557023 0,
  0.83146961 -0.55557023 0,0.83146961 -0.55557023 0,
  0.83146961 -0.55557023 0,0.83146961 -0.55557023 0,
  0.55557023 -0.83146961 0,0.55557023 -0.83146961 0,
  0.55557023 -0.83146961 0,0.55557023 -0.83146961 0,
  0.55557023 -0.83146961 0,0.55557023 -0.83146961 0,
  0.19509032 -0.98078528 0,0.19509032 -0.98078528 0,
  0.19509032 -0.98078528 0,0.19509032 -0.98078528 0,
  0.19509032 -0.98078528 0,0.19509032 -0.98078528 0,
  -0.19509032 -0.98078528 0,-0.19509032 -0.98078528 0,
  -0.19509032 -0.98078528 0,-0.19509032 -0.98078528 0,
  -0.19509032 -0.98078528 0,-0.19509032 -0.98078528 0,
  -0.55557023 -0.83146961 0,-0.55557023 -0.83146961 0,
  -0.55557023 -0.83146961 0,-0.55557023 -0.83146961 0,
  -0.55557023 -0.83146961 0,-0.55557023 -0.83146961 0,
  -0.83146961 -0.55557023 0,-0.83146961 -0.55557023 0,
  -0.83146961 -0.55557023 0,-0.83146961 -0.55557023 0,
  -0.83146961 -0.55557023 0,-0.83146961 -0.55557023 0,
  -0.98078528 -0.19509032 0,-0.98078528 -0.19509032 0,
  -0.98078528 -0.19509032 0,-0.98078528 -0.19509032 0,
  -0.98078528 -0.19509032 0,-0.98078528 -0.19509032 0,
  -0.98078528 0.19509032 0,-0.98078528 0.19509032 0,
  -0.98078528 0.19509032 0,-0.98078528 0.19509032 0,
  -0.98078528 0.19509032 0,-0.98078528 0.19509032 0,
  -0.83146961 0.55557023 0,-0.83146961 0.55557023 0,
  -0.83146961 0.55557023 0,-0.83146961 0.55557023 0,
  -0.83146961 0.55557023 0,-0.83146961 0.55557023 0,
  -0.55557023 0.83146961 0,-0.55557023 0.83146961 0,
  -0.55557023 0.83146961 0,-0.55557023 0.83146961 0,
  -0.55557023 0.83146961 0,-0.55557023 0.83146961 0,
  -0.19509032 0.98078528 0,-0.19509032 0.98078528 0,
  -0.19509032 0.98078528 0,-0.19509032 0.98078528 0,
  -0.19509032 0.98078528 0,-0.19509032 0.98078528 0,
  0.19509032 0.98078528 0,0.19509032 0.98078528 0,
  0.19509032 0.98078528 0,0.19509032 0.98078528 0,
  0.19509032 0.98078528 0,0.19509032 0.98078528 0,
  0.55557023 0.83146961 0,0.55557023 0.83146961 0,
  0.55557023 0.83146961 0,0.55557023 0.83146961 0,
  0.55557023 0.83146961 0,0.55557023 0.83146961 0,
  0.83146961 0.55557023 0,0.83146961 0.55557023 0,
  0.83146961 0.55557023 0,0.83146961 0.55557023 0,
  0.83146961 0.55557023 0,0.83146961 0.55557023 0,
  0.98078528 0.19509032 0,0.98078528 0.19509032 0,
  0.98078528 0.19509032 0,0.98078528 0.19509032 0,
  0.98078528 0.19509032 0,0.98078528 0.19509032 0,
  0.98078528 -0.19509032 0,0.98078528 -0.19509032 0,
  0.98078528 -0.19509032 0,0.98078528 -0.19509032 0,
  0.98078528 -0.19509032 0,0.98078528 -0.19509032 0,
  0.83146961 -0.55557023 0,0.83146961 -0.55557023 0,
  0.83146961 -0.55557023 0,0.83146961 -0.55557023 0,
  0.83146961 -0.55557023 0,0.83146961 -0.55557023 0,
  0.55557023 -0.83146961 0,0.55557023 -0.83146961 0,
  0.55557023 -0.83146961 0,0.55557023 -0.83146961 0,
  0.55557023 -0.83146961 0,0.55557023 -0.83146961 0,
  0.19509032 -0.98078528 0,0.19509032 -0.98078528 0,
  0.19509032 -0.98078528 0,0.19509032 -0.98078528 0,
  0.19509032 -0.98078528 0,0.19509032 -0.98078528 0,
  -0.19509032 -0.98078528 0,-0.19509032 -0.98078528 0,
  -0.19509032 -0.98078528 0,-0.19509032 -0.98078528 0,
  -0.19509032 -0.98078528 0,-0.19509032 -0.98078528 0,
  -0.55557023 -0.83146961 0,-0.55557023 -0.83146961 0,
  -0.55557023 -0.83146961 0,-0.55557023 -0.83146961 0,
  -0.55557023 -0.83146961 0,-0.55557023 -0.83146961 0,
  -0.83146961 -0.55557023 0,-0.83146961 -0.55557023 0,
  -0.83146961 -0.55557023 0,-0.83146961 -0.55557023 0,
  -0.83146961 -0.55557023 0,-0.83146961 -0.55557023 0,
  -0.98078528 -0.19509032 0,-0.98078528 -0.19509032 0,
  -0.98078528 -0.19509032 0,-0.98078528 -0.19509032 0,
  -0.98078528 -0.19509032 0,-0.98078528 -0.19509032 0,
  -0.98078528 0.19509032 0,-0.98078528 0.19509032 0,
  -0.98078528 0.19509032 0,-0.98078528 0.19509032 0,
  -0.98078528 0.19509032 0,-0.98078528 0.19509032 0,
  -0.83146961 0.55557023 0,-0.83146961 0.55557023 0,
  -0.83146961 0.55557023 0,-0.83146961 0.55557023 0,
  -0.83146961 0.55557023 0,-0.83146961 0.55557023 0,
  -0.55557023 0.83146961 0,-0.55557023 0.83146961 0,
  -0.55557023 0.83146961 0,-0.55557023 0.83146961 0,
  -0.55557023 0.83146961 0,-0.55557023 0.83146961 0,
  -0.19509032 0.98078528 0,-0.19509032 0.98078528 0,
  -0.19509032 0.98078528 0,-0.19509032 0.98078528 0,
  -0.19509032 0.98078528 0,-0.19509032 0.98078528 0,
  0.19509032 0.98078528 0,0.19509032 0.98078528 0,
  0.19509032 0.98078528 0,0.19509032 0.98078528 0,
  0.19509032 0.98078528 0,0.19509032 0.98078528 0,
  0.55557023 0.83146961 0,0.55557023 0.83146961 0,
  0.55557023 0.83146961 0,0.55557023 0.83146961 0,
  0.55557023 0.83146961 0,0.55557023 0.83146961 0,
  0.83146961 0.55557023 0,0.83146961 0.55557023 0,
  0.83146961 0.55557023 0,0.83146961 0.55557023 0,
  0.83146961 0.55557023 0,0.83146961 0.55557023 0,
  0.98078528 0.19509032 0,0.98078528 0.19509032 0,
  0.98078528 0.19509032 0,0.98078528 0.19509032 0,
  0.98078528 0.19509032 0,0.98078528 0.19509032 0,
  0.98078528 -0.19509032 0,0.98078528 -0.19509032 0,
  0.98078528 -0.19509032 0,0.98078528 -0.19509032 0,
  0.98078528 -0.19509032 0,0.98078528 -0.19509032 0,
  0.83146961 -0.55557023 0,0.83146961 -0.55557023 0,
  0.83146961 -0.55557023 0,0.83146961 -0.55557023 0,
  0.83146961 -0.55557023 0,0.83146961 -0.55557023 0,
  0.55557023 -0.83146961 0,0.55557023 -0.83146961 0,
  0.55557023 -0.83146961 0,0.55557023 -0.83146961 0,
  0.55557023 -0.83146961 0,0.55557023 -0.83146961 0,
  0.19509032 -0.98078528 0,0.19509032 -0.98078528 0,
  0.19509032 -0.98078528 0,0.19509032 -0.98078528 0,
  0.19509032 -0.98078528 0,0.19509032 -0.98078528 0,
  -0.19509032 -0.98078528 0,-0.19509032 -0.98078528 0,
  -0.19509032 -0.98078528 0,-0.19509032 -0.98078528 0,
  -0.19509032 -0.98078528 0,-0.19509032 -0.98078528 0,
  -0.55557023 -0.83146961 0,-0.55557023 -0.83146961 0,
  -0.55557023 -0.83146961 0,-0.55557023 -0.83146961 0,
  -0.55557023 -0.83146961 0,-0.55557023 -0.83146961 0,
  -0.83146961 -0.55557023 0,-0.83146961 -0.55557023 0,
  -0.83146961 -0.55557023 0,-0.83146961 -0.55557023 0,
  -0.83146961 -0.55557023 0,-0.83146961 -0.55557023 0,
  -0.98078528 -0.19509032 0,-0.98078528 -0.19509032 0,
  -0.98078528 -0.19509032 0,-0.98078528 -0.19509032 0,
  -0.98078528 -0.19509032 0,-0.98078528 -0.19509032 0,
  -0.98078528 0.19509032 0,-0.98078528 0.19509032 0,
  -0.98078528 0.19509032 0,-0.98078528 0.19509032 0,
  -0.98078528 0.19509032 0,-0.98078528 0.19509032 0,
  -0.83146961 0.55557023 0,-0.83146961 0.55557023 0,
  -0.83146961 0.55557023 0,-0.83146961 0.55557023 0,
  -0.83146961 0.55557023 0,-0.83146961 0.55557023 0,
  -0.55557023 0.83146961 0,-0.55557023 0.83146961 0,
  -0.55557023 0.83146961 0,-0.55557023 0.83146961 0,
  -0.55557023 0.83146961 0,-0.55557023 0.83146961 0,
  -0.19509032 0.98078528 0,-0.19509032 0.98078528 0,
  -0.19509032 0.98078528 0,-0.19509032 0.98078528 0,
  -0.19509032 0.98078528 0,-0.19509032 0.98078528 0,
  0.19509032 0.98078528 0,0.19509032 0.98078528 0,
  0.19509032 0.98078528 0,0.19509032 0.98078528 0,
  0.19509032 0.98078528 0,0.19509032 0.98078528 0,
  0.55557023 0.83146961 0,0.55557023 0.83146961 0,
  0.55557023 0.83146961 0,0.55557023 0.83146961 0,
  0.55557023 0.83146961 0,0.55557023 0.83146961 0,
  0.83146961 0.55557023 0,0.83146961 0.55557023 0,
  0.83146961 0.55557023 0,0.83146961 0.55557023 0,
  0.83146961 0.55557023 0,0.83146961 0.55557023 0,
  0.98078528 0.19509032 0,0.98078528 0.19509032 0,
  0.98078528 0.19509032 0,0.98078528 0.19509032 0,
  0.98078528 0.19509032 0,0.98078528 0.19509032 0,
  0.98078528 -0.19509032 0,0.98078528 -0.19509032 0,
  0.98078528 -0.19509032 0,0.98078528 -0.19509032 0,
  0.98078528 -0.19509032 0,0.98078528 -0.19509032 0,
  0.83146961 -0.55557023 0,0.83146961 -0.55557023 0,
  0.83146961 -0.55557023 0,0.83146961 -0.55557023 0,
  0.83146961 -0.55557023 0,0.83146961 -0.55557023 0,
  0.55557023 -0.83146961 0,0.55557023 -0.83146961 0,
  0.55557023 -0.83146961 0,0.55557023 -0.83146961 0,
  0.55557023 -0.83146961 0,0.55557023 -0.83146961 0,
  0.19509032 -0.98078528 0,0.19509032 -0.98078528 0,
  0.19509032 -0.98078528 0,0.19509032 -0.98078528 0,
  0.19509032 -0.98078528 0,0.19509032 -0.98078528 0,
  -0.19509032 -0.98078528 0,-0.19509032 -0.98078528 0,
  -0.19509032 -0.98078528 0,-0.19509032 -0.98078528 0,
  -0.19509032 -0.98078528 0,-0.19509032 -0.98078528 0,
  -0.55557023 -0.83146961 0,-0.55557023 -0.83146961 0,
  -0.55557023 -0.83146961 0,-0.55557023 -0.83146961 0,
  -0.55557023 -0.83146961 0,-0.55557023 -0.83146961 0,
  -0.83146961 -0.55557023 0,-0.83146961 -0.55557023 0,
  -0.83146961 -0.55557023 0,-0.83146961 -0.55557023 0,
  -0.83146961 -0.55557023 0,-0.83146961 -0.55557023 0,
  -0.98078528 -0.19509032 0,-0.98078528 -0.19509032 0,
  -0.98078528 -0.19509032 0,-0.98078528 -0.19509032 0,
  -0.98078528 -0.19509032 0,-0.98078528 -0.19509032 0,
  -0.98078528 0.19509032 0,-0.98078528 0.19509032 0,
  -0.98078528 0.19509032 0,-0.98078528 0.19509032 0,
  -0.98078528 0.19509032 0,-0.98078528 0.19509032 0,
  -0.83146961 0.55557023 0,-0.83146961 0.55557023 0,
  -0.83146961 0.55557023 0,-0.83146961 0.55557023 0,
  -0.83146961 0.55557023 0,-0.83146961 0.55557023 0,
  -0.55557023 0.83146961 0,-0.55557023 0.83146961 0,
  -0.55557023 0.83146961 0,-0.55557023 0.83146961 0,
  -0.55557023 0.83146961 0,-0.55557023 0.83146961 0,
  -0.19509032 0.98078528 0,-0.19509032 0.98078528 0,
  -0.19509032 0.98078528 0,-0.19509032 0.98078528 0,
  -0.19509032 0.98078528 0,-0.19509032 0.98078528 0,
  0.19509032 0.98078528 0,0.19509032 0.98078528 0,
  0.19509032 0.98078528 0,0.19509032 0.98078528 0,
  0.19509032 0.98078528 0,0.19509032 0.98078528 0,
  0.55557023 0.83146961 0,0.55557023 0.83146961 0,
  0.55557023 0.83146961 0,0.55557023 0.83146961 0,
  0.55557023 0.83146961 0,0.55557023 0.83146961 0,
  0.83146961 0.55557023 0,0.83146961 0.55557023 0,
  0.83146961 0.55557023 0,0.83146961 0.55557023 0,
  0.83146961 0.55557023 0,0.83146961 0.55557023 0,
  0.98078528 0.19509032 0,0.98078528 0.19509032 0,
  0.98078528 0.19509032 0,0.98078528 0.19509032 0,
  0.98078528 0.19509032 0,0.98078528 0.19509032 0,
  1 0 0,1 0 0,
  1 0 0,1 0 0,
  1 0 0,1 0 0,
  0 1 0,0 1 0,
  0 1 0,0 1 0,
  0 1 0,0 1 0,
  -1 0 0,-1 0 0,
  -1 0 0,-1 0 0,
  -1 0 0,-1 0 0,
  0 -1 0,0 -1 0,
  0 -1 0,0 -1 0,
  0 -1 0,0 -1 0,
  -0.98078528 0.19509032 0,-0.98078528 0.19509032 0,
  -0.98078528 0.19509032 0,-0.98078528 0.19509032 0,
  -0.98078528 0.19509032 0,-0.98078528 0.19509032 0,
  -0.83146961 0.55557023 0,-0.83146961 0.55557023 0,
  -0.83146961 0.55557023 0,-0.83146961 0.55557023 0,
  -0.83146961 0.55557023 0,-0.83146961 0.55557023 0,
  -0.55557023 0.83146961 0,-0.55557023 0.83146961 0,
  -0.55557023 0.83146961 0,-0.55557023 0.83146961 0,
  -0.55557023 0.83146961 0,-0.55557023 0.83146961 0,
  -0.19509032 0.98078528 0,-0.19509032 0.98078528 0,
  -0.19509032 0.98078528 0,-0.19509032 0.98078528 0,
  -0.19509032 0.98078528 0,-0.19509032 0.98078528 0,
  0.19509032 0.98078528 0,0.19509032 0.98078528 0,
  0.19509032 0.98078528 0,0.19509032 0.98078528 0,
  0.19509032 0.98078528 0,0.19509032 0.98078528 0,
  0.55557023 0.83146961 0,0.55557023 0.83146961 0,
  0.55557023 0.83146961 0,0.55557023 0.83146961 0,
  0.55557023 0.83146961 0,0.55557023 0.83146961 0,
  0.83146961 0.55557023 0,0.83146961 0.55557023 0,
  0.83146961 0.55557023 0,0.83146961 0.55557023 0,
  0.83146961 0.55557023 0,0.83146961 0.55557023 0,
  0.98078528 0.19509032 0,0.98078528 0.19509032 0,
  0.98078528 0.19509032 0,0.98078528 0.19509032 0,
  0.98078528 0.19509032 0,0.98078528 0.19509032 0,
  0.98078528 -0.19509032 0,0.98078528 -0.19509032 0,
  0.98078528 -0.19509032 0,0.98078528 -0.19509032 0,
  0.98078528 -0.19509032 0,0.98078528 -0.19509032 0,
  0.83146961 -0.55557023 0,0.83146961 -0.55557023 0,
  0.83146961 -0.55557023 0,0.83146961 -0.55557023 0,
  0.83146961 -0.55557023 0,0.83146961 -0.55557023 0,
  0.55557023 -0.83146961 0,0.55557023 -0.83146961 0,
  0.55557023 -0.83146961 0,0.55557023 -0.83146961 0,
  0.55557023 -0.83146961 0,0.55557023 -0.83146961 0,
  0.19509032 -0.98078528 0,0.19509032 -0.98078528 0,
  0.19509032 -0.98078528 0,0.19509032 -0.98078528 0,
  0.19509032 -0.98078528 0,0.19509032 -0.98078528 0,
  -0.19509032 -0.98078528 0,-0.19509032 -0.98078528 0,
  -0.19509032 -0.98078528 0,-0.19509032 -0.98078528 0,
  -0.19509032 -0.98078528 0,-0.19509032 -0.98078528 0,
  -0.55557023 -0.83146961 0,-0.55557023 -0.83146961 0,
  -0.55557023 -0.83146961 0,-0.55557023 -0.83146961 0,
  -0.55557023 -0.83146961 0,-0.55557023 -0.83146961 0,
  -0.83146961 -0.55557023 0,-0.83146961 -0.55557023 0,
  -0.83146961 -0.55557023 0,-0.83146961 -0.55557023 0,
  -0.83146961 -0.55557023 0,-0.83146961 -0.55557023 0,
  -0.98078528 -0.19509032 0,-0.98078528 -0.19509032 0,
  -0.98078528 -0.19509032 0,-0.98078528 -0.19509032 0,
  -0.98078528 -0.19509032 0,-0.98078528 -0.19509032 0,
  0.98078528 -0.19509032 0,0.98078528 -0.19509032 0,
  0.98078528 -0.19509032 0,0.98078528 -0.19509032 0,
  0.98078528 -0.19509032 0,0.98078528 -0.19509032 0,
  0.83146961 -0.55557023 0,0.83146961 -0.55557023 0,
  0.83146961 -0.55557023 0,0.83146961 -0.55557023 0,
  0.83146961 -0.55557023 0,0.83146961 -0.55557023 0,
  0.55557023 -0.83146961 0,0.55557023 -0.83146961 0,
  0.55557023 -0.83146961 0,0.55557023 -0.83146961 0,
  0.55557023 -0.83146961 0,0.55557023 -0.83146961 0,
  0.19509032 -0.98078528 0,0.19509032 -0.98078528 0,
  0.19509032 -0.98078528 0,0.19509032 -0.98078528 0,
  0.19509032 -0.98078528 0,0.19509032 -0.98078528 0,
  -0.19509032 -0.98078528 0,-0.19509032 -0.98078528 0,
  -0.19509032 -0.98078528 0,-0.19509032 -0.98078528 0,
  -0.19509032 -0.98078528 0,-0.19509032 -0.98078528 0,
  -0.55557023 -0.83146961 0,-0.55557023 -0.83146961 0,
  -0.55557023 -0.83146961 0,-0.55557023 -0.83146961 0,
  -0.55557023 -0.83146961 0,-0.55557023 -0.83146961 0,
  -0.83146961 -0.55557023 0,-0.83146961 -0.55557023 0,
  -0.83146961 -0.55557023 0,-0.83146961 -0.55557023 0,
  -0.83146961 -0.55557023 0,-0.83146961 -0.55557023 0,
  -0.98078528 -0.19509032 0,-0.98078528 -0.19509032 0,
  -0.98078528 -0.19509032 0,-0.98078528 -0.19509032 0,
  -0.98078528 -0.19509032 0,-0.98078528 -0.19509032 0,
  -0.98078528 0.19509032 0,-0.98078528 0.19509032 0,
  -0.98078528 0.19509032 0,-0.98078528 0.19509032 0,
  -0.98078528 0.19509032 0,-0.98078528 0.19509032 0,
  -0.83146961 0.55557023 0,-0.83146961 0.55557023 0,
  -0.83146961 0.55557023 0,-0.83146961 0.55557023 0,
  -0.83146961 0.55557023 0,-0.83146961 0.55557023 0,
  -0.55557023 0.83146961 0,-0.55557023 0.83146961 0,
  -0.55557023 0.83146961 0,-0.55557023 0.83146961 0,
  -0.55557023 0.83146961 0,-0.55557023 0.83146961 0,
  -0.19509032 0.98078528 0,-0.19509032 0.98078528 0,
  -0.19509032 0.98078528 0,-0.19509032 0.98078528 0,
  -0.19509032 0.98078528 0,-0.19509032 0.98078528 0,
  0.19509032 0.98078528 0,0.19509032 0.98078528 0,
  0.19509032 0.98078528 0,0.19509032 0.98078528 0,
  0.19509032 0.98078528 0,0.19509032 0.98078528 0,
  0.55557023 0.83146961 0,0.55557023 0.83146961 0,
  0.55557023 0.83146961 0,0.55557023 0.83146961 0,
  0.55557023 0.83146961 0,0.55557023 0.83146961 0,
  0.83146961 0.55557023 0,0.83146961 0.55557023 0,
  0.83146961 0.55557023 0,0.83146961 0.55557023 0,
  0.83146961 0.55557023 0,0.83146961 0.55557023 0,
  0.98078528 0.19509032 0,0.98078528 0.19509032 0,
  0.98078528 0.19509032 0,0.98078528 0.19509032 0,
  0.98078528 0.19509032 0,0.98078528 0.19509032 0,
  0.98078528 -0.19509032 0,0.98078528 -0.19509032 0,
  0.98078528 -0.19509032 0,0.98078528 -0.19509032 0,
  0.98078528 -0.19509032 0,0.98078528 -0.19509032 0,
  0.83146961 -0.55557023 0,0.83146961 -0.55557023 0,
  0.83146961 -0.55557023 0,0.83146961 -0.55557023 0,
  0.83146961 -0.55557023 0,0.83146961 -0.55557023 0,
  0.55557023 -0.83146961 0,0.55557023 -0.83146961 0,
  0.55557023 -0.83146961 0,0.55557023 -0.83146961 0,
  0.55557023 -0.83146961 0,0.55557023 -0.83146961 0,
  0.19509032 -0.98078528 0,0.19509032 -0.98078528 0,
  0.19509032 -0.98078528 0,0.19509032 -0.98078528 0,
  0.19509032 -0.98078528 0,0.19509032 -0.98078528 0,
  -0.19509032 -0.98078528 0,-0.19509032 -0.98078528 0,
  -0.19509032 -0.98078528 0,-0.19509032 -0.98078528 0,
  -0.19509032 -0.98078528 0,-0.19509032 -0.98078528 0,
  -0.55557023 -0.83146961 0,-0.55557023 -0.83146961 0,
  -0.55557023 -0.83146961 0,-0.55557023 -0.83146961 0,
  -0.55557023 -0.83146961 0,-0.55557023 -0.83146961 0,
  -0.83146961 -0.55557023 0,-0.83146961 -0.55557023 0,
  -0.83146961 -0.55557023 0,-0.83146961 -0.55557023 0,
  -0.83146961 -0.55557023 0,-0.83146961 -0.55557023 0,
  -0.98078528 -0.19509032 0,-0.98078528 -0.19509032 0,
  -0.98078528 -0.19509032 0,-0.98078528 -0.19509032 0,
  -0.98078528 -0.19509032 0,-0.98078528 -0.19509032 0,
  -0.98078528 0.19509032 0,-0.98078528 0.19509032 0,
  -0.98078528 0.19509032 0,-0.98078528 0.19509032 0,
  -0.98078528 0.19509032 0,-0.98078528 0.19509032 0,
  -0.83146961 0.55557023 0,-0.83146961 0.55557023 0,
  -0.83146961 0.55557023 0,-0.83146961 0.55557023 0,
  -0.83146961 0.55557023 0,-0.83146961 0.55557023 0,
  -0.55557023 0.83146961 0,-0.55557023 0.83146961 0,
  -0.55557023 0.83146961 0,-0.55557023 0.83146961 0,
  -0.55557023 0.83146961 0,-0.55557023 0.83146961 0,
  -0.19509032 0.98078528 0,-0.19509032 0.98078528 0,
  -0.19509032 0.98078528 0,-0.19509032 0.98078528 0,
  -0.19509032 0.98078528 0,-0.19509032 0.98078528 0,
  0.19509032 0.98078528 0,0.19509032 0.98078528 0,
  0.19509032 0.98078528 0,0.19509032 0.98078528 0,
  0.19509032 0.98078528 0,0.19509032 0.98078528 0,
  0.55557023 0.83146961 0,0.55557023 0.83146961 0,
  0.55557023 0.83146961 0,0.55557023 0.83146961 0,
  0.55557023 0.83146961 0,0.55557023 0.83146961 0,
  0.83146961 0.55557023 0,0.83146961 0.55557023 0,
  0.83146961 0.55557023 0,0.83146961 0.55557023 0,
  0.83146961 0.55557023 0,0.83146961 0.55557023 0,
  0.98078528 0.19509032 0,0.98078528 0.19509032 0,
  0.98078528 0.19509032 0,0.98078528 0.19509032 0,
  0.98078528 0.19509032 0,0.98078528 0.19509032 0,
  0.98078528 -0.19509032 0,0.98078528 -0.19509032 0,
  0.98078528 -0.19509032 0,0.98078528 -0.19509032 0,
  0.98078528 -0.19509032 0,0.98078528 -0.19509032 0,
  0.83146961 -0.55557023 0,0.83146961 -0.55557023 0,
  0.83146961 -0.55557023 0,0.83146961 -0.55557023 0,
  0.83146961 -0.55557023 0,0.83146961 -0.55557023 0,
  0.55557023 -0.83146961 0,0.55557023 -0.83146961 0,
  0.55557023 -0.83146961 0,0.55557023 -0.83146961 0,
  0.55557023 -0.83146961 0,0.55557023 -0.83146961 0,
  0.19509032 -0.98078528 0,0.19509032 -0.98078528 0,
  0.19509032 -0.98078528 0,0.19509032 -0.98078528 0,
  0.19509032 -0.98078528 0,0.19509032 -0.98078528 0,
  -0.19509032 -0.98078528 0,-0.19509032 -0.98078528 0,
  -0.19509032 -0.98078528 0,-0.19509032 -0.98078528 0,
  -0.19509032 -0.98078528 0,-0.19509032 -0.98078528 0,
  -0.55557023 -0.83146961 0,-0.55557023 -0.83146961 0,
  -0.55557023 -0.83146961 0,-0.55557023 -0.83146961 0,
  -0.55557023 -0.83146961 0,-0.55557023 -0.83146961 0,
  -0.83146961 -0.55557023 0,-0.83146961 -0.55557023 0,
  -0.83146961 -0.55557023 0,-0.83146961 -0.55557023 0,
  -0.83146961 -0.55557023 0,-0.83146961 -0.55557023 0,
  -0.98078528 -0.19509032 0,-0.98078528 -0.19509032 0,
  -0.98078528 -0.19509032 0,-0.98078528 -0.19509032 0,
  -0.98078528 -0.19509032 0,-0.98078528 -0.19509032 0,
  -0.98078528 0.19509032 0,-0.98078528 0.19509032 0,
  -0.98078528 0.19509032 0,-0.98078528 0.19509032 0,
  -0.98078528 0.19509032 0,-0.98078528 0.19509032 0,
  -0.83146961 0.55557023 0,-0.83146961 0.55557023 0,
  -0.83146961 0.55557023 0,-0.83146961 0.55557023 0,
  -0.83146961 0.55557023 0,-0.83146961 0.55557023 0,
  -0.55557023 0.83146961 0,-0.55557023 0.83146961 0,
  -0.55557023 0.83146961 0,-0.55557023 0.83146961 0,
  -0.55557023 0.83146961 0,-0.55557023 0.83146961 0,
  -0.19509032 0.98078528 0,-0.19509032 0.98078528 0,
  -0.19509032 0.98078528 0,-0.19509032 0.98078528 0,
  -0.19509032 0.98078528 0,-0.19509032 0.98078528 0,
  0.19509032 0.98078528 0,0.19509032 0.98078528 0,
  0.19509032 0.98078528 0,0.19509032 0.98078528 0,
  0.19509032 0.98078528 0,0.19509032 0.98078528 0,
  0.55557023 0.83146961 0,0.55557023 0.83146961 0,
  0.55557023 0.83146961 0,0.55557023 0.83146961 0,
  0.55557023 0.83146961 0,0.55557023 0.83146961 0,
  0.83146961 0.55557023 0,0.83146961 0.55557023 0,
  0.83146961 0.55557023 0,0.83146961 0.55557023 0,
  0.83146961 0.55557023 0,0.83146961 0.55557023 0,
  0.98078528 0.19509032 0,0.98078528 0.19509032 0,
  0.98078528 0.19509032 0,0.98078528 0.19509032 0,
  0.98078528 0.19509032 0,0.98078528 0.19509032 0,
  0.98078528 -0.19509032 0,0.98078528 -0.19509032 0,
  0.98078528 -0.19509032 0,0.98078528 -0.19509032 0,
  0.98078528 -0.19509032 0,0.98078528 -0.19509032 0,
  0.83146961 -0.55557023 0,0.83146961 -0.55557023 0,
  0.83146961 -0.55557023 0,0.83146961 -0.55557023 0,
  0.83146961 -0.55557023 0,0.83146961 -0.55557023 0,
  0.55557023 -0.83146961 0,0.55557023 -0.83146961 0,
  0.55557023 -0.83146961 0,0.55557023 -0.83146961 0,
  0.55557023 -0.83146961 0,0.55557023 -0.83146961 0,
  0.19509032 -0.98078528 0,0.19509032 -0.98078528 0,
  0.19509032 -0.98078528 0,0.19509032 -0.98078528 0,
  0.19509032 -0.98078528 0,0.19509032 -0.98078528 0,
  -0.19509032 -0.98078528 0,-0.19509032 -0.98078528 0,
  -0.19509032 -0.98078528 0,-0.19509032 -0.98078528 0,
  -0.19509032 -0.98078528 0,-0.19509032 -0.98078528 0,
  -0.55557023 -0.83146961 0,-0.55557023 -0.83146961 0,
  -0.55557023 -0.83146961 0,-0.55557023 -0.83146961 0,
  -0.55557023 -0.83146961 0,-0.55557023 -0.83146961 0,
  -0.83146961 -0.55557023 0,-0.83146961 -0.55557023 0,
  -0.83146961 -0.55557023 0,-0.83146961 -0.55557023 0,
  -0.83146961 -0.55557023 0,-0.83146961 -0.55557023 0,
  -0.98078528 -0.19509032 0,-0.98078528 -0.19509032 0,
  -0.98078528 -0.19509032 0,-0.98078528 -0.19509032 0,
  -0.98078528 -0.19509032 0,-0.98078528 -0.19509032 0,
  -0.98078528 0.19509032 0,-0.98078528 0.19509032 0,
  -0.98078528 0.19509032 0,-0.98078528 0.19509032 0,
  -0.98078528 0.19509032 0,-0.98078528 0.19509032 0,
  -0.83146961 0.55557023 0,-0.83146961 0.55557023 0,
  -0.83146961 0.55557023 0,-0.83146961 0.55557023 0,
  -0.83146961 0.55557023 0,-0.83146961 0.55557023 0,
  -0.55557023 0.83146961 0,-0.55557023 0.83146961 0,
  -0.55557023 0.83146961 0,-0.55557023 0.83146961 0,
  -0.55557023 0.83146961 0,-0.55557023 0.83146961 0,
  -0.19509032 0.98078528 0,-0.19509032 0.98078528 0,
  -0.19509032 0.98078528 0,-0.19509032 0.98078528 0,
  -0.19509032 0.98078528 0,-0.19509032 0.98078528 0,
  0.19509032 0.98078528 0,0.19509032 0.98078528 0,
  0.19509032 0.98078528 0,0.19509032 0.98078528 0,
  0.19509032 0.98078528 0,0.19509032 0.98078528 0,
  0.55557023 0.83146961 0,0.55557023 0.83146961 0,
  0.55557023 0.83146961 0,0.55557023 0.83146961 0,
  0.55557023 0.83146961 0,0.55557023 0.83146961 0,
  0.83146961 0.55557023 0,0.83146961 0.55557023 0,
  0.83146961 0.55557023 0,0.83146961 0.55557023 0,
  0.83146961 0.55557023 0,0.83146961 0.55557023 0,
  0.98078528 0.19509032 0,0.98078528 0.19509032 0,
  0.98078528 0.19509032 0,0.98078528 0.19509032 0,
  0.98078528 0.19509032 0,0.98078528 0.19509032 0,
  0.55557023 -0.83146961 0,0.55557023 -0.83146961 0,
  0.55557023 -0.83146961 0,0.55557023 -0.83146961 0,
  0.55557023 -0.83146961 0,0.55557023 -0.83146961 0,
  0.19509032 -0.98078528 0,0.19509032 -0.98078528 0,
  0.19509032 -0.98078528 0,0.19509032 -0.98078528 0,
  0.19509032 -0.98078528 0,0.19509032 -0.98078528 0,
  -0.19509032 -0.98078528 0,-0.19509032 -0.98078528 0,
  -0.19509032 -0.98078528 0,-0.19509032 -0.98078528 0,
  -0.19509032 -0.98078528 0,-0.19509032 -0.98078528 0,
  -0.55557023 -0.83146961 0,-0.55557023 -0.83146961 0,
  -0.55557023 -0.83146961 0,-0.55557023 -0.83146961 0,
  -0.55557023 -0.83146961 0,-0.55557023 -0.83146961 0,
  -0.83146961 -0.55557023 0,-0.83146961 -0.55557023 0,
  -0.83146961 -0.55557023 0,-0.83146961 -0.55557023 0,
  -0.83146961 -0.55557023 0,-0.83146961 -0.55557023 0,
  -0.98078528 -0.19509032 0,-0.98078528 -0.19509032 0,
  -0.98078528 -0.19509032 0,-0.98078528 -0.19509032 0,
  -0.98078528 -0.19509032 0,-0.98078528 -0.19509032 0,
  -0.98078528 0.19509032 0,-0.98078528 0.19509032 0,
  -0.98078528 0.19509032 0,-0.98078528 0.19509032 0,
  -0.98078528 0.19509032 0,-0.98078528 0.19509032 0,
  -0.83146961 0.55557023 0,-0.83146961 0.55557023 0,
  -0.83146961 0.55557023 0,-0.83146961 0.55557023 0,
  -0.83146961 0.55557023 0,-0.83146961 0.55557023 0,
  -0.55557023 0.83146961 0,-0.55557023 0.83146961 0,
  -0.55557023 0.83146961 0,-0.55557023 0.83146961 0,
  -0.55557023 0.83146961 0,-0.55557023 0.83146961 0,
  -0.19509032 0.98078528 0,-0.19509032 0.98078528 0,
  -0.19509032 0.98078528 0,-0.19509032 0.98078528 0,
  -0.19509032 0.98078528 0,-0.19509032 0.98078528 0,
  0.19509032 0.98078528 0,0.19509032 0.98078528 0,
  0.19509032 0.98078528 0,0.19509032 0.98078528 0,
  0.19509032 0.98078528 0,0.19509032 0.98078528 0,
  0.55557023 0.83146961 0,0.55557023 0.83146961 0,
  0.55557023 0.83146961 0,0.55557023 0.83146961 0,
  0.55557023 0.83146961 0,0.55557023 0.83146961 0,
  0.83146961 0.55557023 0,0.83146961 0.55557023 0,
  0.83146961 0.55557023 0,0.83146961 0.55557023 0,
  0.83146961 0.55557023 0,0.83146961 0.55557023 0,
  0.98078528 0.19509032 0,0.98078528 0.19509032 0,
  0.98078528 0.19509032 0,0.98078528 0.19509032 0,
  0.98078528 0.19509032 0,0.98078528 0.19509032 0,
  0.98078528 -0.19509032 0,0.98078528 -0.19509032 0,
  0.98078528 -0.19509032 0,0.98078528 -0.19509032 0,
  0.98078528 -0.19509032 0,0.98078528 -0.19509032 0,
  0.83146961 -0.55557023 0,0.83146961 -0.55557023 0,
  0.83146961 -0.55557023 0,0.83146961 -0.55557023 0,
  0.83146961 -0.55557023 0,0.83146961 -0.55557023 0,
  0.98078528 -0.19509032 0,0.98078528 -0.19509032 0,
  0.98078528 -0.19509032 0,0.98078528 -0.19509032 0,
  0.98078528 -0.19509032 0,0.98078528 -0.19509032 0,
  0.83146961 -0.55557023 0,0.83146961 -0.55557023 0,
  0.83146961 -0.55557023 0,0.83146961 -0.55557023 0,
  0.83146961 -0.55557023 0,0.83146961 -0.55557023 0,
  0.55557023 -0.83146961 0,0.55557023 -0.83146961 0,
  0.55557023 -0.83146961 0,0.55557023 -0.83146961 0,
  0.55557023 -0.83146961 0,0.55557023 -0.83146961 0,
  0.19509032 -0.98078528 0,0.19509032 -0.98078528 0,
  0.19509032 -0.98078528 0,0.19509032 -0.98078528 0,
  0.19509032 -0.98078528 0,0.19509032 -0.98078528 0,
  -0.19509032 -0.98078528 0,-0.19509032 -0.98078528 0,
  -0.19509032 -0.98078528 0,-0.19509032 -0.98078528 0,
  -0.19509032 -0.98078528 0,-0.19509032 -0.98078528 0,
  -0.55557023 -0.83146961 0,-0.55557023 -0.83146961 0,
  -0.55557023 -0.83146961 0,-0.55557023 -0.83146961 0,
  -0.55557023 -0.83146961 0,-0.55557023 -0.83146961 0,
  -0.83146961 -0.55557023 0,-0.83146961 -0.55557023 0,
  -0.83146961 -0.55557023 0,-0.83146961 -0.55557023 0,
  -0.83146961 -0.55557023 0,-0.83146961 -0.55557023 0,
  -0.98078528 -0.19509032 0,-0.98078528 -0.19509032 0,
  -0.98078528 -0.19509032 0,-0.98078528 -0.19509032 0,
  -0.98078528 -0.19509032 0,-0.98078528 -0.19509032 0,
  -0.98078528 0.19509032 0,-0.98078528 0.19509032 0,
  -0.98078528 0.19509032 0,-0.98078528 0.19509032 0,
  -0.98078528 0.19509032 0,-0.98078528 0.19509032 0,
  -0.83146961 0.55557023 0,-0.83146961 0.55557023 0,
  -0.83146961 0.55557023 0,-0.83146961 0.55557023 0,
  -0.83146961 0.55557023 0,-0.83146961 0.55557023 0,
  -0.55557023 0.83146961 0,-0.55557023 0.83146961 0,
  -0.55557023 0.83146961 0,-0.55557023 0.83146961 0,
  -0.55557023 0.83146961 0,-0.55557023 0.83146961 0,
  -0.19509032 0.98078528 0,-0.19509032 0.98078528 0,
  -0.19509032 0.98078528 0,-0.19509032 0.98078528 0,
  -0.19509032 0.98078528 0,-0.19509032 0.98078528 0,
  0.19509032 0.98078528 0,0.19509032 0.98078528 0,
  0.19509032 0.98078528 0,0.19509032 0.98078528 0,
  0.19509032 0.98078528 0,0.19509032 0.98078528 0,
  0.55557023 0.83146961 0,0.55557023 0.83146961 0,
  0.55557023 0.83146961 0,0.55557023 0.83146961 0,
  0.55557023 0.83146961 0,0.55557023 0.83146961 0,
  0.83146961 0.55557023 0,0.83146961 0.55557023 0,
  0.83146961 0.55557023 0,0.83146961 0.55557023 0,
  0.83146961 0.55557023 0,0.83146961 0.55557023 0,
  0.98078528 0.19509032 0,0.98078528 0.19509032 0,
  0.98078528 0.19509032 0,0.98078528 0.19509032 0,
  0.98078528 0.19509032 0,0.98078528 0.19509032 0,
  -0.83146961 -0.55557023 0,-0.83146961 -0.55557023 0,
  -0.83146961 -0.55557023 0,-0.83146961 -0.55557023 0,
  -0.83146961 -0.55557023 0,-0.83146961 -0.55557023 0,
  -0.98078528 -0.19509032 0,-0.98078528 -0.19509032 0,
  -0.98078528 -0.19509032 0,-0.98078528 -0.19509032 0,
  -0.98078528 -0.19509032 0,-0.98078528 -0.19509032 0,
  -0.98078528 0.19509032 0,-0.98078528 0.19509032 0,
  -0.98078528 0.19509032 0,-0.98078528 0.19509032 0,
  -0.98078528 0.19509032 0,-0.98078528 0.19509032 0,
  -0.83146961 0.55557023 0,-0.83146961 0.55557023 0,
  -0.83146961 0.55557023 0,-0.83146961 0.55557023 0,
  -0.83146961 0.55557023 0,-0.83146961 0.55557023 0,
  -0.55557023 0.83146961 0,-0.55557023 0.83146961 0,
  -0.55557023 0.83146961 0,-0.55557023 0.83146961 0,
  -0.55557023 0.83146961 0,-0.55557023 0.83146961 0,
  -0.19509032 0.98078528 0,-0.19509032 0.98078528 0,
  -0.19509032 0.98078528 0,-0.19509032 0.98078528 0,
  -0.19509032 0.98078528 0,-0.19509032 0.98078528 0,
  0.19509032 0.98078528 0,0.19509032 0.98078528 0,
  0.19509032 0.98078528 0,0.19509032 0.98078528 0,
  0.19509032 0.98078528 0,0.19509032 0.98078528 0,
  0.55557023 0.83146961 0,0.55557023 0.83146961 0,
  0.55557023 0.83146961 0,0.55557023 0.83146961 0,
  0.55557023 0.83146961 0,0.55557023 0.83146961 0,
  0.83146961 0.55557023 0,0.83146961 0.55557023 0,
  0.83146961 0.55557023 0,0.83146961 0.55557023 0,
  0.83146961 0.55557023 0,0.83146961 0.55557023 0,
  0.98078528 0.19509032 0,0.98078528 0.19509032 0,
  0.98078528 0.19509032 0,0.98078528 0.19509032 0,
  0.98078528 0.19509032 0,0.98078528 0.19509032 0,
  0.98078528 -0.19509032 0,0.98078528 -0.19509032 0,
  0.98078528 -0.19509032 0,0.98078528 -0.19509032 0,
  0.98078528 -0.19509032 0,0.98078528 -0.19509032 0,
  0.83146961 -0.55557023 0,0.83146961 -0.55557023 0,
  0.83146961 -0.55557023 0,0.83146961 -0.55557023 0,
  0.83146961 -0.55557023 0,0.83146961 -0.55557023 0,
  0.55557023 -0.83146961 0,0.55557023 -0.83146961 0,
  0.55557023 -0.83146961 0,0.55557023 -0.83146961 0,
  0.55557023 -0.83146961 0,0.55557023 -0.83146961 0,
  0.19509032 -0.98078528 0,0.19509032 -0.98078528 0,
  0.19509032 -0.98078528 0,0.19509032 -0.98078528 0,
  0.19509032 -0.98078528 0,0.19509032 -0.98078528 0,
  -0.19509032 -0.98078528 0,-0.19509032 -0.98078528 0,
  -0.19509032 -0.98078528 0,-0.19509032 -0.98078528 0,
  -0.19509032 -0.98078528 0,-0.19509032 -0.98078528 0,
  -0.55557023 -0.83146961 0,-0.55557023 -0.83146961 0,
  -0.55557023 -0.83146961 0,-0.55557023 -0.83146961 0,
  -0.55557023 -0.83146961 0,-0.55557023 -0.83146961 0,
  0.19509032 -0.98078528 0,0.19509032 -0.98078528 0,
  0.19509032 -0.98078528 0,0.19509032 -0.98078528 0,
  0.19509032 -0.98078528 0,0.19509032 -0.98078528 0,
  -0.19509032 -0.98078528 0,-0.19509032 -0.98078528 0,
  -0.19509032 -0.98078528 0,-0.19509032 -0.98078528 0,
  -0.19509032 -0.98078528 0,-0.19509032 -0.98078528 0,
  -0.55557023 -0.83146961 0,-0.55557023 -0.83146961 0,
  -0.55557023 -0.83146961 0,-0.55557023 -0.83146961 0,
  -0.55557023 -0.83146961 0,-0.55557023 -0.83146961 0,
  -0.83146961 -0.55557023 0,-0.83146961 -0.55557023 0,
  -0.83146961 -0.55557023 0,-0.83146961 -0.55557023 0,
  -0.83146961 -0.55557023 0,-0.83146961 -0.55557023 0,
  -0.98078528 -0.19509032 0,-0.98078528 -0.19509032 0,
  -0.98078528 -0.19509032 0,-0.98078528 -0.19509032 0,
  -0.98078528 -0.19509032 0,-0.98078528 -0.19509032 0,
  -0.98078528 0.19509032 0,-0.98078528 0.19509032 0,
  -0.98078528 0.19509032 0,-0.98078528 0.19509032 0,
  -0.98078528 0.19509032 0,-0.98078528 0.19509032 0,
  -0.83146961 0.55557023 0,-0.83146961 0.55557023 0,
  -0.83146961 0.55557023 0,-0.83146961 0.55557023 0,
  -0.83146961 0.55557023 0,-0.83146961 0.55557023 0,
  -0.55557023 0.83146961 0,-0.55557023 0.83146961 0,
  -0.55557023 0.83146961 0,-0.55557023 0.83146961 0,
  -0.55557023 0.83146961 0,-0.55557023 0.83146961 0,
  -0.19509032 0.98078528 0,-0.19509032 0.98078528 0,
  -0.19509032 0.98078528 0,-0.19509032 0.98078528 0,
  -0.19509032 0.98078528 0,-0.19509032 0.98078528 0,
  0.19509032 0.98078528 0,0.19509032 0.98078528 0,
  0.19509032 0.98078528 0,0.19509032 0.98078528 0,
  0.19509032 0.98078528 0,0.19509032 0.98078528 0,
  0.55557023 0.83146961 0,0.55557023 0.83146961 0,
  0.55557023 0.83146961 0,0.55557023 0.83146961 0,
  0.55557023 0.83146961 0,0.55557023 0.83146961 0,
  0.83146961 0.55557023 0,0.83146961 0.55557023 0,
  0.83146961 0.55557023 0,0.83146961 0.55557023 0,
  0.83146961 0.55557023 0,0.83146961 0.55557023 0,
  0.98078528 0.19509032 0,0.98078528 0.19509032 0,
  0.98078528 0.19509032 0,0.98078528 0.19509032 0,
  0.98078528 0.19509032 0,0.98078528 0.19509032 0,
  0.98078528 -0.19509032 0,0.98078528 -0.19509032 0,
  0.98078528 -0.19509032 0,0.98078528 -0.19509032 0,
  0.98078528 -0.19509032 0,0.98078528 -0.19509032 0,
  0.83146961 -0.55557023 0,0.83146961 -0.55557023 0,
  0.83146961 -0.55557023 0,0.83146961 -0.55557023 0,
  0.83146961 -0.55557023 0,0.83146961 -0.55557023 0,
  0.55557023 -0.83146961 0,0.55557023 -0.83146961 0,
  0.55557023 -0.83146961 0,0.55557023 -0.83146961 0,
  0.55557023 -0.83146961 0,0.55557023 -0.83146961 0,
  0.98078528 -0.19509032 0,0.98078528 -0.19509032 0,
  0.98078528 -0.19509032 0,0.98078528 -0.19509032 0,
  0.98078528 -0.19509032 0,0.98078528 -0.19509032 0,
  0.83146961 -0.55557023 0,0.83146961 -0.55557023 0,
  0.83146961 -0.55557023 0,0.83146961 -0.55557023 0,
  0.83146961 -0.55557023 0,0.83146961 -0.55557023 0,
  0.55557023 -0.83146961 0,0.55557023 -0.83146961 0,
  0.55557023 -0.83146961 0,0.55557023 -0.83146961 0,
  0.55557023 -0.83146961 0,0.55557023 -0.83146961 0,
  0.19509032 -0.98078528 0,0.19509032 -0.98078528 0,
  0.19509032 -0.98078528 0,0.19509032 -0.98078528 0,
  0.19509032 -0.98078528 0,0.19509032 -0.98078528 0,
  -0.19509032 -0.98078528 0,-0.19509032 -0.98078528 0,
  -0.19509032 -0.98078528 0,-0.19509032 -0.98078528 0,
  -0.19509032 -0.98078528 0,-0.19509032 -0.98078528 0,
  -0.55557023 -0.83146961 0,-0.55557023 -0.83146961 0,
  -0.55557023 -0.83146961 0,-0.55557023 -0.83146961 0,
  -0.55557023 -0.83146961 0,-0.55557023 -0.83146961 0,
  -0.83146961 -0.55557023 0,-0.83146961 -0.55557023 0,
  -0.83146961 -0.55557023 0,-0.83146961 -0.55557023 0,
  -0.83146961 -0.55557023 0,-0.83146961 -0.55557023 0,
  -0.98078528 -0.19509032 0,-0.98078528 -0.19509032 0,
  -0.98078528 -0.19509032 0,-0.98078528 -0.19509032 0,
  -0.98078528 -0.19509032 0,-0.98078528 -0.19509032 0,
  -0.98078528 0.19509032 0,-0.98078528 0.19509032 0,
  -0.98078528 0.19509032 0,-0.98078528 0.19509032 0,
  -0.98078528 0.19509032 0,-0.98078528 0.19509032 0,
  -0.83146961 0.55557023 0,-0.83146961 0.55557023 0,
  -0.83146961 0.55557023 0,-0.83146961 0.55557023 0,
  -0.83146961 0.55557023 0,-0.83146961 0.55557023 0,
  -0.55557023 0.83146961 0,-0.55557023 0.83146961 0,
  -0.55557023 0.83146961 0,-0.55557023 0.83146961 0,
  -0.55557023 0.83146961 0,-0.55557023 0.83146961 0,
  -0.19509032 0.98078528 0,-0.19509032 0.98078528 0,
  -0.19509032 0.98078528 0,-0.19509032 0.98078528 0,
  -0.19509032 0.98078528 0,-0.19509032 0.98078528 0,
  0.19509032 0.98078528 0,0.19509032 0.98078528 0,
  0.19509032 0.98078528 0,0.19509032 0.98078528 0,
  0.19509032 0.98078528 0,0.19509032 0.98078528 0,
  0.55557023 0.83146961 0,0.55557023 0.83146961 0,
  0.55557023 0.83146961 0,0.55557023 0.83146961 0,
  0.55557023 0.83146961 0,0.55557023 0.83146961 0,
  0.83146961 0.55557023 0,0.83146961 0.55557023 0,
  0.83146961 0.55557023 0,0.83146961 0.55557023 0,
  0.83146961 0.55557023 0,0.83146961 0.55557023 0,
  0.98078528 0.19509032 0,0.98078528 0.19509032 0,
  0.98078528 0.19509032 0,0.98078528 0.19509032 0,
  0.98078528 0.19509032 0,0.98078528 0.19509032 0,
  -0.55557023 -0.83146961 0,-0.55557023 -0.83146961 0,
  -0.55557023 -0.83146961 0,-0.55557023 -0.83146961 0,
  -0.55557023 -0.83146961 0,-0.55557023 -0.83146961 0,
  -0.83146961 -0.55557023 0,-0.83146961 -0.55557023 0,
  -0.83146961 -0.55557023 0,-0.83146961 -0.55557023 0,
  -0.83146961 -0.55557023 0,-0.83146961 -0.55557023 0,
  -0.98078528 -0.19509032 0,-0.98078528 -0.19509032 0,
  -0.98078528 -0.19509032 0,-0.98078528 -0.19509032 0,
  -0.98078528 -0.19509032 0,-0.98078528 -0.19509032 0,
  -0.98078528 0.19509032 0,-0.98078528 0.19509032 0,
  -0.98078528 0.19509032 0,-0.98078528 0.19509032 0,
  -0.98078528 0.19509032 0,-0.98078528 0.19509032 0,
  -0.83146961 0.55557023 0,-0.83146961 0.55557023 0,
  -0.83146961 0.55557023 0,-0.83146961 0.55557023 0,
  -0.83146961 0.55557023 0,-0.83146961 0.55557023 0,
  -0.55557023 0.83146961 0,-0.55557023 0.83146961 0,
  -0.55557023 0.83146961 0,-0.55557023 0.83146961 0,
  -0.55557023 0.83146961 0,-0.55557023 0.83146961 0,
  -0.19509032 0.98078528 0,-0.19509032 0.98078528 0,
  -0.19509032 0.98078528 0,-0.19509032 0.98078528 0,
  -0.19509032 0.98078528 0,-0.19509032 0.98078528 0,
  0.19509032 0.98078528 0,0.19509032 0.98078528 0,
  0.19509032 0.98078528 0,0.19509032 0.98078528 0,
  0.19509032 0.98078528 0,0.19509032 0.98078528 0,
  0.55557023 0.83146961 0,0.55557023 0.83146961 0,
  0.55557023 0.83146961 0,0.55557023 0.83146961 0,
  0.55557023 0.83146961 0,0.55557023 0.83146961 0,
  0.83146961 0.55557023 0,0.83146961 0.55557023 0,
  0.83146961 0.55557023 0,0.83146961 0.55557023 0,
  0.83146961 0.55557023 0,0.83146961 0.55557023 0,
  0.98078528 0.19509032 0,0.98078528 0.19509032 0,
  0.98078528 0.19509032 0,0.98078528 0.19509032 0,
  0.98078528 0.19509032 0,0.98078528 0.19509032 0,
  0.98078528 -0.19509032 0,0.98078528 -0.19509032 0,
  0.98078528 -0.19509032 0,0.98078528 -0.19509032 0,
  0.98078528 -0.19509032 0,0.98078528 -0.19509032 0,
  0.83146961 -0.55557023 0,0.83146961 -0.55557023 0,
  0.83146961 -0.55557023 0,0.83146961 -0.55557023 0,
  0.83146961 -0.55557023 0,0.83146961 -0.55557023 0,
  0.55557023 -0.83146961 0,0.55557023 -0.83146961 0,
  0.55557023 -0.83146961 0,0.55557023 -0.83146961 0,
  0.55557023 -0.83146961 0,0.55557023 -0.83146961 0,
  0.19509032 -0.98078528 0,0.19509032 -0.98078528 0,
  0.19509032 -0.98078528 0,0.19509032 -0.98078528 0,
  0.19509032 -0.98078528 0,0.19509032 -0.98078528 0,
  -0.19509032 -0.98078528 0,-0.19509032 -0.98078528 0,
  -0.19509032 -0.98078528 0,-0.19509032 -0.98078528 0,
  -0.19509032 -0.98078528 0,-0.19509032 -0.98078528 0,
  -0.98078528 0.19509032 0,-0.98078528 0.19509032 0,
  -0.98078528 0.19509032 0,-0.98078528 0.19509032 0,
  -0.98078528 0.19509032 0,-0.98078528 0.19509032 0,
  -0.83146961 0.55557023 0,-0.83146961 0.55557023 0,
  -0.83146961 0.55557023 0,-0.83146961 0.55557023 0,
  -0.83146961 0.55557023 0,-0.83146961 0.55557023 0,
  -0.55557023 0.83146961 0,-0.55557023 0.83146961 0,
  -0.55557023 0.83146961 0,-0.55557023 0.83146961 0,
  -0.55557023 0.83146961 0,-0.55557023 0.83146961 0,
  -0.19509032 0.98078528 0,-0.19509032 0.98078528 0,
  -0.19509032 0.98078528 0,-0.19509032 0.98078528 0,
  -0.19509032 0.98078528 0,-0.19509032 0.98078528 0,
  0.19509032 0.98078528 0,0.19509032 0.98078528 0,
  0.19509032 0.98078528 0,0.19509032 0.98078528 0,
  0.19509032 0.98078528 0,0.19509032 0.98078528 0,
  0.55557023 0.83146961 0,0.55557023 0.83146961 0,
  0.55557023 0.83146961 0,0.55557023 0.83146961 0,
  0.55557023 0.83146961 0,0.55557023 0.83146961 0,
  0.83146961 0.55557023 0,0.83146961 0.55557023 0,
  0.83146961 0.55557023 0,0.83146961 0.55557023 0,
  0.83146961 0.55557023 0,0.83146961 0.55557023 0,
  0.98078528 0.19509032 0,0.98078528 0.19509032 0,
  0.98078528 0.19509032 0,0.98078528 0.19509032 0,
  0.98078528 0.19509032 0,0.98078528 0.19509032 0,
  0.98078528 -0.19509032 0,0.98078528 -0.19509032 0,
  0.98078528 -0.19509032 0,0.98078528 -0.19509032 0,
  0.98078528 -0.19509032 0,0.98078528 -0.19509032 0,
  0.83146961 -0.55557023 0,0.83146961 -0.55557023 0,
  0.83146961 -0.55557023 0,0.83146961 -0.55557023 0,
  0.83146961 -0.55557023 0,0.83146961 -0.55557023 0,
  0.55557023 -0.83146961 0,0.55557023 -0.83146961 0,
  0.55557023 -0.83146961 0,0.55557023 -0.83146961 0,
  0.55557023 -0.83146961 0,0.55557023 -0.83146961 0,
  0.19509032 -0.98078528 0,0.19509032 -0.98078528 0,
  0.19509032 -0.98078528 0,0.19509032 -0.98078528 0,
  0.19509032 -0.98078528 0,0.19509032 -0.98078528 0,
  -0.19509032 -0.98078528 0,-0.19509032 -0.98078528 0,
  -0.19509032 -0.98078528 0,-0.19509032 -0.98078528 0,
  -0.19509032 -0.98078528 0,-0.19509032 -0.98078528 0,
  -0.55557023 -0.83146961 0,-0.55557023 -0.83146961 0,
  -0.55557023 -0.83146961 0,-0.55557023 -0.83146961 0,
  -0.55557023 -0.83146961 0,-0.55557023 -0.83146961 0,
  -0.83146961 -0.55557023 0,-0.83146961 -0.55557023 0,
  -0.83146961 -0.55557023 0,-0.83146961 -0.55557023 0,
  -0.83146961 -0.55557023 0,-0.83146961 -0.55557023 0,
  -0.98078528 -0.19509032 0,-0.98078528 -0.19509032 0,
  -0.98078528 -0.19509032 0,-0.98078528 -0.19509032 0,
  -0.98078528 -0.19509032 0,-0.98078528 -0.19509032 0,
  -0.98078528 0.19509032 0,-0.98078528 0.19509032 0,
  -0.98078528 0.19509032 0,-0.98078528 0.19509032 0,
  -0.98078528 0.19509032 0,-0.98078528 0.19509032 0,
  -0.83146961 0.55557023 0,-0.83146961 0.55557023 0,
  -0.83146961 0.55557023 0,-0.83146961 0.55557023 0,
  -0.83146961 0.55557023 0,-0.83146961 0.55557023 0,
  -0.55557023 0.83146961 0,-0.55557023 0.83146961 0,
  -0.55557023 0.83146961 0,-0.55557023 0.83146961 0,
  -0.55557023 0.83146961 0,-0.55557023 0.83146961 0,
  -0.19509032 0.98078528 0,-0.19509032 0.98078528 0,
  -0.19509032 0.98078528 0,-0.19509032 0.98078528 0,
  -0.19509032 0.98078528 0,-0.19509032 0.98078528 0,
  0.19509032 0.98078528 0,0.19509032 0.98078528 0,
  0.19509032 0.98078528 0,0.19509032 0.98078528 0,
  0.19509032 0.98078528 0,0.19509032 0.98078528 0,
  0.55557023 0.83146961 0,0.55557023 0.83146961 0,
  0.55557023 0.83146961 0,0.55557023 0.83146961 0,
  0.55557023 0.83146961 0,0.55557023 0.83146961 0,
  0.83146961 0.55557023 0,0.83146961 0.55557023 0,
  0.83146961 0.55557023 0,0.83146961 0.55557023 0,
  0.83146961 0.55557023 0,0.83146961 0.55557023 0,
  0.98078528 0.19509032 0,0.98078528 0.19509032 0,
  0.98078528 0.19509032 0,0.98078528 0.19509032 0,
  0.98078528 0.19509032 0,0.98078528 0.19509032 0,
  0.98078528 -0.19509032 0,0.98078528 -0.19509032 0,
  0.98078528 -0.19509032 0,0.98078528 -0.19509032 0,
  0.98078528 -0.19509032 0,0.98078528 -0.19509032 0,
  0.83146961 -0.55557023 0,0.83146961 -0.55557023 0,
  0.83146961 -0.55557023 0,0.83146961 -0.55557023 0,
  0.83146961 -0.55557023 0,0.83146961 -0.55557023 0,
  0.55557023 -0.83146961 0,0.55557023 -0.83146961 0,
  0.55557023 -0.83146961 0,0.55557023 -0.83146961 0,
  0.55557023 -0.83146961 0,0.55557023 -0.83146961 0,
  0.19509032 -0.98078528 0,0.19509032 -0.98078528 0,
  0.19509032 -0.98078528 0,0.19509032 -0.98078528 0,
  0.19509032 -0.98078528 0,0.19509032 -0.98078528 0,
  -0.19509032 -0.98078528 0,-0.19509032 -0.98078528 0,
  -0.19509032 -0.98078528 0,-0.19509032 -0.98078528 0,
  -0.19509032 -0.98078528 0,-0.19509032 -0.98078528 0,
  -0.55557023 -0.83146961 0,-0.55557023 -0.83146961 0,
  -0.55557023 -0.83146961 0,-0.55557023 -0.83146961 0,
  -0.55557023 -0.83146961 0,-0.55557023 -0.83146961 0,
  -0.83146961 -0.55557023 0,-0.83146961 -0.55557023 0,
  -0.83146961 -0.55557023 0,-0.83146961 -0.55557023 0,
  -0.83146961 -0.55557023 0,-0.83146961 -0.55557023 0,
  -0.98078528 -0.19509032 0,-0.98078528 -0.19509032 0,
  -0.98078528 -0.19509032 0,-0.98078528 -0.19509032 0,
  -0.98078528 -0.19509032 0,-0.98078528 -0.19509032 0,
  -0.98078528 0.19509032 0,-0.98078528 0.19509032 0,
  -0.98078528 0.19509032 0,-0.98078528 0.19509032 0,
  -0.98078528 0.19509032 0,-0.98078528 0.19509032 0,
  -0.83146961 0.55557023 0,-0.83146961 0.55557023 0,
  -0.83146961 0.55557023 0,-0.83146961 0.55557023 0,
  -0.83146961 0.55557023 0,-0.83146961 0.55557023 0,
  -0.55557023 0.83146961 0,-0.55557023 0.83146961 0,
  -0.55557023 0.83146961 0,-0.55557023 0.83146961 0,
  -0.55557023 0.83146961 0,-0.55557023 0.83146961 0,
  -0.19509032 0.98078528 0,-0.19509032 0.98078528 0,
  -0.19509032 0.98078528 0,-0.19509032 0.98078528 0,
  -0.19509032 0.98078528 0,-0.19509032 0.98078528 0,
  0.19509032 0.98078528 0,0.19509032 0.98078528 0,
  0.19509032 0.98078528 0,0.19509032 0.98078528 0,
  0.19509032 0.98078528 0,0.19509032 0.98078528 0,
  0.55557023 0.83146961 0,0.55557023 0.83146961 0,
  0.55557023 0.83146961 0,0.55557023 0.83146961 0,
  0.55557023 0.83146961 0,0.55557023 0.83146961 0,
  0.83146961 0.55557023 0,0.83146961 0.55557023 0,
  0.83146961 0.55557023 0,0.83146961 0.55557023 0,
  0.83146961 0.55557023 0,0.83146961 0.55557023 0,
  0.98078528 0.19509032 0,0.98078528 0.19509032 0,
  0.98078528 0.19509032 0,0.98078528 0.19509032 0,
  0.98078528 0.19509032 0,0.98078528 0.19509032 0,
  0.98078528 -0.19509032 0,0.98078528 -0.19509032 0,
  0.98078528 -0.19509032 0,0.98078528 -0.19509032 0,
  0.98078528 -0.19509032 0,0.98078528 -0.19509032 0,
  0.83146961 -0.55557023 0,0.83146961 -0.55557023 0,
  0.83146961 -0.55557023 0,0.83146961 -0.55557023 0,
  0.83146961 -0.55557023 0,0.83146961 -0.55557023 0,
  0.55557023 -0.83146961 0,0.55557023 -0.83146961 0,
  0.55557023 -0.83146961 0,0.55557023 -0.83146961 0,
  0.55557023 -0.83146961 0,0.55557023 -0.83146961 0,
  0.19509032 -0.98078528 0,0.19509032 -0.98078528 0,
  0.19509032 -0.98078528 0,0.19509032 -0.98078528 0,
  0.19509032 -0.98078528 0,0.19509032 -0.98078528 0,
  -0.19509032 -0.98078528 0,-0.19509032 -0.98078528 0,
  -0.19509032 -0.98078528 0,-0.19509032 -0.98078528 0,
  -0.19509032 -0.98078528 0,-0.19509032 -0.98078528 0,
  -0.55557023 -0.83146961 0,-0.55557023 -0.83146961 0,
  -0.55557023 -0.83146961 0,-0.55557023 -0.83146961 0,
  -0.55557023 -0.83146961 0,-0.55557023 -0.83146961 0,
  -0.83146961 -0.55557023 0,-0.83146961 -0.55557023 0,
  -0.83146961 -0.55557023 0,-0.83146961 -0.55557023 0,
  -0.83146961 -0.55557023 0,-0.83146961 -0.55557023 0,
  -0.98078528 -0.19509032 0,-0.98078528 -0.19509032 0,
  -0.98078528 -0.19509032 0,-0.98078528 -0.19509032 0,
  -0.98078528 -0.19509032 0,-0.98078528 -0.19509032 0,
  -0.98078528 0.19509032 0,-0.98078528 0.19509032 0,
  -0.98078528 0.19509032 0,-0.98078528 0.19509032 0,
  -0.98078528 0.19509032 0,-0.98078528 0.19509032 0,
  -0.83146961 0.55557023 0,-0.83146961 0.55557023 0,
  -0.83146961 0.55557023 0,-0.83146961 0.55557023 0,
  -0.83146961 0.55557023 0,-0.83146961 0.55557023 0,
  -0.55557023 0.83146961 0,-0.55557023 0.83146961 0,
  -0.55557023 0.83146961 0,-0.55557023 0.83146961 0,
  -0.55557023 0.83146961 0,-0.55557023 0.83146961 0,
  -0.19509032 0.98078528 0,-0.19509032 0.98078528 0,
  -0.19509032 0.98078528 0,-0.19509032 0.98078528 0,
  -0.19509032 0.98078528 0,-0.19509032 0.98078528 0,
  0.19509032 0.98078528 0,0.19509032 0.98078528 0,
  0.19509032 0.98078528 0,0.19509032 0.98078528 0,
  0.19509032 0.98078528 0,0.19509032 0.98078528 0,
  0.55557023 0.83146961 0,0.55557023 0.83146961 0,
  0.55557023 0.83146961 0,0.55557023 0.83146961 0,
  0.55557023 0.83146961 0,0.55557023 0.83146961 0,
  0.83146961 0.55557023 0,0.83146961 0.55557023 0,
  0.83146961 0.55557023 0,0.83146961 0.55557023 0,
  0.83146961 0.55557023 0,0.83146961 0.55557023 0,
  0.98078528 0.19509032 0,0.98078528 0.19509032 0,
  0.98078528 0.19509032 0,0.98078528 0.19509032 0,
  0.98078528 0.19509032 0,0.98078528 0.19509032 0,
  0.98078528 -0.19509032 0,0.98078528 -0.19509032 0,
  0.98078528 -0.19509032 0,0.98078528 -0.19509032 0,
  0.98078528 -0.19509032 0,0.98078528 -0.19509032 0,
  0.83146961 -0.55557023 0,0.83146961 -0.55557023 0,
  0.83146961 -0.55557023 0,0.83146961 -0.55557023 0,
  0.83146961 -0.55557023 0,0.83146961 -0.55557023 0,
  0.55557023 -0.83146961 0,0.55557023 -0.83146961 0,
  0.55557023 -0.83146961 0,0.55557023 -0.83146961 0,
  0.55557023 -0.83146961 0,0.55557023 -0.83146961 0,
  0.19509032 -0.98078528 0,0.19509032 -0.98078528 0,
  0.19509032 -0.98078528 0,0.19509032 -0.98078528 0,
  0.19509032 -0.98078528 0,0.19509032 -0.98078528 0,
  -0.19509032 -0.98078528 0,-0.19509032 -0.98078528 0,
  -0.19509032 -0.98078528 0,-0.19509032 -0.98078528 0,
  -0.19509032 -0.98078528 0,-0.19509032 -0.98078528 0,
  -0.55557023 -0.83146961 0,-0.55557023 -0.83146961 0,
  -0.55557023 -0.83146961 0,-0.55557023 -0.83146961 0,
  -0.55557023 -0.83146961 0,-0.55557023 -0.83146961 0,
  -0.83146961 -0.55557023 0,-0.83146961 -0.55557023 0,
  -0.83146961 -0.55557023 0,-0.83146961 -0.55557023 0,
  -0.83146961 -0.55557023 0,-0.83146961 -0.55557023 0,
  -0.98078528 -0.19509032 0,-0.98078528 -0.19509032 0,
  -0.98078528 -0.19509032 0,-0.98078528 -0.19509032 0,
  -0.98078528 -0.19509032 0,-0.98078528 -0.19509032 0,
  -0.98078528 0.19509032 0,-0.98078528 0.19509032 0,
  -0.98078528 0.19509032 0,-0.98078528 0.19509032 0,
  -0.98078528 0.19509032 0,-0.98078528 0.19509032 0,
  -0.83146961 0.55557023 0,-0.83146961 0.55557023 0,
  -0.83146961 0.55557023 0,-0.83146961 0.55557023 0,
  -0.83146961 0.55557023 0,-0.83146961 0.55557023 0,
  -0.55557023 0.83146961 0,-0.55557023 0.83146961 0,
  -0.55557023 0.83146961 0,-0.55557023 0.83146961 0,
  -0.55557023 0.83146961 0,-0.55557023 0.83146961 0,
  -0.19509032 0.98078528 0,-0.19509032 0.98078528 0,
  -0.19509032 0.98078528 0,-0.19509032 0.98078528 0,
  -0.19509032 0.98078528 0,-0.19509032 0.98078528 0,
  0.19509032 0.98078528 0,0.19509032 0.98078528 0,
  0.19509032 0.98078528 0,0.19509032 0.98078528 0,
  0.19509032 0.98078528 0,0.19509032 0.98078528 0,
  0.55557023 0.83146961 0,0.55557023 0.83146961 0,
  0.55557023 0.83146961 0,0.55557023 0.83146961 0,
  0.55557023 0.83146961 0,0.55557023 0.83146961 0,
  0.83146961 0.55557023 0,0.83146961 0.55557023 0,
  0.83146961 0.55557023 0,0.83146961 0.55557023 0,
  0.83146961 0.55557023 0,0.83146961 0.55557023 0,
  0.98078528 0.19509032 0,0.98078528 0.19509032 0,
  0.98078528 0.19509032 0,0.98078528 0.19509032 0,
  0.98078528 0.19509032 0,0.98078528 0.19509032 0,
  0.98078528 -0.19509032 0,0.98078528 -0.19509032 0,
  0.98078528 -0.19509032 0,0.98078528 -0.19509032 0,
  0.98078528 -0.19509032 0,0.98078528 -0.19509032 0,
  0.83146961 -0.55557023 0,0.83146961 -0.55557023 0,
  0.83146961 -0.55557023 0,0.83146961 -0.55557023 0,
  0.83146961 -0.55557023 0,0.83146961 -0.55557023 0,
  0.55557023 -0.83146961 0,0.55557023 -0.83146961 0,
  0.55557023 -0.83146961 0,0.55557023 -0.83146961 0,
  0.55557023 -0.83146961 0,0.55557023 -0.83146961 0,
  0.19509032 -0.98078528 0,0.19509032 -0.98078528 0,
  0.19509032 -0.98078528 0,0.19509032 -0.98078528 0,
  0.19509032 -0.98078528 0,0.19509032 -0.98078528 0,
  -0.19509032 -0.98078528 0,-0.19509032 -0.98078528 0,
  -0.19509032 -0.98078528 0,-0.19509032 -0.98078528 0,
  -0.19509032 -0.98078528 0,-0.19509032 -0.98078528 0,
  -0.55557023 -0.83146961 0,-0.55557023 -0.83146961 0,
  -0.55557023 -0.83146961 0,-0.55557023 -0.83146961 0,
  -0.55557023 -0.83146961 0,-0.55557023 -0.83146961 0,
  -0.83146961 -0.55557023 0,-0.83146961 -0.55557023 0,
  -0.83146961 -0.55557023 0,-0.83146961 -0.55557023 0,
  -0.83146961 -0.55557023 0,-0.83146961 -0.55557023 0,
  -0.98078528 -0.19509032 0,-0.98078528 -0.19509032 0,
  -0.98078528 -0.19509032 0,-0.98078528 -0.19509032 0,
  -0.98078528 -0.19509032 0,-0.98078528 -0.19509032 0,
  -0.98078528 0.19509032 0,-0.98078528 0.19509032 0,
  -0.98078528 0.19509032 0,-0.98078528 0.19509032 0,
  -0.98078528 0.19509032 0,-0.98078528 0.19509032 0,
  -0.83146961 0.55557023 0,-0.83146961 0.55557023 0,
  -0.83146961 0.55557023 0,-0.83146961 0.55557023 0,
  -0.83146961 0.55557023 0,-0.83146961 0.55557023 0,
  -0.55557023 0.83146961 0,-0.55557023 0.83146961 0,
  -0.55557023 0.83146961 0,-0.55557023 0.83146961 0,
  -0.55557023 0.83146961 0,-0.55557023 0.83146961 0,
  -0.19509032 0.98078528 0,-0.19509032 0.98078528 0,
  -0.19509032 0.98078528 0,-0.19509032 0.98078528 0,
  -0.19509032 0.98078528 0,-0.19509032 0.98078528 0,
  0.19509032 0.98078528 0,0.19509032 0.98078528 0,
  0.19509032 0.98078528 0,0.19509032 0.98078528 0,
  0.19509032 0.98078528 0,0.19509032 0.98078528 0,
  0.55557023 0.83146961 0,0.55557023 0.83146961 0,
  0.55557023 0.83146961 0,0.55557023 0.83146961 0,
  0.55557023 0.83146961 0,0.55557023 0.83146961 0,
  0.83146961 0.55557023 0,0.83146961 0.55557023 0,
  0.83146961 0.55557023 0,0.83146961 0.55557023 0,
  0.83146961 0.55557023 0,0.83146961 0.55557023 0,
  0.98078528 0.19509032 0,0.98078528 0.19509032 0,
  0.98078528 0.19509032 0,0.98078528 0.19509032 0,
  0.98078528 0.19509032 0,0.98078528 0.19509032 0,
  0.98078528 -0.19509032 0,0.98078528 -0.19509032 0,
  0.98078528 -0.19509032 0,0.98078528 -0.19509032 0,
  0.98078528 -0.19509032 0,0.98078528 -0.19509032 0,
  0.83146961 -0.55557023 0,0.83146961 -0.55557023 0,
  0.83146961 -0.55557023 0,0.83146961 -0.55557023 0,
  0.83146961 -0.55557023 0,0.83146961 -0.55557023 0,
  0.55557023 -0.83146961 0,0.55557023 -0.83146961 0,
  0.55557023 -0.83146961 0,0.55557023 -0.83146961 0,
  0.55557023 -0.83146961 0,0.55557023 -0.83146961 0,
  0.19509032 -0.98078528 0,0.19509032 -0.98078528 0,
  0.19509032 -0.98078528 0,0.19509032 -0.98078528 0,
  0.19509032 -0.98078528 0,0.19509032 -0.98078528 0,
  -0.19509032 -0.98078528 0,-0.19509032 -0.98078528 0,
  -0.19509032 -0.98078528 0,-0.19509032 -0.98078528 0,
  -0.19509032 -0.98078528 0,-0.19509032 -0.98078528 0,
  -0.55557023 -0.83146961 0,-0.55557023 -0.83146961 0,
  -0.55557023 -0.83146961 0,-0.55557023 -0.83146961 0,
  -0.55557023 -0.83146961 0,-0.55557023 -0.83146961 0,
  -0.83146961 -0.55557023 0,-0.83146961 -0.55557023 0,
  -0.83146961 -0.55557023 0,-0.83146961 -0.55557023 0,
  -0.83146961 -0.55557023 0,-0.83146961 -0.55557023 0,
  -0.98078528 -0.19509032 0,-0.98078528 -0.19509032 0,
  -0.98078528 -0.19509032 0,-0.98078528 -0.19509032 0,
  -0.98078528 -0.19509032 0,-0.98078528 -0.19509032 0,
  0.98078528 -0.19509032 0,0.98078528 -0.19509032 0,
  0.98078528 -0.19509032 0,0.98078528 -0.19509032 0,
  0.98078528 -0.19509032 0,0.98078528 -0.19509032 0,
  0.83146961 -0.55557023 0,0.83146961 -0.55557023 0,
  0.83146961 -0.55557023 0,0.83146961 -0.55557023 0,
  0.83146961 -0.55557023 0,0.83146961 -0.55557023 0,
  0.55557023 -0.83146961 0,0.55557023 -0.83146961 0,
  0.55557023 -0.83146961 0,0.55557023 -0.83146961 0,
  0.55557023 -0.83146961 0,0.55557023 -0.83146961 0,
  0.19509032 -0.98078528 0,0.19509032 -0.98078528 0,
  0.19509032 -0.98078528 0,0.19509032 -0.98078528 0,
  0.19509032 -0.98078528 0,0.19509032 -0.98078528 0,
  -0.19509032 -0.98078528 0,-0.19509032 -0.98078528 0,
  -0.19509032 -0.98078528 0,-0.19509032 -0.98078528 0,
  -0.19509032 -0.98078528 0,-0.19509032 -0.98078528 0,
  -0.55557023 -0.83146961 0,-0.55557023 -0.83146961 0,
  -0.55557023 -0.83146961 0,-0.55557023 -0.83146961 0,
  -0.55557023 -0.83146961 0,-0.55557023 -0.83146961 0,
  -0.83146961 -0.55557023 0,-0.83146961 -0.55557023 0,
  -0.83146961 -0.55557023 0,-0.83146961 -0.55557023 0,
  -0.83146961 -0.55557023 0,-0.83146961 -0.55557023 0,
  -0.98078528 -0.19509032 0,-0.98078528 -0.19509032 0,
  -0.98078528 -0.19509032 0,-0.98078528 -0.19509032 0,
  -0.98078528 -0.19509032 0,-0.98078528 -0.19509032 0,
  -0.98078528 0.19509032 0,-0.98078528 0.19509032 0,
  -0.98078528 0.19509032 0,-0.98078528 0.19509032 0,
  -0.98078528 0.19509032 0,-0.98078528 0.19509032 0,
  -0.83146961 0.55557023 0,-0.83146961 0.55557023 0,
  -0.83146961 0.55557023 0,-0.83146961 0.55557023 0,
  -0.83146961 0.55557023 0,-0.83146961 0.55557023 0,
  -0.55557023 0.83146961 0,-0.55557023 0.83146961 0,
  -0.55557023 0.83146961 0,-0.55557023 0.83146961 0,
  -0.55557023 0.83146961 0,-0.55557023 0.83146961 0,
  -0.19509032 0.98078528 0,-0.19509032 0.98078528 0,
  -0.19509032 0.98078528 0,-0.19509032 0.98078528 0,
  -0.19509032 0.98078528 0,-0.19509032 0.98078528 0,
  0.19509032 0.98078528 0,0.19509032 0.98078528 0,
  0.19509032 0.98078528 0,0.19509032 0.98078528 0,
  0.19509032 0.98078528 0,0.19509032 0.98078528 0,
  0.55557023 0.83146961 0,0.55557023 0.83146961 0,
  0.55557023 0.83146961 0,0.55557023 0.83146961 0,
  0.55557023 0.83146961 0,0.55557023 0.83146961 0,
  0.83146961 0.55557023 0,0.83146961 0.55557023 0,
  0.83146961 0.55557023 0,0.83146961 0.55557023 0,
  0.83146961 0.55557023 0,0.83146961 0.55557023 0,
  0.98078528 0.19509032 0,0.98078528 0.19509032 0,
  0.98078528 0.19509032 0,0.98078528 0.19509032 0,
  0.98078528 0.19509032 0,0.98078528 0.19509032 0,
  0.98078528 -0.19509032 0,0.98078528 -0.19509032 0,
  0.98078528 -0.19509032 0,0.98078528 -0.19509032 0,
  0.98078528 -0.19509032 0,0.98078528 -0.19509032 0,
  0.83146961 -0.55557023 0,0.83146961 -0.55557023 0,
  0.83146961 -0.55557023 0,0.83146961 -0.55557023 0,
  0.83146961 -0.55557023 0,0.83146961 -0.55557023 0,
  0.55557023 -0.83146961 0,0.55557023 -0.83146961 0,
  0.55557023 -0.83146961 0,0.55557023 -0.83146961 0,
  0.55557023 -0.83146961 0,0.55557023 -0.83146961 0,
  0.19509032 -0.98078528 0,0.19509032 -0.98078528 0,
  0.19509032 -0.98078528 0,0.19509032 -0.98078528 0,
  0.19509032 -0.98078528 0,0.19509032 -0.98078528 0,
  -0.19509032 -0.98078528 0,-0.19509032 -0.98078528 0,
  -0.19509032 -0.98078528 0,-0.19509032 -0.98078528 0,
  -0.19509032 -0.98078528 0,-0.19509032 -0.98078528 0,
  -0.55557023 -0.83146961 0,-0.55557023 -0.83146961 0,
  -0.55557023 -0.83146961 0,-0.55557023 -0.83146961 0,
  -0.55557023 -0.83146961 0,-0.55557023 -0.83146961 0,
  -0.83146961 -0.55557023 0,-0.83146961 -0.55557023 0,
  -0.83146961 -0.55557023 0,-0.83146961 -0.55557023 0,
  -0.83146961 -0.55557023 0,-0.83146961 -0.55557023 0,
  -0.98078528 -0.19509032 0,-0.98078528 -0.19509032 0,
  -0.98078528 -0.19509032 0,-0.98078528 -0.19509032 0,
  -0.98078528 -0.19509032 0,-0.98078528 -0.19509032 0,
  -0.98078528 0.19509032 0,-0.98078528 0.19509032 0,
  -0.98078528 0.19509032 0,-0.98078528 0.19509032 0,
  -0.98078528 0.19509032 0,-0.98078528 0.19509032 0,
  -0.83146961 0.55557023 0,-0.83146961 0.55557023 0,
  -0.83146961 0.55557023 0,-0.83146961 0.55557023 0,
  -0.83146961 0.55557023 0,-0.83146961 0.55557023 0,
  -0.55557023 0.83146961 0,-0.55557023 0.83146961 0,
  -0.55557023 0.83146961 0,-0.55557023 0.83146961 0,
  -0.55557023 0.83146961 0,-0.55557023 0.83146961 0,
  -0.19509032 0.98078528 0,-0.19509032 0.98078528 0,
  -0.19509032 0.98078528 0,-0.19509032 0.98078528 0,
  -0.19509032 0.98078528 0,-0.19509032 0.98078528 0,
  0.19509032 0.98078528 0,0.19509032 0.98078528 0,
  0.19509032 0.98078528 0,0.19509032 0.98078528 0,
  0.19509032 0.98078528 0,0.19509032 0.98078528 0,
  0.55557023 0.83146961 0,0.55557023 0.83146961 0,
  0.55557023 0.83146961 0,0.55557023 0.83146961 0,
  0.55557023 0.83146961 0,0.55557023 0.83146961 0,
  0.83146961 0.55557023 0,0.83146961 0.55557023 0,
  0.83146961 0.55557023 0,0.83146961 0.55557023 0,
  0.83146961 0.55557023 0,0.83146961 0.55557023 0,
  0.98078528 0.19509032 0,0.98078528 0.19509032 0,
  0.98078528 0.19509032 0,0.98078528 0.19509032 0,
  0.98078528 0.19509032 0,0.98078528 0.19509032 0,
  -0.98078528 0.19509032 0,-0.98078528 0.19509032 0,
  -0.98078528 0.19509032 0,-0.98078528 0.19509032 0,
  -0.98078528 0.19509032 0,-0.98078528 0.19509032 0,
  -0.83146961 0.55557023 0,-0.83146961 0.55557023 0,
  -0.83146961 0.55557023 0,-0.83146961 0.55557023 0,
  -0.83146961 0.55557023 0,-0.83146961 0.55557023 0,
  -0.55557023 0.83146961 0,-0.55557023 0.83146961 0,
  -0.55557023 0.83146961 0,-0.55557023 0.83146961 0,
  -0.55557023 0.83146961 0,-0.55557023 0.83146961 0,
  -0.19509032 0.98078528 0,-0.19509032 0.98078528 0,
  -0.19509032 0.98078528 0,-0.19509032 0.98078528 0,
  -0.19509032 0.98078528 0,-0.19509032 0.98078528 0,
  0.19509032 0.98078528 0,0.19509032 0.98078528 0,
  0.19509032 0.98078528 0,0.19509032 0.98078528 0,
  0.19509032 0.98078528 0,0.19509032 0.98078528 0,
  0.55557023 0.83146961 0,0.55557023 0.83146961 0,
  0.55557023 0.83146961 0,0.55557023 0.83146961 0,
  0.55557023 0.83146961 0,0.55557023 0.83146961 0,
  0.83146961 0.55557023 0,0.83146961 0.55557023 0,
  0.83146961 0.55557023 0,0.83146961 0.55557023 0,
  0.83146961 0.55557023 0,0.83146961 0.55557023 0,
  0.98078528 0.19509032 0,0.98078528 0.19509032 0,
  0.98078528 0.19509032 0,0.98078528 0.19509032 0,
  0.98078528 0.19509032 0,0.98078528 0.19509032 0,
  0.98078528 -0.19509032 0,0.98078528 -0.19509032 0,
  0.98078528 -0.19509032 0,0.98078528 -0.19509032 0,
  0.98078528 -0.19509032 0,0.98078528 -0.19509032 0,
  0.83146961 -0.55557023 0,0.83146961 -0.55557023 0,
  0.83146961 -0.55557023 0,0.83146961 -0.55557023 0,
  0.83146961 -0.55557023 0,0.83146961 -0.55557023 0,
  0.55557023 -0.83146961 0,0.55557023 -0.83146961 0,
  0.55557023 -0.83146961 0,0.55557023 -0.83146961 0,
  0.55557023 -0.83146961 0,0.55557023 -0.83146961 0,
  0.19509032 -0.98078528 0,0.19509032 -0.98078528 0,
  0.19509032 -0.98078528 0,0.19509032 -0.98078528 0,
  0.19509032 -0.98078528 0,0.19509032 -0.98078528 0,
  -0.19509032 -0.98078528 0,-0.19509032 -0.98078528 0,
  -0.19509032 -0.98078528 0,-0.19509032 -0.98078528 0,
  -0.19509032 -0.98078528 0,-0.19509032 -0.98078528 0,
  -0.55557023 -0.83146961 0,-0.55557023 -0.83146961 0,
  -0.55557023 -0.83146961 0,-0.55557023 -0.83146961 0,
  -0.55557023 -0.83146961 0,-0.55557023 -0.83146961 0,
  -0.83146961 -0.55557023 0,-0.83146961 -0.55557023 0,
  -0.83146961 -0.55557023 0,-0.83146961 -0.55557023 0,
  -0.83146961 -0.55557023 0,-0.83146961 -0.55557023 0,
  -0.98078528 -0.19509032 0,-0.98078528 -0.19509032 0,
  -0.98078528 -0.19509032 0,-0.98078528 -0.19509032 0,
  -0.98078528 -0.19509032 0,-0.98078528 -0.19509032 0,
  -0.98078528 0.19509032 0,-0.98078528 0.19509032 0,
  -0.98078528 0.19509032 0,-0.98078528 0.19509032 0,
  -0.98078528 0.19509032 0,-0.98078528 0.19509032 0,
  -0.83146961 0.55557023 0,-0.83146961 0.55557023 0,
  -0.83146961 0.55557023 0,-0.83146961 0.55557023 0,
  -0.83146961 0.55557023 0,-0.83146961 0.55557023 0,
  -0.55557023 0.83146961 0,-0.55557023 0.83146961 0,
  -0.55557023 0.83146961 0,-0.55557023 0.83146961 0,
  -0.55557023 0.83146961 0,-0.55557023 0.83146961 0,
  -0.19509032 0.98078528 0,-0.19509032 0.98078528 0,
  -0.19509032 0.98078528 0,-0.19509032 0.98078528 0,
  -0.19509032 0.98078528 0,-0.19509032 0.98078528 0,
  0.19509032 0.98078528 0,0.19509032 0.98078528 0,
  0.19509032 0.98078528 0,0.19509032 0.98078528 0,
  0.19509032 0.98078528 0,0.19509032 0.98078528 0,
  0.55557023 0.83146961 0,0.55557023 0.83146961 0,
  0.55557023 0.83146961 0,0.55557023 0.83146961 0,
  0.55557023 0.83146961 0,0.55557023 0.83146961 0,
  0.83146961 0.55557023 0,0.83146961 0.55557023 0,
  0.83146961 0.55557023 0,0.83146961 0.55557023 0,
  0.83146961 0.55557023 0,0.83146961 0.55557023 0,
  0.98078528 0.19509032 0,0.98078528 0.19509032 0,
  0.98078528 0.19509032 0,0.98078528 0.19509032 0,
  0.98078528 0.19509032 0,0.98078528 0.19509032 0,
  0.98078528 -0.19509032 0,0.98078528 -0.19509032 0,
  0.98078528 -0.19509032 0,0.98078528 -0.19509032 0,
  0.98078528 -0.19509032 0,0.98078528 -0.19509032 0,
  0.83146961 -0.55557023 0,0.83146961 -0.55557023 0,
  0.83146961 -0.55557023 0,0.83146961 -0.55557023 0,
  0.83146961 -0.55557023 0,0.83146961 -0.55557023 0,
  0.55557023 -0.83146961 0,0.55557023 -0.83146961 0,
  0.55557023 -0.83146961 0,0.55557023 -0.83146961 0,
  0.55557023 -0.83146961 0,0.55557023 -0.83146961 0,
  0.19509032 -0.98078528 0,0.19509032 -0.98078528 0,
  0.19509032 -0.98078528 0,0.19509032 -0.98078528 0,
  0.19509032 -0.98078528 0,0.19509032 -0.98078528 0,
  -0.19509032 -0.98078528 0,-0.19509032 -0.98078528 0,
  -0.19509032 -0.98078528 0,-0.19509032 -0.98078528 0,
  -0.19509032 -0.98078528 0,-0.19509032 -0.98078528 0,
  -0.55557023 -0.83146961 0,-0.55557023 -0.83146961 0,
  -0.55557023 -0.83146961 0,-0.55557023 -0.83146961 0,
  -0.55557023 -0.83146961 0,-0.55557023 -0.83146961 0,
  -0.83146961 -0.55557023 0,-0.83146961 -0.55557023 0,
  -0.83146961 -0.55557023 0,-0.83146961 -0.55557023 0,
  -0.83146961 -0.55557023 0,-0.83146961 -0.55557023 0,
  -0.98078528 -0.19509032 0,-0.98078528 -0.19509032 0,
  -0.98078528 -0.19509032 0,-0.98078528 -0.19509032 0,
  -0.98078528 -0.19509032 0,-0.98078528 -0.19509032 0,
  0.98078528 -0.19509032 0,0.98078528 -0.19509032 0,
  0.98078528 -0.19509032 0,0.98078528 -0.19509032 0,
  0.98078528 -0.19509032 0,0.98078528 -0.19509032 0,
  0.83146961 -0.55557023 0,0.83146961 -0.55557023 0,
  0.83146961 -0.55557023 0,0.83146961 -0.55557023 0,
  0.83146961 -0.55557023 0,0.83146961 -0.55557023 0,
  0.55557023 -0.83146961 0,0.55557023 -0.83146961 0,
  0.55557023 -0.83146961 0,0.55557023 -0.83146961 0,
  0.55557023 -0.83146961 0,0.55557023 -0.83146961 0,
  0.19509032 -0.98078528 0,0.19509032 -0.98078528 0,
  0.19509032 -0.98078528 0,0.19509032 -0.98078528 0,
  0.19509032 -0.98078528 0,0.19509032 -0.98078528 0,
  -0.19509032 -0.98078528 0,-0.19509032 -0.98078528 0,
  -0.19509032 -0.98078528 0,-0.19509032 -0.98078528 0,
  -0.19509032 -0.98078528 0,-0.19509032 -0.98078528 0,
  -0.55557023 -0.83146961 0,-0.55557023 -0.83146961 0,
  -0.55557023 -0.83146961 0,-0.55557023 -0.83146961 0,
  -0.55557023 -0.83146961 0,-0.55557023 -0.83146961 0,
  -0.83146961 -0.55557023 0,-0.83146961 -0.55557023 0,
  -0.83146961 -0.55557023 0,-0.83146961 -0.55557023 0,
  -0.83146961 -0.55557023 0,-0.83146961 -0.55557023 0,
  -0.98078528 -0.19509032 0,-0.98078528 -0.19509032 0,
  -0.98078528 -0.19509032 0,-0.98078528 -0.19509032 0,
  -0.98078528 -0.19509032 0,-0.98078528 -0.19509032 0,
  -0.98078528 0.19509032 0,-0.98078528 0.19509032 0,
  -0.98078528 0.19509032 0,-0.98078528 0.19509032 0,
  -0.98078528 0.19509032 0,-0.98078528 0.19509032 0,
  -0.83146961 0.55557023 0,-0.83146961 0.55557023 0,
  -0.83146961 0.55557023 0,-0.83146961 0.55557023 0,
  -0.83146961 0.55557023 0,-0.83146961 0.55557023 0,
  -0.55557023 0.83146961 0,-0.55557023 0.83146961 0,
  -0.55557023 0.83146961 0,-0.55557023 0.83146961 0,
  -0.55557023 0.83146961 0,-0.55557023 0.83146961 0,
  -0.19509032 0.98078528 0,-0.19509032 0.98078528 0,
  -0.19509032 0.98078528 0,-0.19509032 0.98078528 0,
  -0.19509032 0.98078528 0,-0.19509032 0.98078528 0,
  0.19509032 0.98078528 0,0.19509032 0.98078528 0,
  0.19509032 0.98078528 0,0.19509032 0.98078528 0,
  0.19509032 0.98078528 0,0.19509032 0.98078528 0,
  0.55557023 0.83146961 0,0.55557023 0.83146961 0,
  0.55557023 0.83146961 0,0.55557023 0.83146961 0,
  0.55557023 0.83146961 0,0.55557023 0.83146961 0,
  0.83146961 0.55557023 0,0.83146961 0.55557023 0,
  0.83146961 0.55557023 0,0.83146961 0.55557023 0,
  0.83146961 0.55557023 0,0.83146961 0.55557023 0,
  0.98078528 0.19509032 0,0.98078528 0.19509032 0,
  0.98078528 0.19509032 0,0.98078528 0.19509032 0,
  0.98078528 0.19509032 0,0.98078528 0.19509032 0,
  0.98078528 -0.19509032 0,0.98078528 -0.19509032 0,
  0.98078528 -0.19509032 0,0.98078528 -0.19509032 0,
  0.98078528 -0.19509032 0,0.98078528 -0.19509032 0,
  0.83146961 -0.55557023 0,0.83146961 -0.55557023 0,
  0.83146961 -0.55557023 0,0.83146961 -0.55557023 0,
  0.83146961 -0.55557023 0,0.83146961 -0.55557023 0,
  0.55557023 -0.83146961 0,0.55557023 -0.83146961 0,
  0.55557023 -0.83146961 0,0.55557023 -0.83146961 0,
  0.55557023 -0.83146961 0,0.55557023 -0.83146961 0,
  0.19509032 -0.98078528 0,0.19509032 -0.98078528 0,
  0.19509032 -0.98078528 0,0.19509032 -0.98078528 0,
  0.19509032 -0.98078528 0,0.19509032 -0.98078528 0,
  -0.19509032 -0.98078528 0,-0.19509032 -0.98078528 0,
  -0.19509032 -0.98078528 0,-0.19509032 -0.98078528 0,
  -0.19509032 -0.98078528 0,-0.19509032 -0.98078528 0,
  -0.55557023 -0.83146961 0,-0.55557023 -0.83146961 0,
  -0.55557023 -0.83146961 0,-0.55557023 -0.83146961 0,
  -0.55557023 -0.83146961 0,-0.55557023 -0.83146961 0,
  -0.83146961 -0.55557023 0,-0.83146961 -0.55557023 0,
  -0.83146961 -0.55557023 0,-0.83146961 -0.55557023 0,
  -0.83146961 -0.55557023 0,-0.83146961 -0.55557023 0,
  -0.98078528 -0.19509032 0,-0.98078528 -0.19509032 0,
  -0.98078528 -0.19509032 0,-0.98078528 -0.19509032 0,
  -0.98078528 -0.19509032 0,-0.98078528 -0.19509032 0,
  -0.98078528 0.19509032 0,-0.98078528 0.19509032 0,
  -0.98078528 0.19509032 0,-0.98078528 0.19509032 0,
  -0.98078528 0.19509032 0,-0.98078528 0.19509032 0,
  -0.83146961 0.55557023 0,-0.83146961 0.55557023 0,
  -0.83146961 0.55557023 0,-0.83146961 0.55557023 0,
  -0.83146961 0.55557023 0,-0.83146961 0.55557023 0,
  -0.55557023 0.83146961 0,-0.55557023 0.83146961 0,
  -0.55557023 0.83146961 0,-0.55557023 0.83146961 0,
  -0.55557023 0.83146961 0,-0.55557023 0.83146961 0,
  -0.19509032 0.98078528 0,-0.19509032 0.98078528 0,
  -0.19509032 0.98078528 0,-0.19509032 0.98078528 0,
  -0.19509032 0.98078528 0,-0.19509032 0.98078528 0,
  0.19509032 0.98078528 0,0.19509032 0.98078528 0,
  0.19509032 0.98078528 0,0.19509032 0.98078528 0,
  0.19509032 0.98078528 0,0.19509032 0.98078528 0,
  0.55557023 0.83146961 0,0.55557023 0.83146961 0,
  0.55557023 0.83146961 0,0.55557023 0.83146961 0,
  0.55557023 0.83146961 0,0.55557023 0.83146961 0,
  0.83146961 0.55557023 0,0.83146961 0.55557023 0,
  0.83146961 0.55557023 0,0.83146961 0.55557023 0,
  0.83146961 0.55557023 0,0.83146961 0.55557023 0,
  0.98078528 0.19509032 0,0.98078528 0.19509032 0,
  0.98078528 0.19509032 0,0.98078528 0.19509032 0,
  0.98078528 0.19509032 0,0.98078528 0.19509032 0,
  -0.98078528 0.19509032 0,-0.98078528 0.19509032 0,
  -0.98078528 0.19509032 0,-0.98078528 0.19509032 0,
  -0.98078528 0.19509032 0,-0.98078528 0.19509032 0,
  -0.83146961 0.55557023 0,-0.83146961 0.55557023 0,
  -0.83146961 0.55557023 0,-0.83146961 0.55557023 0,
  -0.83146961 0.55557023 0,-0.83146961 0.55557023 0,
  -0.55557023 0.83146961 0,-0.55557023 0.83146961 0,
  -0.55557023 0.83146961 0,-0.55557023 0.83146961 0,
  -0.55557023 0.83146961 0,-0.55557023 0.83146961 0,
  -0.19509032 0.98078528 0,-0.19509032 0.98078528 0,
  -0.19509032 0.98078528 0,-0.19509032 0.98078528 0,
  -0.19509032 0.98078528 0,-0.19509032 0.98078528 0,
  0.19509032 0.98078528 0,0.19509032 0.98078528 0,
  0.19509032 0.98078528 0,0.19509032 0.98078528 0,
  0.19509032 0.98078528 0,0.19509032 0.98078528 0,
  0.55557023 0.83146961 0,0.55557023 0.83146961 0,
  0.55557023 0.83146961 0,0.55557023 0.83146961 0,
  0.55557023 0.83146961 0,0.55557023 0.83146961 0,
  0.83146961 0.55557023 0,0.83146961 0.55557023 0,
  0.83146961 0.55557023 0,0.83146961 0.55557023 0,
  0.83146961 0.55557023 0,0.83146961 0.55557023 0,
  0.98078528 0.19509032 0,0.98078528 0.19509032 0,
  0.98078528 0.19509032 0,0.98078528 0.19509032 0,
  0.98078528 0.19509032 0,0.98078528 0.19509032 0,
  0.98078528 -0.19509032 0,0.98078528 -0.19509032 0,
  0.98078528 -0.19509032 0,0.98078528 -0.19509032 0,
  0.98078528 -0.19509032 0,0.98078528 -0.19509032 0,
  0.83146961 -0.55557023 0,0.83146961 -0.55557023 0,
  0.83146961 -0.55557023 0,0.83146961 -0.55557023 0,
  0.83146961 -0.55557023 0,0.83146961 -0.55557023 0,
  0.55557023 -0.83146961 0,0.55557023 -0.83146961 0,
  0.55557023 -0.83146961 0,0.55557023 -0.83146961 0,
  0.55557023 -0.83146961 0,0.55557023 -0.83146961 0,
  0.19509032 -0.98078528 0,0.19509032 -0.98078528 0,
  0.19509032 -0.98078528 0,0.19509032 -0.98078528 0,
  0.19509032 -0.98078528 0,0.19509032 -0.98078528 0,
  -0.19509032 -0.98078528 0,-0.19509032 -0.98078528 0,
  -0.19509032 -0.98078528 0,-0.19509032 -0.98078528 0,
  -0.19509032 -0.98078528 0,-0.19509032 -0.98078528 0,
  -0.55557023 -0.83146961 0,-0.55557023 -0.83146961 0,
  -0.55557023 -0.83146961 0,-0.55557023 -0.83146961 0,
  -0.55557023 -0.83146961 0,-0.55557023 -0.83146961 0,
  -0.83146961 -0.55557023 0,-0.83146961 -0.55557023 0,
  -0.83146961 -0.55557023 0,-0.83146961 -0.55557023 0,
  -0.83146961 -0.55557023 0,-0.83146961 -0.55557023 0,
  -0.98078528 -0.19509032 0,-0.98078528 -0.19509032 0,
  -0.98078528 -0.19509032 0,-0.98078528 -0.19509032 0,
  -0.98078528 -0.19509032 0,-0.98078528 -0.19509032 0,
  -0.19509032 0.98078528 0,-0.19509032 0.98078528 0,
  -0.19509032 0.98078528 0,-0.19509032 0.98078528 0,
  -0.19509032 0.98078528 0,-0.19509032 0.98078528 0,
  0.19509032 0.98078528 0,0.19509032 0.98078528 0,
  0.19509032 0.98078528 0,0.19509032 0.98078528 0,
  0.19509032 0.98078528 0,0.19509032 0.98078528 0,
  0.55557023 0.83146961 0,0.55557023 0.83146961 0,
  0.55557023 0.83146961 0,0.55557023 0.83146961 0,
  0.55557023 0.83146961 0,0.55557023 0.83146961 0,
  0.83146961 0.55557023 0,0.83146961 0.55557023 0,
  0.83146961 0.55557023 0,0.83146961 0.55557023 0,
  0.83146961 0.55557023 0,0.83146961 0.55557023 0,
  0.98078528 0.19509032 0,0.98078528 0.19509032 0,
  0.98078528 0.19509032 0,0.98078528 0.19509032 0,
  0.98078528 0.19509032 0,0.98078528 0.19509032 0,
  0.98078528 -0.19509032 0,0.98078528 -0.19509032 0,
  0.98078528 -0.19509032 0,0.98078528 -0.19509032 0,
  0.98078528 -0.19509032 0,0.98078528 -0.19509032 0,
  0.83146961 -0.55557023 0,0.83146961 -0.55557023 0,
  0.83146961 -0.55557023 0,0.83146961 -0.55557023 0,
  0.83146961 -0.55557023 0,0.83146961 -0.55557023 0,
  0.55557023 -0.83146961 0,0.55557023 -0.83146961 0,
  0.55557023 -0.83146961 0,0.55557023 -0.83146961 0,
  0.55557023 -0.83146961 0,0.55557023 -0.83146961 0,
  0.19509032 -0.98078528 0,0.19509032 -0.98078528 0,
  0.19509032 -0.98078528 0,0.19509032 -0.98078528 0,
  0.19509032 -0.98078528 0,0.19509032 -0.98078528 0,
  -0.19509032 -0.98078528 0,-0.19509032 -0.98078528 0,
  -0.19509032 -0.98078528 0,-0.19509032 -0.98078528 0,
  -0.19509032 -0.98078528 0,-0.19509032 -0.98078528 0,
  -0.55557023 -0.83146961 0,-0.55557023 -0.83146961 0,
  -0.55557023 -0.83146961 0,-0.55557023 -0.83146961 0,
  -0.55557023 -0.83146961 0,-0.55557023 -0.83146961 0,
  -0.83146961 -0.55557023 0,-0.83146961 -0.55557023 0,
  -0.83146961 -0.55557023 0,-0.83146961 -0.55557023 0,
  -0.83146961 -0.55557023 0,-0.83146961 -0.55557023 0,
  -0.98078528 -0.19509032 0,-0.98078528 -0.19509032 0,
  -0.98078528 -0.19509032 0,-0.98078528 -0.19509032 0,
  -0.98078528 -0.19509032 0,-0.98078528 -0.19509032 0,
  -0.98078528 0.19509032 0,-0.98078528 0.19509032 0,
  -0.98078528 0.19509032 0,-0.98078528 0.19509032 0,
  -0.98078528 0.19509032 0,-0.98078528 0.19509032 0,
  -0.83146961 0.55557023 0,-0.83146961 0.55557023 0,
  -0.83146961 0.55557023 0,-0.83146961 0.55557023 0,
  -0.83146961 0.55557023 0,-0.83146961 0.55557023 0,
  -0.55557023 0.83146961 0,-0.55557023 0.83146961 0,
  -0.55557023 0.83146961 0,-0.55557023 0.83146961 0,
  -0.55557023 0.83146961 0,-0.55557023 0.83146961 0,
  0.98078528 -0.19509032 0,0.98078528 -0.19509032 0,
  0.98078528 -0.19509032 0,0.98078528 -0.19509032 0,
  0.98078528 -0.19509032 0,0.98078528 -0.19509032 0,
  0.83146961 -0.55557023 0,0.83146961 -0.55557023 0,
  0.83146961 -0.55557023 0,0.83146961 -0.55557023 0,
  0.83146961 -0.55557023 0,0.83146961 -0.55557023 0,
  0.55557023 -0.83146961 0,0.55557023 -0.83146961 0,
  0.55557023 -0.83146961 0,0.55557023 -0.83146961 0,
  0.55557023 -0.83146961 0,0.55557023 -0.83146961 0,
  0.19509032 -0.98078528 0,0.19509032 -0.98078528 0,
  0.19509032 -0.98078528 0,0.19509032 -0.98078528 0,
  0.19509032 -0.98078528 0,0.19509032 -0.98078528 0,
  -0.19509032 -0.98078528 0,-0.19509032 -0.98078528 0,
  -0.19509032 -0.98078528 0,-0.19509032 -0.98078528 0,
  -0.19509032 -0.98078528 0,-0.19509032 -0.98078528 0,
  -0.55557023 -0.83146961 0,-0.55557023 -0.83146961 0,
  -0.55557023 -0.83146961 0,-0.55557023 -0.83146961 0,
  -0.55557023 -0.83146961 0,-0.55557023 -0.83146961 0,
  -0.83146961 -0.55557023 0,-0.83146961 -0.55557023 0,
  -0.83146961 -0.55557023 0,-0.83146961 -0.55557023 0,
  -0.83146961 -0.55557023 0,-0.83146961 -0.55557023 0,
  -0.98078528 -0.19509032 0,-0.98078528 -0.19509032 0,
  -0.98078528 -0.19509032 0,-0.98078528 -0.19509032 0,
  -0.98078528 -0.19509032 0,-0.98078528 -0.19509032 0,
  -0.98078528 0.19509032 0,-0.98078528 0.19509032 0,
  -0.98078528 0.19509032 0,-0.98078528 0.19509032 0,
  -0.98078528 0.19509032 0,-0.98078528 0.19509032 0,
  -0.83146961 0.55557023 0,-0.83146961 0.55557023 0,
  -0.83146961 0.55557023 0,-0.83146961 0.55557023 0,
  -0.83146961 0.55557023 0,-0.83146961 0.55557023 0,
  -0.55557023 0.83146961 0,-0.55557023 0.83146961 0,
  -0.55557023 0.83146961 0,-0.55557023 0.83146961 0,
  -0.55557023 0.83146961 0,-0.55557023 0.83146961 0,
  -0.19509032 0.98078528 0,-0.19509032 0.98078528 0,
  -0.19509032 0.98078528 0,-0.19509032 0.98078528 0,
  -0.19509032 0.98078528 0,-0.19509032 0.98078528 0,
  0.19509032 0.98078528 0,0.19509032 0.98078528 0,
  0.19509032 0.98078528 0,0.19509032 0.98078528 0,
  0.19509032 0.98078528 0,0.19509032 0.98078528 0,
  0.55557023 0.83146961 0,0.55557023 0.83146961 0,
  0.55557023 0.83146961 0,0.55557023 0.83146961 0,
  0.55557023 0.83146961 0,0.55557023 0.83146961 0,
  0.83146961 0.55557023 0,0.83146961 0.55557023 0,
  0.83146961 0.55557023 0,0.83146961 0.55557023 0,
  0.83146961 0.55557023 0,0.83146961 0.55557023 0,
  0.98078528 0.19509032 0,0.98078528 0.19509032 0,
  0.98078528 0.19509032 0,0.98078528 0.19509032 0,
  0.98078528 0.19509032 0,0.98078528 0.19509032 0,
  0.98078528 -0.19509032 0,0.98078528 -0.19509032 0,
  0.98078528 -0.19509032 0,0.98078528 -0.19509032 0,
  0.98078528 -0.19509032 0,0.98078528 -0.19509032 0,
  0.83146961 -0.55557023 0,0.83146961 -0.55557023 0,
  0.83146961 -0.55557023 0,0.83146961 -0.55557023 0,
  0.83146961 -0.55557023 0,0.83146961 -0.55557023 0,
  0.55557023 -0.83146961 0,0.55557023 -0.83146961 0,
  0.55557023 -0.83146961 0,0.55557023 -0.83146961 0,
  0.55557023 -0.83146961 0,0.55557023 -0.83146961 0,
  0.19509032 -0.98078528 0,0.19509032 -0.98078528 0,
  0.19509032 -0.98078528 0,0.19509032 -0.98078528 0,
  0.19509032 -0.98078528 0,0.19509032 -0.98078528 0,
  -0.19509032 -0.98078528 0,-0.19509032 -0.98078528 0,
  -0.19509032 -0.98078528 0,-0.19509032 -0.98078528 0,
  -0.19509032 -0.98078528 0,-0.19509032 -0.98078528 0,
  -0.55557023 -0.83146961 0,-0.55557023 -0.83146961 0,
  -0.55557023 -0.83146961 0,-0.55557023 -0.83146961 0,
  -0.55557023 -0.83146961 0,-0.55557023 -0.83146961 0,
  -0.83146961 -0.55557023 0,-0.83146961 -0.55557023 0,
  -0.83146961 -0.55557023 0,-0.83146961 -0.55557023 0,
  -0.83146961 -0.55557023 0,-0.83146961 -0.55557023 0,
  -0.98078528 -0.19509032 0,-0.98078528 -0.19509032 0,
  -0.98078528 -0.19509032 0,-0.98078528 -0.19509032 0,
  -0.98078528 -0.19509032 0,-0.98078528 -0.19509032 0,
  -0.98078528 0.19509032 0,-0.98078528 0.19509032 0,
  -0.98078528 0.19509032 0,-0.98078528 0.19509032 0,
  -0.98078528 0.19509032 0,-0.98078528 0.19509032 0,
  -0.83146961 0.55557023 0,-0.83146961 0.55557023 0,
  -0.83146961 0.55557023 0,-0.83146961 0.55557023 0,
  -0.83146961 0.55557023 0,-0.83146961 0.55557023 0,
  -0.55557023 0.83146961 0,-0.55557023 0.83146961 0,
  -0.55557023 0.83146961 0,-0.55557023 0.83146961 0,
  -0.55557023 0.83146961 0,-0.55557023 0.83146961 0,
  -0.19509032 0.98078528 0,-0.19509032 0.98078528 0,
  -0.19509032 0.98078528 0,-0.19509032 0.98078528 0,
  -0.19509032 0.98078528 0,-0.19509032 0.98078528 0,
  0.19509032 0.98078528 0,0.19509032 0.98078528 0,
  0.19509032 0.98078528 0,0.19509032 0.98078528 0,
  0.19509032 0.98078528 0,0.19509032 0.98078528 0,
  0.55557023 0.83146961 0,0.55557023 0.83146961 0,
  0.55557023 0.83146961 0,0.55557023 0.83146961 0,
  0.55557023 0.83146961 0,0.55557023 0.83146961 0,
  0.83146961 0.55557023 0,0.83146961 0.55557023 0,
  0.83146961 0.55557023 0,0.83146961 0.55557023 0,
  0.83146961 0.55557023 0,0.83146961 0.55557023 0,
  0.98078528 0.19509032 0,0.98078528 0.19509032 0,
  0.98078528 0.19509032 0,0.98078528 0.19509032 0,
  0.98078528 0.19509032 0,0.98078528 0.19509032 0,
  -0.98078528 0.19509032 0,-0.98078528 0.19509032 0,
  -0.98078528 0.19509032 0,-0.98078528 0.19509032 0,
  -0.98078528 0.19509032 0,-0.98078528 0.19509032 0,
  -0.83146961 0.55557023 0,-0.83146961 0.55557023 0,
  -0.83146961 0.55557023 0,-0.83146961 0.55557023 0,
  -0.83146961 0.55557023 0,-0.83146961 0.55557023 0,
  -0.55557023 0.83146961 0,-0.55557023 0.83146961 0,
  -0.55557023 0.83146961 0,-0.55557023 0.83146961 0,
  -0.55557023 0.83146961 0,-0.55557023 0.83146961 0,
  -0.19509032 0.98078528 0,-0.19509032 0.98078528 0,
  -0.19509032 0.98078528 0,-0.19509032 0.98078528 0,
  -0.19509032 0.98078528 0,-0.19509032 0.98078528 0,
  0.19509032 0.98078528 0,0.19509032 0.98078528 0,
  0.19509032 0.98078528 0,0.19509032 0.98078528 0,
  0.19509032 0.98078528 0,0.19509032 0.98078528 0,
  0.55557023 0.83146961 0,0.55557023 0.83146961 0,
  0.55557023 0.83146961 0,0.55557023 0.83146961 0,
  0.55557023 0.83146961 0,0.55557023 0.83146961 0,
  0.83146961 0.55557023 0,0.83146961 0.55557023 0,
  0.83146961 0.55557023 0,0.83146961 0.55557023 0,
  0.83146961 0.55557023 0,0.83146961 0.55557023 0,
  0.98078528 0.19509032 0,0.98078528 0.19509032 0,
  0.98078528 0.19509032 0,0.98078528 0.19509032 0,
  0.98078528 0.19509032 0,0.98078528 0.19509032 0,
  0.98078528 -0.19509032 0,0.98078528 -0.19509032 0,
  0.98078528 -0.19509032 0,0.98078528 -0.19509032 0,
  0.98078528 -0.19509032 0,0.98078528 -0.19509032 0,
  0.83146961 -0.55557023 0,0.83146961 -0.55557023 0,
  0.83146961 -0.55557023 0,0.83146961 -0.55557023 0,
  0.83146961 -0.55557023 0,0.83146961 -0.55557023 0,
  0.55557023 -0.83146961 0,0.55557023 -0.83146961 0,
  0.55557023 -0.83146961 0,0.55557023 -0.83146961 0,
  0.55557023 -0.83146961 0,0.55557023 -0.83146961 0,
  0.19509032 -0.98078528 0,0.19509032 -0.98078528 0,
  0.19509032 -0.98078528 0,0.19509032 -0.98078528 0,
  0.19509032 -0.98078528 0,0.19509032 -0.98078528 0,
  -0.19509032 -0.98078528 0,-0.19509032 -0.98078528 0,
  -0.19509032 -0.98078528 0,-0.19509032 -0.98078528 0,
  -0.19509032 -0.98078528 0,-0.19509032 -0.98078528 0,
  -0.55557023 -0.83146961 0,-0.55557023 -0.83146961 0,
  -0.55557023 -0.83146961 0,-0.55557023 -0.83146961 0,
  -0.55557023 -0.83146961 0,-0.55557023 -0.83146961 0,
  -0.83146961 -0.55557023 0,-0.83146961 -0.55557023 0,
  -0.83146961 -0.55557023 0,-0.83146961 -0.55557023 0,
  -0.83146961 -0.55557023 0,-0.83146961 -0.55557023 0,
  -0.98078528 -0.19509032 0,-0.98078528 -0.19509032 0,
  -0.98078528 -0.19509032 0,-0.98078528 -0.19509032 0,
  -0.98078528 -0.19509032 0,-0.98078528 -0.19509032 0,
  0.98078528 -0.19509032 0,0.98078528 -0.19509032 0,
  0.98078528 -0.19509032 0,0.98078528 -0.19509032 0,
  0.98078528 -0.19509032 0,0.98078528 -0.19509032 0,
  0.83146961 -0.55557023 0,0.83146961 -0.55557023 0,
  0.83146961 -0.55557023 0,0.83146961 -0.55557023 0,
  0.83146961 -0.55557023 0,0.83146961 -0.55557023 0,
  0.55557023 -0.83146961 0,0.55557023 -0.83146961 0,
  0.55557023 -0.83146961 0,0.55557023 -0.83146961 0,
  0.55557023 -0.83146961 0,0.55557023 -0.83146961 0,
  0.19509032 -0.98078528 0,0.19509032 -0.98078528 0,
  0.19509032 -0.98078528 0,0.19509032 -0.98078528 0,
  0.19509032 -0.98078528 0,0.19509032 -0.98078528 0,
  -0.19509032 -0.98078528 0,-0.19509032 -0.98078528 0,
  -0.19509032 -0.98078528 0,-0.19509032 -0.98078528 0,
  -0.19509032 -0.98078528 0,-0.19509032 -0.98078528 0,
  -0.55557023 -0.83146961 0,-0.55557023 -0.83146961 0,
  -0.55557023 -0.83146961 0,-0.55557023 -0.83146961 0,
  -0.55557023 -0.83146961 0,-0.55557023 -0.83146961 0,
  -0.83146961 -0.55557023 0,-0.83146961 -0.55557023 0,
  -0.83146961 -0.55557023 0,-0.83146961 -0.55557023 0,
  -0.83146961 -0.55557023 0,-0.83146961 -0.55557023 0,
  -0.98078528 -0.19509032 0,-0.98078528 -0.19509032 0,
  -0.98078528 -0.19509032 0,-0.98078528 -0.19509032 0,
  -0.98078528 -0.19509032 0,-0.98078528 -0.19509032 0,
  -0.98078528 0.19509032 0,-0.98078528 0.19509032 0,
  -0.98078528 0.19509032 0,-0.98078528 0.19509032 0,
  -0.98078528 0.19509032 0,-0.98078528 0.19509032 0,
  -0.83146961 0.55557023 0,-0.83146961 0.55557023 0,
  -0.83146961 0.55557023 0,-0.83146961 0.55557023 0,
  -0.83146961 0.55557023 0,-0.83146961 0.55557023 0,
  -0.55557023 0.83146961 0,-0.55557023 0.83146961 0,
  -0.55557023 0.83146961 0,-0.55557023 0.83146961 0,
  -0.55557023 0.83146961 0,-0.55557023 0.83146961 0,
  -0.19509032 0.98078528 0,-0.19509032 0.98078528 0,
  -0.19509032 0.98078528 0,-0.19509032 0.98078528 0,
  -0.19509032 0.98078528 0,-0.19509032 0.98078528 0,
  0.19509032 0.98078528 0,0.19509032 0.98078528 0,
  0.19509032 0.98078528 0,0.19509032 0.98078528 0,
  0.19509032 0.98078528 0,0.19509032 0.98078528 0,
  0.55557023 0.83146961 0,0.55557023 0.83146961 0,
  0.55557023 0.83146961 0,0.55557023 0.83146961 0,
  0.55557023 0.83146961 0,0.55557023 0.83146961 0,
  0.83146961 0.55557023 0,0.83146961 0.55557023 0,
  0.83146961 0.55557023 0,0.83146961 0.55557023 0,
  0.83146961 0.55557023 0,0.83146961 0.55557023 0,
  0.98078528 0.19509032 0,0.98078528 0.19509032 0,
  0.98078528 0.19509032 0,0.98078528 0.19509032 0,
  0.98078528 0.19509032 0,0.98078528 0.19509032 0] }
}
}
] }
DEF TXFM_3 Transform {
  center 0 0 0
  rotation 0 0 1 0
  scale 1 1 1
  scaleOrientation 0 0 1 0
  translation 0 0 0
 children [
DEF SHAPE_3 Shape {
 appearance DEF APP_2 Appearance {
  material Material {
   ambientIntensity 1
   diffuseColor 0.75 0.61000001 0.23
   emissiveColor 0 0 0
   shininess 0.89999998
   specularColor 0.89999998 0.84399998 0.69199997
   transparency 0
} }
 geometry DEF FACE_3 IndexedFaceSet {
  coord DEF COORD_3 Coordinate { point [
  11.432087 -21.771654 0.31496063,11.001476 -21.771654 0.31496063,
  10.993796 -21.77241 0.31496063,10.979604 -21.778289 0.31496063,
  10.973638 -21.783185 0.31496063,10.284661 -22.472161 0.31496063,
  10.279765 -22.478127 0.31496063,10.273886 -22.492319 0.31496063,
  10.27313 -22.5 0.31496063,10.27313 -24.375 0.31496063,
  10.273886 -24.382681 0.31496063,10.279765 -24.396873 0.31496063,
  10.290627 -24.407735 0.31496063,10.304819 -24.413614 0.31496063,
  10.3125 -24.41437 0.31496063,15 -24.41437 0.31496063,
  15.007681 -24.413614 0.31496063,15.021873 -24.407735 0.31496063,
  15.027839 -24.402839 0.31496063,16.763355 -22.667323 0.31496063,
  17.189961 -22.667323 0.31496063,17.189961 -22.332677 0.31496063,
  16.560039 -22.332677 0.31496063,16.560039 -22.667323 0.31496063,
  16.651999 -22.667323 0.31496063,14.983692 -24.33563 0.31496063,
  10.35187 -24.33563 0.31496063,10.35187 -22.516307 0.31496063,
  11.017784 -21.850394 0.31496063,11.432087 -21.850394 0.31496063,
  11.432087 -21.978346 0.31496063,12.062008 -21.978346 0.31496063,
  12.062008 -21.643701 0.31496063,11.432087 -21.643701 0.31496063,
  30.640256 -21.5625 0.31496063,30.662882 -21.44875 0.31496063,
  30.727317 -21.352317 0.31496063,30.82375 -21.287882 0.31496063,
  30.9375 -21.265256 0.31496063,31.05125 -21.287882 0.31496063,
  31.147683 -21.352317 0.31496063,31.212118 -21.44875 0.31496063,
  31.234744 -21.5625 0.31496063,31.212118 -21.67625 0.31496063,
  31.147683 -21.772683 0.31496063,31.05125 -21.837118 0.31496063,
  30.9375 -21.859744 0.31496063,30.82375 -21.837118 0.31496063,
  30.727317 -21.772683 0.31496063,30.662882 -21.67625 0.31496063,
  17.80998 -12.737008 0.31496063,17.832941 -12.732441 0.31496063,
  17.852407 -12.719434 0.31496063,17.865413 -12.699969 0.31496063,
  17.86998 -12.677008 0.31496063,17.86998 -12.197008 0.31496063,
  17.865413 -12.174047 0.31496063,17.852407 -12.154581 0.31496063,
  17.832941 -12.141575 0.31496063,17.80998 -12.137008 0.31496063,
  16.9725 -12.137008 0.31496063,16.949539 -12.141575 0.31496063,
  16.930074 -12.154581 0.31496063,16.917067 -12.174047 0.31496063,
  16.916822 -12.175277 0.31496063,16.872182 -12.205105 0.31496063,
  16.830597 -12.24669 0.31496063,16.797924 -12.295589 0.31496063,
  16.775418 -12.349922 0.31496063,16.763944 -12.407603 0.31496063,
  16.763944 -12.466413 0.31496063,16.775418 -12.524093 0.31496063,
  16.797924 -12.578427 0.31496063,16.824952 -12.618878 0.31496063,
  15.909661 -13.534169 0.31496063,15.904765 -13.540135 0.31496063,
  15.898886 -13.554327 0.31496063,15.89813 -13.562008 0.31496063,
  15.89813 -20.58563 0.31496063,13.125 -20.58563 0.31496063,
  13.117319 -20.586386 0.31496063,13.103127 -20.592265 0.31496063,
  13.092265 -20.603127 0.31496063,13.086386 -20.617319 0.31496063,
  13.08563 -20.625 0.31496063,13.08563 -21.643701 0.31496063,
  12.810039 -21.643701 0.31496063,12.810039 -21.978346 0.31496063,
  13.439961 -21.978346 0.31496063,13.439961 -21.643701 0.31496063,
  13.16437 -21.643701 0.31496063,13.16437 -20.66437 0.31496063,
  15.9375 -20.66437 0.31496063,16.83563 -20.66437 0.31496063,
  16.83563 -21.643701 0.31496063,16.560039 -21.643701 0.31496063,
  16.560039 -21.978346 0.31496063,17.189961 -21.978346 0.31496063,
  17.189961 -21.643701 0.31496063,16.91437 -21.643701 0.31496063,
  16.91437 -20.625 0.31496063,16.913614 -20.617319 0.31496063,
  16.907735 -20.603127 0.31496063,16.896873 -20.592265 0.31496063,
  16.882681 -20.586386 0.31496063,16.875 -20.58563 0.31496063,
  15.97687 -20.58563 0.31496063,15.97687 -13.578315 0.31496063,
  16.88063 -12.674556 0.31496063,16.916822 -12.698739 0.31496063,
  16.917067 -12.699969 0.31496063,16.930074 -12.719434 0.31496063,
  16.949539 -12.732441 0.31496063,16.9725 -12.737008 0.31496063,
  17.239469 -12.437008 0.31496063,17.225998 -12.504731 0.31496063,
  17.187636 -12.562144 0.31496063,17.130223 -12.600505 0.31496063,
  17.0625 -12.613976 0.31496063,16.994777 -12.600505 0.31496063,
  16.937364 -12.562144 0.31496063,16.899002 -12.504731 0.31496063,
  16.885531 -12.437008 0.31496063,16.899002 -12.369285 0.31496063,
  16.937364 -12.311872 0.31496063,16.994777 -12.27351 0.31496063,
  17.0625 -12.260039 0.31496063,17.130223 -12.27351 0.31496063,
  17.187636 -12.311872 0.31496063,17.225998 -12.369285 0.31496063,
  15.812008 -21.643701 0.31496063,15.182087 -21.643701 0.31496063,
  15.182087 -21.978346 0.31496063,15.812008 -21.978346 0.31496063,
  28.10819 -22.281243 0.31496063,28.068246 -22.336221 0.31496063,
  28.037395 -22.396771 0.31496063,28.016395 -22.461402 0.31496063,
  28.005764 -22.528522 0.31496063,28.005764 -22.596478 0.31496063,
  28.016395 -22.663598 0.31496063,28.037395 -22.728229 0.31496063,
  28.068246 -22.788779 0.31496063,28.10819 -22.843757 0.31496063,
  28.156243 -22.89181 0.31496063,28.211221 -22.931754 0.31496063,
  28.271771 -22.962605 0.31496063,28.336402 -22.983605 0.31496063,
  28.403522 -22.994236 0.31496063,28.471478 -22.994236 0.31496063,
  28.538598 -22.983605 0.31496063,28.603229 -22.962605 0.31496063,
  28.663779 -22.931754 0.31496063,28.718757 -22.89181 0.31496063,
  28.76681 -22.843757 0.31496063,28.806754 -22.788779 0.31496063,
  28.837605 -22.728229 0.31496063,28.858605 -22.663598 0.31496063,
  28.869236 -22.596478 0.31496063,28.869236 -22.528522 0.31496063,
  28.858605 -22.461402 0.31496063,28.837605 -22.396771 0.31496063,
  28.806754 -22.336221 0.31496063,28.76681 -22.281243 0.31496063,
  28.718757 -22.23319 0.31496063,28.663779 -22.193246 0.31496063,
  28.603229 -22.162395 0.31496063,28.538598 -22.141395 0.31496063,
  28.471478 -22.130764 0.31496063,28.403522 -22.130764 0.31496063,
  28.336402 -22.141395 0.31496063,28.271771 -22.162395 0.31496063,
  28.211221 -22.193246 0.31496063,28.156243 -22.23319 0.31496063,
  28.140256 -22.5625 0.31496063,28.162882 -22.44875 0.31496063,
  28.227317 -22.352317 0.31496063,28.32375 -22.287882 0.31496063,
  28.4375 -22.265256 0.31496063,28.55125 -22.287882 0.31496063,
  28.647683 -22.352317 0.31496063,28.712118 -22.44875 0.31496063,
  28.734744 -22.5625 0.31496063,28.712118 -22.67625 0.31496063,
  28.647683 -22.772683 0.31496063,28.55125 -22.837118 0.31496063,
  28.4375 -22.859744 0.31496063,28.32375 -22.837118 0.31496063,
  28.227317 -22.772683 0.31496063,28.162882 -22.67625 0.31496063,
  10.31502 -12.137008 0.31496063,10.292059 -12.141575 0.31496063,
  10.272593 -12.154581 0.31496063,10.259587 -12.174047 0.31496063,
  10.25502 -12.197008 0.31496063,10.25502 -12.677008 0.31496063,
  10.259587 -12.699969 0.31496063,10.272593 -12.719434 0.31496063,
  10.292059 -12.732441 0.31496063,10.31502 -12.737008 0.31496063,
  11.1525 -12.737008 0.31496063,11.175461 -12.732441 0.31496063,
  11.194926 -12.719434 0.31496063,11.207933 -12.699969 0.31496063,
  11.208177 -12.698739 0.31496063,11.252818 -12.668911 0.31496063,
  11.294403 -12.627326 0.31496063,11.327076 -12.578427 0.31496063,
  11.349582 -12.524093 0.31496063,11.361056 -12.466413 0.31496063,
  11.361056 -12.407603 0.31496063,11.349582 -12.349922 0.31496063,
  11.327076 -12.295589 0.31496063,11.294403 -12.24669 0.31496063,
  11.252818 -12.205105 0.31496063,11.208177 -12.175277 0.31496063,
  11.207933 -12.174047 0.31496063,11.194926 -12.154581 0.31496063,
  11.175461 -12.141575 0.31496063,11.1525 -12.137008 0.31496063,
  10.885531 -12.437008 0.31496063,10.899002 -12.369285 0.31496063,
  10.937364 -12.311872 0.31496063,10.994777 -12.27351 0.31496063,
  11.0625 -12.260039 0.31496063,11.130223 -12.27351 0.31496063,
  11.187636 -12.311872 0.31496063,11.225998 -12.369285 0.31496063,
  11.239469 -12.437008 0.31496063,11.225998 -12.504731 0.31496063,
  11.187636 -12.562144 0.31496063,11.130223 -12.600505 0.31496063,
  11.0625 -12.613976 0.31496063,10.994777 -12.600505 0.31496063,
  10.937364 -12.562144 0.31496063,10.899002 -12.504731 0.31496063,
  10.31502 -13.137008 0.31496063,10.292059 -13.141575 0.31496063,
  10.272593 -13.154581 0.31496063,10.259587 -13.174047 0.31496063,
  10.25502 -13.197008 0.31496063,10.25502 -13.677008 0.31496063,
  10.259587 -13.699969 0.31496063,10.272593 -13.719434 0.31496063,
  10.292059 -13.732441 0.31496063,10.31502 -13.737008 0.31496063,
  11.1525 -13.737008 0.31496063,11.175461 -13.732441 0.31496063,
  11.194926 -13.719434 0.31496063,11.207933 -13.699969 0.31496063,
  11.208177 -13.698739 0.31496063,11.252818 -13.668911 0.31496063,
  11.294403 -13.627326 0.31496063,11.327076 -13.578427 0.31496063,
  11.349582 -13.524093 0.31496063,11.361056 -13.466413 0.31496063,
  11.361056 -13.407603 0.31496063,11.349582 -13.349922 0.31496063,
  11.327076 -13.295589 0.31496063,11.294403 -13.24669 0.31496063,
  11.252818 -13.205105 0.31496063,11.208177 -13.175277 0.31496063,
  11.207933 -13.174047 0.31496063,11.194926 -13.154581 0.31496063,
  11.175461 -13.141575 0.31496063,11.1525 -13.137008 0.31496063,
  10.885531 -13.437008 0.31496063,10.899002 -13.369285 0.31496063,
  10.937364 -13.311872 0.31496063,10.994777 -13.27351 0.31496063,
  11.0625 -13.260039 0.31496063,11.130223 -13.27351 0.31496063,
  11.187636 -13.311872 0.31496063,11.225998 -13.369285 0.31496063,
  11.239469 -13.437008 0.31496063,11.225998 -13.504731 0.31496063,
  11.187636 -13.562144 0.31496063,11.130223 -13.600505 0.31496063,
  11.0625 -13.613976 0.31496063,10.994777 -13.600505 0.31496063,
  10.937364 -13.562144 0.31496063,10.899002 -13.504731 0.31496063,
  10.31502 -14.137008 0.31496063,10.292059 -14.141575 0.31496063,
  10.272593 -14.154581 0.31496063,10.259587 -14.174047 0.31496063,
  10.25502 -14.197008 0.31496063,10.25502 -14.677008 0.31496063,
  10.259587 -14.699969 0.31496063,10.272593 -14.719434 0.31496063,
  10.292059 -14.732441 0.31496063,10.31502 -14.737008 0.31496063,
  11.1525 -14.737008 0.31496063,11.175461 -14.732441 0.31496063,
  11.194926 -14.719434 0.31496063,11.207933 -14.699969 0.31496063,
  11.208177 -14.698739 0.31496063,11.252818 -14.668911 0.31496063,
  11.294403 -14.627326 0.31496063,11.327076 -14.578427 0.31496063,
  11.349582 -14.524093 0.31496063,11.361056 -14.466413 0.31496063,
  11.361056 -14.407603 0.31496063,11.349582 -14.349922 0.31496063,
  11.327076 -14.295589 0.31496063,11.294403 -14.24669 0.31496063,
  11.252818 -14.205105 0.31496063,11.208177 -14.175277 0.31496063,
  11.207933 -14.174047 0.31496063,11.194926 -14.154581 0.31496063,
  11.175461 -14.141575 0.31496063,11.1525 -14.137008 0.31496063,
  10.885531 -14.437008 0.31496063,10.899002 -14.369285 0.31496063,
  10.937364 -14.311872 0.31496063,10.994777 -14.27351 0.31496063,
  11.0625 -14.260039 0.31496063,11.130223 -14.27351 0.31496063,
  11.187636 -14.311872 0.31496063,11.225998 -14.369285 0.31496063,
  11.239469 -14.437008 0.31496063,11.225998 -14.504731 0.31496063,
  11.187636 -14.562144 0.31496063,11.130223 -14.600505 0.31496063,
  11.0625 -14.613976 0.31496063,10.994777 -14.600505 0.31496063,
  10.937364 -14.562144 0.31496063,10.899002 -14.504731 0.31496063,
  10.31502 -15.137008 0.31496063,10.292059 -15.141575 0.31496063,
  10.272593 -15.154581 0.31496063,10.259587 -15.174047 0.31496063,
  10.25502 -15.197008 0.31496063,10.25502 -15.677008 0.31496063,
  10.259587 -15.699969 0.31496063,10.272593 -15.719434 0.31496063,
  10.292059 -15.732441 0.31496063,10.31502 -15.737008 0.31496063,
  11.1525 -15.737008 0.31496063,11.175461 -15.732441 0.31496063,
  11.194926 -15.719434 0.31496063,11.207933 -15.699969 0.31496063,
  11.208177 -15.698739 0.31496063,11.252818 -15.668911 0.31496063,
  11.294403 -15.627326 0.31496063,11.327076 -15.578427 0.31496063,
  11.349582 -15.524093 0.31496063,11.361056 -15.466413 0.31496063,
  11.361056 -15.407603 0.31496063,11.349582 -15.349922 0.31496063,
  11.327076 -15.295589 0.31496063,11.294403 -15.24669 0.31496063,
  11.252818 -15.205105 0.31496063,11.208177 -15.175277 0.31496063,
  11.207933 -15.174047 0.31496063,11.194926 -15.154581 0.31496063,
  11.175461 -15.141575 0.31496063,11.1525 -15.137008 0.31496063,
  10.885531 -15.437008 0.31496063,10.899002 -15.369285 0.31496063,
  10.937364 -15.311872 0.31496063,10.994777 -15.27351 0.31496063,
  11.0625 -15.260039 0.31496063,11.130223 -15.27351 0.31496063,
  11.187636 -15.311872 0.31496063,11.225998 -15.369285 0.31496063,
  11.239469 -15.437008 0.31496063,11.225998 -15.504731 0.31496063,
  11.187636 -15.562144 0.31496063,11.130223 -15.600505 0.31496063,
  11.0625 -15.613976 0.31496063,10.994777 -15.600505 0.31496063,
  10.937364 -15.562144 0.31496063,10.899002 -15.504731 0.31496063,
  10.31502 -16.137008 0.31496063,10.292059 -16.141575 0.31496063,
  10.272593 -16.154581 0.31496063,10.259587 -16.174047 0.31496063,
  10.25502 -16.197008 0.31496063,10.25502 -16.397638 0.31496063,
  10.049606 -16.397638 0.31496063,10.041926 -16.398394 0.31496063,
  10.027733 -16.404272 0.31496063,10.021768 -16.409169 0.31496063,
  9.5837752 -16.847161 0.31496063,9.5788791 -16.853127 0.31496063,
  9.5730004 -16.867319 0.31496063,9.5722441 -16.875 0.31496063,
  9.5722441 -24.611614 0.31496063,9.5730004 -24.619295 0.31496063,
  9.5788791 -24.633487 0.31496063,9.5837752 -24.639453 0.31496063,
  10.284661 -25.340339 0.31496063,10.290627 -25.345235 0.31496063,
  10.304819 -25.351114 0.31496063,10.3125 -25.35187 0.31496063,
  17.8125 -25.35187 0.31496063,17.820181 -25.351114 0.31496063,
  17.834373 -25.345235 0.31496063,17.845235 -25.334373 0.31496063,
  17.851114 -25.320181 0.31496063,17.85187 -25.3125 0.31496063,
  17.85187 -22.718209 0.31496063,17.851114 -22.710528 0.31496063,
  17.845235 -22.696336 0.31496063,17.840339 -22.69037 0.31496063,
  17.336304 -22.186334 0.31496063,17.330337 -22.181438 0.31496063,
  17.316145 -22.175559 0.31496063,17.308465 -22.174803 0.31496063,
  13.410827 -22.174803 0.31496063,13.403146 -22.175559 0.31496063,
  13.388954 -22.181438 0.31496063,13.382988 -22.186334 0.31496063,
  13.236645 -22.332677 0.31496063,12.810039 -22.332677 0.31496063,
  12.810039 -22.667323 0.31496063,13.439961 -22.667323 0.31496063,
  13.439961 -22.332677 0.31496063,13.348001 -22.332677 0.31496063,
  13.427135 -22.253543 0.31496063,17.292157 -22.253543 0.31496063,
  17.77313 -22.734517 0.31496063,17.77313 -25.27313 0.31496063,
  10.328807 -25.27313 0.31496063,9.6509843 -24.595306 0.31496063,
  9.6509843 -16.891307 0.31496063,10.065914 -16.476378 0.31496063,
  10.25502 -16.476378 0.31496063,10.25502 -16.677008 0.31496063,
  10.259587 -16.699969 0.31496063,10.272593 -16.719434 0.31496063,
  10.292059 -16.732441 0.31496063,10.31502 -16.737008 0.31496063,
  11.1525 -16.737008 0.31496063,11.175461 -16.732441 0.31496063,
  11.194926 -16.719434 0.31496063,11.207933 -16.699969 0.31496063,
  11.208177 -16.698739 0.31496063,11.252818 -16.668911 0.31496063,
  11.294403 -16.627326 0.31496063,11.327076 -16.578427 0.31496063,
  11.349582 -16.524093 0.31496063,11.361056 -16.466413 0.31496063,
  11.361056 -16.407603 0.31496063,11.349582 -16.349922 0.31496063,
  11.327076 -16.295589 0.31496063,11.294403 -16.24669 0.31496063,
  11.252818 -16.205105 0.31496063,11.208177 -16.175277 0.31496063,
  11.207933 -16.174047 0.31496063,11.194926 -16.154581 0.31496063,
  11.175461 -16.141575 0.31496063,11.1525 -16.137008 0.31496063,
  10.885531 -16.437008 0.31496063,10.899002 -16.369285 0.31496063,
  10.937364 -16.311872 0.31496063,10.994777 -16.27351 0.31496063,
  11.0625 -16.260039 0.31496063,11.130223 -16.27351 0.31496063,
  11.187636 -16.311872 0.31496063,11.225998 -16.369285 0.31496063,
  11.239469 -16.437008 0.31496063,11.225998 -16.504731 0.31496063,
  11.187636 -16.562144 0.31496063,11.130223 -16.600505 0.31496063,
  11.0625 -16.613976 0.31496063,10.994777 -16.600505 0.31496063,
  10.937364 -16.562144 0.31496063,10.899002 -16.504731 0.31496063,
  10.31502 -17.137008 0.31496063,10.292059 -17.141575 0.31496063,
  10.272593 -17.154581 0.31496063,10.259587 -17.174047 0.31496063,
  10.25502 -17.197008 0.31496063,10.25502 -17.677008 0.31496063,
  10.259587 -17.699969 0.31496063,10.272593 -17.719434 0.31496063,
  10.292059 -17.732441 0.31496063,10.31502 -17.737008 0.31496063,
  11.1525 -17.737008 0.31496063,11.175461 -17.732441 0.31496063,
  11.194926 -17.719434 0.31496063,11.207933 -17.699969 0.31496063,
  11.208177 -17.698739 0.31496063,11.252818 -17.668911 0.31496063,
  11.294403 -17.627326 0.31496063,11.327076 -17.578427 0.31496063,
  11.349582 -17.524093 0.31496063,11.361056 -17.466413 0.31496063,
  11.361056 -17.407603 0.31496063,11.349582 -17.349922 0.31496063,
  11.327076 -17.295589 0.31496063,11.294403 -17.24669 0.31496063,
  11.252818 -17.205105 0.31496063,11.208177 -17.175277 0.31496063,
  11.207933 -17.174047 0.31496063,11.194926 -17.154581 0.31496063,
  11.175461 -17.141575 0.31496063,11.1525 -17.137008 0.31496063,
  10.885531 -17.437008 0.31496063,10.899002 -17.369285 0.31496063,
  10.937364 -17.311872 0.31496063,10.994777 -17.27351 0.31496063,
  11.0625 -17.260039 0.31496063,11.130223 -17.27351 0.31496063,
  11.187636 -17.311872 0.31496063,11.225998 -17.369285 0.31496063,
  11.239469 -17.437008 0.31496063,11.225998 -17.504731 0.31496063,
  11.187636 -17.562144 0.31496063,11.130223 -17.600505 0.31496063,
  11.0625 -17.613976 0.31496063,10.994777 -17.600505 0.31496063,
  10.937364 -17.562144 0.31496063,10.899002 -17.504731 0.31496063,
  10.31502 -18.137008 0.31496063,10.292059 -18.141575 0.31496063,
  10.272593 -18.154581 0.31496063,10.259587 -18.174047 0.31496063,
  10.25502 -18.197008 0.31496063,10.25502 -18.677008 0.31496063,
  10.259587 -18.699969 0.31496063,10.272593 -18.719434 0.31496063,
  10.292059 -18.732441 0.31496063,10.31502 -18.737008 0.31496063,
  11.1525 -18.737008 0.31496063,11.175461 -18.732441 0.31496063,
  11.194926 -18.719434 0.31496063,11.207933 -18.699969 0.31496063,
  11.208177 -18.698739 0.31496063,11.252818 -18.668911 0.31496063,
  11.294403 -18.627326 0.31496063,11.327076 -18.578427 0.31496063,
  11.349582 -18.524093 0.31496063,11.361056 -18.466413 0.31496063,
  11.361056 -18.407603 0.31496063,11.349582 -18.349922 0.31496063,
  11.327076 -18.295589 0.31496063,11.294403 -18.24669 0.31496063,
  11.252818 -18.205105 0.31496063,11.208177 -18.175277 0.31496063,
  11.207933 -18.174047 0.31496063,11.194926 -18.154581 0.31496063,
  11.175461 -18.141575 0.31496063,11.1525 -18.137008 0.31496063,
  10.885531 -18.437008 0.31496063,10.899002 -18.369285 0.31496063,
  10.937364 -18.311872 0.31496063,10.994777 -18.27351 0.31496063,
  11.0625 -18.260039 0.31496063,11.130223 -18.27351 0.31496063,
  11.187636 -18.311872 0.31496063,11.225998 -18.369285 0.31496063,
  11.239469 -18.437008 0.31496063,11.225998 -18.504731 0.31496063,
  11.187636 -18.562144 0.31496063,11.130223 -18.600505 0.31496063,
  11.0625 -18.613976 0.31496063,10.994777 -18.600505 0.31496063,
  10.937364 -18.562144 0.31496063,10.899002 -18.504731 0.31496063,
  16.872182 -18.205105 0.31496063,16.830597 -18.24669 0.31496063,
  16.797924 -18.295589 0.31496063,16.775418 -18.349922 0.31496063,
  16.763944 -18.407603 0.31496063,16.763944 -18.466413 0.31496063,
  16.775418 -18.524093 0.31496063,16.797924 -18.578427 0.31496063,
  16.830597 -18.627326 0.31496063,16.872182 -18.668911 0.31496063,
  16.916822 -18.698739 0.31496063,16.917067 -18.699969 0.31496063,
  16.930074 -18.719434 0.31496063,16.949539 -18.732441 0.31496063,
  16.9725 -18.737008 0.31496063,17.80998 -18.737008 0.31496063,
  17.832941 -18.732441 0.31496063,17.852407 -18.719434 0.31496063,
  17.865413 -18.699969 0.31496063,17.86998 -18.677008 0.31496063,
  17.86998 -18.197008 0.31496063,17.865413 -18.174047 0.31496063,
  17.852407 -18.154581 0.31496063,17.832941 -18.141575 0.31496063,
  17.80998 -18.137008 0.31496063,16.9725 -18.137008 0.31496063,
  16.949539 -18.141575 0.31496063,16.930074 -18.154581 0.31496063,
  16.917067 -18.174047 0.31496063,16.916822 -18.175277 0.31496063,
  16.885531 -18.437008 0.31496063,16.899002 -18.369285 0.31496063,
  16.937364 -18.311872 0.31496063,16.994777 -18.27351 0.31496063,
  17.0625 -18.260039 0.31496063,17.130223 -18.27351 0.31496063,
  17.187636 -18.311872 0.31496063,17.225998 -18.369285 0.31496063,
  17.239469 -18.437008 0.31496063,17.225998 -18.504731 0.31496063,
  17.187636 -18.562144 0.31496063,17.130223 -18.600505 0.31496063,
  17.0625 -18.613976 0.31496063,16.994777 -18.600505 0.31496063,
  16.937364 -18.562144 0.31496063,16.899002 -18.504731 0.31496063,
  16.872182 -17.205105 0.31496063,16.830597 -17.24669 0.31496063,
  16.797924 -17.295589 0.31496063,16.775418 -17.349922 0.31496063,
  16.763944 -17.407603 0.31496063,16.763944 -17.466413 0.31496063,
  16.775418 -17.524093 0.31496063,16.797924 -17.578427 0.31496063,
  16.830597 -17.627326 0.31496063,16.872182 -17.668911 0.31496063,
  16.916822 -17.698739 0.31496063,16.917067 -17.699969 0.31496063,
  16.930074 -17.719434 0.31496063,16.949539 -17.732441 0.31496063,
  16.9725 -17.737008 0.31496063,17.80998 -17.737008 0.31496063,
  17.832941 -17.732441 0.31496063,17.852407 -17.719434 0.31496063,
  17.865413 -17.699969 0.31496063,17.86998 -17.677008 0.31496063,
  17.86998 -17.197008 0.31496063,17.865413 -17.174047 0.31496063,
  17.852407 -17.154581 0.31496063,17.832941 -17.141575 0.31496063,
  17.80998 -17.137008 0.31496063,16.9725 -17.137008 0.31496063,
  16.949539 -17.141575 0.31496063,16.930074 -17.154581 0.31496063,
  16.917067 -17.174047 0.31496063,16.916822 -17.175277 0.31496063,
  16.885531 -17.437008 0.31496063,16.899002 -17.369285 0.31496063,
  16.937364 -17.311872 0.31496063,16.994777 -17.27351 0.31496063,
  17.0625 -17.260039 0.31496063,17.130223 -17.27351 0.31496063,
  17.187636 -17.311872 0.31496063,17.225998 -17.369285 0.31496063,
  17.239469 -17.437008 0.31496063,17.225998 -17.504731 0.31496063,
  17.187636 -17.562144 0.31496063,17.130223 -17.600505 0.31496063,
  17.0625 -17.613976 0.31496063,16.994777 -17.600505 0.31496063,
  16.937364 -17.562144 0.31496063,16.899002 -17.504731 0.31496063,
  16.872182 -16.205105 0.31496063,16.830597 -16.24669 0.31496063,
  16.797924 -16.295589 0.31496063,16.775418 -16.349922 0.31496063,
  16.763944 -16.407603 0.31496063,16.763944 -16.466413 0.31496063,
  16.775418 -16.524093 0.31496063,16.797924 -16.578427 0.31496063,
  16.830597 -16.627326 0.31496063,16.872182 -16.668911 0.31496063,
  16.916822 -16.698739 0.31496063,16.917067 -16.699969 0.31496063,
  16.930074 -16.719434 0.31496063,16.949539 -16.732441 0.31496063,
  16.9725 -16.737008 0.31496063,17.80998 -16.737008 0.31496063,
  17.832941 -16.732441 0.31496063,17.852407 -16.719434 0.31496063,
  17.865413 -16.699969 0.31496063,17.86998 -16.677008 0.31496063,
  17.86998 -16.197008 0.31496063,17.865413 -16.174047 0.31496063,
  17.852407 -16.154581 0.31496063,17.832941 -16.141575 0.31496063,
  17.80998 -16.137008 0.31496063,16.9725 -16.137008 0.31496063,
  16.949539 -16.141575 0.31496063,16.930074 -16.154581 0.31496063,
  16.917067 -16.174047 0.31496063,16.916822 -16.175277 0.31496063,
  16.885531 -16.437008 0.31496063,16.899002 -16.369285 0.31496063,
  16.937364 -16.311872 0.31496063,16.994777 -16.27351 0.31496063,
  17.0625 -16.260039 0.31496063,17.130223 -16.27351 0.31496063,
  17.187636 -16.311872 0.31496063,17.225998 -16.369285 0.31496063,
  17.239469 -16.437008 0.31496063,17.225998 -16.504731 0.31496063,
  17.187636 -16.562144 0.31496063,17.130223 -16.600505 0.31496063,
  17.0625 -16.613976 0.31496063,16.994777 -16.600505 0.31496063,
  16.937364 -16.562144 0.31496063,16.899002 -16.504731 0.31496063,
  16.872182 -15.205105 0.31496063,16.830597 -15.24669 0.31496063,
  16.797924 -15.295589 0.31496063,16.775418 -15.349922 0.31496063,
  16.763944 -15.407603 0.31496063,16.763944 -15.466413 0.31496063,
  16.775418 -15.524093 0.31496063,16.797924 -15.578427 0.31496063,
  16.830597 -15.627326 0.31496063,16.872182 -15.668911 0.31496063,
  16.916822 -15.698739 0.31496063,16.917067 -15.699969 0.31496063,
  16.930074 -15.719434 0.31496063,16.949539 -15.732441 0.31496063,
  16.9725 -15.737008 0.31496063,17.80998 -15.737008 0.31496063,
  17.832941 -15.732441 0.31496063,17.852407 -15.719434 0.31496063,
  17.865413 -15.699969 0.31496063,17.86998 -15.677008 0.31496063,
  17.86998 -15.197008 0.31496063,17.865413 -15.174047 0.31496063,
  17.852407 -15.154581 0.31496063,17.832941 -15.141575 0.31496063,
  17.80998 -15.137008 0.31496063,16.9725 -15.137008 0.31496063,
  16.949539 -15.141575 0.31496063,16.930074 -15.154581 0.31496063,
  16.917067 -15.174047 0.31496063,16.916822 -15.175277 0.31496063,
  16.885531 -15.437008 0.31496063,16.899002 -15.369285 0.31496063,
  16.937364 -15.311872 0.31496063,16.994777 -15.27351 0.31496063,
  17.0625 -15.260039 0.31496063,17.130223 -15.27351 0.31496063,
  17.187636 -15.311872 0.31496063,17.225998 -15.369285 0.31496063,
  17.239469 -15.437008 0.31496063,17.225998 -15.504731 0.31496063,
  17.187636 -15.562144 0.31496063,17.130223 -15.600505 0.31496063,
  17.0625 -15.613976 0.31496063,16.994777 -15.600505 0.31496063,
  16.937364 -15.562144 0.31496063,16.899002 -15.504731 0.31496063,
  16.872182 -14.205105 0.31496063,16.830597 -14.24669 0.31496063,
  16.797924 -14.295589 0.31496063,16.775418 -14.349922 0.31496063,
  16.763944 -14.407603 0.31496063,16.763944 -14.466413 0.31496063,
  16.775418 -14.524093 0.31496063,16.797924 -14.578427 0.31496063,
  16.830597 -14.627326 0.31496063,16.872182 -14.668911 0.31496063,
  16.916822 -14.698739 0.31496063,16.917067 -14.699969 0.31496063,
  16.930074 -14.719434 0.31496063,16.949539 -14.732441 0.31496063,
  16.9725 -14.737008 0.31496063,17.80998 -14.737008 0.31496063,
  17.832941 -14.732441 0.31496063,17.852407 -14.719434 0.31496063,
  17.865413 -14.699969 0.31496063,17.86998 -14.677008 0.31496063,
  17.86998 -14.197008 0.31496063,17.865413 -14.174047 0.31496063,
  17.852407 -14.154581 0.31496063,17.832941 -14.141575 0.31496063,
  17.80998 -14.137008 0.31496063,16.9725 -14.137008 0.31496063,
  16.949539 -14.141575 0.31496063,16.930074 -14.154581 0.31496063,
  16.917067 -14.174047 0.31496063,16.916822 -14.175277 0.31496063,
  16.885531 -14.437008 0.31496063,16.899002 -14.369285 0.31496063,
  16.937364 -14.311872 0.31496063,16.994777 -14.27351 0.31496063,
  17.0625 -14.260039 0.31496063,17.130223 -14.27351 0.31496063,
  17.187636 -14.311872 0.31496063,17.225998 -14.369285 0.31496063,
  17.239469 -14.437008 0.31496063,17.225998 -14.504731 0.31496063,
  17.187636 -14.562144 0.31496063,17.130223 -14.600505 0.31496063,
  17.0625 -14.613976 0.31496063,16.994777 -14.600505 0.31496063,
  16.937364 -14.562144 0.31496063,16.899002 -14.504731 0.31496063,
  30.640256 -14.0625 0.31496063,30.662882 -13.94875 0.31496063,
  30.727317 -13.852317 0.31496063,30.82375 -13.787882 0.31496063,
  30.9375 -13.765256 0.31496063,31.05125 -13.787882 0.31496063,
  31.147683 -13.852317 0.31496063,31.212118 -13.94875 0.31496063,
  31.234744 -14.0625 0.31496063,31.212118 -14.17625 0.31496063,
  31.147683 -14.272683 0.31496063,31.05125 -14.337118 0.31496063,
  30.9375 -14.359744 0.31496063,30.82375 -14.337118 0.31496063,
  30.727317 -14.272683 0.31496063,30.662882 -14.17625 0.31496063,
  23.140256 -14.0625 0.31496063,23.162882 -13.94875 0.31496063,
  23.227317 -13.852317 0.31496063,23.32375 -13.787882 0.31496063,
  23.4375 -13.765256 0.31496063,23.55125 -13.787882 0.31496063,
  23.647683 -13.852317 0.31496063,23.712118 -13.94875 0.31496063,
  23.734744 -14.0625 0.31496063,23.712118 -14.17625 0.31496063,
  23.647683 -14.272683 0.31496063,23.55125 -14.337118 0.31496063,
  23.4375 -14.359744 0.31496063,23.32375 -14.337118 0.31496063,
  23.227317 -14.272683 0.31496063,23.162882 -14.17625 0.31496063,
  16.885531 -13.437008 0.31496063,16.899002 -13.369285 0.31496063,
  16.937364 -13.311872 0.31496063,16.994777 -13.27351 0.31496063,
  17.0625 -13.260039 0.31496063,17.130223 -13.27351 0.31496063,
  17.187636 -13.311872 0.31496063,17.225998 -13.369285 0.31496063,
  17.239469 -13.437008 0.31496063,17.225998 -13.504731 0.31496063,
  17.187636 -13.562144 0.31496063,17.130223 -13.600505 0.31496063,
  17.0625 -13.613976 0.31496063,16.994777 -13.600505 0.31496063,
  16.937364 -13.562144 0.31496063,16.899002 -13.504731 0.31496063,
  23.10819 -21.281243 0.31496063,23.068246 -21.336221 0.31496063,
  23.037395 -21.396771 0.31496063,23.016395 -21.461402 0.31496063,
  23.005764 -21.528522 0.31496063,23.005764 -21.596478 0.31496063,
  23.016395 -21.663598 0.31496063,23.037395 -21.728229 0.31496063,
  23.068246 -21.788779 0.31496063,23.10819 -21.843757 0.31496063,
  23.156243 -21.89181 0.31496063,23.211221 -21.931754 0.31496063,
  23.271771 -21.962605 0.31496063,23.336402 -21.983605 0.31496063,
  23.403522 -21.994236 0.31496063,23.471478 -21.994236 0.31496063,
  23.538598 -21.983605 0.31496063,23.603229 -21.962605 0.31496063,
  23.663779 -21.931754 0.31496063,23.718757 -21.89181 0.31496063,
  23.76681 -21.843757 0.31496063,23.806754 -21.788779 0.31496063,
  23.837605 -21.728229 0.31496063,23.858605 -21.663598 0.31496063,
  23.868382 -21.60187 0.31496063,30.506618 -21.60187 0.31496063,
  30.516395 -21.663598 0.31496063,30.537395 -21.728229 0.31496063,
  30.568246 -21.788779 0.31496063,30.60819 -21.843757 0.31496063,
  30.656243 -21.89181 0.31496063,30.711221 -21.931754 0.31496063,
  30.771771 -21.962605 0.31496063,30.836402 -21.983605 0.31496063,
  30.903522 -21.994236 0.31496063,30.971478 -21.994236 0.31496063,
  31.038598 -21.983605 0.31496063,31.103229 -21.962605 0.31496063,
  31.163779 -21.931754 0.31496063,31.218757 -21.89181 0.31496063,
  31.26681 -21.843757 0.31496063,31.306754 -21.788779 0.31496063,
  31.337605 -21.728229 0.31496063,31.358605 -21.663598 0.31496063,
  31.369236 -21.596478 0.31496063,31.369236 -21.528522 0.31496063,
  31.358605 -21.461402 0.31496063,31.337605 -21.396771 0.31496063,
  31.306754 -21.336221 0.31496063,31.26681 -21.281243 0.31496063,
  31.218757 -21.23319 0.31496063,31.163779 -21.193246 0.31496063,
  31.103229 -21.162395 0.31496063,31.038598 -21.141395 0.31496063,
  30.971478 -21.130764 0.31496063,30.903522 -21.130764 0.31496063,
  30.836402 -21.141395 0.31496063,30.771771 -21.162395 0.31496063,
  30.711221 -21.193246 0.31496063,30.656243 -21.23319 0.31496063,
  30.60819 -21.281243 0.31496063,30.568246 -21.336221 0.31496063,
  30.537395 -21.396771 0.31496063,30.516395 -21.461402 0.31496063,
  30.506618 -21.52313 0.31496063,23.868382 -21.52313 0.31496063,
  23.858605 -21.461402 0.31496063,23.837605 -21.396771 0.31496063,
  23.806754 -21.336221 0.31496063,23.76681 -21.281243 0.31496063,
  23.718757 -21.23319 0.31496063,23.663779 -21.193246 0.31496063,
  23.603229 -21.162395 0.31496063,23.538598 -21.141395 0.31496063,
  23.47687 -21.131618 0.31496063,23.47687 -14.493381 0.31496063,
  23.538598 -14.483605 0.31496063,23.603229 -14.462605 0.31496063,
  23.663779 -14.431754 0.31496063,23.718757 -14.39181 0.31496063,
  23.76681 -14.343757 0.31496063,23.806754 -14.288779 0.31496063,
  23.837605 -14.228229 0.31496063,23.858605 -14.163598 0.31496063,
  23.868382 -14.10187 0.31496063,30.506618 -14.10187 0.31496063,
  30.516395 -14.163598 0.31496063,30.537395 -14.228229 0.31496063,
  30.568246 -14.288779 0.31496063,30.60819 -14.343757 0.31496063,
  30.656243 -14.39181 0.31496063,30.711221 -14.431754 0.31496063,
  30.771771 -14.462605 0.31496063,30.836402 -14.483605 0.31496063,
  30.903522 -14.494236 0.31496063,30.971478 -14.494236 0.31496063,
  31.038598 -14.483605 0.31496063,31.103229 -14.462605 0.31496063,
  31.163779 -14.431754 0.31496063,31.218757 -14.39181 0.31496063,
  31.26681 -14.343757 0.31496063,31.306754 -14.288779 0.31496063,
  31.337605 -14.228229 0.31496063,31.358605 -14.163598 0.31496063,
  31.369236 -14.096478 0.31496063,31.369236 -14.028522 0.31496063,
  31.358605 -13.961402 0.31496063,31.337605 -13.896771 0.31496063,
  31.306754 -13.836221 0.31496063,31.26681 -13.781243 0.31496063,
  31.218757 -13.73319 0.31496063,31.163779 -13.693246 0.31496063,
  31.103229 -13.662395 0.31496063,31.038598 -13.641395 0.31496063,
  30.971478 -13.630764 0.31496063,30.903522 -13.630764 0.31496063,
  30.836402 -13.641395 0.31496063,30.771771 -13.662395 0.31496063,
  30.711221 -13.693246 0.31496063,30.656243 -13.73319 0.31496063,
  30.60819 -13.781243 0.31496063,30.568246 -13.836221 0.31496063,
  30.537395 -13.896771 0.31496063,30.516395 -13.961402 0.31496063,
  30.506618 -14.02313 0.31496063,23.868382 -14.02313 0.31496063,
  23.858605 -13.961402 0.31496063,23.837605 -13.896771 0.31496063,
  23.806754 -13.836221 0.31496063,23.76681 -13.781243 0.31496063,
  23.718757 -13.73319 0.31496063,23.663779 -13.693246 0.31496063,
  23.603229 -13.662395 0.31496063,23.538598 -13.641395 0.31496063,
  23.471478 -13.630764 0.31496063,23.403522 -13.630764 0.31496063,
  23.336402 -13.641395 0.31496063,23.271771 -13.662395 0.31496063,
  23.211221 -13.693246 0.31496063,23.156243 -13.73319 0.31496063,
  23.10819 -13.781243 0.31496063,23.068246 -13.836221 0.31496063,
  23.037395 -13.896771 0.31496063,23.016395 -13.961402 0.31496063,
  23.006618 -14.02313 0.31496063,19.703808 -14.02313 0.31496063,
  19.101378 -13.4207 0.31496063,19.101378 -12.647194 0.31496063,
  19.100622 -12.639514 0.31496063,19.094743 -12.625322 0.31496063,
  19.089847 -12.619356 0.31496063,18.461156 -11.990665 0.31496063,
  18.45519 -11.985769 0.31496063,18.440998 -11.97989 0.31496063,
  18.433317 -11.979134 0.31496063,13.293996 -11.979134 0.31496063,
  13.286315 -11.97989 0.31496063,13.27628 -11.984047 0.31496063,
  13.272123 -11.985769 0.31496063,13.266157 -11.990665 0.31496063,
  12.159661 -13.097161 0.31496063,12.154765 -13.103127 0.31496063,
  12.148886 -13.117319 0.31496063,12.14813 -13.125 0.31496063,
  12.14813 -22.043239 0.31496063,11.858692 -22.332677 0.31496063,
  11.432087 -22.332677 0.31496063,11.432087 -22.667323 0.31496063,
  11.858692 -22.667323 0.31496063,12.656708 -23.465339 0.31496063,
  12.662674 -23.470235 0.31496063,12.676867 -23.476114 0.31496063,
  12.684547 -23.47687 0.31496063,14.559547 -23.47687 0.31496063,
  14.567228 -23.476114 0.31496063,14.58142 -23.470235 0.31496063,
  14.587386 -23.465339 0.31496063,15.385402 -22.667323 0.31496063,
  15.812008 -22.667323 0.31496063,15.812008 -22.332677 0.31496063,
  15.182087 -22.332677 0.31496063,15.182087 -22.667323 0.31496063,
  15.274046 -22.667323 0.31496063,14.543239 -23.39813 0.31496063,
  12.700855 -23.39813 0.31496063,11.970048 -22.667323 0.31496063,
  12.062008 -22.667323 0.31496063,12.062008 -22.332677 0.31496063,
  11.970048 -22.332677 0.31496063,12.215339 -22.087386 0.31496063,
  12.220235 -22.08142 0.31496063,12.221957 -22.077263 0.31496063,
  12.226114 -22.067228 0.31496063,12.22687 -22.059547 0.31496063,
  12.22687 -13.141308 0.31496063,13.310304 -12.057874 0.31496063,
  18.417009 -12.057874 0.31496063,19.022638 -12.663502 0.31496063,
  19.022638 -13.397638 0.31496063,17.86998 -13.397638 0.31496063,
  17.86998 -13.197008 0.31496063,17.865413 -13.174047 0.31496063,
  17.852407 -13.154581 0.31496063,17.832941 -13.141575 0.31496063,
  17.80998 -13.137008 0.31496063,16.9725 -13.137008 0.31496063,
  16.949539 -13.141575 0.31496063,16.930074 -13.154581 0.31496063,
  16.917067 -13.174047 0.31496063,16.916822 -13.175277 0.31496063,
  16.872182 -13.205105 0.31496063,16.830597 -13.24669 0.31496063,
  16.797924 -13.295589 0.31496063,16.775418 -13.349922 0.31496063,
  16.763944 -13.407603 0.31496063,16.763944 -13.466413 0.31496063,
  16.775418 -13.524093 0.31496063,16.797924 -13.578427 0.31496063,
  16.830597 -13.627326 0.31496063,16.872182 -13.668911 0.31496063,
  16.916822 -13.698739 0.31496063,16.917067 -13.699969 0.31496063,
  16.930074 -13.719434 0.31496063,16.949539 -13.732441 0.31496063,
  16.9725 -13.737008 0.31496063,17.80998 -13.737008 0.31496063,
  17.832941 -13.732441 0.31496063,17.852407 -13.719434 0.31496063,
  17.865413 -13.699969 0.31496063,17.86998 -13.677008 0.31496063,
  17.86998 -13.476378 0.31496063,19.0457 -13.476378 0.31496063,
  19.659661 -14.090339 0.31496063,19.665627 -14.095235 0.31496063,
  19.679819 -14.101114 0.31496063,19.6875 -14.10187 0.31496063,
  23.006618 -14.10187 0.31496063,23.016395 -14.163598 0.31496063,
  23.037395 -14.228229 0.31496063,23.068246 -14.288779 0.31496063,
  23.10819 -14.343757 0.31496063,23.156243 -14.39181 0.31496063,
  23.211221 -14.431754 0.31496063,23.271771 -14.462605 0.31496063,
  23.336402 -14.483605 0.31496063,23.39813 -14.493381 0.31496063,
  23.39813 -21.131618 0.31496063,23.336402 -21.141395 0.31496063,
  23.271771 -21.162395 0.31496063,23.211221 -21.193246 0.31496063,
  23.156243 -21.23319 0.31496063,23.140256 -21.5625 0.31496063,
  23.162882 -21.44875 0.31496063,23.227317 -21.352317 0.31496063,
  23.32375 -21.287882 0.31496063,23.4375 -21.265256 0.31496063,
  23.55125 -21.287882 0.31496063,23.647683 -21.352317 0.31496063,
  23.712118 -21.44875 0.31496063,23.734744 -21.5625 0.31496063,
  23.712118 -21.67625 0.31496063,23.647683 -21.772683 0.31496063,
  23.55125 -21.837118 0.31496063,23.4375 -21.859744 0.31496063,
  23.32375 -21.837118 0.31496063,23.227317 -21.772683 0.31496063,
  23.162882 -21.67625 0.31496063,20.60819 -14.781243 0.31496063,
  20.568246 -14.836221 0.31496063,20.537395 -14.896771 0.31496063,
  20.516395 -14.961402 0.31496063,20.505764 -15.028522 0.31496063,
  20.505764 -15.096478 0.31496063,20.516395 -15.163598 0.31496063,
  20.537395 -15.228229 0.31496063,20.568246 -15.288779 0.31496063,
  20.60819 -15.343757 0.31496063,20.656243 -15.39181 0.31496063,
  20.711221 -15.431754 0.31496063,20.771771 -15.462605 0.31496063,
  20.836402 -15.483605 0.31496063,20.903522 -15.494236 0.31496063,
  20.971478 -15.494236 0.31496063,21.038598 -15.483605 0.31496063,
  21.103229 -15.462605 0.31496063,21.163779 -15.431754 0.31496063,
  21.218757 -15.39181 0.31496063,21.26681 -15.343757 0.31496063,
  21.306754 -15.288779 0.31496063,21.337605 -15.228229 0.31496063,
  21.358605 -15.163598 0.31496063,21.369236 -15.096478 0.31496063,
  21.369236 -15.028522 0.31496063,21.358605 -14.961402 0.31496063,
  21.337605 -14.896771 0.31496063,21.306754 -14.836221 0.31496063,
  21.26681 -14.781243 0.31496063,21.218757 -14.73319 0.31496063,
  21.163779 -14.693246 0.31496063,21.103229 -14.662395 0.31496063,
  21.038598 -14.641395 0.31496063,20.971478 -14.630764 0.31496063,
  20.903522 -14.630764 0.31496063,20.836402 -14.641395 0.31496063,
  20.771771 -14.662395 0.31496063,20.711221 -14.693246 0.31496063,
  20.656243 -14.73319 0.31496063,20.640256 -15.0625 0.31496063,
  20.662882 -14.94875 0.31496063,20.727317 -14.852317 0.31496063,
  20.82375 -14.787882 0.31496063,20.9375 -14.765256 0.31496063,
  21.05125 -14.787882 0.31496063,21.147683 -14.852317 0.31496063,
  21.212118 -14.94875 0.31496063,21.234744 -15.0625 0.31496063,
  21.212118 -15.17625 0.31496063,21.147683 -15.272683 0.31496063,
  21.05125 -15.337118 0.31496063,20.9375 -15.359744 0.31496063,
  20.82375 -15.337118 0.31496063,20.727317 -15.272683 0.31496063,
  20.662882 -15.17625 0.31496063,28.10819 -14.781243 0.31496063,
  28.068246 -14.836221 0.31496063,28.037395 -14.896771 0.31496063,
  28.016395 -14.961402 0.31496063,28.005764 -15.028522 0.31496063,
  28.005764 -15.096478 0.31496063,28.016395 -15.163598 0.31496063,
  28.037395 -15.228229 0.31496063,28.068246 -15.288779 0.31496063,
  28.10819 -15.343757 0.31496063,28.156243 -15.39181 0.31496063,
  28.211221 -15.431754 0.31496063,28.271771 -15.462605 0.31496063,
  28.336402 -15.483605 0.31496063,28.403522 -15.494236 0.31496063,
  28.471478 -15.494236 0.31496063,28.538598 -15.483605 0.31496063,
  28.603229 -15.462605 0.31496063,28.663779 -15.431754 0.31496063,
  28.718757 -15.39181 0.31496063,28.76681 -15.343757 0.31496063,
  28.806754 -15.288779 0.31496063,28.837605 -15.228229 0.31496063,
  28.858605 -15.163598 0.31496063,28.869236 -15.096478 0.31496063,
  28.869236 -15.028522 0.31496063,28.858605 -14.961402 0.31496063,
  28.837605 -14.896771 0.31496063,28.806754 -14.836221 0.31496063,
  28.76681 -14.781243 0.31496063,28.718757 -14.73319 0.31496063,
  28.663779 -14.693246 0.31496063,28.603229 -14.662395 0.31496063,
  28.538598 -14.641395 0.31496063,28.471478 -14.630764 0.31496063,
  28.403522 -14.630764 0.31496063,28.336402 -14.641395 0.31496063,
  28.271771 -14.662395 0.31496063,28.211221 -14.693246 0.31496063,
  28.156243 -14.73319 0.31496063,28.140256 -15.0625 0.31496063,
  28.162882 -14.94875 0.31496063,28.227317 -14.852317 0.31496063,
  28.32375 -14.787882 0.31496063,28.4375 -14.765256 0.31496063,
  28.55125 -14.787882 0.31496063,28.647683 -14.852317 0.31496063,
  28.712118 -14.94875 0.31496063,28.734744 -15.0625 0.31496063,
  28.712118 -15.17625 0.31496063,28.647683 -15.272683 0.31496063,
  28.55125 -15.337118 0.31496063,28.4375 -15.359744 0.31496063,
  28.32375 -15.337118 0.31496063,28.227317 -15.272683 0.31496063,
  28.162882 -15.17625 0.31496063,20.60819 -22.281243 0.31496063,
  20.568246 -22.336221 0.31496063,20.537395 -22.396771 0.31496063,
  20.516395 -22.461402 0.31496063,20.505764 -22.528522 0.31496063,
  20.505764 -22.596478 0.31496063,20.516395 -22.663598 0.31496063,
  20.537395 -22.728229 0.31496063,20.568246 -22.788779 0.31496063,
  20.60819 -22.843757 0.31496063,20.656243 -22.89181 0.31496063,
  20.711221 -22.931754 0.31496063,20.771771 -22.962605 0.31496063,
  20.836402 -22.983605 0.31496063,20.903522 -22.994236 0.31496063,
  20.971478 -22.994236 0.31496063,21.038598 -22.983605 0.31496063,
  21.103229 -22.962605 0.31496063,21.163779 -22.931754 0.31496063,
  21.218757 -22.89181 0.31496063,21.26681 -22.843757 0.31496063,
  21.306754 -22.788779 0.31496063,21.337605 -22.728229 0.31496063,
  21.358605 -22.663598 0.31496063,21.369236 -22.596478 0.31496063,
  21.369236 -22.528522 0.31496063,21.358605 -22.461402 0.31496063,
  21.337605 -22.396771 0.31496063,21.306754 -22.336221 0.31496063,
  21.26681 -22.281243 0.31496063,21.218757 -22.23319 0.31496063,
  21.163779 -22.193246 0.31496063,21.103229 -22.162395 0.31496063,
  21.038598 -22.141395 0.31496063,20.971478 -22.130764 0.31496063,
  20.903522 -22.130764 0.31496063,20.836402 -22.141395 0.31496063,
  20.771771 -22.162395 0.31496063,20.711221 -22.193246 0.31496063,
  20.656243 -22.23319 0.31496063,20.640256 -22.5625 0.31496063,
  20.662882 -22.44875 0.31496063,20.727317 -22.352317 0.31496063,
  20.82375 -22.287882 0.31496063,20.9375 -22.265256 0.31496063,
  21.05125 -22.287882 0.31496063,21.147683 -22.352317 0.31496063,
  21.212118 -22.44875 0.31496063,21.234744 -22.5625 0.31496063,
  21.212118 -22.67625 0.31496063,21.147683 -22.772683 0.31496063,
  21.05125 -22.837118 0.31496063,20.9375 -22.859744 0.31496063,
  20.82375 -22.837118 0.31496063,20.727317 -22.772683 0.31496063,
  20.662882 -22.67625 0.31496063] }
 coordIndex [
  28,29,0,-1,28,0,1,-1,28,1,2,-1,28,2,3,-1,28,3,4,-1,28,4,27,-1,24,25,15,-1,15,25,26,-1,
  15,26,14,-1,14,26,27,-1,14,27,13,-1,13,27,12,-1,8,10,7,-1,7,10,11,-1,7,11,6,-1,6,11,12,-1,
  6,12,5,-1,5,12,27,-1,5,27,4,-1,31,32,33,-1,31,33,0,-1,31,0,29,-1,31,29,30,-1,17,18,24,-1,
  24,18,19,-1,24,19,21,-1,21,19,20,-1,22,23,24,-1,22,24,21,-1,24,15,16,-1,24,16,17,-1,875,876,45,-1,
  45,876,877,-1,45,877,44,-1,44,877,878,-1,44,878,43,-1,43,878,879,-1,43,879,42,-1,42,879,880,-1,42,880,889,-1,
  889,880,881,-1,889,881,888,-1,888,881,882,-1,888,882,887,-1,887,882,883,-1,887,883,886,-1,886,883,884,-1,886,884,885,-1,
  893,39,892,-1,892,39,40,-1,892,40,891,-1,891,40,41,-1,891,41,890,-1,890,41,42,-1,890,42,889,-1,894,895,38,-1,
  894,38,39,-1,894,39,893,-1,869,870,900,-1,900,870,34,-1,900,34,899,-1,899,34,35,-1,899,35,898,-1,898,35,36,-1,
  898,36,897,-1,897,36,37,-1,897,37,896,-1,896,37,38,-1,896,38,895,-1,46,47,873,-1,46,873,874,-1,46,874,875,-1,
  46,875,45,-1,34,870,49,-1,49,870,871,-1,49,871,48,-1,48,871,872,-1,48,872,47,-1,47,872,873,-1,855,856,1102,-1,
  1102,856,857,-1,1102,857,1101,-1,1101,857,858,-1,1101,858,1100,-1,1100,858,859,-1,1100,859,1099,-1,1099,859,860,-1,1099,860,909,-1,
  909,860,861,-1,909,861,908,-1,908,861,862,-1,908,862,907,-1,907,862,863,-1,907,863,906,-1,906,863,864,-1,906,864,905,-1,
  905,864,865,-1,905,865,904,-1,904,865,866,-1,904,866,903,-1,903,866,867,-1,903,867,902,-1,902,867,868,-1,902,868,901,-1,
  901,868,869,-1,901,869,900,-1,913,1096,912,-1,912,1096,1097,-1,912,1097,911,-1,911,1097,1098,-1,911,1098,910,-1,910,1098,1099,-1,
  910,1099,909,-1,1084,1085,820,-1,820,1085,1095,-1,820,1095,914,-1,914,1095,1096,-1,914,1096,913,-1,979,980,808,-1,808,980,1081,-1,
  808,1081,823,-1,823,1081,1082,-1,823,1082,822,-1,822,1082,1083,-1,822,1083,821,-1,821,1083,1084,-1,821,1084,820,-1,1074,1075,985,-1,
  985,1075,1076,-1,985,1076,984,-1,984,1076,1077,-1,984,1077,983,-1,983,1077,1078,-1,983,1078,982,-1,982,1078,1079,-1,982,1079,981,-1,
  981,1079,1080,-1,981,1080,980,-1,980,1080,1081,-1,991,1037,990,-1,990,1037,1071,-1,990,1071,986,-1,986,1071,1072,-1,986,1072,985,-1,
  985,1072,1073,-1,985,1073,1074,-1,986,987,988,-1,986,988,989,-1,986,989,990,-1,1037,991,992,-1,1037,992,993,-1,1037,993,994,-1,
  1037,994,1036,-1,1035,1036,994,-1,1035,994,995,-1,1035,995,996,-1,1035,996,997,-1,1035,997,998,-1,1035,998,999,-1,1035,999,1034,-1,
  1034,999,1000,-1,1034,1000,1029,-1,1034,1029,1030,-1,1034,1030,1031,-1,1034,1031,1032,-1,1034,1032,1033,-1,1029,1000,1001,-1,1029,1001,1002,-1,
  1029,1002,1003,-1,1029,1003,1004,-1,1029,1004,1028,-1,1025,1026,1028,-1,1025,1028,1005,-1,1025,1005,1008,-1,1025,1008,1009,-1,1025,1009,1024,-1,
  69,71,68,-1,68,71,72,-1,68,72,67,-1,67,72,73,-1,67,73,66,-1,66,73,108,-1,66,108,65,-1,65,108,122,-1,
  65,122,64,-1,64,122,123,-1,64,123,124,-1,114,50,59,-1,59,50,51,-1,59,51,58,-1,58,51,52,-1,58,52,57,-1,
  57,52,53,-1,57,53,56,-1,56,53,54,-1,56,54,55,-1,59,60,126,-1,59,126,127,-1,59,127,128,-1,59,128,129,-1,
  59,129,114,-1,126,60,125,-1,125,60,61,-1,125,61,124,-1,124,61,62,-1,124,62,63,-1,108,73,107,-1,107,73,74,-1,
  107,74,92,-1,92,74,75,-1,92,75,76,-1,103,104,99,-1,99,104,105,-1,99,105,93,-1,93,105,106,-1,93,106,92,-1,
  92,106,107,-1,76,77,92,-1,92,77,78,-1,92,78,91,-1,91,78,79,-1,91,79,90,-1,90,79,80,-1,90,80,81,-1,
  50,114,115,-1,50,115,116,-1,50,116,117,-1,50,117,118,-1,50,118,113,-1,110,111,120,-1,120,111,112,-1,120,112,119,-1,
  119,112,113,-1,119,113,118,-1,109,110,120,-1,109,120,121,-1,109,121,122,-1,109,122,108,-1,99,100,101,-1,99,101,102,-1,
  99,102,103,-1,97,98,99,-1,97,99,94,-1,97,94,95,-1,97,95,96,-1,90,81,82,-1,90,82,83,-1,90,83,84,-1,
  90,84,85,-1,90,85,88,-1,90,88,89,-1,86,87,88,-1,86,88,85,-1,131,132,133,-1,131,133,130,-1,149,150,185,-1,
  185,150,151,-1,185,151,184,-1,184,151,152,-1,184,152,183,-1,183,152,153,-1,183,153,182,-1,182,153,154,-1,182,154,163,-1,
  163,154,155,-1,163,155,162,-1,162,155,156,-1,162,156,161,-1,161,156,157,-1,161,157,160,-1,160,157,158,-1,160,158,159,-1,
  167,179,166,-1,166,179,180,-1,166,180,165,-1,165,180,181,-1,165,181,164,-1,164,181,182,-1,164,182,163,-1,168,169,178,-1,
  168,178,179,-1,168,179,167,-1,143,144,134,-1,134,144,174,-1,134,174,173,-1,173,174,175,-1,173,175,172,-1,172,175,176,-1,
  172,176,171,-1,171,176,177,-1,171,177,170,-1,170,177,178,-1,170,178,169,-1,186,187,147,-1,186,147,148,-1,186,148,149,-1,
  186,149,185,-1,174,144,189,-1,189,144,145,-1,189,145,188,-1,188,145,146,-1,188,146,187,-1,187,146,147,-1,138,140,137,-1,
  137,140,141,-1,137,141,136,-1,136,141,142,-1,136,142,135,-1,135,142,143,-1,135,143,134,-1,228,205,214,-1,214,205,206,-1,
  214,206,213,-1,213,206,207,-1,213,207,212,-1,212,207,208,-1,212,208,211,-1,211,208,209,-1,211,209,210,-1,227,228,214,-1,
  227,214,215,-1,227,215,216,-1,227,216,217,-1,227,217,226,-1,224,225,219,-1,219,225,226,-1,219,226,218,-1,218,226,217,-1,
  220,221,190,-1,190,221,222,-1,190,222,219,-1,219,222,223,-1,219,223,224,-1,229,230,202,-1,229,202,203,-1,229,203,204,-1,
  229,204,205,-1,229,205,228,-1,230,231,200,-1,230,200,201,-1,230,201,202,-1,200,231,232,-1,200,232,233,-1,200,233,234,-1,
  200,234,190,-1,200,190,199,-1,190,234,235,-1,190,235,220,-1,194,196,193,-1,193,196,197,-1,193,197,192,-1,192,197,198,-1,
  192,198,191,-1,191,198,199,-1,191,199,190,-1,274,251,260,-1,260,251,252,-1,260,252,259,-1,259,252,253,-1,259,253,258,-1,
  258,253,254,-1,258,254,257,-1,257,254,255,-1,257,255,256,-1,273,274,260,-1,273,260,261,-1,273,261,262,-1,273,262,263,-1,
  273,263,272,-1,270,271,265,-1,265,271,272,-1,265,272,264,-1,264,272,263,-1,266,267,236,-1,236,267,268,-1,236,268,265,-1,
  265,268,269,-1,265,269,270,-1,275,276,248,-1,275,248,249,-1,275,249,250,-1,275,250,251,-1,275,251,274,-1,276,277,246,-1,
  276,246,247,-1,276,247,248,-1,246,277,278,-1,246,278,279,-1,246,279,280,-1,246,280,236,-1,246,236,245,-1,236,280,281,-1,
  236,281,266,-1,240,242,239,-1,239,242,243,-1,239,243,238,-1,238,243,244,-1,238,244,237,-1,237,244,245,-1,237,245,236,-1,
  320,297,306,-1,306,297,298,-1,306,298,305,-1,305,298,299,-1,305,299,304,-1,304,299,300,-1,304,300,303,-1,303,300,301,-1,
  303,301,302,-1,319,320,306,-1,319,306,307,-1,319,307,308,-1,319,308,309,-1,319,309,318,-1,316,317,311,-1,311,317,318,-1,
  311,318,310,-1,310,318,309,-1,312,313,282,-1,282,313,314,-1,282,314,311,-1,311,314,315,-1,311,315,316,-1,321,322,294,-1,
  321,294,295,-1,321,295,296,-1,321,296,297,-1,321,297,320,-1,322,323,292,-1,322,292,293,-1,322,293,294,-1,292,323,324,-1,
  292,324,325,-1,292,325,326,-1,292,326,282,-1,292,282,291,-1,282,326,327,-1,282,327,312,-1,286,288,285,-1,285,288,289,-1,
  285,289,284,-1,284,289,290,-1,284,290,283,-1,283,290,291,-1,283,291,282,-1,366,343,352,-1,352,343,344,-1,352,344,351,-1,
  351,344,345,-1,351,345,350,-1,350,345,346,-1,350,346,349,-1,349,346,347,-1,349,347,348,-1,365,366,352,-1,365,352,353,-1,
  365,353,354,-1,365,354,355,-1,365,355,364,-1,362,363,357,-1,357,363,364,-1,357,364,356,-1,356,364,355,-1,358,359,328,-1,
  328,359,360,-1,328,360,357,-1,357,360,361,-1,357,361,362,-1,367,368,340,-1,367,340,341,-1,367,341,342,-1,367,342,343,-1,
  367,343,366,-1,368,369,338,-1,368,338,339,-1,368,339,340,-1,338,369,370,-1,338,370,371,-1,338,371,372,-1,338,372,328,-1,
  338,328,337,-1,328,372,373,-1,328,373,358,-1,332,334,331,-1,331,334,335,-1,331,335,330,-1,330,335,336,-1,330,336,329,-1,
  329,336,337,-1,329,337,328,-1,427,428,379,-1,427,379,380,-1,427,380,381,-1,427,381,382,-1,427,382,383,-1,427,383,426,-1,
  387,389,386,-1,386,389,390,-1,386,390,385,-1,385,390,391,-1,385,391,384,-1,384,391,425,-1,384,425,426,-1,462,439,448,-1,
  448,439,440,-1,448,440,447,-1,447,440,441,-1,447,441,446,-1,446,441,442,-1,446,442,445,-1,445,442,443,-1,445,443,444,-1,
  461,462,448,-1,461,448,449,-1,461,449,450,-1,461,450,451,-1,461,451,460,-1,458,459,453,-1,453,459,460,-1,453,460,452,-1,
  452,460,451,-1,454,455,374,-1,374,455,456,-1,374,456,453,-1,453,456,457,-1,453,457,458,-1,463,464,436,-1,463,436,437,-1,
  463,437,438,-1,463,438,439,-1,463,439,462,-1,464,465,434,-1,464,434,435,-1,464,435,436,-1,434,465,466,-1,434,466,467,-1,
  434,467,468,-1,434,468,374,-1,434,374,433,-1,374,468,469,-1,374,469,454,-1,378,430,377,-1,377,430,431,-1,377,431,376,-1,
  376,431,432,-1,376,432,375,-1,375,432,433,-1,375,433,374,-1,430,378,379,-1,430,379,428,-1,430,428,429,-1,508,485,494,-1,
  494,485,486,-1,494,486,493,-1,493,486,487,-1,493,487,492,-1,492,487,488,-1,492,488,491,-1,491,488,489,-1,491,489,490,-1,
  507,508,494,-1,507,494,495,-1,507,495,496,-1,507,496,497,-1,507,497,506,-1,504,505,499,-1,499,505,506,-1,499,506,498,-1,
  498,506,497,-1,500,501,470,-1,470,501,502,-1,470,502,499,-1,499,502,503,-1,499,503,504,-1,509,510,482,-1,509,482,483,-1,
  509,483,484,-1,509,484,485,-1,509,485,508,-1,510,511,480,-1,510,480,481,-1,510,481,482,-1,480,511,512,-1,480,512,513,-1,
  480,513,514,-1,480,514,470,-1,480,470,479,-1,470,514,515,-1,470,515,500,-1,474,476,473,-1,473,476,477,-1,473,477,472,-1,
  472,477,478,-1,472,478,471,-1,471,478,479,-1,471,479,470,-1,397,398,405,-1,405,398,399,-1,405,399,404,-1,404,399,400,-1,
  404,400,403,-1,403,400,401,-1,403,401,402,-1,396,397,405,-1,396,405,422,-1,396,422,423,-1,396,423,424,-1,396,424,395,-1,
  422,405,406,-1,422,406,407,-1,422,407,408,-1,422,408,409,-1,422,409,421,-1,420,421,409,-1,420,409,410,-1,420,410,411,-1,
  420,411,412,-1,420,412,413,-1,420,413,419,-1,419,413,414,-1,419,414,417,-1,419,417,418,-1,424,425,392,-1,424,392,393,-1,
  424,393,394,-1,424,394,395,-1,415,416,417,-1,415,417,414,-1,554,531,540,-1,540,531,532,-1,540,532,539,-1,539,532,533,-1,
  539,533,538,-1,538,533,534,-1,538,534,537,-1,537,534,535,-1,537,535,536,-1,553,554,540,-1,553,540,541,-1,553,541,542,-1,
  553,542,543,-1,553,543,552,-1,550,551,545,-1,545,551,552,-1,545,552,544,-1,544,552,543,-1,546,547,516,-1,516,547,548,-1,
  516,548,545,-1,545,548,549,-1,545,549,550,-1,555,556,528,-1,555,528,529,-1,555,529,530,-1,555,530,531,-1,555,531,554,-1,
  556,557,526,-1,556,526,527,-1,556,527,528,-1,526,557,558,-1,526,558,559,-1,526,559,560,-1,526,560,516,-1,526,516,525,-1,
  516,560,561,-1,516,561,546,-1,520,522,519,-1,519,522,523,-1,519,523,518,-1,518,523,524,-1,518,524,517,-1,517,524,525,-1,
  517,525,516,-1,600,577,586,-1,586,577,578,-1,586,578,585,-1,585,578,579,-1,585,579,584,-1,584,579,580,-1,584,580,583,-1,
  583,580,581,-1,583,581,582,-1,586,587,596,-1,586,596,597,-1,586,597,598,-1,586,598,599,-1,586,599,600,-1,596,587,595,-1,
  595,587,588,-1,595,588,594,-1,594,588,589,-1,594,589,590,-1,591,562,592,-1,591,592,593,-1,591,593,594,-1,591,594,590,-1,
  577,600,601,-1,577,601,602,-1,577,602,603,-1,577,603,604,-1,577,604,576,-1,573,574,606,-1,606,574,575,-1,606,575,605,-1,
  605,575,576,-1,605,576,604,-1,572,573,606,-1,572,606,607,-1,572,607,592,-1,572,592,571,-1,592,562,571,-1,571,562,563,-1,
  571,563,570,-1,570,563,564,-1,570,564,569,-1,569,564,565,-1,569,565,568,-1,568,565,566,-1,568,566,567,-1,646,623,632,-1,
  632,623,624,-1,632,624,631,-1,631,624,625,-1,631,625,630,-1,630,625,626,-1,630,626,629,-1,629,626,627,-1,629,627,628,-1,
  632,633,642,-1,632,642,643,-1,632,643,644,-1,632,644,645,-1,632,645,646,-1,642,633,641,-1,641,633,634,-1,641,634,640,-1,
  640,634,635,-1,640,635,636,-1,637,608,638,-1,637,638,639,-1,637,639,640,-1,637,640,636,-1,623,646,647,-1,623,647,648,-1,
  623,648,649,-1,623,649,650,-1,623,650,622,-1,619,620,652,-1,652,620,621,-1,652,621,651,-1,651,621,622,-1,651,622,650,-1,
  618,619,652,-1,618,652,653,-1,618,653,638,-1,618,638,617,-1,638,608,617,-1,617,608,609,-1,617,609,616,-1,616,609,610,-1,
  616,610,615,-1,615,610,611,-1,615,611,614,-1,614,611,612,-1,614,612,613,-1,692,669,678,-1,678,669,670,-1,678,670,677,-1,
  677,670,671,-1,677,671,676,-1,676,671,672,-1,676,672,675,-1,675,672,673,-1,675,673,674,-1,678,679,688,-1,678,688,689,-1,
  678,689,690,-1,678,690,691,-1,678,691,692,-1,688,679,687,-1,687,679,680,-1,687,680,686,-1,686,680,681,-1,686,681,682,-1,
  683,654,684,-1,683,684,685,-1,683,685,686,-1,683,686,682,-1,669,692,693,-1,669,693,694,-1,669,694,695,-1,669,695,696,-1,
  669,696,668,-1,665,666,698,-1,698,666,667,-1,698,667,697,-1,697,667,668,-1,697,668,696,-1,664,665,698,-1,664,698,699,-1,
  664,699,684,-1,664,684,663,-1,684,654,663,-1,663,654,655,-1,663,655,662,-1,662,655,656,-1,662,656,661,-1,661,656,657,-1,
  661,657,660,-1,660,657,658,-1,660,658,659,-1,738,715,724,-1,724,715,716,-1,724,716,723,-1,723,716,717,-1,723,717,722,-1,
  722,717,718,-1,722,718,721,-1,721,718,719,-1,721,719,720,-1,724,725,734,-1,724,734,735,-1,724,735,736,-1,724,736,737,-1,
  724,737,738,-1,734,725,733,-1,733,725,726,-1,733,726,732,-1,732,726,727,-1,732,727,728,-1,729,700,730,-1,729,730,731,-1,
  729,731,732,-1,729,732,728,-1,715,738,739,-1,715,739,740,-1,715,740,741,-1,715,741,742,-1,715,742,714,-1,711,712,744,-1,
  744,712,713,-1,744,713,743,-1,743,713,714,-1,743,714,742,-1,710,711,744,-1,710,744,745,-1,710,745,730,-1,710,730,709,-1,
  730,700,709,-1,709,700,701,-1,709,701,708,-1,708,701,702,-1,708,702,707,-1,707,702,703,-1,707,703,706,-1,706,703,704,-1,
  706,704,705,-1,784,761,770,-1,770,761,762,-1,770,762,769,-1,769,762,763,-1,769,763,768,-1,768,763,764,-1,768,764,767,-1,
  767,764,765,-1,767,765,766,-1,770,771,780,-1,770,780,781,-1,770,781,782,-1,770,782,783,-1,770,783,784,-1,780,771,779,-1,
  779,771,772,-1,779,772,778,-1,778,772,773,-1,778,773,774,-1,775,746,776,-1,775,776,777,-1,775,777,778,-1,775,778,774,-1,
  761,784,785,-1,761,785,786,-1,761,786,787,-1,761,787,788,-1,761,788,760,-1,757,758,790,-1,790,758,759,-1,790,759,789,-1,
  789,759,760,-1,789,760,788,-1,756,757,790,-1,756,790,791,-1,756,791,776,-1,756,776,755,-1,776,746,755,-1,755,746,747,-1,
  755,747,754,-1,754,747,748,-1,754,748,753,-1,753,748,749,-1,753,749,752,-1,752,749,750,-1,752,750,751,-1,935,936,803,-1,
  803,936,937,-1,803,937,802,-1,802,937,938,-1,802,938,801,-1,801,938,939,-1,801,939,800,-1,800,939,940,-1,800,940,949,-1,
  949,940,941,-1,949,941,948,-1,948,941,942,-1,948,942,947,-1,947,942,943,-1,947,943,946,-1,946,943,944,-1,946,944,945,-1,
  953,797,952,-1,952,797,798,-1,952,798,951,-1,951,798,799,-1,951,799,950,-1,950,799,800,-1,950,800,949,-1,954,955,796,-1,
  954,796,797,-1,954,797,953,-1,929,930,960,-1,960,930,792,-1,960,792,959,-1,959,792,793,-1,959,793,958,-1,958,793,794,-1,
  958,794,957,-1,957,794,795,-1,957,795,956,-1,956,795,796,-1,956,796,955,-1,804,805,933,-1,804,933,934,-1,804,934,935,-1,
  804,935,803,-1,792,930,807,-1,807,930,931,-1,807,931,806,-1,806,931,932,-1,806,932,805,-1,805,932,933,-1,915,916,819,-1,
  819,916,917,-1,819,917,818,-1,818,917,918,-1,818,918,817,-1,817,918,919,-1,817,919,816,-1,816,919,920,-1,816,920,969,-1,
  969,920,921,-1,969,921,968,-1,968,921,922,-1,968,922,967,-1,967,922,923,-1,967,923,966,-1,966,923,924,-1,966,924,965,-1,
  965,924,925,-1,965,925,964,-1,964,925,926,-1,964,926,963,-1,963,926,927,-1,963,927,962,-1,962,927,928,-1,962,928,961,-1,
  961,928,929,-1,961,929,960,-1,973,813,972,-1,972,813,814,-1,972,814,971,-1,971,814,815,-1,971,815,970,-1,970,815,816,-1,
  970,816,969,-1,974,975,812,-1,974,812,813,-1,974,813,973,-1,979,809,978,-1,978,809,810,-1,978,810,977,-1,977,810,811,-1,
  977,811,976,-1,976,811,812,-1,976,812,975,-1,849,850,840,-1,840,850,1091,-1,840,1091,1090,-1,1090,1091,1092,-1,1090,1092,1089,-1,
  1089,1092,1093,-1,1089,1093,1088,-1,1088,1093,1094,-1,1088,1094,1087,-1,1087,1094,1095,-1,1087,1095,1086,-1,1086,1095,1085,-1,1037,1038,1071,-1,
  1071,1038,1039,-1,1071,1039,1070,-1,1070,1039,1040,-1,1070,1040,1069,-1,1069,1040,1041,-1,1069,1041,1068,-1,1068,1041,1042,-1,1068,1042,1067,-1,
  1067,1042,1043,-1,1067,1043,1066,-1,1066,1043,1044,-1,1066,1044,1065,-1,1065,1044,832,-1,1065,832,833,-1,1044,1045,828,-1,1044,828,829,-1,
  1044,829,830,-1,1044,830,831,-1,1044,831,832,-1,828,1045,827,-1,827,1045,1046,-1,827,1046,826,-1,826,1046,1047,-1,826,1047,1048,-1,
  1049,1050,824,-1,1049,824,825,-1,1049,825,826,-1,1049,826,1048,-1,1065,833,834,-1,1065,834,835,-1,1065,835,836,-1,1065,836,1064,-1,
  1061,1062,838,-1,838,1062,1063,-1,838,1063,837,-1,837,1063,1064,-1,837,1064,836,-1,1060,1061,838,-1,1060,838,839,-1,1060,839,824,-1,
  1060,824,1059,-1,824,1050,1059,-1,1059,1050,1051,-1,1059,1051,1058,-1,1058,1051,1052,-1,1058,1052,1057,-1,1057,1052,1053,-1,1057,1053,1056,-1,
  1056,1053,1054,-1,1056,1054,1055,-1,1015,1016,1022,-1,1022,1016,1017,-1,1022,1017,1019,-1,1019,1017,1018,-1,1020,1021,1022,-1,1020,1022,1019,-1,
  1022,1023,1013,-1,1022,1013,1014,-1,1022,1014,1015,-1,1024,1009,1010,-1,1024,1010,1011,-1,1024,1011,1012,-1,1024,1012,1013,-1,1024,1013,1023,-1,
  1006,1007,1008,-1,1006,1008,1005,-1,1122,1123,1158,-1,1158,1123,1124,-1,1158,1124,1157,-1,1157,1124,1125,-1,1157,1125,1156,-1,1156,1125,1126,-1,
  1156,1126,1155,-1,1155,1126,1127,-1,1155,1127,1136,-1,1136,1127,1128,-1,1136,1128,1135,-1,1135,1128,1129,-1,1135,1129,1134,-1,1134,1129,1130,-1,
  1134,1130,1133,-1,1133,1130,1131,-1,1133,1131,1132,-1,1140,1152,1139,-1,1139,1152,1153,-1,1139,1153,1138,-1,1138,1153,1154,-1,1138,1154,1137,-1,
  1137,1154,1155,-1,1137,1155,1136,-1,1141,1142,1151,-1,1141,1151,1152,-1,1141,1152,1140,-1,1116,1117,1107,-1,1107,1117,1147,-1,1107,1147,1146,-1,
  1146,1147,1148,-1,1146,1148,1145,-1,1145,1148,1149,-1,1145,1149,1144,-1,1144,1149,1150,-1,1144,1150,1143,-1,1143,1150,1151,-1,1143,1151,1142,-1,
  1159,1160,1120,-1,1159,1120,1121,-1,1159,1121,1122,-1,1159,1122,1158,-1,1147,1117,1162,-1,1162,1117,1118,-1,1162,1118,1161,-1,1161,1118,1119,-1,
  1161,1119,1160,-1,1160,1119,1120,-1,1111,1113,1110,-1,1110,1113,1114,-1,1110,1114,1109,-1,1109,1114,1115,-1,1109,1115,1108,-1,1108,1115,1116,-1,
  1108,1116,1107,-1,1178,1179,1214,-1,1214,1179,1180,-1,1214,1180,1213,-1,1213,1180,1181,-1,1213,1181,1212,-1,1212,1181,1182,-1,1212,1182,1211,-1,
  1211,1182,1183,-1,1211,1183,1192,-1,1192,1183,1184,-1,1192,1184,1191,-1,1191,1184,1185,-1,1191,1185,1190,-1,1190,1185,1186,-1,1190,1186,1189,-1,
  1189,1186,1187,-1,1189,1187,1188,-1,1196,1208,1195,-1,1195,1208,1209,-1,1195,1209,1194,-1,1194,1209,1210,-1,1194,1210,1193,-1,1193,1210,1211,-1,
  1193,1211,1192,-1,1197,1198,1207,-1,1197,1207,1208,-1,1197,1208,1196,-1,1172,1173,1163,-1,1163,1173,1203,-1,1163,1203,1202,-1,1202,1203,1204,-1,
  1202,1204,1201,-1,1201,1204,1205,-1,1201,1205,1200,-1,1200,1205,1206,-1,1200,1206,1199,-1,1199,1206,1207,-1,1199,1207,1198,-1,1215,1216,1176,-1,
  1215,1176,1177,-1,1215,1177,1178,-1,1215,1178,1214,-1,1203,1173,1218,-1,1218,1173,1174,-1,1218,1174,1217,-1,1217,1174,1175,-1,1217,1175,1216,-1,
  1216,1175,1176,-1,1167,1169,1166,-1,1166,1169,1170,-1,1166,1170,1165,-1,1165,1170,1171,-1,1165,1171,1164,-1,1164,1171,1172,-1,1164,1172,1163,-1,
  915,819,820,-1,915,820,914,-1,1103,1104,853,-1,1103,853,854,-1,1103,854,855,-1,1103,855,1102,-1,1091,850,1106,-1,1106,850,851,-1,
  1106,851,1105,-1,1105,851,852,-1,1105,852,1104,-1,1104,852,853,-1,844,846,843,-1,843,846,847,-1,843,847,842,-1,842,847,848,-1,
  842,848,841,-1,841,848,849,-1,841,849,840,-1,1234,1235,1270,-1,1270,1235,1236,-1,1270,1236,1269,-1,1269,1236,1237,-1,1269,1237,1268,-1,
  1268,1237,1238,-1,1268,1238,1267,-1,1267,1238,1239,-1,1267,1239,1248,-1,1248,1239,1240,-1,1248,1240,1247,-1,1247,1240,1241,-1,1247,1241,1246,-1,
  1246,1241,1242,-1,1246,1242,1245,-1,1245,1242,1243,-1,1245,1243,1244,-1,1252,1264,1251,-1,1251,1264,1265,-1,1251,1265,1250,-1,1250,1265,1266,-1,
  1250,1266,1249,-1,1249,1266,1267,-1,1249,1267,1248,-1,1253,1254,1263,-1,1253,1263,1264,-1,1253,1264,1252,-1,1228,1229,1219,-1,1219,1229,1259,-1,
  1219,1259,1258,-1,1258,1259,1260,-1,1258,1260,1257,-1,1257,1260,1261,-1,1257,1261,1256,-1,1256,1261,1262,-1,1256,1262,1255,-1,1255,1262,1263,-1,
  1255,1263,1254,-1,1271,1272,1232,-1,1271,1232,1233,-1,1271,1233,1234,-1,1271,1234,1270,-1,1259,1229,1274,-1,1274,1229,1230,-1,1274,1230,1273,-1,
  1273,1230,1231,-1,1273,1231,1272,-1,1272,1231,1232,-1,1223,1225,1222,-1,1222,1225,1226,-1,1222,1226,1221,-1,1221,1226,1227,-1,1221,1227,1220,-1,
  1220,1227,1228,-1,1220,1228,1219,-1,1225,1223,1224,-1,846,844,845,-1,1169,1167,1168,-1,1113,1111,1112,-1,1028,1026,1027,-1,979,808,809,-1,
  522,520,521,-1,389,387,388,-1,425,391,392,-1,476,474,475,-1,384,426,383,-1,334,332,333,-1,288,286,287,-1,242,240,241,-1,
  196,194,195,-1,140,138,139,-1,94,99,93,-1,64,124,63,-1,71,69,70,-1,1005,1028,1004,-1,10,8,9,-1]
  normalPerVertex TRUE
  normal DEF NORM_3 Normal { vector [
  0 0 1,0 0 1,
  0 0 1,0 0 1,
  0 0 1,0 0 1,
  0 0 1,0 0 1,
  0 0 1,0 0 1,
  0 0 1,0 0 1,
  0 0 1,0 0 1,
  0 0 1,0 0 1,
  0 0 1,0 0 1,
  0 0 1,0 0 1,
  0 0 1,0 0 1,
  0 0 1,0 0 1,
  0 0 1,0 0 1,
  0 0 1,0 0 1,
  0 0 1,0 0 1,
  0 0 1,0 0 1,
  0 0 1,0 0 1,
  0 0 1,0 0 1,
  0 0 1,0 0 1,
  0 0 1,0 0 1,
  0 0 1,0 0 1,
  0 0 1,0 0 1,
  0 0 1,0 0 1,
  0 0 1,0 0 1,
  0 0 1,0 0 1,
  0 0 1,0 0 1,
  0 0 1,0 0 1,
  0 0 1,0 0 1,
  0 0 1,0 0 1,
  0 0 1,0 0 1,
  0 0 1,0 0 1,
  0 0 1,0 0 1,
  0 0 1,0 0 1,
  0 0 1,0 0 1,
  0 0 1,0 0 1,
  0 0 1,0 0 1,
  0 0 1,0 0 1,
  0 0 1,0 0 1,
  0 0 1,0 0 1,
  0 0 1,0 0 1,
  0 0 1,0 0 1,
  0 0 1,0 0 1,
  0 0 1,0 0 1,
  0 0 1,0 0 1,
  0 0 1,0 0 1,
  0 0 1,0 0 1,
  0 0 1,0 0 1,
  0 0 1,0 0 1,
  0 0 1,0 0 1,
  0 0 1,0 0 1,
  0 0 1,0 0 1,
  0 0 1,0 0 1,
  0 0 1,0 0 1,
  0 0 1,0 0 1,
  0 0 1,0 0 1,
  0 0 1,0 0 1,
  0 0 1,0 0 1,
  0 0 1,0 0 1,
  0 0 1,0 0 1,
  0 0 1,0 0 1,
  0 0 1,0 0 1,
  0 0 1,0 0 1,
  0 0 1,0 0 1,
  0 0 1,0 0 1,
  0 0 1,0 0 1,
  0 0 1,0 0 1,
  0 0 1,0 0 1,
  0 0 1,0 0 1,
  0 0 1,0 0 1,
  0 0 1,0 0 1,
  0 0 1,0 0 1,
  0 0 1,0 0 1,
  0 0 1,0 0 1,
  0 0 1,0 0 1,
  0 0 1,0 0 1,
  0 0 1,0 0 1,
  0 0 1,0 0 1,
  0 0 1,0 0 1,
  0 0 1,0 0 1,
  0 0 1,0 0 1,
  0 0 1,0 0 1,
  0 0 1,0 0 1,
  0 0 1,0 0 1,
  0 0 1,0 0 1,
  0 0 1,0 0 1,
  0 0 1,0 0 1,
  0 0 1,0 0 1,
  0 0 1,0 0 1,
  0 0 1,0 0 1,
  0 0 1,0 0 1,
  0 0 1,0 0 1,
  0 0 1,0 0 1,
  0 0 1,0 0 1,
  0 0 1,0 0 1,
  0 0 1,0 0 1,
  0 0 1,0 0 1,
  0 0 1,0 0 1,
  0 0 1,0 0 1,
  0 0 1,0 0 1,
  0 0 1,0 0 1,
  0 0 1,0 0 1,
  0 0 1,0 0 1,
  0 0 1,0 0 1,
  0 0 1,0 0 1,
  0 0 1,0 0 1,
  0 0 1,0 0 1,
  0 0 1,0 0 1,
  0 0 1,0 0 1,
  0 0 1,0 0 1,
  0 0 1,0 0 1,
  0 0 1,0 0 1,
  0 0 1,0 0 1,
  0 0 1,0 0 1,
  0 0 1,0 0 1,
  0 0 1,0 0 1,
  0 0 1,0 0 1,
  0 0 1,0 0 1,
  0 0 1,0 0 1,
  0 0 1,0 0 1,
  0 0 1,0 0 1,
  0 0 1,0 0 1,
  0 0 1,0 0 1,
  0 0 1,0 0 1,
  0 0 1,0 0 1,
  0 0 1,0 0 1,
  0 0 1,0 0 1,
  0 0 1,0 0 1,
  0 0 1,0 0 1,
  0 0 1,0 0 1,
  0 0 1,0 0 1,
  0 0 1,0 0 1,
  0 0 1,0 0 1,
  0 0 1,0 0 1,
  0 0 1,0 0 1,
  0 0 1,0 0 1,
  0 0 1,0 0 1,
  0 0 1,0 0 1,
  0 0 1,0 0 1,
  0 0 1,0 0 1,
  0 0 1,0 0 1,
  0 0 1,0 0 1,
  0 0 1,0 0 1,
  0 0 1,0 0 1,
  0 0 1,0 0 1,
  0 0 1,0 0 1,
  0 0 1,0 0 1,
  0 0 1,0 0 1,
  0 0 1,0 0 1,
  0 0 1,0 0 1,
  0 0 1,0 0 1,
  0 0 1,0 0 1,
  0 0 1,0 0 1,
  0 0 1,0 0 1,
  0 0 1,0 0 1,
  0 0 1,0 0 1,
  0 0 1,0 0 1,
  0 0 1,0 0 1,
  0 0 1,0 0 1,
  0 0 1,0 0 1,
  0 0 1,0 0 1,
  0 0 1,0 0 1,
  0 0 1,0 0 1,
  0 0 1,0 0 1,
  0 0 1,0 0 1,
  0 0 1,0 0 1,
  0 0 1,0 0 1,
  0 0 1,0 0 1,
  0 0 1,0 0 1,
  0 0 1,0 0 1,
  0 0 1,0 0 1,
  0 0 1,0 0 1,
  0 0 1,0 0 1,
  0 0 1,0 0 1,
  0 0 1,0 0 1,
  0 0 1,0 0 1,
  0 0 1,0 0 1,
  0 0 1,0 0 1,
  0 0 1,0 0 1,
  0 0 1,0 0 1,
  0 0 1,0 0 1,
  0 0 1,0 0 1,
  0 0 1,0 0 1,
  0 0 1,0 0 1,
  0 0 1,0 0 1,
  0 0 1,0 0 1,
  0 0 1,0 0 1,
  0 0 1,0 0 1,
  0 0 1,0 0 1,
  0 0 1,0 0 1,
  0 0 1,0 0 1,
  0 0 1,0 0 1,
  0 0 1,0 0 1,
  0 0 1,0 0 1,
  0 0 1,0 0 1,
  0 0 1,0 0 1,
  0 0 1,0 0 1,
  0 0 1,0 0 1,
  0 0 1,0 0 1,
  0 0 1,0 0 1,
  0 0 1,0 0 1,
  0 0 1,0 0 1,
  0 0 1,0 0 1,
  0 0 1,0 0 1,
  0 0 1,0 0 1,
  0 0 1,0 0 1,
  0 0 1,0 0 1,
  0 0 1,0 0 1,
  0 0 1,0 0 1,
  0 0 1,0 0 1,
  0 0 1,0 0 1,
  0 0 1,0 0 1,
  0 0 1,0 0 1,
  0 0 1,0 0 1,
  0 0 1,0 0 1,
  0 0 1,0 0 1,
  0 0 1,0 0 1,
  0 0 1,0 0 1,
  0 0 1,0 0 1,
  0 0 1,0 0 1,
  0 0 1,0 0 1,
  0 0 1,0 0 1,
  0 0 1,0 0 1,
  0 0 1,0 0 1,
  0 0 1,0 0 1,
  0 0 1,0 0 1,
  0 0 1,0 0 1,
  0 0 1,0 0 1,
  0 0 1,0 0 1,
  0 0 1,0 0 1,
  0 0 1,0 0 1,
  0 0 1,0 0 1,
  0 0 1,0 0 1,
  0 0 1,0 0 1,
  0 0 1,0 0 1,
  0 0 1,0 0 1,
  0 0 1,0 0 1,
  0 0 1,0 0 1,
  0 0 1,0 0 1,
  0 0 1,0 0 1,
  0 0 1,0 0 1,
  0 0 1,0 0 1,
  0 0 1,0 0 1,
  0 0 1,0 0 1,
  0 0 1,0 0 1,
  0 0 1,0 0 1,
  0 0 1,0 0 1,
  0 0 1,0 0 1,
  0 0 1,0 0 1,
  0 0 1,0 0 1,
  0 0 1,0 0 1,
  0 0 1,0 0 1,
  0 0 1,0 0 1,
  0 0 1,0 0 1,
  0 0 1,0 0 1,
  0 0 1,0 0 1,
  0 0 1,0 0 1,
  0 0 1,0 0 1,
  0 0 1,0 0 1,
  0 0 1,0 0 1,
  0 0 1,0 0 1,
  0 0 1,0 0 1,
  0 0 1,0 0 1,
  0 0 1,0 0 1,
  0 0 1,0 0 1,
  0 0 1,0 0 1,
  0 0 1,0 0 1,
  0 0 1,0 0 1,
  0 0 1,0 0 1,
  0 0 1,0 0 1,
  0 0 1,0 0 1,
  0 0 1,0 0 1,
  0 0 1,0 0 1,
  0 0 1,0 0 1,
  0 0 1,0 0 1,
  0 0 1,0 0 1,
  0 0 1,0 0 1,
  0 0 1,0 0 1,
  0 0 1,0 0 1,
  0 0 1,0 0 1,
  0 0 1,0 0 1,
  0 0 1,0 0 1,
  0 0 1,0 0 1,
  0 0 1,0 0 1,
  0 0 1,0 0 1,
  0 0 1,0 0 1,
  0 0 1,0 0 1,
  0 0 1,0 0 1,
  0 0 1,0 0 1,
  0 0 1,0 0 1,
  0 0 1,0 0 1,
  0 0 1,0 0 1,
  0 0 1,0 0 1,
  0 0 1,0 0 1,
  0 0 1,0 0 1,
  0 0 1,0 0 1,
  0 0 1,0 0 1,
  0 0 1,0 0 1,
  0 0 1,0 0 1,
  0 0 1,0 0 1,
  0 0 1,0 0 1,
  0 0 1,0 0 1,
  0 0 1,0 0 1,
  0 0 1,0 0 1,
  0 0 1,0 0 1,
  0 0 1,0 0 1,
  0 0 1,0 0 1,
  0 0 1,0 0 1,
  0 0 1,0 0 1,
  0 0 1,0 0 1,
  0 0 1,0 0 1,
  0 0 1,0 0 1,
  0 0 1,0 0 1,
  0 0 1,0 0 1,
  0 0 1,0 0 1,
  0 0 1,0 0 1,
  0 0 1,0 0 1,
  0 0 1,0 0 1,
  0 0 1,0 0 1,
  0 0 1,0 0 1,
  0 0 1,0 0 1,
  0 0 1,0 0 1,
  0 0 1,0 0 1,
  0 0 1,0 0 1,
  0 0 1,0 0 1,
  0 0 1,0 0 1,
  0 0 1,0 0 1,
  0 0 1,0 0 1,
  0 0 1,0 0 1,
  0 0 1,0 0 1,
  0 0 1,0 0 1,
  0 0 1,0 0 1,
  0 0 1,0 0 1,
  0 0 1,0 0 1,
  0 0 1,0 0 1,
  0 0 1,0 0 1,
  0 0 1,0 0 1,
  0 0 1,0 0 1,
  0 0 1,0 0 1,
  0 0 1,0 0 1,
  0 0 1,0 0 1,
  0 0 1,0 0 1,
  0 0 1,0 0 1,
  0 0 1,0 0 1,
  0 0 1,0 0 1,
  0 0 1,0 0 1,
  0 0 1,0 0 1,
  0 0 1,0 0 1,
  0 0 1,0 0 1,
  0 0 1,0 0 1,
  0 0 1,0 0 1,
  0 0 1,0 0 1,
  0 0 1,0 0 1,
  0 0 1,0 0 1,
  0 0 1,0 0 1,
  0 0 1,0 0 1,
  0 0 1,0 0 1,
  0 0 1,0 0 1,
  0 0 1,0 0 1,
  0 0 1,0 0 1,
  0 0 1,0 0 1,
  0 0 1,0 0 1,
  0 0 1,0 0 1,
  0 0 1,0 0 1,
  0 0 1,0 0 1,
  0 0 1,0 0 1,
  0 0 1,0 0 1,
  0 0 1,0 0 1,
  0 0 1,0 0 1,
  0 0 1,0 0 1,
  0 0 1,0 0 1,
  0 0 1,0 0 1,
  0 0 1,0 0 1,
  0 0 1,0 0 1,
  0 0 1,0 0 1,
  0 0 1,0 0 1,
  0 0 1,0 0 1,
  0 0 1,0 0 1,
  0 0 1,0 0 1,
  0 0 1,0 0 1,
  0 0 1,0 0 1,
  0 0 1,0 0 1,
  0 0 1,0 0 1,
  0 0 1,0 0 1,
  0 0 1,0 0 1,
  0 0 1,0 0 1,
  0 0 1,0 0 1,
  0 0 1,0 0 1,
  0 0 1,0 0 1,
  0 0 1,0 0 1,
  0 0 1,0 0 1,
  0 0 1,0 0 1,
  0 0 1,0 0 1,
  0 0 1,0 0 1,
  0 0 1,0 0 1,
  0 0 1,0 0 1,
  0 0 1,0 0 1,
  0 0 1,0 0 1,
  0 0 1,0 0 1,
  0 0 1,0 0 1,
  0 0 1,0 0 1,
  0 0 1,0 0 1,
  0 0 1,0 0 1,
  0 0 1,0 0 1,
  0 0 1,0 0 1,
  0 0 1,0 0 1,
  0 0 1,0 0 1,
  0 0 1,0 0 1,
  0 0 1,0 0 1,
  0 0 1,0 0 1,
  0 0 1,0 0 1,
  0 0 1,0 0 1,
  0 0 1,0 0 1,
  0 0 1,0 0 1,
  0 0 1,0 0 1,
  0 0 1,0 0 1,
  0 0 1,0 0 1,
  0 0 1,0 0 1,
  0 0 1,0 0 1,
  0 0 1,0 0 1,
  0 0 1,0 0 1,
  0 0 1,0 0 1,
  0 0 1,0 0 1,
  0 0 1,0 0 1,
  0 0 1,0 0 1,
  0 0 1,0 0 1,
  0 0 1,0 0 1,
  0 0 1,0 0 1,
  0 0 1,0 0 1,
  0 0 1,0 0 1,
  0 0 1,0 0 1,
  0 0 1,0 0 1,
  0 0 1,0 0 1,
  0 0 1,0 0 1,
  0 0 1,0 0 1,
  0 0 1,0 0 1,
  0 0 1,0 0 1,
  0 0 1,0 0 1,
  0 0 1,0 0 1,
  0 0 1,0 0 1,
  0 0 1,0 0 1,
  0 0 1,0 0 1,
  0 0 1,0 0 1,
  0 0 1,0 0 1,
  0 0 1,0 0 1,
  0 0 1,0 0 1,
  0 0 1,0 0 1,
  0 0 1,0 0 1,
  0 0 1,0 0 1,
  0 0 1,0 0 1,
  0 0 1,0 0 1,
  0 0 1,0 0 1,
  0 0 1,0 0 1,
  0 0 1,0 0 1,
  0 0 1,0 0 1,
  0 0 1,0 0 1,
  0 0 1,0 0 1,
  0 0 1,0 0 1,
  0 0 1,0 0 1,
  0 0 1,0 0 1,
  0 0 1,0 0 1,
  0 0 1,0 0 1,
  0 0 1,0 0 1,
  0 0 1,0 0 1,
  0 0 1,0 0 1,
  0 0 1,0 0 1,
  0 0 1,0 0 1,
  0 0 1,0 0 1,
  0 0 1,0 0 1,
  0 0 1,0 0 1,
  0 0 1,0 0 1,
  0 0 1,0 0 1,
  0 0 1,0 0 1,
  0 0 1,0 0 1,
  0 0 1,0 0 1,
  0 0 1,0 0 1,
  0 0 1,0 0 1,
  0 0 1,0 0 1,
  0 0 1,0 0 1,
  0 0 1,0 0 1,
  0 0 1,0 0 1,
  0 0 1,0 0 1,
  0 0 1,0 0 1,
  0 0 1,0 0 1,
  0 0 1,0 0 1,
  0 0 1,0 0 1,
  0 0 1,0 0 1,
  0 0 1,0 0 1,
  0 0 1,0 0 1,
  0 0 1,0 0 1,
  0 0 1,0 0 1,
  0 0 1,0 0 1,
  0 0 1,0 0 1,
  0 0 1,0 0 1,
  0 0 1,0 0 1,
  0 0 1,0 0 1,
  0 0 1,0 0 1,
  0 0 1,0 0 1,
  0 0 1,0 0 1,
  0 0 1,0 0 1,
  0 0 1,0 0 1,
  0 0 1,0 0 1,
  0 0 1,0 0 1,
  0 0 1,0 0 1,
  0 0 1,0 0 1,
  0 0 1,0 0 1,
  0 0 1,0 0 1,
  0 0 1,0 0 1,
  0 0 1,0 0 1,
  0 0 1,0 0 1,
  0 0 1,0 0 1,
  0 0 1,0 0 1,
  0 0 1,0 0 1,
  0 0 1,0 0 1,
  0 0 1,0 0 1,
  0 0 1,0 0 1,
  0 0 1,0 0 1,
  0 0 1,0 0 1,
  0 0 1,0 0 1,
  0 0 1,0 0 1,
  0 0 1,0 0 1,
  0 0 1,0 0 1,
  0 0 1,0 0 1,
  0 0 1,0 0 1,
  0 0 1,0 0 1,
  0 0 1,0 0 1,
  0 0 1,0 0 1,
  0 0 1,0 0 1,
  0 0 1,0 0 1,
  0 0 1,0 0 1,
  0 0 1,0 0 1,
  0 0 1,0 0 1,
  0 0 1,0 0 1,
  0 0 1,0 0 1,
  0 0 1,0 0 1,
  0 0 1,0 0 1,
  0 0 1,0 0 1,
  0 0 1,0 0 1,
  0 0 1,0 0 1,
  0 0 1,0 0 1,
  0 0 1,0 0 1,
  0 0 1,0 0 1,
  0 0 1,0 0 1,
  0 0 1,0 0 1,
  0 0 1,0 0 1,
  0 0 1,0 0 1,
  0 0 1,0 0 1,
  0 0 1,0 0 1,
  0 0 1,0 0 1,
  0 0 1,0 0 1,
  0 0 1,0 0 1,
  0 0 1,0 0 1,
  0 0 1,0 0 1,
  0 0 1,0 0 1,
  0 0 1,0 0 1,
  0 0 1,0 0 1,
  0 0 1,0 0 1,
  0 0 1,0 0 1,
  0 0 1,0 0 1,
  0 0 1,0 0 1,
  0 0 1,0 0 1,
  0 0 1,0 0 1,
  0 0 1,0 0 1,
  0 0 1,0 0 1,
  0 0 1,0 0 1,
  0 0 1,0 0 1,
  0 0 1,0 0 1,
  0 0 1,0 0 1,
  0 0 1,0 0 1,
  0 0 1,0 0 1,
  0 0 1,0 0 1,
  0 0 1,0 0 1,
  0 0 1,0 0 1,
  0 0 1,0 0 1,
  0 0 1,0 0 1,
  0 0 1,0 0 1,
  0 0 1,0 0 1,
  0 0 1,0 0 1,
  0 0 1,0 0 1,
  0 0 1,0 0 1,
  0 0 1,0 0 1,
  0 0 1,0 0 1,
  0 0 1,0 0 1,
  0 0 1,0 0 1,
  0 0 1,0 0 1,
  0 0 1,0 0 1,
  0 0 1,0 0 1,
  0 0 1,0 0 1,
  0 0 1,0 0 1,
  0 0 1,0 0 1,
  0 0 1,0 0 1,
  0 0 1,0 0 1,
  0 0 1,0 0 1,
  0 0 1,0 0 1,
  0 0 1,0 0 1,
  0 0 1,0 0 1,
  0 0 1,0 0 1,
  0 0 1,0 0 1,
  0 0 1,0 0 1,
  0 0 1,0 0 1,
  0 0 1,0 0 1,
  0 0 1,0 0 1,
  0 0 1,0 0 1,
  0 0 1,0 0 1,
  0 0 1,0 0 1,
  0 0 1,0 0 1,
  0 0 1,0 0 1,
  0 0 1,0 0 1,
  0 0 1,0 0 1,
  0 0 1,0 0 1,
  0 0 1,0 0 1,
  0 0 1,0 0 1,
  0 0 1,0 0 1,
  0 0 1,0 0 1,
  0 0 1,0 0 1,
  0 0 1,0 0 1,
  0 0 1,0 0 1,
  0 0 1,0 0 1,
  0 0 1,0 0 1,
  0 0 1,0 0 1,
  0 0 1,0 0 1,
  0 0 1,0 0 1,
  0 0 1,0 0 1,
  0 0 1,0 0 1,
  0 0 1,0 0 1,
  0 0 1,0 0 1,
  0 0 1,0 0 1,
  0 0 1,0 0 1,
  0 0 1,0 0 1,
  0 0 1,0 0 1,
  0 0 1,0 0 1,
  0 0 1,0 0 1,
  0 0 1,0 0 1,
  0 0 1,0 0 1,
  0 0 1,0 0 1,
  0 0 1,0 0 1,
  0 0 1,0 0 1,
  0 0 1,0 0 1,
  0 0 1] }
}
}
] }
DEF TXFM_4 Transform {
  center 0 0 0
  rotation 0 0 1 0
  scale 1 1 1
  scaleOrientation 0 0 1 0
  translation 0 0 0
 children [
DEF SHAPE_4 Shape {
 appearance DEF APP_3 Appearance {
  material Material {
   ambientIntensity 1
   diffuseColor 0.5 0.5 0.5
   emissiveColor 0 0 0
   shininess 0.69999999
   specularColor 0.80000001 0.80000001 0.80000001
   transparency 0
} }
 geometry DEF FACE_4 IndexedFaceSet {
  coord DEF COORD_4 Coordinate { point [
  12.062008 -22.332677 0.31988189,11.432087 -22.332677 0.31988189,
  11.432087 -22.667323 0.31988189,12.062008 -22.667323 0.31988189,
  15.812008 -22.332677 0.31988189,15.182087 -22.332677 0.31988189,
  15.182087 -22.667323 0.31988189,15.812008 -22.667323 0.31988189,
  13.439961 -22.332677 0.31988189,12.810039 -22.332677 0.31988189,
  12.810039 -22.667323 0.31988189,13.439961 -22.667323 0.31988189,
  17.189961 -22.332677 0.31988189,16.560039 -22.332677 0.31988189,
  16.560039 -22.667323 0.31988189,17.189961 -22.667323 0.31988189,
  12.062008 -21.643701 0.31988189,11.432087 -21.643701 0.31988189,
  11.432087 -21.978346 0.31988189,12.062008 -21.978346 0.31988189,
  13.439961 -21.643701 0.31988189,12.810039 -21.643701 0.31988189,
  12.810039 -21.978346 0.31988189,13.439961 -21.978346 0.31988189,
  15.812008 -21.643701 0.31988189,15.182087 -21.643701 0.31988189,
  15.182087 -21.978346 0.31988189,15.812008 -21.978346 0.31988189,
  17.189961 -21.643701 0.31988189,16.560039 -21.643701 0.31988189,
  16.560039 -21.978346 0.31988189,17.189961 -21.978346 0.31988189] }
 coordIndex [
  1,2,3,-1,1,3,0,-1,5,6,7,-1,5,7,4,-1,9,10,11,-1,9,11,8,-1,13,14,15,-1,13,15,12,-1,
  17,18,19,-1,17,19,16,-1,21,22,23,-1,21,23,20,-1,25,26,27,-1,25,27,24,-1,29,30,31,-1,29,31,28,-1]
  normalPerVertex TRUE
  normal DEF NORM_4 Normal { vector [
  0 0 1,0 0 1,
  0 0 1,0 0 1,
  0 0 1,0 0 1,
  0 0 1,0 0 1,
  0 0 1,0 0 1,
  0 0 1,0 0 1,
  0 0 1,0 0 1,
  0 0 1,0 0 1,
  0 0 1,0 0 1,
  0 0 1,0 0 1,
  0 0 1,0 0 1,
  0 0 1,0 0 1,
  0 0 1,0 0 1,
  0 0 1,0 0 1,
  0 0 1,0 0 1,
  0 0 1,0 0 1] }
}
}
] }
DEF TXFM_5 Transform {
  center 0 0 0
  rotation 0 0 1 0
  scale 1 1 1
  scaleOrientation 0 0 1 0
  translation 0 0 0
 children [
DEF SHAPE_5 Shape {
 appearance DEF APP_4 Appearance {
  material Material {
   ambientIntensity 1
   diffuseColor 0.078431375 0.2 0.14117648
   emissiveColor 0 0 0
   shininess 0.30000001
   specularColor 0.35490197 0.44 0.39882353
   transparency 0.17
} }
 geometry DEF FACE_5 IndexedFaceSet {
  coord DEF COORD_5 Coordinate { point [
  11.361056 -17.466413 0.31988189,11.349582 -17.524093 0.31988189,
  11.327076 -17.578427 0.31988189,11.294403 -17.627326 0.31988189,
  11.252818 -17.668911 0.31988189,11.208177 -17.698739 0.31988189,
  11.207933 -17.699969 0.31988189,11.194926 -17.719434 0.31988189,
  11.175461 -17.732441 0.31988189,11.1525 -17.737008 0.31988189,
  10.31502 -17.737008 0.31988189,10.292059 -17.732441 0.31988189,
  10.272593 -17.719434 0.31988189,10.259587 -17.699969 0.31988189,
  10.25502 -17.677008 0.31988189,10.25502 -17.197008 0.31988189,
  10.259587 -17.174047 0.31988189,10.272593 -17.154581 0.31988189,
  10.292059 -17.141575 0.31988189,10.31502 -17.137008 0.31988189,
  11.1525 -17.137008 0.31988189,11.175461 -17.141575 0.31988189,
  11.194926 -17.154581 0.31988189,11.207933 -17.174047 0.31988189,
  11.208177 -17.175277 0.31988189,11.252818 -17.205105 0.31988189,
  11.294403 -17.24669 0.31988189,11.327076 -17.295589 0.31988189,
  11.349582 -17.349922 0.31988189,11.361056 -17.407603 0.31988189,
  11.361056 -18.407603 0.31988189,11.361056 -18.466413 0.31988189,
  11.349582 -18.524093 0.31988189,11.327076 -18.578427 0.31988189,
  11.294403 -18.627326 0.31988189,11.252818 -18.668911 0.31988189,
  11.208177 -18.698739 0.31988189,11.207933 -18.699969 0.31988189,
  11.194926 -18.719434 0.31988189,11.175461 -18.732441 0.31988189,
  11.1525 -18.737008 0.31988189,10.31502 -18.737008 0.31988189,
  10.292059 -18.732441 0.31988189,10.272593 -18.719434 0.31988189,
  10.259587 -18.699969 0.31988189,10.25502 -18.677008 0.31988189,
  10.25502 -18.197008 0.31988189,10.259587 -18.174047 0.31988189,
  10.272593 -18.154581 0.31988189,10.292059 -18.141575 0.31988189,
  10.31502 -18.137008 0.31988189,11.1525 -18.137008 0.31988189,
  11.175461 -18.141575 0.31988189,11.194926 -18.154581 0.31988189,
  11.207933 -18.174047 0.31988189,11.208177 -18.175277 0.31988189,
  11.252818 -18.205105 0.31988189,11.294403 -18.24669 0.31988189,
  11.327076 -18.295589 0.31988189,11.349582 -18.349922 0.31988189,
  11.361056 -16.466413 0.31988189,11.349582 -16.524093 0.31988189,
  11.327076 -16.578427 0.31988189,11.294403 -16.627326 0.31988189,
  11.252818 -16.668911 0.31988189,11.208177 -16.698739 0.31988189,
  11.207933 -16.699969 0.31988189,11.194926 -16.719434 0.31988189,
  11.175461 -16.732441 0.31988189,11.1525 -16.737008 0.31988189,
  10.31502 -16.737008 0.31988189,10.292059 -16.732441 0.31988189,
  10.272593 -16.719434 0.31988189,10.259587 -16.699969 0.31988189,
  10.25502 -16.677008 0.31988189,10.25502 -16.197008 0.31988189,
  10.259587 -16.174047 0.31988189,10.272593 -16.154581 0.31988189,
  10.292059 -16.141575 0.31988189,10.31502 -16.137008 0.31988189,
  11.1525 -16.137008 0.31988189,11.175461 -16.141575 0.31988189,
  11.194926 -16.154581 0.31988189,11.207933 -16.174047 0.31988189,
  11.208177 -16.175277 0.31988189,11.252818 -16.205105 0.31988189,
  11.294403 -16.24669 0.31988189,11.327076 -16.295589 0.31988189,
  11.349582 -16.349922 0.31988189,11.361056 -16.407603 0.31988189,
  16.763944 -16.466413 0.31988189,16.763944 -16.407603 0.31988189,
  16.775418 -16.349922 0.31988189,16.797924 -16.295589 0.31988189,
  16.830597 -16.24669 0.31988189,16.872182 -16.205105 0.31988189,
  16.916822 -16.175277 0.31988189,16.917067 -16.174047 0.31988189,
  16.930074 -16.154581 0.31988189,16.949539 -16.141575 0.31988189,
  16.9725 -16.137008 0.31988189,17.80998 -16.137008 0.31988189,
  17.832941 -16.141575 0.31988189,17.852407 -16.154581 0.31988189,
  17.865413 -16.174047 0.31988189,17.86998 -16.197008 0.31988189,
  17.86998 -16.677008 0.31988189,17.865413 -16.699969 0.31988189,
  17.852407 -16.719434 0.31988189,17.832941 -16.732441 0.31988189,
  17.80998 -16.737008 0.31988189,16.9725 -16.737008 0.31988189,
  16.949539 -16.732441 0.31988189,16.930074 -16.719434 0.31988189,
  16.917067 -16.699969 0.31988189,16.916822 -16.698739 0.31988189,
  16.872182 -16.668911 0.31988189,16.830597 -16.627326 0.31988189,
  16.797924 -16.578427 0.31988189,16.775418 -16.524093 0.31988189,
  16.763944 -17.466413 0.31988189,16.763944 -17.407603 0.31988189,
  16.775418 -17.349922 0.31988189,16.797924 -17.295589 0.31988189,
  16.830597 -17.24669 0.31988189,16.872182 -17.205105 0.31988189,
  16.916822 -17.175277 0.31988189,16.917067 -17.174047 0.31988189,
  16.930074 -17.154581 0.31988189,16.949539 -17.141575 0.31988189,
  16.9725 -17.137008 0.31988189,17.80998 -17.137008 0.31988189,
  17.832941 -17.141575 0.31988189,17.852407 -17.154581 0.31988189,
  17.865413 -17.174047 0.31988189,17.86998 -17.197008 0.31988189,
  17.86998 -17.677008 0.31988189,17.865413 -17.699969 0.31988189,
  17.852407 -17.719434 0.31988189,17.832941 -17.732441 0.31988189,
  17.80998 -17.737008 0.31988189,16.9725 -17.737008 0.31988189,
  16.949539 -17.732441 0.31988189,16.930074 -17.719434 0.31988189,
  16.917067 -17.699969 0.31988189,16.916822 -17.698739 0.31988189,
  16.872182 -17.668911 0.31988189,16.830597 -17.627326 0.31988189,
  16.797924 -17.578427 0.31988189,16.775418 -17.524093 0.31988189,
  11.361056 -15.407603 0.31988189,11.361056 -15.466413 0.31988189,
  11.349582 -15.524093 0.31988189,11.327076 -15.578427 0.31988189,
  11.294403 -15.627326 0.31988189,11.252818 -15.668911 0.31988189,
  11.208177 -15.698739 0.31988189,11.207933 -15.699969 0.31988189,
  11.194926 -15.719434 0.31988189,11.175461 -15.732441 0.31988189,
  11.1525 -15.737008 0.31988189,10.31502 -15.737008 0.31988189,
  10.292059 -15.732441 0.31988189,10.272593 -15.719434 0.31988189,
  10.259587 -15.699969 0.31988189,10.25502 -15.677008 0.31988189,
  10.25502 -15.197008 0.31988189,10.259587 -15.174047 0.31988189,
  10.272593 -15.154581 0.31988189,10.292059 -15.141575 0.31988189,
  10.31502 -15.137008 0.31988189,11.1525 -15.137008 0.31988189,
  11.175461 -15.141575 0.31988189,11.194926 -15.154581 0.31988189,
  11.207933 -15.174047 0.31988189,11.208177 -15.175277 0.31988189,
  11.252818 -15.205105 0.31988189,11.294403 -15.24669 0.31988189,
  11.327076 -15.295589 0.31988189,11.349582 -15.349922 0.31988189,
  11.361056 -14.407603 0.31988189,11.361056 -14.466413 0.31988189,
  11.349582 -14.524093 0.31988189,11.327076 -14.578427 0.31988189,
  11.294403 -14.627326 0.31988189,11.252818 -14.668911 0.31988189,
  11.208177 -14.698739 0.31988189,11.207933 -14.699969 0.31988189,
  11.194926 -14.719434 0.31988189,11.175461 -14.732441 0.31988189,
  11.1525 -14.737008 0.31988189,10.31502 -14.737008 0.31988189,
  10.292059 -14.732441 0.31988189,10.272593 -14.719434 0.31988189,
  10.259587 -14.699969 0.31988189,10.25502 -14.677008 0.31988189,
  10.25502 -14.197008 0.31988189,10.259587 -14.174047 0.31988189,
  10.272593 -14.154581 0.31988189,10.292059 -14.141575 0.31988189,
  10.31502 -14.137008 0.31988189,11.1525 -14.137008 0.31988189,
  11.175461 -14.141575 0.31988189,11.194926 -14.154581 0.31988189,
  11.207933 -14.174047 0.31988189,11.208177 -14.175277 0.31988189,
  11.252818 -14.205105 0.31988189,11.294403 -14.24669 0.31988189,
  11.327076 -14.295589 0.31988189,11.349582 -14.349922 0.31988189,
  11.361056 -12.407603 0.31988189,11.361056 -12.466413 0.31988189,
  11.349582 -12.524093 0.31988189,11.327076 -12.578427 0.31988189,
  11.294403 -12.627326 0.31988189,11.252818 -12.668911 0.31988189,
  11.208177 -12.698739 0.31988189,11.207933 -12.699969 0.31988189,
  11.194926 -12.719434 0.31988189,11.175461 -12.732441 0.31988189,
  11.1525 -12.737008 0.31988189,10.31502 -12.737008 0.31988189,
  10.292059 -12.732441 0.31988189,10.272593 -12.719434 0.31988189,
  10.259587 -12.699969 0.31988189,10.25502 -12.677008 0.31988189,
  10.25502 -12.197008 0.31988189,10.259587 -12.174047 0.31988189,
  10.272593 -12.154581 0.31988189,10.292059 -12.141575 0.31988189,
  10.31502 -12.137008 0.31988189,11.1525 -12.137008 0.31988189,
  11.175461 -12.141575 0.31988189,11.194926 -12.154581 0.31988189,
  11.207933 -12.174047 0.31988189,11.208177 -12.175277 0.31988189,
  11.252818 -12.205105 0.31988189,11.294403 -12.24669 0.31988189,
  11.327076 -12.295589 0.31988189,11.349582 -12.349922 0.31988189,
  12.062008 -21.643701 0.31988189,12.062008 -21.978346 0.31988189,
  11.432087 -21.978346 0.31988189,11.432087 -21.643701 0.31988189,
  13.439961 -21.643701 0.31988189,13.439961 -21.978346 0.31988189,
  12.810039 -21.978346 0.31988189,12.810039 -21.643701 0.31988189,
  15.812008 -21.643701 0.31988189,15.812008 -21.978346 0.31988189,
  15.182087 -21.978346 0.31988189,15.182087 -21.643701 0.31988189,
  16.763944 -18.466413 0.31988189,16.763944 -18.407603 0.31988189,
  16.775418 -18.349922 0.31988189,16.797924 -18.295589 0.31988189,
  16.830597 -18.24669 0.31988189,16.872182 -18.205105 0.31988189,
  16.916822 -18.175277 0.31988189,16.917067 -18.174047 0.31988189,
  16.930074 -18.154581 0.31988189,16.949539 -18.141575 0.31988189,
  16.9725 -18.137008 0.31988189,17.80998 -18.137008 0.31988189,
  17.832941 -18.141575 0.31988189,17.852407 -18.154581 0.31988189,
  17.865413 -18.174047 0.31988189,17.86998 -18.197008 0.31988189,
  17.86998 -18.677008 0.31988189,17.865413 -18.699969 0.31988189,
  17.852407 -18.719434 0.31988189,17.832941 -18.732441 0.31988189,
  17.80998 -18.737008 0.31988189,16.9725 -18.737008 0.31988189,
  16.949539 -18.732441 0.31988189,16.930074 -18.719434 0.31988189,
  16.917067 -18.699969 0.31988189,16.916822 -18.698739 0.31988189,
  16.872182 -18.668911 0.31988189,16.830597 -18.627326 0.31988189,
  16.797924 -18.578427 0.31988189,16.775418 -18.524093 0.31988189,
  16.560039 -21.643701 0.31988189,17.189961 -21.643701 0.31988189,
  17.189961 -21.978346 0.31988189,16.560039 -21.978346 0.31988189,
  16.560039 -22.332677 0.31988189,17.189961 -22.332677 0.31988189,
  17.189961 -22.528522 0.31988189,17.189961 -22.667323 0.31988189,
  16.560039 -22.667323 0.31988189,15.182087 -22.332677 0.31988189,
  15.812008 -22.332677 0.31988189,15.812008 -22.667323 0.31988189,
  15.182087 -22.667323 0.31988189,12.810039 -22.332677 0.31988189,
  13.439961 -22.332677 0.31988189,13.439961 -22.667323 0.31988189,
  12.810039 -22.667323 0.31988189,11.432087 -22.332677 0.31988189,
  12.062008 -22.332677 0.31988189,12.062008 -22.667323 0.31988189,
  11.432087 -22.667323 0.31988189,11.361056 -13.407603 0.31988189,
  11.361056 -13.466413 0.31988189,11.349582 -13.524093 0.31988189,
  11.327076 -13.578427 0.31988189,11.294403 -13.627326 0.31988189,
  11.252818 -13.668911 0.31988189,11.208177 -13.698739 0.31988189,
  11.207933 -13.699969 0.31988189,11.194926 -13.719434 0.31988189,
  11.175461 -13.732441 0.31988189,11.1525 -13.737008 0.31988189,
  10.31502 -13.737008 0.31988189,10.292059 -13.732441 0.31988189,
  10.272593 -13.719434 0.31988189,10.259587 -13.699969 0.31988189,
  10.25502 -13.677008 0.31988189,10.25502 -13.197008 0.31988189,
  10.259587 -13.174047 0.31988189,10.272593 -13.154581 0.31988189,
  10.292059 -13.141575 0.31988189,10.31502 -13.137008 0.31988189,
  11.1525 -13.137008 0.31988189,11.175461 -13.141575 0.31988189,
  11.194926 -13.154581 0.31988189,11.207933 -13.174047 0.31988189,
  11.208177 -13.175277 0.31988189,11.252818 -13.205105 0.31988189,
  11.294403 -13.24669 0.31988189,11.327076 -13.295589 0.31988189,
  11.349582 -13.349922 0.31988189,31.602854 -16.0625 0.31988189,
  31.604465 -16.054398 0.31988189,31.604466 -16.029699 0.31988189,
  31.617264 -15.965357 0.31988189,31.626716 -15.942538 0.31988189,
  31.628328 -15.934437 0.31988189,31.632916 -15.927568 0.31988189,
  31.642369 -15.904749 0.31988189,31.678815 -15.850203 0.31988189,
  31.69628 -15.832737 0.31988189,31.70087 -15.82587 0.31988189,
  31.707737 -15.821281 0.31988189,31.725203 -15.803815 0.31988189,
  31.779749 -15.767369 0.31988189,31.802569 -15.757917 0.31988189,
  31.809437 -15.753328 0.31988189,31.817539 -15.751717 0.31988189,
  31.840357 -15.742264 0.31988189,31.904699 -15.729466 0.31988189,
  31.929399 -15.729466 0.31988189,31.9375 -15.727854 0.31988189,
  31.9456 -15.729465 0.31988189,31.970301 -15.729466 0.31988189,
  32.034643 -15.742264 0.31988189,32.057462 -15.751716 0.31988189,
  32.065563 -15.753328 0.31988189,32.072431 -15.757917 0.31988189,
  32.095251 -15.767369 0.31988189,32.149797 -15.803815 0.31988189,
  32.167261 -15.82128 0.31988189,32.17413 -15.82587 0.31988189,
  32.178719 -15.832738 0.31988189,32.196185 -15.850203 0.31988189,
  32.232631 -15.904749 0.31988189,32.242083 -15.927569 0.31988189,
  32.246672 -15.934437 0.31988189,32.248285 -15.942539 0.31988189,
  32.257736 -15.965357 0.31988189,32.270534 -16.029699 0.31988189,
  32.270534 -16.054399 0.31988189,32.272146 -16.0625 0.31988189,
  32.270534 -16.070601 0.31988189,32.270534 -16.095301 0.31988189,
  32.257736 -16.159643 0.31988189,32.248285 -16.182462 0.31988189,
  32.246672 -16.190563 0.31988189,32.242083 -16.197431 0.31988189,
  32.232631 -16.220251 0.31988189,32.196185 -16.274797 0.31988189,
  32.178719 -16.292262 0.31988189,32.17413 -16.29913 0.31988189,
  32.167261 -16.303719 0.31988189,32.149797 -16.321185 0.31988189,
  32.095251 -16.357631 0.31988189,32.072431 -16.367083 0.31988189,
  32.065563 -16.371672 0.31988189,32.057462 -16.373284 0.31988189,
  32.034643 -16.382736 0.31988189,31.970301 -16.395534 0.31988189,
  31.9456 -16.395534 0.31988189,31.9375 -16.397146 0.31988189,
  31.929399 -16.395534 0.31988189,31.904699 -16.395534 0.31988189,
  31.840357 -16.382736 0.31988189,31.817539 -16.373284 0.31988189,
  31.809437 -16.371672 0.31988189,31.802569 -16.367083 0.31988189,
  31.779749 -16.357631 0.31988189,31.725203 -16.321185 0.31988189,
  31.707737 -16.303719 0.31988189,31.70087 -16.29913 0.31988189,
  31.69628 -16.292262 0.31988189,31.678815 -16.274797 0.31988189,
  31.642369 -16.220251 0.31988189,31.632916 -16.197431 0.31988189,
  31.628328 -16.190563 0.31988189,31.626716 -16.182462 0.31988189,
  31.617264 -16.159643 0.31988189,31.604466 -16.095301 0.31988189,
  31.604465 -16.070601 0.31988189,30.505764 -14.096478 0.31988189,
  30.505764 -14.028522 0.31988189,30.516395 -13.961402 0.31988189,
  30.537395 -13.896771 0.31988189,30.568246 -13.836221 0.31988189,
  30.60819 -13.781243 0.31988189,30.656243 -13.73319 0.31988189,
  30.711221 -13.693246 0.31988189,30.771771 -13.662395 0.31988189,
  30.836402 -13.641395 0.31988189,30.903522 -13.630764 0.31988189,
  30.971478 -13.630764 0.31988189,31.038598 -13.641395 0.31988189,
  31.103229 -13.662395 0.31988189,31.163779 -13.693246 0.31988189,
  31.218757 -13.73319 0.31988189,31.26681 -13.781243 0.31988189,
  31.306754 -13.836221 0.31988189,31.337605 -13.896771 0.31988189,
  31.358605 -13.961402 0.31988189,31.369236 -14.028522 0.31988189,
  31.369236 -14.096478 0.31988189,31.358605 -14.163598 0.31988189,
  31.337605 -14.228229 0.31988189,31.306754 -14.288779 0.31988189,
  31.26681 -14.343757 0.31988189,31.218757 -14.39181 0.31988189,
  31.163779 -14.431754 0.31988189,31.103229 -14.462605 0.31988189,
  31.038598 -14.483605 0.31988189,30.971478 -14.494236 0.31988189,
  30.903522 -14.494236 0.31988189,30.836402 -14.483605 0.31988189,
  30.771771 -14.462605 0.31988189,30.711221 -14.431754 0.31988189,
  30.656243 -14.39181 0.31988189,30.60819 -14.343757 0.31988189,
  30.568246 -14.288779 0.31988189,30.537395 -14.228229 0.31988189,
  30.516395 -14.163598 0.31988189,30.499078 -15.512907 0.31988189,
  30.5295 -15.54333 0.31988189,30.5922 -15.625043 0.31988189,
  30.643699 -15.714241 0.31988189,30.660162 -15.753988 0.31988189,
  30.664964 -15.761174 0.31988189,30.666649 -15.76965 0.31988189,
  30.683114 -15.809398 0.31988189,30.709772 -15.908885 0.31988189,
  30.723216 -16.011002 0.31988189,30.723216 -16.029699 0.31988189,
  30.723216 -16.054025 0.31988189,30.724902 -16.0625 0.31988189,
  30.723216 -16.070975 0.31988189,30.723216 -16.113998 0.31988189,
  30.709772 -16.216115 0.31988189,30.683114 -16.315602 0.31988189,
  30.666649 -16.355349 0.31988189,30.664964 -16.363826 0.31988189,
  30.660162 -16.371011 0.31988189,30.643699 -16.410759 0.31988189,
  30.5922 -16.499957 0.31988189,30.5295 -16.58167 0.31988189,
  30.499078 -16.612093 0.31988189,30.494277 -16.619277 0.31988189,
  30.487093 -16.624078 0.31988189,30.45667 -16.6545 0.31988189,
  30.374957 -16.7172 0.31988189,30.285759 -16.768699 0.31988189,
  30.246011 -16.785162 0.31988189,30.238826 -16.789964 0.31988189,
  30.230349 -16.79165 0.31988189,30.190602 -16.808114 0.31988189,
  30.091115 -16.834772 0.31988189,29.988998 -16.848216 0.31988189,
  29.945975 -16.848216 0.31988189,29.9375 -16.849902 0.31988189,
  29.929025 -16.848216 0.31988189,29.886002 -16.848216 0.31988189,
  29.783885 -16.834772 0.31988189,29.684398 -16.808114 0.31988189,
  29.64465 -16.79165 0.31988189,29.636174 -16.789964 0.31988189,
  29.628988 -16.785162 0.31988189,29.589241 -16.768699 0.31988189,
  29.500043 -16.7172 0.31988189,29.41833 -16.6545 0.31988189,
  29.387907 -16.624077 0.31988189,29.380723 -16.619277 0.31988189,
  29.375923 -16.612093 0.31988189,29.3455 -16.58167 0.31988189,
  29.2828 -16.499957 0.31988189,29.231301 -16.410759 0.31988189,
  29.214836 -16.371011 0.31988189,29.210036 -16.363826 0.31988189,
  29.20835 -16.355349 0.31988189,29.191886 -16.315602 0.31988189,
  29.165228 -16.216115 0.31988189,29.151784 -16.113998 0.31988189,
  29.151784 -16.070975 0.31988189,29.150098 -16.0625 0.31988189,
  29.151784 -16.054025 0.31988189,29.151784 -16.011002 0.31988189,
  29.165228 -15.908885 0.31988189,29.191886 -15.809398 0.31988189,
  29.20835 -15.769651 0.31988189,29.210036 -15.761174 0.31988189,
  29.214836 -15.753988 0.31988189,29.231301 -15.714241 0.31988189,
  29.2828 -15.625043 0.31988189,29.3455 -15.54333 0.31988189,
  29.375923 -15.512908 0.31988189,29.380723 -15.505723 0.31988189,
  29.387907 -15.500923 0.31988189,29.41833 -15.4705 0.31988189,
  29.500043 -15.4078 0.31988189,29.589241 -15.356301 0.31988189,
  29.628988 -15.339837 0.31988189,29.636174 -15.335036 0.31988189,
  29.64465 -15.333349 0.31988189,29.684398 -15.316886 0.31988189,
  29.783885 -15.290228 0.31988189,29.886002 -15.276784 0.31988189,
  29.929025 -15.276784 0.31988189,29.9375 -15.275098 0.31988189,
  29.945975 -15.276784 0.31988189,29.988998 -15.276784 0.31988189,
  30.091115 -15.290228 0.31988189,30.190602 -15.316886 0.31988189,
  30.230349 -15.33335 0.31988189,30.238826 -15.335036 0.31988189,
  30.246011 -15.339837 0.31988189,30.285759 -15.356301 0.31988189,
  30.374957 -15.4078 0.31988189,30.45667 -15.4705 0.31988189,
  30.487093 -15.500923 0.31988189,30.494277 -15.505723 0.31988189,
  31.602854 -23.5625 0.31988189,31.604465 -23.554398 0.31988189,
  31.604466 -23.529699 0.31988189,31.617264 -23.465357 0.31988189,
  31.626716 -23.442538 0.31988189,31.628328 -23.434437 0.31988189,
  31.632916 -23.427568 0.31988189,31.642369 -23.404749 0.31988189,
  31.678815 -23.350203 0.31988189,31.69628 -23.332737 0.31988189,
  31.70087 -23.32587 0.31988189,31.707737 -23.32128 0.31988189,
  31.725203 -23.303815 0.31988189,31.779749 -23.267369 0.31988189,
  31.802569 -23.257917 0.31988189,31.809437 -23.253328 0.31988189,
  31.817539 -23.251717 0.31988189,31.840357 -23.242264 0.31988189,
  31.904699 -23.229466 0.31988189,31.929399 -23.229466 0.31988189,
  31.9375 -23.227854 0.31988189,31.9456 -23.229465 0.31988189,
  31.970301 -23.229466 0.31988189,32.034643 -23.242264 0.31988189,
  32.057462 -23.251716 0.31988189,32.065563 -23.253328 0.31988189,
  32.072431 -23.257917 0.31988189,32.095251 -23.267369 0.31988189,
  32.149797 -23.303815 0.31988189,32.167261 -23.32128 0.31988189,
  32.17413 -23.32587 0.31988189,32.178719 -23.332737 0.31988189,
  32.196185 -23.350203 0.31988189,32.232631 -23.404749 0.31988189,
  32.242083 -23.427569 0.31988189,32.246672 -23.434437 0.31988189,
  32.248285 -23.442539 0.31988189,32.257736 -23.465357 0.31988189,
  32.270534 -23.529699 0.31988189,32.270534 -23.554399 0.31988189,
  32.272146 -23.5625 0.31988189,32.270534 -23.570601 0.31988189,
  32.270534 -23.595301 0.31988189,32.257736 -23.659643 0.31988189,
  32.248285 -23.682462 0.31988189,32.246672 -23.690563 0.31988189,
  32.242083 -23.697431 0.31988189,32.232631 -23.720251 0.31988189,
  32.196185 -23.774797 0.31988189,32.178719 -23.792262 0.31988189,
  32.17413 -23.79913 0.31988189,32.167261 -23.803719 0.31988189,
  32.149797 -23.821185 0.31988189,32.095251 -23.857631 0.31988189,
  32.072431 -23.867083 0.31988189,32.065563 -23.871672 0.31988189,
  32.057462 -23.873284 0.31988189,32.034643 -23.882736 0.31988189,
  31.970301 -23.895534 0.31988189,31.9456 -23.895534 0.31988189,
  31.9375 -23.897146 0.31988189,31.929399 -23.895534 0.31988189,
  31.904699 -23.895534 0.31988189,31.840357 -23.882736 0.31988189,
  31.817539 -23.873284 0.31988189,31.809437 -23.871672 0.31988189,
  31.802569 -23.867083 0.31988189,31.779749 -23.857631 0.31988189,
  31.725203 -23.821185 0.31988189,31.707737 -23.803719 0.31988189,
  31.70087 -23.79913 0.31988189,31.69628 -23.792262 0.31988189,
  31.678815 -23.774797 0.31988189,31.642369 -23.720251 0.31988189,
  31.632916 -23.697431 0.31988189,31.628328 -23.690563 0.31988189,
  31.626716 -23.682462 0.31988189,31.617264 -23.659643 0.31988189,
  31.604466 -23.595301 0.31988189,31.604465 -23.570601 0.31988189,
  28.869236 -15.028522 0.31988189,28.869236 -15.096478 0.31988189,
  28.858605 -15.163598 0.31988189,28.837605 -15.228229 0.31988189,
  28.806754 -15.288779 0.31988189,28.76681 -15.343757 0.31988189,
  28.718757 -15.39181 0.31988189,28.663779 -15.431754 0.31988189,
  28.603229 -15.462605 0.31988189,28.538598 -15.483605 0.31988189,
  28.471478 -15.494236 0.31988189,28.403522 -15.494236 0.31988189,
  28.336402 -15.483605 0.31988189,28.271771 -15.462605 0.31988189,
  28.211221 -15.431754 0.31988189,28.156243 -15.39181 0.31988189,
  28.10819 -15.343757 0.31988189,28.068246 -15.288779 0.31988189,
  28.037395 -15.228229 0.31988189,28.016395 -15.163598 0.31988189,
  28.005764 -15.096478 0.31988189,28.005764 -15.028522 0.31988189,
  28.016395 -14.961402 0.31988189,28.037395 -14.896771 0.31988189,
  28.068246 -14.836221 0.31988189,28.10819 -14.781243 0.31988189,
  28.156243 -14.73319 0.31988189,28.211221 -14.693246 0.31988189,
  28.271771 -14.662395 0.31988189,28.336402 -14.641395 0.31988189,
  28.403522 -14.630764 0.31988189,28.471478 -14.630764 0.31988189,
  28.538598 -14.641395 0.31988189,28.603229 -14.662395 0.31988189,
  28.663779 -14.693246 0.31988189,28.718757 -14.73319 0.31988189,
  28.76681 -14.781243 0.31988189,28.806754 -14.836221 0.31988189,
  28.837605 -14.896771 0.31988189,28.858605 -14.961402 0.31988189,
  29.150098 -23.5625 0.31988189,29.151784 -23.554025 0.31988189,
  29.151784 -23.511002 0.31988189,29.165228 -23.408885 0.31988189,
  29.191886 -23.309398 0.31988189,29.20835 -23.269651 0.31988189,
  29.210036 -23.261174 0.31988189,29.214836 -23.253988 0.31988189,
  29.231301 -23.214241 0.31988189,29.2828 -23.125043 0.31988189,
  29.3455 -23.04333 0.31988189,29.375923 -23.012908 0.31988189,
  29.380723 -23.005723 0.31988189,29.387907 -23.000923 0.31988189,
  29.41833 -22.9705 0.31988189,29.500043 -22.9078 0.31988189,
  29.589241 -22.856301 0.31988189,29.628988 -22.839837 0.31988189,
  29.636174 -22.835036 0.31988189,29.64465 -22.833349 0.31988189,
  29.684398 -22.816886 0.31988189,29.783885 -22.790228 0.31988189,
  29.886002 -22.776784 0.31988189,29.929025 -22.776784 0.31988189,
  29.9375 -22.775098 0.31988189,29.945975 -22.776784 0.31988189,
  29.988998 -22.776784 0.31988189,30.091115 -22.790228 0.31988189,
  30.190602 -22.816886 0.31988189,30.230349 -22.83335 0.31988189,
  30.238826 -22.835036 0.31988189,30.246011 -22.839837 0.31988189,
  30.285759 -22.856301 0.31988189,30.374957 -22.9078 0.31988189,
  30.45667 -22.9705 0.31988189,30.487093 -23.000923 0.31988189,
  30.494277 -23.005723 0.31988189,30.499078 -23.012907 0.31988189,
  30.5295 -23.04333 0.31988189,30.5922 -23.125043 0.31988189,
  30.643699 -23.214241 0.31988189,30.660162 -23.253988 0.31988189,
  30.664964 -23.261174 0.31988189,30.666649 -23.26965 0.31988189,
  30.683114 -23.309398 0.31988189,30.709772 -23.408885 0.31988189,
  30.723216 -23.511002 0.31988189,30.723216 -23.529699 0.31988189,
  30.723216 -23.554025 0.31988189,30.724902 -23.5625 0.31988189,
  30.723216 -23.570975 0.31988189,30.723216 -23.613998 0.31988189,
  30.709772 -23.716115 0.31988189,30.683114 -23.815602 0.31988189,
  30.666649 -23.855348 0.31988189,30.664964 -23.863826 0.31988189,
  30.660162 -23.871011 0.31988189,30.643699 -23.910759 0.31988189,
  30.5922 -23.999957 0.31988189,30.5295 -24.08167 0.31988189,
  30.499078 -24.112093 0.31988189,30.494277 -24.119277 0.31988189,
  30.487093 -24.124078 0.31988189,30.45667 -24.1545 0.31988189,
  30.374957 -24.2172 0.31988189,30.285759 -24.268699 0.31988189,
  30.246011 -24.285162 0.31988189,30.238826 -24.289964 0.31988189,
  30.230349 -24.29165 0.31988189,30.190602 -24.308114 0.31988189,
  30.091115 -24.334772 0.31988189,29.988998 -24.348216 0.31988189,
  29.945975 -24.348216 0.31988189,29.9375 -24.349902 0.31988189,
  29.929025 -24.348216 0.31988189,29.886002 -24.348216 0.31988189,
  29.783885 -24.334772 0.31988189,29.684398 -24.308114 0.31988189,
  29.64465 -24.291649 0.31988189,29.636174 -24.289964 0.31988189,
  29.628988 -24.285162 0.31988189,29.589241 -24.268699 0.31988189,
  29.500043 -24.2172 0.31988189,29.41833 -24.1545 0.31988189,
  29.387907 -24.124078 0.31988189,29.380723 -24.119277 0.31988189,
  29.375923 -24.112093 0.31988189,29.3455 -24.08167 0.31988189,
  29.2828 -23.999957 0.31988189,29.231301 -23.910759 0.31988189,
  29.214836 -23.871011 0.31988189,29.210036 -23.863826 0.31988189,
  29.20835 -23.855349 0.31988189,29.191886 -23.815602 0.31988189,
  29.165228 -23.716115 0.31988189,29.151784 -23.613998 0.31988189,
  29.151784 -23.570975 0.31988189,30.505764 -21.596478 0.31988189,
  30.505764 -21.528522 0.31988189,30.516395 -21.461402 0.31988189,
  30.537395 -21.396771 0.31988189,30.568246 -21.336221 0.31988189,
  30.60819 -21.281243 0.31988189,30.656243 -21.23319 0.31988189,
  30.711221 -21.193246 0.31988189,30.771771 -21.162395 0.31988189,
  30.836402 -21.141395 0.31988189,30.903522 -21.130764 0.31988189,
  30.971478 -21.130764 0.31988189,31.038598 -21.141395 0.31988189,
  31.103229 -21.162395 0.31988189,31.163779 -21.193246 0.31988189,
  31.218757 -21.23319 0.31988189,31.26681 -21.281243 0.31988189,
  31.306754 -21.336221 0.31988189,31.337605 -21.396771 0.31988189,
  31.358605 -21.461402 0.31988189,31.369236 -21.528522 0.31988189,
  31.369236 -21.596478 0.31988189,31.358605 -21.663598 0.31988189,
  31.337605 -21.728229 0.31988189,31.306754 -21.788779 0.31988189,
  31.26681 -21.843757 0.31988189,31.218757 -21.89181 0.31988189,
  31.163779 -21.931754 0.31988189,31.103229 -21.962605 0.31988189,
  31.038598 -21.983605 0.31988189,30.971478 -21.994236 0.31988189,
  30.903522 -21.994236 0.31988189,30.836402 -21.983605 0.31988189,
  30.771771 -21.962605 0.31988189,30.711221 -21.931754 0.31988189,
  30.656243 -21.89181 0.31988189,30.60819 -21.843757 0.31988189,
  30.568246 -21.788779 0.31988189,30.537395 -21.728229 0.31988189,
  30.516395 -21.663598 0.31988189,34.6875 -28.125 0.31988189,
  34.6875 -11.25 0.31988189,8.4375 -11.25 0.31988189,
  8.4375 -12.197008 0.31988189,8.4375 -13.197008 0.31988189,
  8.4375 -14.028522 0.31988189,8.4375 -14.197008 0.31988189,
  8.4375 -15.028522 0.31988189,8.4375 -15.197008 0.31988189,
  8.4375 -16.029699 0.31988189,8.4375 -16.197008 0.31988189,
  8.4375 -17.197008 0.31988189,8.4375 -18.197008 0.31988189,
  8.4375 -21.528522 0.31988189,8.4375 -21.978346 0.31988189,
  8.4375 -22.667323 0.31988189,8.4375 -23.529699 0.31988189,
  8.4375 -28.125 0.31988189,16.763944 -15.407603 0.31988189,
  16.775418 -15.349922 0.31988189,16.797924 -15.295589 0.31988189,
  16.830597 -15.24669 0.31988189,16.872182 -15.205105 0.31988189,
  16.916822 -15.175277 0.31988189,16.917067 -15.174047 0.31988189,
  16.930074 -15.154581 0.31988189,16.949539 -15.141575 0.31988189,
  16.9725 -15.137008 0.31988189,17.80998 -15.137008 0.31988189,
  17.832941 -15.141575 0.31988189,17.852407 -15.154581 0.31988189,
  17.865413 -15.174047 0.31988189,17.86998 -15.197008 0.31988189,
  17.86998 -15.677008 0.31988189,17.865413 -15.699969 0.31988189,
  17.852407 -15.719434 0.31988189,17.832941 -15.732441 0.31988189,
  17.80998 -15.737008 0.31988189,16.9725 -15.737008 0.31988189,
  16.949539 -15.732441 0.31988189,16.930074 -15.719434 0.31988189,
  16.917067 -15.699969 0.31988189,16.916822 -15.698739 0.31988189,
  16.872182 -15.668911 0.31988189,16.830597 -15.627326 0.31988189,
  16.797924 -15.578427 0.31988189,16.775418 -15.524093 0.31988189,
  16.763944 -15.466413 0.31988189,20.836402 -22.983605 0.31988189,
  20.771771 -22.962605 0.31988189,20.711221 -22.931754 0.31988189,
  20.656243 -22.89181 0.31988189,20.60819 -22.843757 0.31988189,
  20.568246 -22.788779 0.31988189,20.537395 -22.728229 0.31988189,
  20.516395 -22.663598 0.31988189,20.505764 -22.596478 0.31988189,
  20.505764 -22.528522 0.31988189,20.516395 -22.461402 0.31988189,
  20.537395 -22.396771 0.31988189,20.568246 -22.336221 0.31988189,
  20.60819 -22.281243 0.31988189,20.656243 -22.23319 0.31988189,
  20.711221 -22.193246 0.31988189,20.771771 -22.162395 0.31988189,
  20.836402 -22.141395 0.31988189,20.903522 -22.130764 0.31988189,
  20.971478 -22.130764 0.31988189,21.038598 -22.141395 0.31988189,
  21.103229 -22.162395 0.31988189,21.163779 -22.193246 0.31988189,
  21.218757 -22.23319 0.31988189,21.26681 -22.281243 0.31988189,
  21.306754 -22.336221 0.31988189,21.337605 -22.396771 0.31988189,
  21.358605 -22.461402 0.31988189,21.369236 -22.528522 0.31988189,
  21.369236 -22.596478 0.31988189,21.358605 -22.663598 0.31988189,
  21.337605 -22.728229 0.31988189,21.306754 -22.788779 0.31988189,
  21.26681 -22.843757 0.31988189,21.218757 -22.89181 0.31988189,
  21.163779 -22.931754 0.31988189,21.103229 -22.962605 0.31988189,
  21.038598 -22.983605 0.31988189,20.971478 -22.994236 0.31988189,
  20.903522 -22.994236 0.31988189,20.102854 -16.0625 0.31988189,
  20.104465 -16.054398 0.31988189,20.104466 -16.029699 0.31988189,
  20.117264 -15.965357 0.31988189,20.126716 -15.942538 0.31988189,
  20.128328 -15.934437 0.31988189,20.132917 -15.927568 0.31988189,
  20.142369 -15.904749 0.31988189,20.178815 -15.850203 0.31988189,
  20.19628 -15.832737 0.31988189,20.20087 -15.82587 0.31988189,
  20.207738 -15.821281 0.31988189,20.225203 -15.803815 0.31988189,
  20.279749 -15.767369 0.31988189,20.302569 -15.757917 0.31988189,
  20.309437 -15.753328 0.31988189,20.317539 -15.751717 0.31988189,
  20.340357 -15.742264 0.31988189,20.404699 -15.729466 0.31988189,
  20.429399 -15.729466 0.31988189,20.4375 -15.727854 0.31988189,
  20.445601 -15.729465 0.31988189,20.470301 -15.729466 0.31988189,
  20.534643 -15.742264 0.31988189,20.557462 -15.751716 0.31988189,
  20.565563 -15.753328 0.31988189,20.572431 -15.757917 0.31988189,
  20.595251 -15.767369 0.31988189,20.649797 -15.803815 0.31988189,
  20.667262 -15.82128 0.31988189,20.67413 -15.82587 0.31988189,
  20.678719 -15.832738 0.31988189,20.696185 -15.850203 0.31988189,
  20.732631 -15.904749 0.31988189,20.742083 -15.927569 0.31988189,
  20.746672 -15.934437 0.31988189,20.748284 -15.942539 0.31988189,
  20.757736 -15.965357 0.31988189,20.766815 -16.011002 0.31988189,
  20.770534 -16.029699 0.31988189,20.770534 -16.054399 0.31988189,
  20.772146 -16.0625 0.31988189,20.770534 -16.070601 0.31988189,
  20.770534 -16.095301 0.31988189,20.757736 -16.159643 0.31988189,
  20.748284 -16.182462 0.31988189,20.746672 -16.190563 0.31988189,
  20.742083 -16.197431 0.31988189,20.732631 -16.220251 0.31988189,
  20.696185 -16.274797 0.31988189,20.678719 -16.292262 0.31988189,
  20.67413 -16.29913 0.31988189,20.667262 -16.303719 0.31988189,
  20.649797 -16.321185 0.31988189,20.595251 -16.357631 0.31988189,
  20.572431 -16.367083 0.31988189,20.565563 -16.371672 0.31988189,
  20.557462 -16.373284 0.31988189,20.534643 -16.382736 0.31988189,
  20.470301 -16.395534 0.31988189,20.445601 -16.395534 0.31988189,
  20.4375 -16.397146 0.31988189,20.429399 -16.395534 0.31988189,
  20.404699 -16.395534 0.31988189,20.340357 -16.382736 0.31988189,
  20.317539 -16.373284 0.31988189,20.309437 -16.371672 0.31988189,
  20.302569 -16.367083 0.31988189,20.279749 -16.357631 0.31988189,
  20.225203 -16.321185 0.31988189,20.207738 -16.303719 0.31988189,
  20.20087 -16.29913 0.31988189,20.19628 -16.292262 0.31988189,
  20.178815 -16.274797 0.31988189,20.142369 -16.220251 0.31988189,
  20.132917 -16.197431 0.31988189,20.128328 -16.190563 0.31988189,
  20.126716 -16.182462 0.31988189,20.117264 -16.159643 0.31988189,
  20.104466 -16.095301 0.31988189,20.104465 -16.070601 0.31988189,
  17.86998 -12.197008 0.31988189,17.86998 -12.677008 0.31988189,
  17.865413 -12.699969 0.31988189,17.852407 -12.719434 0.31988189,
  17.832941 -12.732441 0.31988189,17.80998 -12.737008 0.31988189,
  16.9725 -12.737008 0.31988189,16.949539 -12.732441 0.31988189,
  16.930074 -12.719434 0.31988189,16.917067 -12.699969 0.31988189,
  16.916822 -12.698739 0.31988189,16.872182 -12.668911 0.31988189,
  16.830597 -12.627326 0.31988189,16.797924 -12.578427 0.31988189,
  16.775418 -12.524093 0.31988189,16.763944 -12.466413 0.31988189,
  16.763944 -12.407603 0.31988189,16.775418 -12.349922 0.31988189,
  16.797924 -12.295589 0.31988189,16.830597 -12.24669 0.31988189,
  16.872182 -12.205105 0.31988189,16.916822 -12.175277 0.31988189,
  16.917067 -12.174047 0.31988189,16.930074 -12.154581 0.31988189,
  16.949539 -12.141575 0.31988189,16.9725 -12.137008 0.31988189,
  17.80998 -12.137008 0.31988189,17.832941 -12.141575 0.31988189,
  17.852407 -12.154581 0.31988189,17.865413 -12.174047 0.31988189,
  20.102854 -23.5625 0.31988189,20.104465 -23.554398 0.31988189,
  20.104466 -23.529699 0.31988189,20.117264 -23.465357 0.31988189,
  20.126716 -23.442538 0.31988189,20.128328 -23.434437 0.31988189,
  20.132917 -23.427568 0.31988189,20.142369 -23.404749 0.31988189,
  20.178815 -23.350203 0.31988189,20.19628 -23.332737 0.31988189,
  20.20087 -23.32587 0.31988189,20.207738 -23.32128 0.31988189,
  20.225203 -23.303815 0.31988189,20.279749 -23.267369 0.31988189,
  20.302569 -23.257917 0.31988189,20.309437 -23.253328 0.31988189,
  20.317539 -23.251717 0.31988189,20.340357 -23.242264 0.31988189,
  20.404699 -23.229466 0.31988189,20.429399 -23.229466 0.31988189,
  20.4375 -23.227854 0.31988189,20.445601 -23.229465 0.31988189,
  20.470301 -23.229466 0.31988189,20.534643 -23.242264 0.31988189,
  20.557462 -23.251716 0.31988189,20.565563 -23.253328 0.31988189,
  20.572431 -23.257917 0.31988189,20.595251 -23.267369 0.31988189,
  20.649797 -23.303815 0.31988189,20.667262 -23.32128 0.31988189,
  20.67413 -23.32587 0.31988189,20.678719 -23.332737 0.31988189,
  20.696185 -23.350203 0.31988189,20.732631 -23.404749 0.31988189,
  20.742083 -23.427569 0.31988189,20.746672 -23.434437 0.31988189,
  20.748284 -23.442539 0.31988189,20.757736 -23.465357 0.31988189,
  20.766815 -23.511002 0.31988189,20.770534 -23.529699 0.31988189,
  20.770534 -23.554399 0.31988189,20.772146 -23.5625 0.31988189,
  20.770534 -23.570601 0.31988189,20.770534 -23.595301 0.31988189,
  20.757736 -23.659643 0.31988189,20.748284 -23.682462 0.31988189,
  20.746672 -23.690563 0.31988189,20.742083 -23.697431 0.31988189,
  20.732631 -23.720251 0.31988189,20.696185 -23.774797 0.31988189,
  20.678719 -23.792262 0.31988189,20.67413 -23.79913 0.31988189,
  20.667262 -23.803719 0.31988189,20.649797 -23.821185 0.31988189,
  20.595251 -23.857631 0.31988189,20.572431 -23.867083 0.31988189,
  20.565563 -23.871672 0.31988189,20.557462 -23.873284 0.31988189,
  20.534643 -23.882736 0.31988189,20.470301 -23.895534 0.31988189,
  20.445601 -23.895534 0.31988189,20.4375 -23.897146 0.31988189,
  20.429399 -23.895534 0.31988189,20.404699 -23.895534 0.31988189,
  20.340357 -23.882736 0.31988189,20.317539 -23.873284 0.31988189,
  20.309437 -23.871672 0.31988189,20.302569 -23.867083 0.31988189,
  20.279749 -23.857631 0.31988189,20.225203 -23.821185 0.31988189,
  20.207738 -23.803719 0.31988189,20.20087 -23.79913 0.31988189,
  20.19628 -23.792262 0.31988189,20.178815 -23.774797 0.31988189,
  20.142369 -23.720251 0.31988189,20.132917 -23.697431 0.31988189,
  20.128328 -23.690563 0.31988189,20.126716 -23.682462 0.31988189,
  20.117264 -23.659643 0.31988189,20.104466 -23.595301 0.31988189,
  20.104465 -23.570601 0.31988189,28.336402 -22.141395 0.31988189,
  28.403522 -22.130764 0.31988189,28.471478 -22.130764 0.31988189,
  28.538598 -22.141395 0.31988189,28.603229 -22.162395 0.31988189,
  28.663779 -22.193246 0.31988189,28.718757 -22.23319 0.31988189,
  28.76681 -22.281243 0.31988189,28.806754 -22.336221 0.31988189,
  28.837605 -22.396771 0.31988189,28.858605 -22.461402 0.31988189,
  28.869236 -22.528522 0.31988189,28.869236 -22.596478 0.31988189,
  28.858605 -22.663598 0.31988189,28.837605 -22.728229 0.31988189,
  28.806754 -22.788779 0.31988189,28.76681 -22.843757 0.31988189,
  28.718757 -22.89181 0.31988189,28.663779 -22.931754 0.31988189,
  28.603229 -22.962605 0.31988189,28.538598 -22.983605 0.31988189,
  28.471478 -22.994236 0.31988189,28.403522 -22.994236 0.31988189,
  28.336402 -22.983605 0.31988189,28.271771 -22.962605 0.31988189,
  28.211221 -22.931754 0.31988189,28.156243 -22.89181 0.31988189,
  28.10819 -22.843757 0.31988189,28.068246 -22.788779 0.31988189,
  28.037395 -22.728229 0.31988189,28.016395 -22.663598 0.31988189,
  28.005764 -22.596478 0.31988189,28.005764 -22.528522 0.31988189,
  28.016395 -22.461402 0.31988189,28.037395 -22.396771 0.31988189,
  28.068246 -22.336221 0.31988189,28.10819 -22.281243 0.31988189,
  28.156243 -22.23319 0.31988189,28.211221 -22.193246 0.31988189,
  28.271771 -22.162395 0.31988189,28.272146 -16.0625 0.31988189,
  28.270534 -16.070601 0.31988189,28.270534 -16.095301 0.31988189,
  28.257736 -16.159643 0.31988189,28.248285 -16.182462 0.31988189,
  28.246672 -16.190563 0.31988189,28.242083 -16.197431 0.31988189,
  28.232631 -16.220251 0.31988189,28.196185 -16.274797 0.31988189,
  28.178719 -16.292262 0.31988189,28.17413 -16.29913 0.31988189,
  28.167261 -16.303719 0.31988189,28.149797 -16.321185 0.31988189,
  28.095251 -16.357631 0.31988189,28.072431 -16.367083 0.31988189,
  28.065563 -16.371672 0.31988189,28.057462 -16.373284 0.31988189,
  28.034643 -16.382736 0.31988189,27.970301 -16.395534 0.31988189,
  27.9456 -16.395534 0.31988189,27.9375 -16.397146 0.31988189,
  27.929399 -16.395534 0.31988189,27.904699 -16.395534 0.31988189,
  27.840357 -16.382736 0.31988189,27.817539 -16.373284 0.31988189,
  27.809437 -16.371672 0.31988189,27.802569 -16.367083 0.31988189,
  27.779749 -16.357631 0.31988189,27.725203 -16.321185 0.31988189,
  27.707737 -16.303719 0.31988189,27.70087 -16.29913 0.31988189,
  27.69628 -16.292262 0.31988189,27.678815 -16.274797 0.31988189,
  27.642369 -16.220251 0.31988189,27.632916 -16.197431 0.31988189,
  27.628328 -16.190563 0.31988189,27.626716 -16.182462 0.31988189,
  27.617264 -16.159643 0.31988189,27.604466 -16.095301 0.31988189,
  27.604465 -16.070601 0.31988189,27.602854 -16.0625 0.31988189,
  27.604465 -16.054398 0.31988189,27.604466 -16.029699 0.31988189,
  27.617264 -15.965357 0.31988189,27.626716 -15.942538 0.31988189,
  27.628328 -15.934437 0.31988189,27.632916 -15.927568 0.31988189,
  27.642369 -15.904749 0.31988189,27.678815 -15.850203 0.31988189,
  27.69628 -15.832737 0.31988189,27.70087 -15.82587 0.31988189,
  27.707737 -15.821281 0.31988189,27.725203 -15.803815 0.31988189,
  27.779749 -15.767369 0.31988189,27.802569 -15.757917 0.31988189,
  27.809437 -15.753328 0.31988189,27.817539 -15.751717 0.31988189,
  27.840357 -15.742264 0.31988189,27.904699 -15.729466 0.31988189,
  27.929399 -15.729466 0.31988189,27.9375 -15.727854 0.31988189,
  27.9456 -15.729465 0.31988189,27.970301 -15.729466 0.31988189,
  28.034643 -15.742264 0.31988189,28.057462 -15.751716 0.31988189,
  28.065563 -15.753328 0.31988189,28.072431 -15.757917 0.31988189,
  28.095251 -15.767369 0.31988189,28.149797 -15.803815 0.31988189,
  28.167261 -15.82128 0.31988189,28.17413 -15.82587 0.31988189,
  28.178719 -15.832738 0.31988189,28.196185 -15.850203 0.31988189,
  28.232631 -15.904749 0.31988189,28.242083 -15.927569 0.31988189,
  28.246672 -15.934437 0.31988189,28.248285 -15.942539 0.31988189,
  28.257736 -15.965357 0.31988189,28.266815 -16.011002 0.31988189,
  28.270534 -16.029699 0.31988189,28.270534 -16.054399 0.31988189,
  24.102854 -16.0625 0.31988189,24.104465 -16.054398 0.31988189,
  24.104466 -16.029699 0.31988189,24.117264 -15.965357 0.31988189,
  24.126716 -15.942538 0.31988189,24.128328 -15.934437 0.31988189,
  24.132917 -15.927568 0.31988189,24.142369 -15.904749 0.31988189,
  24.178815 -15.850203 0.31988189,24.19628 -15.832737 0.31988189,
  24.20087 -15.82587 0.31988189,24.207737 -15.821281 0.31988189,
  24.225203 -15.803815 0.31988189,24.279749 -15.767369 0.31988189,
  24.302569 -15.757917 0.31988189,24.309437 -15.753328 0.31988189,
  24.317539 -15.751717 0.31988189,24.340357 -15.742264 0.31988189,
  24.404699 -15.729466 0.31988189,24.429399 -15.729466 0.31988189,
  24.4375 -15.727854 0.31988189,24.4456 -15.729465 0.31988189,
  24.470301 -15.729466 0.31988189,24.534643 -15.742264 0.31988189,
  24.557462 -15.751716 0.31988189,24.565563 -15.753328 0.31988189,
  24.572431 -15.757917 0.31988189,24.595251 -15.767369 0.31988189,
  24.649797 -15.803815 0.31988189,24.667261 -15.82128 0.31988189,
  24.67413 -15.82587 0.31988189,24.678719 -15.832738 0.31988189,
  24.696185 -15.850203 0.31988189,24.732631 -15.904749 0.31988189,
  24.742083 -15.927569 0.31988189,24.746672 -15.934437 0.31988189,
  24.748284 -15.942539 0.31988189,24.757736 -15.965357 0.31988189,
  24.770534 -16.029699 0.31988189,24.770534 -16.054399 0.31988189,
  24.772146 -16.0625 0.31988189,24.770534 -16.070601 0.31988189,
  24.770534 -16.095301 0.31988189,24.757736 -16.159643 0.31988189,
  24.748284 -16.182462 0.31988189,24.746672 -16.190563 0.31988189,
  24.742083 -16.197431 0.31988189,24.732631 -16.220251 0.31988189,
  24.696185 -16.274797 0.31988189,24.678719 -16.292262 0.31988189,
  24.67413 -16.29913 0.31988189,24.667261 -16.303719 0.31988189,
  24.649797 -16.321185 0.31988189,24.595251 -16.357631 0.31988189,
  24.572431 -16.367083 0.31988189,24.565563 -16.371672 0.31988189,
  24.557462 -16.373284 0.31988189,24.534643 -16.382736 0.31988189,
  24.470301 -16.395534 0.31988189,24.4456 -16.395534 0.31988189,
  24.4375 -16.397146 0.31988189,24.429399 -16.395534 0.31988189,
  24.404699 -16.395534 0.31988189,24.340357 -16.382736 0.31988189,
  24.317539 -16.373284 0.31988189,24.309437 -16.371672 0.31988189,
  24.302569 -16.367083 0.31988189,24.279749 -16.357631 0.31988189,
  24.225203 -16.321185 0.31988189,24.207737 -16.303719 0.31988189,
  24.20087 -16.29913 0.31988189,24.19628 -16.292262 0.31988189,
  24.178815 -16.274797 0.31988189,24.142369 -16.220251 0.31988189,
  24.132917 -16.197431 0.31988189,24.128328 -16.190563 0.31988189,
  24.126716 -16.182462 0.31988189,24.117264 -16.159643 0.31988189,
  24.104466 -16.095301 0.31988189,24.104465 -16.070601 0.31988189,
  23.869236 -14.028522 0.31988189,23.869236 -14.096478 0.31988189,
  23.858605 -14.163598 0.31988189,23.837605 -14.228229 0.31988189,
  23.806754 -14.288779 0.31988189,23.76681 -14.343757 0.31988189,
  23.718757 -14.39181 0.31988189,23.663779 -14.431754 0.31988189,
  23.603229 -14.462605 0.31988189,23.538598 -14.483605 0.31988189,
  23.471478 -14.494236 0.31988189,23.403522 -14.494236 0.31988189,
  23.336402 -14.483605 0.31988189,23.271771 -14.462605 0.31988189,
  23.211221 -14.431754 0.31988189,23.156243 -14.39181 0.31988189,
  23.10819 -14.343757 0.31988189,23.068246 -14.288779 0.31988189,
  23.037395 -14.228229 0.31988189,23.016395 -14.163598 0.31988189,
  23.005764 -14.096478 0.31988189,23.005764 -14.028522 0.31988189,
  23.016395 -13.961402 0.31988189,23.037395 -13.896771 0.31988189,
  23.068246 -13.836221 0.31988189,23.10819 -13.781243 0.31988189,
  23.156243 -13.73319 0.31988189,23.211221 -13.693246 0.31988189,
  23.271771 -13.662395 0.31988189,23.336402 -13.641395 0.31988189,
  23.403522 -13.630764 0.31988189,23.471478 -13.630764 0.31988189,
  23.538598 -13.641395 0.31988189,23.603229 -13.662395 0.31988189,
  23.663779 -13.693246 0.31988189,23.718757 -13.73319 0.31988189,
  23.76681 -13.781243 0.31988189,23.806754 -13.836221 0.31988189,
  23.837605 -13.896771 0.31988189,23.858605 -13.961402 0.31988189,
  24.102854 -23.5625 0.31988189,24.104465 -23.554398 0.31988189,
  24.104466 -23.529699 0.31988189,24.117264 -23.465357 0.31988189,
  24.126716 -23.442538 0.31988189,24.128328 -23.434437 0.31988189,
  24.132917 -23.427568 0.31988189,24.142369 -23.404749 0.31988189,
  24.178815 -23.350203 0.31988189,24.19628 -23.332737 0.31988189,
  24.20087 -23.32587 0.31988189,24.207737 -23.32128 0.31988189,
  24.225203 -23.303815 0.31988189,24.279749 -23.267369 0.31988189,
  24.302569 -23.257917 0.31988189,24.309437 -23.253328 0.31988189,
  24.317539 -23.251717 0.31988189,24.340357 -23.242264 0.31988189,
  24.404699 -23.229466 0.31988189,24.429399 -23.229466 0.31988189,
  24.4375 -23.227854 0.31988189,24.4456 -23.229465 0.31988189,
  24.470301 -23.229466 0.31988189,24.534643 -23.242264 0.31988189,
  24.557462 -23.251716 0.31988189,24.565563 -23.253328 0.31988189,
  24.572431 -23.257917 0.31988189,24.595251 -23.267369 0.31988189,
  24.649797 -23.303815 0.31988189,24.667261 -23.32128 0.31988189,
  24.67413 -23.32587 0.31988189,24.678719 -23.332737 0.31988189,
  24.696185 -23.350203 0.31988189,24.732631 -23.404749 0.31988189,
  24.742083 -23.427569 0.31988189,24.746672 -23.434437 0.31988189,
  24.748284 -23.442539 0.31988189,24.757736 -23.465357 0.31988189,
  24.770534 -23.529699 0.31988189,24.770534 -23.554399 0.31988189,
  24.772146 -23.5625 0.31988189,24.770534 -23.570601 0.31988189,
  24.770534 -23.595301 0.31988189,24.757736 -23.659643 0.31988189,
  24.748284 -23.682462 0.31988189,24.746672 -23.690563 0.31988189,
  24.742083 -23.697431 0.31988189,24.732631 -23.720251 0.31988189,
  24.696185 -23.774797 0.31988189,24.678719 -23.792262 0.31988189,
  24.67413 -23.79913 0.31988189,24.667261 -23.803719 0.31988189,
  24.649797 -23.821185 0.31988189,24.595251 -23.857631 0.31988189,
  24.572431 -23.867083 0.31988189,24.565563 -23.871672 0.31988189,
  24.557462 -23.873284 0.31988189,24.534643 -23.882736 0.31988189,
  24.470301 -23.895534 0.31988189,24.4456 -23.895534 0.31988189,
  24.4375 -23.897146 0.31988189,24.429399 -23.895534 0.31988189,
  24.404699 -23.895534 0.31988189,24.340357 -23.882736 0.31988189,
  24.317539 -23.873284 0.31988189,24.309437 -23.871672 0.31988189,
  24.302569 -23.867083 0.31988189,24.279749 -23.857631 0.31988189,
  24.225203 -23.821185 0.31988189,24.207737 -23.803719 0.31988189,
  24.20087 -23.79913 0.31988189,24.19628 -23.792262 0.31988189,
  24.178815 -23.774797 0.31988189,24.142369 -23.720251 0.31988189,
  24.132917 -23.697431 0.31988189,24.128328 -23.690563 0.31988189,
  24.126716 -23.682462 0.31988189,24.117264 -23.659643 0.31988189,
  24.104466 -23.595301 0.31988189,24.104465 -23.570601 0.31988189,
  23.005764 -21.596478 0.31988189,23.005764 -21.528522 0.31988189,
  23.016395 -21.461402 0.31988189,23.037395 -21.396771 0.31988189,
  23.068246 -21.336221 0.31988189,23.10819 -21.281243 0.31988189,
  23.156243 -21.23319 0.31988189,23.211221 -21.193246 0.31988189,
  23.271771 -21.162395 0.31988189,23.336402 -21.141395 0.31988189,
  23.403522 -21.130764 0.31988189,23.471478 -21.130764 0.31988189,
  23.538598 -21.141395 0.31988189,23.603229 -21.162395 0.31988189,
  23.663779 -21.193246 0.31988189,23.718757 -21.23319 0.31988189,
  23.76681 -21.281243 0.31988189,23.806754 -21.336221 0.31988189,
  23.837605 -21.396771 0.31988189,23.858605 -21.461402 0.31988189,
  23.869236 -21.528522 0.31988189,23.869236 -21.596478 0.31988189,
  23.858605 -21.663598 0.31988189,23.837605 -21.728229 0.31988189,
  23.806754 -21.788779 0.31988189,23.76681 -21.843757 0.31988189,
  23.718757 -21.89181 0.31988189,23.663779 -21.931754 0.31988189,
  23.603229 -21.962605 0.31988189,23.538598 -21.983605 0.31988189,
  23.471478 -21.994236 0.31988189,23.403522 -21.994236 0.31988189,
  23.336402 -21.983605 0.31988189,23.271771 -21.962605 0.31988189,
  23.211221 -21.931754 0.31988189,23.156243 -21.89181 0.31988189,
  23.10819 -21.843757 0.31988189,23.068246 -21.788779 0.31988189,
  23.037395 -21.728229 0.31988189,23.016395 -21.663598 0.31988189,
  21.650098 -16.0625 0.31988189,21.651784 -16.054025 0.31988189,
  21.651784 -16.011002 0.31988189,21.665228 -15.908885 0.31988189,
  21.691886 -15.809398 0.31988189,21.70835 -15.769651 0.31988189,
  21.710036 -15.761174 0.31988189,21.714837 -15.753988 0.31988189,
  21.731301 -15.714241 0.31988189,21.7828 -15.625043 0.31988189,
  21.8455 -15.54333 0.31988189,21.875923 -15.512908 0.31988189,
  21.880723 -15.505723 0.31988189,21.887907 -15.500923 0.31988189,
  21.91833 -15.4705 0.31988189,22.000043 -15.4078 0.31988189,
  22.089241 -15.356301 0.31988189,22.128988 -15.339837 0.31988189,
  22.136174 -15.335036 0.31988189,22.14465 -15.333349 0.31988189,
  22.184398 -15.316886 0.31988189,22.283885 -15.290228 0.31988189,
  22.386002 -15.276784 0.31988189,22.429025 -15.276784 0.31988189,
  22.4375 -15.275098 0.31988189,22.445975 -15.276784 0.31988189,
  22.488998 -15.276784 0.31988189,22.591115 -15.290228 0.31988189,
  22.690602 -15.316886 0.31988189,22.730349 -15.33335 0.31988189,
  22.738826 -15.335036 0.31988189,22.746011 -15.339837 0.31988189,
  22.785759 -15.356301 0.31988189,22.874957 -15.4078 0.31988189,
  22.95667 -15.4705 0.31988189,22.987093 -15.500923 0.31988189,
  22.994277 -15.505723 0.31988189,22.999078 -15.512907 0.31988189,
  23.0295 -15.54333 0.31988189,23.0922 -15.625043 0.31988189,
  23.143699 -15.714241 0.31988189,23.160162 -15.753988 0.31988189,
  23.164964 -15.761174 0.31988189,23.166649 -15.76965 0.31988189,
  23.183114 -15.809398 0.31988189,23.209772 -15.908885 0.31988189,
  23.223216 -16.011002 0.31988189,23.223216 -16.029699 0.31988189,
  23.223216 -16.054025 0.31988189,23.224902 -16.0625 0.31988189,
  23.223216 -16.070975 0.31988189,23.223216 -16.113998 0.31988189,
  23.209772 -16.216115 0.31988189,23.183114 -16.315602 0.31988189,
  23.166649 -16.355349 0.31988189,23.164964 -16.363826 0.31988189,
  23.160162 -16.371011 0.31988189,23.143699 -16.410759 0.31988189,
  23.0922 -16.499957 0.31988189,23.0295 -16.58167 0.31988189,
  22.999078 -16.612093 0.31988189,22.994277 -16.619277 0.31988189,
  22.987093 -16.624078 0.31988189,22.95667 -16.6545 0.31988189,
  22.874957 -16.7172 0.31988189,22.785759 -16.768699 0.31988189,
  22.746011 -16.785162 0.31988189,22.738826 -16.789964 0.31988189,
  22.730349 -16.79165 0.31988189,22.690602 -16.808114 0.31988189,
  22.591115 -16.834772 0.31988189,22.488998 -16.848216 0.31988189,
  22.445975 -16.848216 0.31988189,22.4375 -16.849902 0.31988189,
  22.429025 -16.848216 0.31988189,22.386002 -16.848216 0.31988189,
  22.283885 -16.834772 0.31988189,22.184398 -16.808114 0.31988189,
  22.14465 -16.79165 0.31988189,22.136174 -16.789964 0.31988189,
  22.128988 -16.785162 0.31988189,22.089241 -16.768699 0.31988189,
  22.000043 -16.7172 0.31988189,21.91833 -16.6545 0.31988189,
  21.887907 -16.624077 0.31988189,21.880723 -16.619277 0.31988189,
  21.875923 -16.612093 0.31988189,21.8455 -16.58167 0.31988189,
  21.7828 -16.499957 0.31988189,21.731301 -16.410759 0.31988189,
  21.714837 -16.371011 0.31988189,21.710036 -16.363826 0.31988189,
  21.70835 -16.355349 0.31988189,21.691886 -16.315602 0.31988189,
  21.665228 -16.216115 0.31988189,21.651784 -16.113998 0.31988189,
  21.651784 -16.070975 0.31988189,21.369236 -15.028522 0.31988189,
  21.369236 -15.096478 0.31988189,21.358605 -15.163598 0.31988189,
  21.337605 -15.228229 0.31988189,21.306754 -15.288779 0.31988189,
  21.26681 -15.343757 0.31988189,21.218757 -15.39181 0.31988189,
  21.163779 -15.431754 0.31988189,21.103229 -15.462605 0.31988189,
  21.038598 -15.483605 0.31988189,20.971478 -15.494236 0.31988189,
  20.903522 -15.494236 0.31988189,20.836402 -15.483605 0.31988189,
  20.771771 -15.462605 0.31988189,20.711221 -15.431754 0.31988189,
  20.656243 -15.39181 0.31988189,20.60819 -15.343757 0.31988189,
  20.568246 -15.288779 0.31988189,20.537395 -15.228229 0.31988189,
  20.516395 -15.163598 0.31988189,20.505764 -15.096478 0.31988189,
  20.505764 -15.028522 0.31988189,20.516395 -14.961402 0.31988189,
  20.537395 -14.896771 0.31988189,20.568246 -14.836221 0.31988189,
  20.60819 -14.781243 0.31988189,20.656243 -14.73319 0.31988189,
  20.711221 -14.693246 0.31988189,20.771771 -14.662395 0.31988189,
  20.836402 -14.641395 0.31988189,20.903522 -14.630764 0.31988189,
  20.971478 -14.630764 0.31988189,21.038598 -14.641395 0.31988189,
  21.103229 -14.662395 0.31988189,21.163779 -14.693246 0.31988189,
  21.218757 -14.73319 0.31988189,21.26681 -14.781243 0.31988189,
  21.306754 -14.836221 0.31988189,21.337605 -14.896771 0.31988189,
  21.358605 -14.961402 0.31988189,21.650098 -23.5625 0.31988189,
  21.651784 -23.554025 0.31988189,21.651784 -23.511002 0.31988189,
  21.665228 -23.408885 0.31988189,21.691886 -23.309398 0.31988189,
  21.70835 -23.269651 0.31988189,21.710036 -23.261174 0.31988189,
  21.714837 -23.253988 0.31988189,21.731301 -23.214241 0.31988189,
  21.7828 -23.125043 0.31988189,21.8455 -23.04333 0.31988189,
  21.875923 -23.012908 0.31988189,21.880723 -23.005723 0.31988189,
  21.887907 -23.000923 0.31988189,21.91833 -22.9705 0.31988189,
  22.000043 -22.9078 0.31988189,22.089241 -22.856301 0.31988189,
  22.128988 -22.839837 0.31988189,22.136174 -22.835036 0.31988189,
  22.14465 -22.833349 0.31988189,22.184398 -22.816886 0.31988189,
  22.283885 -22.790228 0.31988189,22.386002 -22.776784 0.31988189,
  22.429025 -22.776784 0.31988189,22.4375 -22.775098 0.31988189,
  22.445975 -22.776784 0.31988189,22.488998 -22.776784 0.31988189,
  22.591115 -22.790228 0.31988189,22.690602 -22.816886 0.31988189,
  22.730349 -22.83335 0.31988189,22.738826 -22.835036 0.31988189,
  22.746011 -22.839837 0.31988189,22.785759 -22.856301 0.31988189,
  22.874957 -22.9078 0.31988189,22.95667 -22.9705 0.31988189,
  22.987093 -23.000923 0.31988189,22.994277 -23.005723 0.31988189,
  22.999078 -23.012907 0.31988189,23.0295 -23.04333 0.31988189,
  23.0922 -23.125043 0.31988189,23.143699 -23.214241 0.31988189,
  23.160162 -23.253988 0.31988189,23.164964 -23.261174 0.31988189,
  23.166649 -23.26965 0.31988189,23.183114 -23.309398 0.31988189,
  23.209772 -23.408885 0.31988189,23.223216 -23.511002 0.31988189,
  23.223216 -23.529699 0.31988189,23.223216 -23.554025 0.31988189,
  23.224902 -23.5625 0.31988189,23.223216 -23.570975 0.31988189,
  23.223216 -23.613998 0.31988189,23.209772 -23.716115 0.31988189,
  23.183114 -23.815602 0.31988189,23.166649 -23.855348 0.31988189,
  23.164964 -23.863826 0.31988189,23.160162 -23.871011 0.31988189,
  23.143699 -23.910759 0.31988189,23.0922 -23.999957 0.31988189,
  23.0295 -24.08167 0.31988189,22.999078 -24.112093 0.31988189,
  22.994277 -24.119277 0.31988189,22.987093 -24.124078 0.31988189,
  22.95667 -24.1545 0.31988189,22.874957 -24.2172 0.31988189,
  22.785759 -24.268699 0.31988189,22.746011 -24.285162 0.31988189,
  22.738826 -24.289964 0.31988189,22.730349 -24.29165 0.31988189,
  22.690602 -24.308114 0.31988189,22.591115 -24.334772 0.31988189,
  22.488998 -24.348216 0.31988189,22.445975 -24.348216 0.31988189,
  22.4375 -24.349902 0.31988189,22.429025 -24.348216 0.31988189,
  22.386002 -24.348216 0.31988189,22.283885 -24.334772 0.31988189,
  22.184398 -24.308114 0.31988189,22.14465 -24.291649 0.31988189,
  22.136174 -24.289964 0.31988189,22.128988 -24.285162 0.31988189,
  22.089241 -24.268699 0.31988189,22.000043 -24.2172 0.31988189,
  21.91833 -24.1545 0.31988189,21.887907 -24.124078 0.31988189,
  21.880723 -24.119277 0.31988189,21.875923 -24.112093 0.31988189,
  21.8455 -24.08167 0.31988189,21.7828 -23.999957 0.31988189,
  21.731301 -23.910759 0.31988189,21.714837 -23.871011 0.31988189,
  21.710036 -23.863826 0.31988189,21.70835 -23.855349 0.31988189,
  21.691886 -23.815602 0.31988189,21.665228 -23.716115 0.31988189,
  21.651784 -23.613998 0.31988189,21.651784 -23.570975 0.31988189,
  27.602854 -23.5625 0.31988189,27.604465 -23.554398 0.31988189,
  27.604466 -23.529699 0.31988189,27.617264 -23.465357 0.31988189,
  27.626716 -23.442538 0.31988189,27.628328 -23.434437 0.31988189,
  27.632916 -23.427568 0.31988189,27.642369 -23.404749 0.31988189,
  27.678815 -23.350203 0.31988189,27.69628 -23.332737 0.31988189,
  27.70087 -23.32587 0.31988189,27.707737 -23.32128 0.31988189,
  27.725203 -23.303815 0.31988189,27.779749 -23.267369 0.31988189,
  27.802569 -23.257917 0.31988189,27.809437 -23.253328 0.31988189,
  27.817539 -23.251717 0.31988189,27.840357 -23.242264 0.31988189,
  27.904699 -23.229466 0.31988189,27.929399 -23.229466 0.31988189,
  27.9375 -23.227854 0.31988189,27.9456 -23.229465 0.31988189,
  27.970301 -23.229466 0.31988189,28.034643 -23.242264 0.31988189,
  28.057462 -23.251716 0.31988189,28.065563 -23.253328 0.31988189,
  28.072431 -23.257917 0.31988189,28.095251 -23.267369 0.31988189,
  28.149797 -23.303815 0.31988189,28.167261 -23.32128 0.31988189,
  28.17413 -23.32587 0.31988189,28.178719 -23.332737 0.31988189,
  28.196185 -23.350203 0.31988189,28.232631 -23.404749 0.31988189,
  28.242083 -23.427569 0.31988189,28.246672 -23.434437 0.31988189,
  28.248285 -23.442539 0.31988189,28.257736 -23.465357 0.31988189,
  28.266815 -23.511002 0.31988189,28.270534 -23.529699 0.31988189,
  28.270534 -23.554399 0.31988189,28.272146 -23.5625 0.31988189,
  28.270534 -23.570601 0.31988189,28.270534 -23.595301 0.31988189,
  28.257736 -23.659643 0.31988189,28.248285 -23.682462 0.31988189,
  28.246672 -23.690563 0.31988189,28.242083 -23.697431 0.31988189,
  28.232631 -23.720251 0.31988189,28.196185 -23.774797 0.31988189,
  28.178719 -23.792262 0.31988189,28.17413 -23.79913 0.31988189,
  28.167261 -23.803719 0.31988189,28.149797 -23.821185 0.31988189,
  28.095251 -23.857631 0.31988189,28.072431 -23.867083 0.31988189,
  28.065563 -23.871672 0.31988189,28.057462 -23.873284 0.31988189,
  28.034643 -23.882736 0.31988189,27.970301 -23.895534 0.31988189,
  27.9456 -23.895534 0.31988189,27.9375 -23.897146 0.31988189,
  27.929399 -23.895534 0.31988189,27.904699 -23.895534 0.31988189,
  27.840357 -23.882736 0.31988189,27.817539 -23.873284 0.31988189,
  27.809437 -23.871672 0.31988189,27.802569 -23.867083 0.31988189,
  27.779749 -23.857631 0.31988189,27.725203 -23.821185 0.31988189,
  27.707737 -23.803719 0.31988189,27.70087 -23.79913 0.31988189,
  27.69628 -23.792262 0.31988189,27.678815 -23.774797 0.31988189,
  27.642369 -23.720251 0.31988189,27.632916 -23.697431 0.31988189,
  27.628328 -23.690563 0.31988189,27.626716 -23.682462 0.31988189,
  27.617264 -23.659643 0.31988189,27.604466 -23.595301 0.31988189,
  27.604465 -23.570601 0.31988189,16.763944 -13.407603 0.31988189,
  16.775418 -13.349922 0.31988189,16.797924 -13.295589 0.31988189,
  16.830597 -13.24669 0.31988189,16.872182 -13.205105 0.31988189,
  16.916822 -13.175277 0.31988189,16.917067 -13.174047 0.31988189,
  16.930074 -13.154581 0.31988189,16.949539 -13.141575 0.31988189,
  16.9725 -13.137008 0.31988189,17.80998 -13.137008 0.31988189,
  17.832941 -13.141575 0.31988189,17.852407 -13.154581 0.31988189,
  17.865413 -13.174047 0.31988189,17.86998 -13.197008 0.31988189,
  17.86998 -13.677008 0.31988189,17.865413 -13.699969 0.31988189,
  17.852407 -13.719434 0.31988189,17.832941 -13.732441 0.31988189,
  17.80998 -13.737008 0.31988189,16.9725 -13.737008 0.31988189,
  16.949539 -13.732441 0.31988189,16.930074 -13.719434 0.31988189,
  16.917067 -13.699969 0.31988189,16.916822 -13.698739 0.31988189,
  16.872182 -13.668911 0.31988189,16.830597 -13.627326 0.31988189,
  16.797924 -13.578427 0.31988189,16.775418 -13.524093 0.31988189,
  16.763944 -13.466413 0.31988189,16.763944 -14.407603 0.31988189,
  16.775418 -14.349922 0.31988189,16.797924 -14.295589 0.31988189,
  16.830597 -14.24669 0.31988189,16.872182 -14.205105 0.31988189,
  16.916822 -14.175277 0.31988189,16.917067 -14.174047 0.31988189,
  16.930074 -14.154581 0.31988189,16.949539 -14.141575 0.31988189,
  16.9725 -14.137008 0.31988189,17.80998 -14.137008 0.31988189,
  17.832941 -14.141575 0.31988189,17.852407 -14.154581 0.31988189,
  17.865413 -14.174047 0.31988189,17.86998 -14.197008 0.31988189,
  17.86998 -14.677008 0.31988189,17.865413 -14.699969 0.31988189,
  17.852407 -14.719434 0.31988189,17.832941 -14.732441 0.31988189,
  17.80998 -14.737008 0.31988189,16.9725 -14.737008 0.31988189,
  16.949539 -14.732441 0.31988189,16.930074 -14.719434 0.31988189,
  16.917067 -14.699969 0.31988189,16.916822 -14.698739 0.31988189,
  16.872182 -14.668911 0.31988189,16.830597 -14.627326 0.31988189,
  16.797924 -14.578427 0.31988189,16.775418 -14.524093 0.31988189,
  16.763944 -14.466413 0.31988189] }
 coordIndex [
  810,44,809,-1,809,44,45,-1,809,45,226,-1,226,45,46,-1,226,46,14,-1,14,46,47,-1,14,47,13,-1,13,47,48,-1,
  13,48,12,-1,12,48,49,-1,12,49,11,-1,11,49,50,-1,11,50,10,-1,10,50,51,-1,10,51,9,-1,9,51,52,-1,
  9,52,8,-1,8,52,53,-1,8,53,7,-1,7,53,54,-1,7,54,6,-1,6,54,55,-1,6,55,5,-1,5,55,56,-1,
  5,56,4,-1,4,56,57,-1,4,57,3,-1,3,57,58,-1,3,58,2,-1,2,58,59,-1,2,59,1,-1,1,59,30,-1,
  1,30,0,-1,0,30,302,-1,0,302,29,-1,29,302,60,-1,29,60,61,-1,29,61,28,-1,28,61,62,-1,28,62,27,-1,
  27,62,63,-1,27,63,26,-1,26,63,64,-1,26,64,25,-1,25,64,65,-1,25,65,24,-1,24,65,66,-1,24,66,23,-1,
  23,66,67,-1,23,67,22,-1,22,67,68,-1,22,68,21,-1,21,68,69,-1,21,69,20,-1,20,69,70,-1,20,70,19,-1,
  19,70,71,-1,19,71,18,-1,18,71,72,-1,18,72,17,-1,17,72,73,-1,17,73,16,-1,16,73,74,-1,16,74,15,-1,
  15,74,226,-1,15,226,14,-1,226,75,165,-1,165,75,76,-1,165,76,164,-1,164,76,77,-1,164,77,163,-1,163,77,78,-1,
  163,78,162,-1,162,78,79,-1,162,79,161,-1,161,79,80,-1,161,80,160,-1,160,80,81,-1,160,81,159,-1,159,81,82,-1,
  159,82,158,-1,158,82,83,-1,158,83,157,-1,157,83,84,-1,157,84,156,-1,156,84,85,-1,156,85,155,-1,155,85,86,-1,
  155,86,154,-1,154,86,87,-1,154,87,153,-1,153,87,88,-1,153,88,152,-1,152,88,89,-1,152,89,151,-1,151,89,302,-1,
  151,302,150,-1,150,302,181,-1,150,181,182,-1,150,182,179,-1,179,182,183,-1,179,183,178,-1,178,183,184,-1,178,184,177,-1,
  177,184,185,-1,177,185,176,-1,176,185,186,-1,176,186,175,-1,175,186,187,-1,175,187,174,-1,174,187,188,-1,174,188,173,-1,
  173,188,189,-1,173,189,172,-1,172,189,190,-1,172,190,171,-1,171,190,191,-1,171,191,170,-1,170,191,192,-1,170,192,169,-1,
  169,192,193,-1,169,193,168,-1,168,193,194,-1,168,194,167,-1,167,194,195,-1,167,195,166,-1,166,195,226,-1,166,226,165,-1,
  226,196,318,-1,318,196,197,-1,318,197,317,-1,317,197,198,-1,317,198,316,-1,316,198,199,-1,316,199,315,-1,315,199,200,-1,
  315,200,314,-1,314,200,201,-1,314,201,313,-1,313,201,202,-1,313,202,312,-1,312,202,203,-1,312,203,311,-1,311,203,204,-1,
  311,204,310,-1,310,204,205,-1,310,205,309,-1,309,205,206,-1,309,206,308,-1,308,206,207,-1,308,207,307,-1,307,207,208,-1,
  307,208,306,-1,306,208,209,-1,306,209,305,-1,305,209,180,-1,305,180,304,-1,304,180,302,-1,304,302,303,-1,303,302,211,-1,
  303,211,212,-1,303,212,332,-1,332,212,213,-1,332,213,331,-1,331,213,214,-1,331,214,330,-1,330,214,215,-1,330,215,329,-1,
  329,215,216,-1,329,216,328,-1,328,216,217,-1,328,217,327,-1,327,217,218,-1,327,218,326,-1,326,218,219,-1,326,219,325,-1,
  325,219,220,-1,325,220,324,-1,324,220,221,-1,324,221,323,-1,323,221,222,-1,323,222,322,-1,322,222,223,-1,322,223,321,-1,
  321,223,224,-1,321,224,320,-1,320,224,225,-1,320,225,319,-1,319,225,226,-1,319,226,318,-1,993,994,247,-1,247,994,240,-1,
  247,240,298,-1,298,240,241,-1,298,241,300,-1,300,241,242,-1,300,242,299,-1,299,242,243,-1,299,243,302,-1,302,243,210,-1,
  302,210,211,-1,247,295,246,-1,246,295,296,-1,246,296,245,-1,245,296,294,-1,245,294,244,-1,244,294,251,-1,244,251,992,-1,
  992,251,248,-1,992,248,282,-1,282,248,290,-1,282,290,286,-1,1068,1069,807,-1,807,1069,1070,-1,807,1070,293,-1,293,1070,290,-1,
  293,290,292,-1,292,290,249,-1,292,249,250,-1,291,292,250,-1,291,250,251,-1,291,251,294,-1,282,286,285,-1,285,286,287,-1,
  285,287,284,-1,284,287,1074,-1,284,1074,1075,-1,283,284,1075,-1,283,1075,1077,-1,283,1077,1079,-1,283,1079,1080,-1,283,1080,1082,-1,
  283,1082,272,-1,283,272,273,-1,283,273,274,-1,283,274,275,-1,283,275,276,-1,283,276,277,-1,283,277,278,-1,283,278,279,-1,
  283,279,280,-1,283,280,281,-1,283,281,252,-1,283,252,282,-1,1083,1084,1082,-1,1082,1084,136,-1,1082,136,267,-1,267,136,137,-1,
  267,137,266,-1,266,137,138,-1,266,138,265,-1,265,138,139,-1,265,139,264,-1,264,139,140,-1,264,140,263,-1,263,140,141,-1,
  263,141,262,-1,262,141,142,-1,262,142,261,-1,261,142,143,-1,261,143,260,-1,260,143,144,-1,260,144,259,-1,259,144,145,-1,
  259,145,258,-1,258,145,146,-1,258,146,257,-1,257,146,147,-1,257,147,256,-1,256,147,148,-1,256,148,255,-1,255,148,149,-1,
  255,149,254,-1,254,149,120,-1,254,120,253,-1,253,120,992,-1,253,992,252,-1,252,992,282,-1,992,121,90,-1,90,121,122,-1,
  90,122,119,-1,119,122,123,-1,119,123,118,-1,118,123,124,-1,118,124,117,-1,117,124,125,-1,117,125,116,-1,116,125,126,-1,
  116,126,115,-1,115,126,127,-1,115,127,114,-1,114,127,128,-1,114,128,113,-1,113,128,129,-1,113,129,112,-1,112,129,130,-1,
  112,130,111,-1,111,130,131,-1,111,131,110,-1,110,131,132,-1,110,132,109,-1,109,132,133,-1,109,133,108,-1,108,133,134,-1,
  108,134,107,-1,107,134,135,-1,107,135,106,-1,106,135,1084,-1,106,1084,105,-1,105,1084,840,-1,105,840,841,-1,105,841,104,-1,
  104,841,842,-1,104,842,103,-1,103,842,843,-1,103,843,102,-1,102,843,844,-1,102,844,101,-1,101,844,845,-1,101,845,100,-1,
  100,845,846,-1,100,846,99,-1,99,846,847,-1,99,847,98,-1,98,847,848,-1,98,848,97,-1,97,848,849,-1,97,849,96,-1,
  96,849,850,-1,96,850,95,-1,95,850,851,-1,95,851,94,-1,94,851,852,-1,94,852,93,-1,93,852,853,-1,93,853,92,-1,
  92,853,854,-1,92,854,91,-1,91,854,992,-1,91,992,90,-1,992,825,1822,-1,1822,825,826,-1,1822,826,1821,-1,1821,826,827,-1,
  1821,827,1820,-1,1820,827,828,-1,1820,828,1819,-1,1819,828,829,-1,1819,829,1818,-1,1818,829,830,-1,1818,830,1817,-1,1817,830,831,-1,
  1817,831,1816,-1,1816,831,832,-1,1816,832,1815,-1,1815,832,833,-1,1815,833,1814,-1,1814,833,834,-1,1814,834,1813,-1,1813,834,835,-1,
  1813,835,1812,-1,1812,835,836,-1,1812,836,1811,-1,1811,836,837,-1,1811,837,1810,-1,1810,837,838,-1,1810,838,1809,-1,1809,838,839,-1,
  1809,839,1808,-1,1808,839,1084,-1,1808,1084,1807,-1,1807,1084,1778,-1,1807,1778,1779,-1,1807,1779,1806,-1,1806,1779,1780,-1,1806,1780,1805,-1,
  1805,1780,1781,-1,1805,1781,1804,-1,1804,1781,1782,-1,1804,1782,1803,-1,1803,1782,1783,-1,1803,1783,1802,-1,1802,1783,1784,-1,1802,1784,1801,-1,
  1801,1784,1785,-1,1801,1785,1800,-1,1800,1785,1786,-1,1800,1786,1799,-1,1799,1786,1787,-1,1799,1787,1798,-1,1798,1787,1788,-1,1798,1788,1797,-1,
  1797,1788,1789,-1,1797,1789,1796,-1,1796,1789,1790,-1,1796,1790,1795,-1,1795,1790,1791,-1,1795,1791,1794,-1,1794,1791,1792,-1,1794,1792,1793,-1,
  1793,1792,992,-1,1793,992,1822,-1,992,1763,991,-1,991,1763,1764,-1,991,1764,990,-1,990,1764,1765,-1,990,1765,989,-1,989,1765,1766,-1,
  989,1766,988,-1,988,1766,1767,-1,988,1767,987,-1,987,1767,1768,-1,987,1768,986,-1,986,1768,1769,-1,986,1769,985,-1,985,1769,1770,-1,
  985,1770,984,-1,984,1770,1771,-1,984,1771,983,-1,983,1771,1772,-1,983,1772,982,-1,982,1772,1773,-1,982,1773,981,-1,981,1773,1774,-1,
  981,1774,980,-1,980,1774,1775,-1,980,1775,979,-1,979,1775,1776,-1,979,1776,978,-1,978,1776,1777,-1,978,1777,977,-1,977,1777,1084,-1,
  977,1084,1085,-1,800,801,716,-1,800,716,718,-1,800,718,719,-1,800,719,623,-1,800,623,625,-1,800,625,799,-1,801,802,711,-1,
  801,711,712,-1,801,712,713,-1,801,713,714,-1,801,714,715,-1,801,715,716,-1,711,802,710,-1,710,802,803,-1,710,803,709,-1,
  709,803,804,-1,709,804,805,-1,708,709,805,-1,708,805,806,-1,708,806,767,-1,708,767,707,-1,767,476,707,-1,707,476,477,-1,
  707,477,706,-1,706,477,478,-1,706,478,705,-1,705,478,479,-1,705,479,704,-1,704,479,480,-1,704,480,703,-1,703,480,481,-1,
  703,481,702,-1,702,481,482,-1,702,482,701,-1,701,482,483,-1,701,483,700,-1,700,483,484,-1,700,484,699,-1,699,484,485,-1,
  699,485,698,-1,698,485,486,-1,698,486,697,-1,697,486,487,-1,697,487,696,-1,696,487,488,-1,696,488,695,-1,695,488,489,-1,
  695,489,694,-1,694,489,490,-1,694,490,693,-1,693,490,491,-1,693,491,692,-1,692,491,492,-1,692,492,691,-1,691,492,493,-1,
  691,493,690,-1,690,493,494,-1,690,494,689,-1,689,494,495,-1,689,495,688,-1,688,495,496,-1,688,496,687,-1,687,496,497,-1,
  687,497,686,-1,686,497,498,-1,686,498,685,-1,685,498,499,-1,685,499,684,-1,684,499,500,-1,684,500,683,-1,683,500,501,-1,
  683,501,682,-1,682,501,502,-1,682,502,681,-1,681,502,503,-1,681,503,680,-1,680,503,504,-1,680,504,679,-1,679,504,505,-1,
  679,505,678,-1,678,505,506,-1,678,506,677,-1,677,506,507,-1,677,507,676,-1,676,507,508,-1,676,508,675,-1,675,508,509,-1,
  675,509,674,-1,674,509,510,-1,674,510,673,-1,673,510,511,-1,673,511,672,-1,672,511,512,-1,672,512,671,-1,671,512,513,-1,
  671,513,670,-1,670,513,630,-1,670,630,765,-1,765,630,631,-1,765,631,1098,-1,1098,631,632,-1,1098,632,1097,-1,1097,632,633,-1,
  1097,633,1096,-1,1096,633,634,-1,1096,634,1095,-1,1095,634,635,-1,1095,635,1094,-1,1094,635,636,-1,1094,636,1093,-1,1093,636,637,-1,
  1093,637,1092,-1,1092,637,638,-1,1092,638,1091,-1,1091,638,639,-1,1091,639,1090,-1,1090,639,640,-1,1090,640,1089,-1,1089,640,641,-1,
  1089,641,1088,-1,1088,641,642,-1,1088,642,1087,-1,1087,642,1127,-1,1087,1127,1126,-1,1126,1127,1129,-1,1126,1129,1130,-1,334,335,333,-1,
  333,335,433,-1,333,433,550,-1,550,433,434,-1,550,434,787,-1,787,434,435,-1,787,435,786,-1,786,435,436,-1,786,436,785,-1,
  785,436,437,-1,785,437,784,-1,784,437,438,-1,784,438,783,-1,783,438,439,-1,783,439,782,-1,782,439,440,-1,782,440,781,-1,
  781,440,441,-1,781,441,780,-1,780,441,442,-1,780,442,779,-1,779,442,443,-1,779,443,778,-1,778,443,444,-1,778,444,777,-1,
  777,444,445,-1,777,445,776,-1,776,445,446,-1,776,446,775,-1,775,446,465,-1,775,465,466,-1,460,461,447,-1,447,461,462,-1,
  447,462,446,-1,446,462,464,-1,446,464,465,-1,447,448,457,-1,447,457,458,-1,447,458,459,-1,447,459,460,-1,457,448,456,-1,
  456,448,449,-1,456,449,455,-1,455,449,450,-1,455,450,451,-1,454,455,451,-1,454,451,452,-1,454,452,413,-1,454,413,453,-1,
  590,591,592,-1,590,592,807,-1,590,807,373,-1,590,373,375,-1,590,375,588,-1,590,588,589,-1,333,551,412,-1,412,551,552,-1,
  412,552,411,-1,411,552,553,-1,411,553,410,-1,410,553,554,-1,410,554,409,-1,409,554,555,-1,409,555,408,-1,408,555,556,-1,
  408,556,407,-1,407,556,557,-1,407,557,406,-1,406,557,558,-1,406,558,405,-1,405,558,559,-1,405,559,404,-1,404,559,560,-1,
  404,560,403,-1,403,560,561,-1,403,561,402,-1,402,561,562,-1,402,562,401,-1,401,562,563,-1,401,563,400,-1,400,563,564,-1,
  400,564,399,-1,399,564,565,-1,399,565,398,-1,398,565,566,-1,398,566,397,-1,397,566,567,-1,397,567,396,-1,396,567,568,-1,
  396,568,395,-1,395,568,569,-1,395,569,394,-1,394,569,570,-1,394,570,393,-1,393,570,571,-1,393,571,392,-1,392,571,572,-1,
  392,572,391,-1,391,572,573,-1,391,573,390,-1,390,573,574,-1,390,574,389,-1,389,574,575,-1,389,575,388,-1,388,575,576,-1,
  388,576,387,-1,387,576,577,-1,387,577,386,-1,386,577,578,-1,386,578,385,-1,385,578,579,-1,385,579,384,-1,384,579,580,-1,
  384,580,383,-1,383,580,581,-1,383,581,382,-1,382,581,582,-1,382,582,381,-1,381,582,583,-1,381,583,380,-1,380,583,584,-1,
  380,584,379,-1,379,584,585,-1,379,585,378,-1,378,585,586,-1,378,586,377,-1,377,586,587,-1,377,587,376,-1,376,587,588,-1,
  376,588,375,-1,808,809,230,-1,808,230,231,-1,808,231,232,-1,808,232,233,-1,808,233,234,-1,808,234,235,-1,808,235,236,-1,
  808,236,237,-1,808,237,238,-1,808,238,239,-1,808,239,210,-1,808,210,1001,-1,808,1001,1002,-1,808,1002,1003,-1,808,1003,1004,-1,
  808,1004,1005,-1,808,1005,976,-1,808,976,1317,-1,808,1317,1318,-1,808,1318,1319,-1,808,1319,1320,-1,808,1320,1321,-1,808,1321,1322,-1,
  808,1322,1323,-1,808,1323,1324,-1,808,1324,1325,-1,808,1325,1326,-1,808,1326,1327,-1,808,1327,1288,-1,808,1288,1223,-1,808,1223,1224,-1,
  808,1224,1225,-1,808,1225,1226,-1,808,1226,1227,-1,808,1227,1228,-1,808,1228,1229,-1,808,1229,1230,-1,808,1230,1231,-1,808,1231,1232,-1,
  808,1232,1233,-1,808,1233,1234,-1,808,1234,1235,-1,808,1235,1236,-1,808,1236,1237,-1,808,1237,1238,-1,808,1238,1239,-1,808,1239,1240,-1,
  808,1240,1241,-1,808,1241,1242,-1,808,1242,1243,-1,808,1243,1244,-1,808,1244,1245,-1,808,1245,1246,-1,808,1246,1248,-1,808,1248,657,-1,
  808,657,658,-1,808,658,659,-1,808,659,660,-1,808,660,661,-1,808,661,662,-1,808,662,663,-1,808,663,664,-1,808,664,665,-1,
  808,665,666,-1,808,666,667,-1,808,667,420,-1,808,420,421,-1,808,421,422,-1,808,422,423,-1,808,423,424,-1,808,424,425,-1,
  808,425,426,-1,808,426,427,-1,808,427,428,-1,808,428,429,-1,808,429,430,-1,808,430,431,-1,808,431,432,-1,808,432,433,-1,
  808,433,340,-1,808,340,341,-1,808,341,342,-1,808,342,343,-1,808,343,344,-1,808,344,345,-1,808,345,346,-1,808,346,347,-1,
  808,347,348,-1,808,348,349,-1,808,349,350,-1,808,350,351,-1,808,351,352,-1,808,352,353,-1,808,353,354,-1,808,354,355,-1,
  808,355,356,-1,808,356,357,-1,808,357,358,-1,808,358,359,-1,808,359,360,-1,808,360,361,-1,808,361,362,-1,808,362,363,-1,
  808,363,364,-1,808,364,365,-1,808,365,366,-1,808,366,367,-1,808,367,368,-1,808,368,369,-1,808,369,370,-1,808,370,371,-1,
  808,371,373,-1,808,373,807,-1,338,339,340,-1,338,340,433,-1,338,433,336,-1,338,336,337,-1,414,415,545,-1,414,545,546,-1,
  414,546,547,-1,414,547,548,-1,414,548,549,-1,414,549,453,-1,414,453,413,-1,415,416,539,-1,415,539,540,-1,415,540,541,-1,
  415,541,542,-1,415,542,543,-1,415,543,544,-1,415,544,545,-1,416,417,534,-1,416,534,535,-1,416,535,536,-1,416,536,537,-1,
  416,537,538,-1,416,538,539,-1,417,418,630,-1,417,630,522,-1,417,522,523,-1,417,523,525,-1,417,525,526,-1,417,526,527,-1,
  417,527,528,-1,417,528,529,-1,417,529,530,-1,417,530,531,-1,417,531,532,-1,417,532,533,-1,417,533,534,-1,519,520,521,-1,
  519,521,630,-1,519,630,517,-1,519,517,518,-1,515,516,630,-1,515,630,513,-1,515,513,514,-1,668,669,420,-1,420,669,630,-1,
  420,630,419,-1,419,630,418,-1,651,652,1184,-1,651,1184,1185,-1,651,1185,1186,-1,651,1186,1187,-1,651,1187,1188,-1,651,1188,1189,-1,
  651,1189,650,-1,652,653,1179,-1,652,1179,1180,-1,652,1180,1181,-1,652,1181,1182,-1,652,1182,1183,-1,652,1183,1184,-1,653,654,1248,-1,
  653,1248,1172,-1,653,1172,1173,-1,653,1173,1174,-1,653,1174,1175,-1,653,1175,1176,-1,653,1176,1177,-1,653,1177,1178,-1,653,1178,1179,-1,
  1171,1172,1170,-1,1170,1172,1248,-1,1170,1248,1169,-1,1169,1248,1167,-1,1169,1167,1168,-1,1760,1761,1248,-1,1248,1761,1682,-1,1248,1682,1167,-1,
  1167,1682,1683,-1,1167,1683,1166,-1,1166,1683,1684,-1,1166,1684,1165,-1,1165,1684,1685,-1,1165,1685,1164,-1,1164,1685,1686,-1,1164,1686,1163,-1,
  1163,1686,1687,-1,1163,1687,1162,-1,1162,1687,1688,-1,1162,1688,1161,-1,1161,1688,1689,-1,1161,1689,1160,-1,1160,1689,1690,-1,1160,1690,1159,-1,
  1159,1690,1691,-1,1159,1691,1158,-1,1158,1691,1692,-1,1158,1692,1157,-1,1157,1692,1693,-1,1157,1693,1156,-1,1156,1693,1694,-1,1156,1694,1155,-1,
  1155,1694,1695,-1,1155,1695,1154,-1,1154,1695,1696,-1,1154,1696,1153,-1,1153,1696,1697,-1,1153,1697,1152,-1,1152,1697,1698,-1,1152,1698,1151,-1,
  1151,1698,1699,-1,1151,1699,1150,-1,1150,1699,1700,-1,1150,1700,1149,-1,1149,1700,1701,-1,1149,1701,1148,-1,1148,1701,1702,-1,1148,1702,1147,-1,
  1147,1702,1703,-1,1147,1703,1146,-1,1146,1703,1704,-1,1146,1704,1145,-1,1145,1704,1118,-1,1145,1118,1119,-1,1248,654,655,-1,1248,655,656,-1,
  1248,656,657,-1,1222,1223,1221,-1,1221,1223,1288,-1,1221,1288,1220,-1,1220,1288,1218,-1,1220,1218,1219,-1,1217,1218,1216,-1,1216,1218,1288,-1,
  1216,1288,1215,-1,1215,1288,1213,-1,1215,1213,1214,-1,1212,1213,1211,-1,1211,1213,1288,-1,1211,1288,1210,-1,1210,1288,1208,-1,1210,1208,1209,-1,
  1759,1760,1758,-1,1758,1760,1248,-1,1758,1248,1368,-1,1368,1248,1250,-1,1368,1250,1366,-1,1366,1250,1251,-1,1366,1251,1365,-1,1365,1251,1252,-1,
  1365,1252,1364,-1,1364,1252,1253,-1,1364,1253,1363,-1,1363,1253,1254,-1,1363,1254,1362,-1,1362,1254,1255,-1,1362,1255,1361,-1,1361,1255,1256,-1,
  1361,1256,1360,-1,1360,1256,1257,-1,1360,1257,1359,-1,1359,1257,1258,-1,1359,1258,1358,-1,1358,1258,1259,-1,1358,1259,1357,-1,1357,1259,1260,-1,
  1357,1260,1356,-1,1356,1260,1261,-1,1356,1261,1355,-1,1355,1261,1262,-1,1355,1262,1354,-1,1354,1262,1263,-1,1354,1263,1353,-1,1353,1263,1264,-1,
  1353,1264,1352,-1,1352,1264,1265,-1,1352,1265,1351,-1,1351,1265,1266,-1,1351,1266,1350,-1,1350,1266,1267,-1,1350,1267,1349,-1,1349,1267,1268,-1,
  1349,1268,1348,-1,1348,1268,1269,-1,1348,1269,1347,-1,1347,1269,1270,-1,1347,1270,1346,-1,1346,1270,1271,-1,1346,1271,1345,-1,1345,1271,1272,-1,
  1345,1272,1344,-1,1344,1272,1273,-1,1344,1273,1343,-1,1343,1273,1274,-1,1343,1274,1342,-1,1342,1274,1275,-1,1342,1275,1341,-1,1341,1275,1276,-1,
  1341,1276,1340,-1,1340,1276,1277,-1,1340,1277,1339,-1,1339,1277,1278,-1,1339,1278,1338,-1,1338,1278,1279,-1,1338,1279,1337,-1,1337,1279,1280,-1,
  1337,1280,1336,-1,1336,1280,1281,-1,1336,1281,1335,-1,1335,1281,1282,-1,1335,1282,1334,-1,1334,1282,1283,-1,1334,1283,1333,-1,1333,1283,1284,-1,
  1333,1284,1332,-1,1332,1284,1285,-1,1332,1285,1331,-1,1331,1285,1286,-1,1331,1286,1330,-1,1330,1286,1287,-1,1330,1287,1329,-1,1329,1287,1208,-1,
  1329,1208,1328,-1,1328,1208,1288,-1,1328,1288,1289,-1,1309,1310,1480,-1,1309,1480,1481,-1,1309,1481,1482,-1,1309,1482,1483,-1,1309,1483,1484,-1,
  1309,1484,1485,-1,1309,1485,1308,-1,1310,1311,1474,-1,1310,1474,1475,-1,1310,1475,1476,-1,1310,1476,1477,-1,1310,1477,1478,-1,1310,1478,1479,-1,
  1310,1479,1480,-1,1311,1312,1469,-1,1311,1469,1470,-1,1311,1470,1471,-1,1311,1471,1472,-1,1311,1472,1473,-1,1311,1473,1474,-1,1312,1313,1545,-1,
  1312,1545,1457,-1,1312,1457,1458,-1,1312,1458,1460,-1,1312,1460,1461,-1,1312,1461,1462,-1,1312,1462,1463,-1,1312,1463,1464,-1,1312,1464,1465,-1,
  1312,1465,1466,-1,1312,1466,1467,-1,1312,1467,1468,-1,1312,1468,1469,-1,1454,1455,1456,-1,1454,1456,1545,-1,1454,1545,1452,-1,1454,1452,1453,-1,
  1448,1449,1450,-1,1448,1450,1545,-1,1448,1545,1585,-1,1448,1585,1586,-1,1448,1586,1544,-1,1451,1452,1545,-1,1451,1545,1450,-1,1583,1584,1315,-1,
  1315,1584,1545,-1,1315,1545,1314,-1,1314,1545,1313,-1,1315,1316,1579,-1,1315,1579,1580,-1,1315,1580,1581,-1,1315,1581,1582,-1,1315,1582,1583,-1,
  1316,1317,976,-1,1316,976,1573,-1,1316,1573,1574,-1,1316,1574,1575,-1,1316,1575,1576,-1,1316,1576,1577,-1,1316,1577,1578,-1,1316,1578,1579,-1,
  1566,1567,912,-1,1566,912,913,-1,1566,913,914,-1,1566,914,915,-1,1566,915,916,-1,1566,916,917,-1,1566,917,1565,-1,1567,1568,907,-1,
  1567,907,908,-1,1567,908,909,-1,1567,909,910,-1,1567,910,911,-1,1567,911,912,-1,1568,1569,976,-1,1568,976,900,-1,1568,900,901,-1,
  1568,901,902,-1,1568,902,903,-1,1568,903,904,-1,1568,904,905,-1,1568,905,906,-1,1568,906,907,-1,899,900,898,-1,898,900,976,-1,
  898,976,897,-1,897,976,895,-1,897,895,896,-1,977,1085,976,-1,976,1085,1006,-1,976,1006,895,-1,895,1006,1007,-1,895,1007,975,-1,
  975,1007,1008,-1,975,1008,974,-1,974,1008,1009,-1,974,1009,973,-1,973,1009,1010,-1,973,1010,972,-1,972,1010,1011,-1,972,1011,971,-1,
  971,1011,1012,-1,971,1012,970,-1,970,1012,1013,-1,970,1013,969,-1,969,1013,1014,-1,969,1014,968,-1,968,1014,1015,-1,968,1015,967,-1,
  967,1015,1016,-1,967,1016,966,-1,966,1016,1017,-1,966,1017,965,-1,965,1017,1018,-1,965,1018,964,-1,964,1018,1019,-1,964,1019,963,-1,
  963,1019,1020,-1,963,1020,962,-1,962,1020,1021,-1,962,1021,961,-1,961,1021,1022,-1,961,1022,960,-1,960,1022,1023,-1,960,1023,959,-1,
  959,1023,1024,-1,959,1024,958,-1,958,1024,1025,-1,958,1025,957,-1,957,1025,1026,-1,957,1026,956,-1,956,1026,1027,-1,956,1027,955,-1,
  955,1027,1028,-1,955,1028,954,-1,954,1028,863,-1,954,863,864,-1,976,1569,1570,-1,976,1570,1571,-1,976,1571,1572,-1,976,1572,1573,-1,
  997,998,996,-1,996,998,999,-1,996,999,210,-1,210,999,1000,-1,210,1000,1001,-1,993,247,244,-1,993,244,992,-1,994,995,210,-1,
  994,210,243,-1,994,243,240,-1,809,226,227,-1,809,227,228,-1,809,228,229,-1,809,229,230,-1,807,592,593,-1,807,593,594,-1,
  807,594,595,-1,807,595,596,-1,807,596,597,-1,807,597,598,-1,807,598,599,-1,807,599,600,-1,807,600,601,-1,807,601,602,-1,
  807,602,603,-1,807,603,604,-1,807,604,605,-1,807,605,606,-1,807,606,607,-1,807,607,608,-1,807,608,609,-1,807,609,610,-1,
  807,610,611,-1,807,611,612,-1,807,612,613,-1,807,613,614,-1,807,614,615,-1,807,615,616,-1,807,616,617,-1,807,617,618,-1,
  807,618,619,-1,807,619,620,-1,807,620,622,-1,807,622,719,-1,807,719,720,-1,807,720,721,-1,807,721,722,-1,807,722,723,-1,
  807,723,724,-1,807,724,725,-1,807,725,726,-1,807,726,727,-1,807,727,728,-1,807,728,729,-1,807,729,730,-1,807,730,731,-1,
  807,731,732,-1,807,732,733,-1,807,733,734,-1,807,734,735,-1,807,735,736,-1,807,736,737,-1,807,737,738,-1,807,738,739,-1,
  807,739,740,-1,807,740,741,-1,807,741,742,-1,807,742,743,-1,807,743,744,-1,807,744,745,-1,807,745,746,-1,807,746,747,-1,
  807,747,748,-1,807,748,749,-1,807,749,750,-1,807,750,751,-1,807,751,752,-1,807,752,1723,-1,807,1723,1725,-1,807,1725,1726,-1,
  807,1726,1727,-1,807,1727,1728,-1,807,1728,1729,-1,807,1729,1730,-1,807,1730,1731,-1,807,1731,1732,-1,807,1732,1733,-1,807,1733,1734,-1,
  807,1734,1735,-1,807,1735,1736,-1,807,1736,1737,-1,807,1737,1738,-1,807,1738,1739,-1,807,1739,1740,-1,807,1740,1741,-1,807,1741,1742,-1,
  807,1742,1743,-1,807,1743,1744,-1,807,1744,1745,-1,807,1745,1746,-1,807,1746,1747,-1,807,1747,1748,-1,807,1748,1750,-1,807,1750,1368,-1,
  807,1368,1370,-1,807,1370,1371,-1,807,1371,1372,-1,807,1372,1373,-1,807,1373,1374,-1,807,1374,1375,-1,807,1375,1376,-1,807,1376,1377,-1,
  807,1377,1378,-1,807,1378,1379,-1,807,1379,1380,-1,807,1380,1381,-1,807,1381,1382,-1,807,1382,1383,-1,807,1383,1384,-1,807,1384,1385,-1,
  807,1385,1386,-1,807,1386,1387,-1,807,1387,1388,-1,807,1388,1389,-1,807,1389,1390,-1,807,1390,1391,-1,807,1391,1393,-1,807,1393,1634,-1,
  807,1634,1635,-1,807,1635,1636,-1,807,1636,1637,-1,807,1637,1638,-1,807,1638,1639,-1,807,1639,1640,-1,807,1640,1641,-1,807,1641,1642,-1,
  807,1642,1643,-1,807,1643,1644,-1,807,1644,1645,-1,807,1645,1646,-1,807,1646,1647,-1,807,1647,1648,-1,807,1648,1649,-1,807,1649,1650,-1,
  807,1650,1651,-1,807,1651,1652,-1,807,1652,1653,-1,807,1653,1654,-1,807,1654,1655,-1,807,1655,1656,-1,807,1656,1657,-1,807,1657,1658,-1,
  807,1658,1659,-1,807,1659,1660,-1,807,1660,1661,-1,807,1661,1662,-1,807,1662,1060,-1,807,1060,1061,-1,807,1061,1062,-1,807,1062,1063,-1,
  807,1063,1064,-1,807,1064,1065,-1,807,1065,1066,-1,807,1066,1067,-1,807,1067,1068,-1,627,628,793,-1,627,793,794,-1,627,794,795,-1,
  627,795,796,-1,627,796,797,-1,627,797,625,-1,627,625,626,-1,628,629,550,-1,628,550,787,-1,628,787,788,-1,628,788,789,-1,
  628,789,790,-1,628,790,791,-1,628,791,792,-1,628,792,793,-1,798,799,625,-1,798,625,797,-1,1109,1110,757,-1,757,1110,1723,-1,
  757,1723,755,-1,755,1723,753,-1,755,753,754,-1,761,762,763,-1,761,763,1103,-1,761,1103,1104,-1,761,1104,759,-1,761,759,760,-1,
  764,765,1098,-1,764,1098,1099,-1,764,1099,1100,-1,764,1100,763,-1,763,1100,1101,-1,763,1101,1102,-1,763,1102,1103,-1,1105,1106,758,-1,
  1105,758,759,-1,1105,759,1104,-1,1109,757,1108,-1,1108,757,758,-1,1108,758,1107,-1,1107,758,1106,-1,1753,1754,1755,-1,1753,1755,1368,-1,
  1753,1368,1751,-1,1753,1751,1752,-1,1756,1757,1758,-1,1756,1758,1368,-1,1756,1368,1755,-1,1397,1398,1396,-1,1396,1398,1634,-1,1396,1634,1395,-1,
  1395,1634,1393,-1,1395,1393,1394,-1,1439,1440,1403,-1,1403,1440,1441,-1,1403,1441,1401,-1,1401,1441,1634,-1,1401,1634,1400,-1,1400,1634,1398,-1,
  1400,1398,1399,-1,1405,1406,1434,-1,1405,1434,1435,-1,1405,1435,1436,-1,1405,1436,1437,-1,1405,1437,1438,-1,1405,1438,1403,-1,1405,1403,1404,-1,
  1406,1407,1328,-1,1406,1328,1428,-1,1406,1428,1429,-1,1406,1429,1430,-1,1406,1430,1431,-1,1406,1431,1432,-1,1406,1432,1433,-1,1406,1433,1434,-1,
  1328,1289,1428,-1,1428,1289,1290,-1,1428,1290,1427,-1,1427,1290,1291,-1,1427,1291,1426,-1,1426,1291,1292,-1,1426,1292,1425,-1,1425,1292,1293,-1,
  1425,1293,1424,-1,1424,1293,1294,-1,1424,1294,1423,-1,1423,1294,1295,-1,1423,1295,1422,-1,1422,1295,1296,-1,1422,1296,1421,-1,1421,1296,1297,-1,
  1421,1297,1420,-1,1420,1297,1298,-1,1420,1298,1419,-1,1419,1298,1299,-1,1419,1299,1418,-1,1418,1299,1300,-1,1418,1300,1417,-1,1417,1300,1301,-1,
  1417,1301,1416,-1,1416,1301,1497,-1,1416,1497,1498,-1,1664,1665,1666,-1,1664,1666,1051,-1,1664,1051,1052,-1,1664,1052,1053,-1,1664,1053,1054,-1,
  1664,1054,1055,-1,1664,1055,1662,-1,1664,1662,1663,-1,894,855,1672,-1,1672,855,1047,-1,1672,1047,1670,-1,1670,1047,1668,-1,1670,1668,1669,-1,
  1676,1677,1678,-1,1676,1678,888,-1,1676,888,889,-1,1676,889,1674,-1,1676,1674,1675,-1,1680,1681,1585,-1,1680,1585,1545,-1,1680,1545,1546,-1,
  1680,1546,883,-1,1680,883,1679,-1,883,884,1679,-1,1679,884,885,-1,1679,885,1678,-1,1678,885,886,-1,1678,886,887,-1,890,891,1673,-1,
  890,1673,1674,-1,890,1674,889,-1,894,1672,893,-1,893,1672,1673,-1,893,1673,892,-1,892,1673,891,-1,1047,1048,1049,-1,1047,1049,1666,-1,
  1047,1666,1667,-1,1047,1667,1668,-1,1050,1051,1666,-1,1050,1666,1049,-1,1662,1055,1056,-1,1662,1056,1057,-1,1662,1057,1058,-1,1662,1058,1059,-1,
  1662,1059,1060,-1,1072,1073,1074,-1,1072,1074,288,-1,1072,288,289,-1,1072,289,290,-1,1072,290,1070,-1,1072,1070,1071,-1,1082,267,268,-1,
  1082,268,269,-1,1082,269,270,-1,1082,270,271,-1,1082,271,272,-1,807,293,294,-1,807,294,296,-1,807,296,297,-1,807,297,298,-1,
  807,298,301,-1,807,301,302,-1,807,302,821,-1,807,821,822,-1,807,822,823,-1,807,823,824,-1,302,30,31,-1,302,31,32,-1,
  302,32,33,-1,302,33,34,-1,302,34,35,-1,302,35,36,-1,302,36,37,-1,302,37,38,-1,302,38,39,-1,302,39,40,-1,
  302,40,41,-1,302,41,42,-1,302,42,43,-1,302,43,44,-1,302,44,811,-1,302,811,812,-1,302,812,813,-1,302,813,814,-1,
  302,814,815,-1,302,815,816,-1,302,816,817,-1,302,817,818,-1,302,818,819,-1,302,819,820,-1,302,820,821,-1,467,468,774,-1,
  467,774,775,-1,467,775,466,-1,774,468,469,-1,774,469,470,-1,774,470,471,-1,774,471,472,-1,774,472,773,-1,770,771,474,-1,
  474,771,772,-1,474,772,473,-1,473,772,773,-1,473,773,472,-1,475,476,768,-1,475,768,769,-1,475,769,770,-1,475,770,474,-1,
  856,857,1039,-1,856,1039,1040,-1,856,1040,1041,-1,856,1041,1042,-1,856,1042,1043,-1,856,1043,1044,-1,856,1044,1045,-1,856,1045,1047,-1,
  856,1047,855,-1,857,858,1035,-1,857,1035,1036,-1,857,1036,1037,-1,857,1037,1038,-1,857,1038,1039,-1,1032,1033,859,-1,859,1033,1034,-1,
  859,1034,858,-1,858,1034,1035,-1,860,861,1030,-1,860,1030,1031,-1,860,1031,1032,-1,860,1032,859,-1,1029,1030,861,-1,1029,861,862,-1,
  1029,862,863,-1,1029,863,1028,-1,1558,1559,928,-1,1558,928,929,-1,1558,929,930,-1,1558,930,931,-1,1558,931,932,-1,1558,932,933,-1,
  1558,933,934,-1,1558,934,936,-1,1558,936,1557,-1,1559,1560,924,-1,1559,924,925,-1,1559,925,926,-1,1559,926,927,-1,1559,927,928,-1,
  921,922,1561,-1,1561,922,923,-1,1561,923,1560,-1,1560,923,924,-1,1562,1563,919,-1,1562,919,920,-1,1562,920,921,-1,1562,921,1561,-1,
  918,919,1563,-1,918,1563,1564,-1,918,1564,1565,-1,918,1565,917,-1,938,871,936,-1,936,871,872,-1,936,872,1557,-1,1557,872,873,-1,
  1557,873,1556,-1,1556,873,874,-1,1556,874,1555,-1,1555,874,875,-1,1555,875,1554,-1,1554,875,876,-1,1554,876,1553,-1,1553,876,877,-1,
  1553,877,1552,-1,1552,877,878,-1,1552,878,1551,-1,1551,878,879,-1,1551,879,1550,-1,1550,879,880,-1,1550,880,1549,-1,1549,880,881,-1,
  1549,881,1548,-1,1548,881,882,-1,1548,882,1547,-1,1547,882,883,-1,1547,883,1546,-1,871,938,939,-1,871,939,940,-1,871,940,941,-1,
  871,941,942,-1,871,942,943,-1,871,943,870,-1,870,943,944,-1,870,944,945,-1,870,945,946,-1,870,946,947,-1,870,947,869,-1,
  948,949,868,-1,948,868,869,-1,948,869,947,-1,950,951,867,-1,950,867,868,-1,950,868,949,-1,864,865,953,-1,953,865,866,-1,
  953,866,952,-1,952,866,867,-1,952,867,951,-1,1111,1112,1715,-1,1111,1715,1716,-1,1111,1716,1717,-1,1111,1717,1718,-1,1111,1718,1719,-1,
  1111,1719,1720,-1,1111,1720,1721,-1,1111,1721,1723,-1,1111,1723,1110,-1,1112,1113,1711,-1,1112,1711,1712,-1,1112,1712,1713,-1,1112,1713,1714,-1,
  1112,1714,1715,-1,1708,1709,1114,-1,1114,1709,1710,-1,1114,1710,1113,-1,1113,1710,1711,-1,1115,1116,1706,-1,1115,1706,1707,-1,1115,1707,1708,-1,
  1115,1708,1114,-1,1705,1706,1116,-1,1705,1116,1117,-1,1705,1117,1118,-1,1705,1118,1704,-1,643,644,1200,-1,643,1200,1201,-1,643,1201,1202,-1,
  643,1202,1203,-1,643,1203,1204,-1,643,1204,1205,-1,643,1205,1206,-1,643,1206,1127,-1,643,1127,642,-1,644,645,1196,-1,644,1196,1197,-1,
  644,1197,1198,-1,644,1198,1199,-1,644,1199,1200,-1,1193,1194,646,-1,646,1194,1195,-1,646,1195,645,-1,645,1195,1196,-1,647,648,1191,-1,
  647,1191,1192,-1,647,1192,1193,-1,647,1193,646,-1,1190,1191,648,-1,1190,648,649,-1,1190,649,650,-1,1190,650,1189,-1,1126,1130,1131,-1,
  1126,1131,1132,-1,1126,1132,1133,-1,1126,1133,1134,-1,1126,1134,1125,-1,1125,1134,1135,-1,1125,1135,1136,-1,1125,1136,1137,-1,1125,1137,1138,-1,
  1125,1138,1124,-1,1139,1140,1123,-1,1139,1123,1124,-1,1139,1124,1138,-1,1141,1142,1122,-1,1141,1122,1123,-1,1141,1123,1140,-1,1119,1120,1144,-1,
  1144,1120,1121,-1,1144,1121,1143,-1,1143,1121,1122,-1,1143,1122,1142,-1,1629,1630,1442,-1,1442,1630,1631,-1,1442,1631,1441,-1,1441,1631,1633,-1,
  1441,1633,1634,-1,1442,1443,1626,-1,1442,1626,1627,-1,1442,1627,1628,-1,1442,1628,1629,-1,1626,1443,1625,-1,1625,1443,1444,-1,1625,1444,1624,-1,
  1624,1444,1445,-1,1624,1445,1446,-1,1623,1624,1446,-1,1623,1446,1447,-1,1623,1447,1408,-1,1623,1408,1622,-1,1508,1509,1621,-1,1508,1621,1622,-1,
  1508,1622,1408,-1,1508,1408,1409,-1,1508,1409,1507,-1,1544,1587,1543,-1,1543,1587,1588,-1,1543,1588,1542,-1,1542,1588,1589,-1,1542,1589,1541,-1,
  1541,1589,1590,-1,1541,1590,1540,-1,1540,1590,1591,-1,1540,1591,1539,-1,1539,1591,1592,-1,1539,1592,1538,-1,1538,1592,1593,-1,1538,1593,1537,-1,
  1537,1593,1594,-1,1537,1594,1536,-1,1536,1594,1595,-1,1536,1595,1535,-1,1535,1595,1596,-1,1535,1596,1534,-1,1534,1596,1597,-1,1534,1597,1533,-1,
  1533,1597,1598,-1,1533,1598,1532,-1,1532,1598,1599,-1,1532,1599,1531,-1,1531,1599,1600,-1,1531,1600,1530,-1,1530,1600,1601,-1,1530,1601,1529,-1,
  1529,1601,1602,-1,1529,1602,1528,-1,1528,1602,1603,-1,1528,1603,1527,-1,1527,1603,1604,-1,1527,1604,1526,-1,1526,1604,1605,-1,1526,1605,1525,-1,
  1525,1605,1606,-1,1525,1606,1524,-1,1524,1606,1607,-1,1524,1607,1523,-1,1523,1607,1608,-1,1523,1608,1522,-1,1522,1608,1609,-1,1522,1609,1521,-1,
  1521,1609,1610,-1,1521,1610,1520,-1,1520,1610,1611,-1,1520,1611,1519,-1,1519,1611,1612,-1,1519,1612,1518,-1,1518,1612,1613,-1,1518,1613,1517,-1,
  1517,1613,1614,-1,1517,1614,1516,-1,1516,1614,1615,-1,1516,1615,1515,-1,1515,1615,1616,-1,1515,1616,1514,-1,1514,1616,1617,-1,1514,1617,1513,-1,
  1513,1617,1618,-1,1513,1618,1512,-1,1512,1618,1619,-1,1512,1619,1511,-1,1511,1619,1620,-1,1511,1620,1510,-1,1510,1620,1621,-1,1510,1621,1509,-1,
  1492,1493,1302,-1,1302,1493,1494,-1,1302,1494,1301,-1,1301,1494,1496,-1,1301,1496,1497,-1,1302,1303,1489,-1,1302,1489,1490,-1,1302,1490,1491,-1,
  1302,1491,1492,-1,1489,1303,1488,-1,1488,1303,1304,-1,1488,1304,1487,-1,1487,1304,1305,-1,1487,1305,1306,-1,1486,1487,1306,-1,1486,1306,1307,-1,
  1486,1307,1308,-1,1486,1308,1485,-1,1499,1500,1415,-1,1499,1415,1416,-1,1499,1416,1498,-1,1415,1500,1501,-1,1415,1501,1502,-1,1415,1502,1503,-1,
  1415,1503,1504,-1,1415,1504,1414,-1,1411,1412,1506,-1,1506,1412,1413,-1,1506,1413,1505,-1,1505,1413,1414,-1,1505,1414,1504,-1,1507,1409,1410,-1,
  1507,1410,1411,-1,1507,1411,1506,-1,1633,1631,1632,-1,1496,1494,1495,-1,1368,1366,1367,-1,1248,1246,1247,-1,1250,1248,1249,-1,1368,1369,1370,-1,
  1544,1586,1587,-1,1145,1119,1144,-1,1129,1127,1128,-1,1127,1206,1207,-1,1723,1721,1722,-1,1723,1724,1725,-1,954,864,953,-1,938,936,937,-1,
  936,934,935,-1,1047,1045,1046,-1,718,716,717,-1,464,462,463,-1,768,476,767,-1,373,371,372,-1,811,44,810,-1,60,302,89,-1,
  181,302,180,-1,301,298,300,-1,249,290,248,-1,288,1074,287,-1,136,1084,135,-1,840,1084,839,-1,1778,1084,1777,-1,1006,1085,1086,-1,
  1082,1080,1081,-1,1079,1077,1078,-1,1077,1075,1076,-1,888,1678,887,-1,1672,1670,1671,-1,1439,1403,1438,-1,1403,1401,1402,-1,1393,1391,1392,-1,
  1368,1750,1751,-1,1682,1761,1762,-1,1750,1748,1749,-1,1723,752,753,-1,670,765,766,-1,757,755,756,-1,719,622,623,-1,625,623,624,-1,
  622,620,621,-1,226,74,75,-1,226,195,196,-1,996,210,995,-1,247,298,295,-1,992,120,121,-1,992,854,825,-1,992,1792,1763,-1,
  1457,1545,1456,-1,1460,1458,1459,-1,420,667,668,-1,522,630,521,-1,517,630,516,-1,525,523,524,-1,336,433,335,-1,375,373,374,-1,
  551,333,550,-1]
  normalPerVertex TRUE
  normal DEF NORM_5 Normal { vector [
  0 0 1,0 0 1,
  0 0 1,0 0 1,
  0 0 1,0 0 1,
  0 0 1,0 0 1,
  0 0 1,0 0 1,
  0 0 1,0 0 1,
  0 0 1,0 0 1,
  0 0 1,0 0 1,
  0 0 1,0 0 1,
  0 0 1,0 0 1,
  0 0 1,0 0 1,
  0 0 1,0 0 1,
  0 0 1,0 0 1,
  0 0 1,0 0 1,
  0 0 1,0 0 1,
  0 0 1,0 0 1,
  0 0 1,0 0 1,
  0 0 1,0 0 1,
  0 0 1,0 0 1,
  0 0 1,0 0 1,
  0 0 1,0 0 1,
  0 0 1,0 0 1,
  0 0 1,0 0 1,
  0 0 1,0 0 1,
  0 0 1,0 0 1,
  0 0 1,0 0 1,
  0 0 1,0 0 1,
  0 0 1,0 0 1,
  0 0 1,0 0 1,
  0 0 1,0 0 1,
  0 0 1,0 0 1,
  0 0 1,0 0 1,
  0 0 1,0 0 1,
  0 0 1,0 0 1,
  0 0 1,0 0 1,
  0 0 1,0 0 1,
  0 0 1,0 0 1,
  0 0 1,0 0 1,
  0 0 1,0 0 1,
  0 0 1,0 0 1,
  0 0 1,0 0 1,
  0 0 1,0 0 1,
  0 0 1,0 0 1,
  0 0 1,0 0 1,
  0 0 1,0 0 1,
  0 0 1,0 0 1,
  0 0 1,0 0 1,
  0 0 1,0 0 1,
  0 0 1,0 0 1,
  0 0 1,0 0 1,
  0 0 1,0 0 1,
  0 0 1,0 0 1,
  0 0 1,0 0 1,
  0 0 1,0 0 1,
  0 0 1,0 0 1,
  0 0 1,0 0 1,
  0 0 1,0 0 1,
  0 0 1,0 0 1,
  0 0 1,0 0 1,
  0 0 1,0 0 1,
  0 0 1,0 0 1,
  0 0 1,0 0 1,
  0 0 1,0 0 1,
  0 0 1,0 0 1,
  0 0 1,0 0 1,
  0 0 1,0 0 1,
  0 0 1,0 0 1,
  0 0 1,0 0 1,
  0 0 1,0 0 1,
  0 0 1,0 0 1,
  0 0 1,0 0 1,
  0 0 1,0 0 1,
  0 0 1,0 0 1,
  0 0 1,0 0 1,
  0 0 1,0 0 1,
  0 0 1,0 0 1,
  0 0 1,0 0 1,
  0 0 1,0 0 1,
  0 0 1,0 0 1,
  0 0 1,0 0 1,
  0 0 1,0 0 1,
  0 0 1,0 0 1,
  0 0 1,0 0 1,
  0 0 1,0 0 1,
  0 0 1,0 0 1,
  0 0 1,0 0 1,
  0 0 1,0 0 1,
  0 0 1,0 0 1,
  0 0 1,0 0 1,
  0 0 1,0 0 1,
  0 0 1,0 0 1,
  0 0 1,0 0 1,
  0 0 1,0 0 1,
  0 0 1,0 0 1,
  0 0 1,0 0 1,
  0 0 1,0 0 1,
  0 0 1,0 0 1,
  0 0 1,0 0 1,
  0 0 1,0 0 1,
  0 0 1,0 0 1,
  0 0 1,0 0 1,
  0 0 1,0 0 1,
  0 0 1,0 0 1,
  0 0 1,0 0 1,
  0 0 1,0 0 1,
  0 0 1,0 0 1,
  0 0 1,0 0 1,
  0 0 1,0 0 1,
  0 0 1,0 0 1,
  0 0 1,0 0 1,
  0 0 1,0 0 1,
  0 0 1,0 0 1,
  0 0 1,0 0 1,
  0 0 1,0 0 1,
  0 0 1,0 0 1,
  0 0 1,0 0 1,
  0 0 1,0 0 1,
  0 0 1,0 0 1,
  0 0 1,0 0 1,
  0 0 1,0 0 1,
  0 0 1,0 0 1,
  0 0 1,0 0 1,
  0 0 1,0 0 1,
  0 0 1,0 0 1,
  0 0 1,0 0 1,
  0 0 1,0 0 1,
  0 0 1,0 0 1,
  0 0 1,0 0 1,
  0 0 1,0 0 1,
  0 0 1,0 0 1,
  0 0 1,0 0 1,
  0 0 1,0 0 1,
  0 0 1,0 0 1,
  0 0 1,0 0 1,
  0 0 1,0 0 1,
  0 0 1,0 0 1,
  0 0 1,0 0 1,
  0 0 1,0 0 1,
  0 0 1,0 0 1,
  0 0 1,0 0 1,
  0 0 1,0 0 1,
  0 0 1,0 0 1,
  0 0 1,0 0 1,
  0 0 1,0 0 1,
  0 0 1,0 0 1,
  0 0 1,0 0 1,
  0 0 1,0 0 1,
  0 0 1,0 0 1,
  0 0 1,0 0 1,
  0 0 1,0 0 1,
  0 0 1,0 0 1,
  0 0 1,0 0 1,
  0 0 1,0 0 1,
  0 0 1,0 0 1,
  0 0 1,0 0 1,
  0 0 1,0 0 1,
  0 0 1,0 0 1,
  0 0 1,0 0 1,
  0 0 1,0 0 1,
  0 0 1,0 0 1,
  0 0 1,0 0 1,
  0 0 1,0 0 1,
  0 0 1,0 0 1,
  0 0 1,0 0 1,
  0 0 1,0 0 1,
  0 0 1,0 0 1,
  0 0 1,0 0 1,
  0 0 1,0 0 1,
  0 0 1,0 0 1,
  0 0 1,0 0 1,
  0 0 1,0 0 1,
  0 0 1,0 0 1,
  0 0 1,0 0 1,
  0 0 1,0 0 1,
  0 0 1,0 0 1,
  0 0 1,0 0 1,
  0 0 1,0 0 1,
  0 0 1,0 0 1,
  0 0 1,0 0 1,
  0 0 1,0 0 1,
  0 0 1,0 0 1,
  0 0 1,0 0 1,
  0 0 1,0 0 1,
  0 0 1,0 0 1,
  0 0 1,0 0 1,
  0 0 1,0 0 1,
  0 0 1,0 0 1,
  0 0 1,0 0 1,
  0 0 1,0 0 1,
  0 0 1,0 0 1,
  0 0 1,0 0 1,
  0 0 1,0 0 1,
  0 0 1,0 0 1,
  0 0 1,0 0 1,
  0 0 1,0 0 1,
  0 0 1,0 0 1,
  0 0 1,0 0 1,
  0 0 1,0 0 1,
  0 0 1,0 0 1,
  0 0 1,0 0 1,
  0 0 1,0 0 1,
  0 0 1,0 0 1,
  0 0 1,0 0 1,
  0 0 1,0 0 1,
  0 0 1,0 0 1,
  0 0 1,0 0 1,
  0 0 1,0 0 1,
  0 0 1,0 0 1,
  0 0 1,0 0 1,
  0 0 1,0 0 1,
  0 0 1,0 0 1,
  0 0 1,0 0 1,
  0 0 1,0 0 1,
  0 0 1,0 0 1,
  0 0 1,0 0 1,
  0 0 1,0 0 1,
  0 0 1,0 0 1,
  0 0 1,0 0 1,
  0 0 1,0 0 1,
  0 0 1,0 0 1,
  0 0 1,0 0 1,
  0 0 1,0 0 1,
  0 0 1,0 0 1,
  0 0 1,0 0 1,
  0 0 1,0 0 1,
  0 0 1,0 0 1,
  0 0 1,0 0 1,
  0 0 1,0 0 1,
  0 0 1,0 0 1,
  0 0 1,0 0 1,
  0 0 1,0 0 1,
  0 0 1,0 0 1,
  0 0 1,0 0 1,
  0 0 1,0 0 1,
  0 0 1,0 0 1,
  0 0 1,0 0 1,
  0 0 1,0 0 1,
  0 0 1,0 0 1,
  0 0 1,0 0 1,
  0 0 1,0 0 1,
  0 0 1,0 0 1,
  0 0 1,0 0 1,
  0 0 1,0 0 1,
  0 0 1,0 0 1,
  0 0 1,0 0 1,
  0 0 1,0 0 1,
  0 0 1,0 0 1,
  0 0 1,0 0 1,
  0 0 1,0 0 1,
  0 0 1,0 0 1,
  0 0 1,0 0 1,
  0 0 1,0 0 1,
  0 0 1,0 0 1,
  0 0 1,0 0 1,
  0 0 1,0 0 1,
  0 0 1,0 0 1,
  0 0 1,0 0 1,
  0 0 1,0 0 1,
  0 0 1,0 0 1,
  0 0 1,0 0 1,
  0 0 1,0 0 1,
  0 0 1,0 0 1,
  0 0 1,0 0 1,
  0 0 1,0 0 1,
  0 0 1,0 0 1,
  0 0 1,0 0 1,
  0 0 1,0 0 1,
  0 0 1,0 0 1,
  0 0 1,0 0 1,
  0 0 1,0 0 1,
  0 0 1,0 0 1,
  0 0 1,0 0 1,
  0 0 1,0 0 1,
  0 0 1,0 0 1,
  0 0 1,0 0 1,
  0 0 1,0 0 1,
  0 0 1,0 0 1,
  0 0 1,0 0 1,
  0 0 1,0 0 1,
  0 0 1,0 0 1,
  0 0 1,0 0 1,
  0 0 1,0 0 1,
  0 0 1,0 0 1,
  0 0 1,0 0 1,
  0 0 1,0 0 1,
  0 0 1,0 0 1,
  0 0 1,0 0 1,
  0 0 1,0 0 1,
  0 0 1,0 0 1,
  0 0 1,0 0 1,
  0 0 1,0 0 1,
  0 0 1,0 0 1,
  0 0 1,0 0 1,
  0 0 1,0 0 1,
  0 0 1,0 0 1,
  0 0 1,0 0 1,
  0 0 1,0 0 1,
  0 0 1,0 0 1,
  0 0 1,0 0 1,
  0 0 1,0 0 1,
  0 0 1,0 0 1,
  0 0 1,0 0 1,
  0 0 1,0 0 1,
  0 0 1,0 0 1,
  0 0 1,0 0 1,
  0 0 1,0 0 1,
  0 0 1,0 0 1,
  0 0 1,0 0 1,
  0 0 1,0 0 1,
  0 0 1,0 0 1,
  0 0 1,0 0 1,
  0 0 1,0 0 1,
  0 0 1,0 0 1,
  0 0 1,0 0 1,
  0 0 1,0 0 1,
  0 0 1,0 0 1,
  0 0 1,0 0 1,
  0 0 1,0 0 1,
  0 0 1,0 0 1,
  0 0 1,0 0 1,
  0 0 1,0 0 1,
  0 0 1,0 0 1,
  0 0 1,0 0 1,
  0 0 1,0 0 1,
  0 0 1,0 0 1,
  0 0 1,0 0 1,
  0 0 1,0 0 1,
  0 0 1,0 0 1,
  0 0 1,0 0 1,
  0 0 1,0 0 1,
  0 0 1,0 0 1,
  0 0 1,0 0 1,
  0 0 1,0 0 1,
  0 0 1,0 0 1,
  0 0 1,0 0 1,
  0 0 1,0 0 1,
  0 0 1,0 0 1,
  0 0 1,0 0 1,
  0 0 1,0 0 1,
  0 0 1,0 0 1,
  0 0 1,0 0 1,
  0 0 1,0 0 1,
  0 0 1,0 0 1,
  0 0 1,0 0 1,
  0 0 1,0 0 1,
  0 0 1,0 0 1,
  0 0 1,0 0 1,
  0 0 1,0 0 1,
  0 0 1,0 0 1,
  0 0 1,0 0 1,
  0 0 1,0 0 1,
  0 0 1,0 0 1,
  0 0 1,0 0 1,
  0 0 1,0 0 1,
  0 0 1,0 0 1,
  0 0 1,0 0 1,
  0 0 1,0 0 1,
  0 0 1,0 0 1,
  0 0 1,0 0 1,
  0 0 1,0 0 1,
  0 0 1,0 0 1,
  0 0 1,0 0 1,
  0 0 1,0 0 1,
  0 0 1,0 0 1,
  0 0 1,0 0 1,
  0 0 1,0 0 1,
  0 0 1,0 0 1,
  0 0 1,0 0 1,
  0 0 1,0 0 1,
  0 0 1,0 0 1,
  0 0 1,0 0 1,
  0 0 1,0 0 1,
  0 0 1,0 0 1,
  0 0 1,0 0 1,
  0 0 1,0 0 1,
  0 0 1,0 0 1,
  0 0 1,0 0 1,
  0 0 1,0 0 1,
  0 0 1,0 0 1,
  0 0 1,0 0 1,
  0 0 1,0 0 1,
  0 0 1,0 0 1,
  0 0 1,0 0 1,
  0 0 1,0 0 1,
  0 0 1,0 0 1,
  0 0 1,0 0 1,
  0 0 1,0 0 1,
  0 0 1,0 0 1,
  0 0 1,0 0 1,
  0 0 1,0 0 1,
  0 0 1,0 0 1,
  0 0 1,0 0 1,
  0 0 1,0 0 1,
  0 0 1,0 0 1,
  0 0 1,0 0 1,
  0 0 1,0 0 1,
  0 0 1,0 0 1,
  0 0 1,0 0 1,
  0 0 1,0 0 1,
  0 0 1,0 0 1,
  0 0 1,0 0 1,
  0 0 1,0 0 1,
  0 0 1,0 0 1,
  0 0 1,0 0 1,
  0 0 1,0 0 1,
  0 0 1,0 0 1,
  0 0 1,0 0 1,
  0 0 1,0 0 1,
  0 0 1,0 0 1,
  0 0 1,0 0 1,
  0 0 1,0 0 1,
  0 0 1,0 0 1,
  0 0 1,0 0 1,
  0 0 1,0 0 1,
  0 0 1,0 0 1,
  0 0 1,0 0 1,
  0 0 1,0 0 1,
  0 0 1,0 0 1,
  0 0 1,0 0 1,
  0 0 1,0 0 1,
  0 0 1,0 0 1,
  0 0 1,0 0 1,
  0 0 1,0 0 1,
  0 0 1,0 0 1,
  0 0 1,0 0 1,
  0 0 1,0 0 1,
  0 0 1,0 0 1,
  0 0 1,0 0 1,
  0 0 1,0 0 1,
  0 0 1,0 0 1,
  0 0 1,0 0 1,
  0 0 1,0 0 1,
  0 0 1,0 0 1,
  0 0 1,0 0 1,
  0 0 1,0 0 1,
  0 0 1,0 0 1,
  0 0 1,0 0 1,
  0 0 1,0 0 1,
  0 0 1,0 0 1,
  0 0 1,0 0 1,
  0 0 1,0 0 1,
  0 0 1,0 0 1,
  0 0 1,0 0 1,
  0 0 1,0 0 1,
  0 0 1,0 0 1,
  0 0 1,0 0 1,
  0 0 1,0 0 1,
  0 0 1,0 0 1,
  0 0 1,0 0 1,
  0 0 1,0 0 1,
  0 0 1,0 0 1,
  0 0 1,0 0 1,
  0 0 1,0 0 1,
  0 0 1,0 0 1,
  0 0 1,0 0 1,
  0 0 1,0 0 1,
  0 0 1,0 0 1,
  0 0 1,0 0 1,
  0 0 1,0 0 1,
  0 0 1,0 0 1,
  0 0 1,0 0 1,
  0 0 1,0 0 1,
  0 0 1,0 0 1,
  0 0 1,0 0 1,
  0 0 1,0 0 1,
  0 0 1,0 0 1,
  0 0 1,0 0 1,
  0 0 1,0 0 1,
  0 0 1,0 0 1,
  0 0 1,0 0 1,
  0 0 1,0 0 1,
  0 0 1,0 0 1,
  0 0 1,0 0 1,
  0 0 1,0 0 1,
  0 0 1,0 0 1,
  0 0 1,0 0 1,
  0 0 1,0 0 1,
  0 0 1,0 0 1,
  0 0 1,0 0 1,
  0 0 1,0 0 1,
  0 0 1,0 0 1,
  0 0 1,0 0 1,
  0 0 1,0 0 1,
  0 0 1,0 0 1,
  0 0 1,0 0 1,
  0 0 1,0 0 1,
  0 0 1,0 0 1,
  0 0 1,0 0 1,
  0 0 1,0 0 1,
  0 0 1,0 0 1,
  0 0 1,0 0 1,
  0 0 1,0 0 1,
  0 0 1,0 0 1,
  0 0 1,0 0 1,
  0 0 1,0 0 1,
  0 0 1,0 0 1,
  0 0 1,0 0 1,
  0 0 1,0 0 1,
  0 0 1,0 0 1,
  0 0 1,0 0 1,
  0 0 1,0 0 1,
  0 0 1,0 0 1,
  0 0 1,0 0 1,
  0 0 1,0 0 1,
  0 0 1,0 0 1,
  0 0 1,0 0 1,
  0 0 1,0 0 1,
  0 0 1,0 0 1,
  0 0 1,0 0 1,
  0 0 1,0 0 1,
  0 0 1,0 0 1,
  0 0 1,0 0 1,
  0 0 1,0 0 1,
  0 0 1,0 0 1,
  0 0 1,0 0 1,
  0 0 1,0 0 1,
  0 0 1,0 0 1,
  0 0 1,0 0 1,
  0 0 1,0 0 1,
  0 0 1,0 0 1,
  0 0 1,0 0 1,
  0 0 1,0 0 1,
  0 0 1,0 0 1,
  0 0 1,0 0 1,
  0 0 1,0 0 1,
  0 0 1,0 0 1,
  0 0 1,0 0 1,
  0 0 1,0 0 1,
  0 0 1,0 0 1,
  0 0 1,0 0 1,
  0 0 1,0 0 1,
  0 0 1,0 0 1,
  0 0 1,0 0 1,
  0 0 1,0 0 1,
  0 0 1,0 0 1,
  0 0 1,0 0 1,
  0 0 1,0 0 1,
  0 0 1,0 0 1,
  0 0 1,0 0 1,
  0 0 1,0 0 1,
  0 0 1,0 0 1,
  0 0 1,0 0 1,
  0 0 1,0 0 1,
  0 0 1,0 0 1,
  0 0 1,0 0 1,
  0 0 1,0 0 1,
  0 0 1,0 0 1,
  0 0 1,0 0 1,
  0 0 1,0 0 1,
  0 0 1,0 0 1,
  0 0 1,0 0 1,
  0 0 1,0 0 1,
  0 0 1,0 0 1,
  0 0 1,0 0 1,
  0 0 1,0 0 1,
  0 0 1,0 0 1,
  0 0 1,0 0 1,
  0 0 1,0 0 1,
  0 0 1,0 0 1,
  0 0 1,0 0 1,
  0 0 1,0 0 1,
  0 0 1,0 0 1,
  0 0 1,0 0 1,
  0 0 1,0 0 1,
  0 0 1,0 0 1,
  0 0 1,0 0 1,
  0 0 1,0 0 1,
  0 0 1,0 0 1,
  0 0 1,0 0 1,
  0 0 1,0 0 1,
  0 0 1,0 0 1,
  0 0 1,0 0 1,
  0 0 1,0 0 1,
  0 0 1,0 0 1,
  0 0 1,0 0 1,
  0 0 1,0 0 1,
  0 0 1,0 0 1,
  0 0 1,0 0 1,
  0 0 1,0 0 1,
  0 0 1,0 0 1,
  0 0 1,0 0 1,
  0 0 1,0 0 1,
  0 0 1,0 0 1,
  0 0 1,0 0 1,
  0 0 1,0 0 1,
  0 0 1,0 0 1,
  0 0 1,0 0 1,
  0 0 1,0 0 1,
  0 0 1,0 0 1,
  0 0 1,0 0 1,
  0 0 1,0 0 1,
  0 0 1,0 0 1,
  0 0 1,0 0 1,
  0 0 1,0 0 1,
  0 0 1,0 0 1,
  0 0 1,0 0 1,
  0 0 1,0 0 1,
  0 0 1,0 0 1,
  0 0 1,0 0 1,
  0 0 1,0 0 1,
  0 0 1,0 0 1,
  0 0 1,0 0 1,
  0 0 1,0 0 1,
  0 0 1,0 0 1,
  0 0 1,0 0 1,
  0 0 1,0 0 1,
  0 0 1,0 0 1,
  0 0 1,0 0 1,
  0 0 1,0 0 1,
  0 0 1,0 0 1,
  0 0 1,0 0 1,
  0 0 1,0 0 1,
  0 0 1,0 0 1,
  0 0 1,0 0 1,
  0 0 1,0 0 1,
  0 0 1,0 0 1,
  0 0 1,0 0 1,
  0 0 1,0 0 1,
  0 0 1,0 0 1,
  0 0 1,0 0 1,
  0 0 1,0 0 1,
  0 0 1,0 0 1,
  0 0 1,0 0 1,
  0 0 1,0 0 1,
  0 0 1,0 0 1,
  0 0 1,0 0 1,
  0 0 1,0 0 1,
  0 0 1,0 0 1,
  0 0 1,0 0 1,
  0 0 1,0 0 1,
  0 0 1,0 0 1,
  0 0 1,0 0 1,
  0 0 1,0 0 1,
  0 0 1,0 0 1,
  0 0 1,0 0 1,
  0 0 1,0 0 1,
  0 0 1,0 0 1,
  0 0 1,0 0 1,
  0 0 1,0 0 1,
  0 0 1,0 0 1,
  0 0 1,0 0 1,
  0 0 1,0 0 1,
  0 0 1,0 0 1,
  0 0 1,0 0 1,
  0 0 1,0 0 1,
  0 0 1,0 0 1,
  0 0 1,0 0 1,
  0 0 1,0 0 1,
  0 0 1,0 0 1,
  0 0 1,0 0 1,
  0 0 1,0 0 1,
  0 0 1,0 0 1,
  0 0 1,0 0 1,
  0 0 1,0 0 1,
  0 0 1,0 0 1,
  0 0 1,0 0 1,
  0 0 1,0 0 1,
  0 0 1,0 0 1,
  0 0 1,0 0 1,
  0 0 1,0 0 1,
  0 0 1,0 0 1,
  0 0 1,0 0 1,
  0 0 1,0 0 1,
  0 0 1,0 0 1,
  0 0 1,0 0 1,
  0 0 1,0 0 1,
  0 0 1,0 0 1,
  0 0 1,0 0 1,
  0 0 1,0 0 1,
  0 0 1,0 0 1,
  0 0 1,0 0 1,
  0 0 1,0 0 1,
  0 0 1,0 0 1,
  0 0 1,0 0 1,
  0 0 1,0 0 1,
  0 0 1,0 0 1,
  0 0 1,0 0 1,
  0 0 1,0 0 1,
  0 0 1,0 0 1,
  0 0 1,0 0 1,
  0 0 1,0 0 1,
  0 0 1,0 0 1,
  0 0 1,0 0 1,
  0 0 1,0 0 1,
  0 0 1,0 0 1,
  0 0 1,0 0 1,
  0 0 1,0 0 1,
  0 0 1,0 0 1,
  0 0 1,0 0 1,
  0 0 1,0 0 1,
  0 0 1,0 0 1,
  0 0 1,0 0 1,
  0 0 1,0 0 1,
  0 0 1,0 0 1,
  0 0 1,0 0 1,
  0 0 1,0 0 1,
  0 0 1,0 0 1,
  0 0 1,0 0 1,
  0 0 1,0 0 1,
  0 0 1,0 0 1,
  0 0 1,0 0 1,
  0 0 1,0 0 1,
  0 0 1,0 0 1,
  0 0 1,0 0 1,
  0 0 1,0 0 1,
  0 0 1,0 0 1,
  0 0 1,0 0 1,
  0 0 1,0 0 1,
  0 0 1,0 0 1,
  0 0 1,0 0 1,
  0 0 1,0 0 1,
  0 0 1,0 0 1,
  0 0 1,0 0 1,
  0 0 1,0 0 1,
  0 0 1,0 0 1,
  0 0 1,0 0 1,
  0 0 1,0 0 1,
  0 0 1,0 0 1,
  0 0 1,0 0 1,
  0 0 1,0 0 1,
  0 0 1,0 0 1,
  0 0 1,0 0 1,
  0 0 1,0 0 1,
  0 0 1,0 0 1,
  0 0 1,0 0 1,
  0 0 1,0 0 1,
  0 0 1,0 0 1,
  0 0 1,0 0 1,
  0 0 1,0 0 1,
  0 0 1,0 0 1,
  0 0 1,0 0 1,
  0 0 1,0 0 1,
  0 0 1,0 0 1,
  0 0 1,0 0 1,
  0 0 1,0 0 1,
  0 0 1,0 0 1,
  0 0 1,0 0 1,
  0 0 1,0 0 1,
  0 0 1,0 0 1,
  0 0 1,0 0 1,
  0 0 1,0 0 1,
  0 0 1,0 0 1,
  0 0 1,0 0 1,
  0 0 1,0 0 1,
  0 0 1,0 0 1,
  0 0 1,0 0 1,
  0 0 1,0 0 1,
  0 0 1,0 0 1,
  0 0 1,0 0 1,
  0 0 1,0 0 1,
  0 0 1,0 0 1,
  0 0 1,0 0 1,
  0 0 1,0 0 1,
  0 0 1,0 0 1,
  0 0 1,0 0 1,
  0 0 1,0 0 1,
  0 0 1,0 0 1,
  0 0 1,0 0 1,
  0 0 1,0 0 1,
  0 0 1,0 0 1,
  0 0 1,0 0 1,
  0 0 1,0 0 1,
  0 0 1,0 0 1,
  0 0 1,0 0 1,
  0 0 1,0 0 1,
  0 0 1,0 0 1,
  0 0 1,0 0 1,
  0 0 1,0 0 1,
  0 0 1,0 0 1,
  0 0 1,0 0 1,
  0 0 1,0 0 1,
  0 0 1,0 0 1,
  0 0 1,0 0 1,
  0 0 1,0 0 1,
  0 0 1,0 0 1,
  0 0 1,0 0 1,
  0 0 1,0 0 1,
  0 0 1,0 0 1,
  0 0 1,0 0 1,
  0 0 1,0 0 1,
  0 0 1,0 0 1,
  0 0 1,0 0 1,
  0 0 1,0 0 1,
  0 0 1,0 0 1,
  0 0 1,0 0 1,
  0 0 1,0 0 1,
  0 0 1,0 0 1,
  0 0 1,0 0 1,
  0 0 1,0 0 1,
  0 0 1,0 0 1,
  0 0 1,0 0 1,
  0 0 1,0 0 1,
  0 0 1,0 0 1,
  0 0 1,0 0 1,
  0 0 1,0 0 1,
  0 0 1,0 0 1,
  0 0 1,0 0 1,
  0 0 1,0 0 1,
  0 0 1,0 0 1,
  0 0 1,0 0 1,
  0 0 1,0 0 1,
  0 0 1,0 0 1,
  0 0 1,0 0 1,
  0 0 1,0 0 1,
  0 0 1,0 0 1,
  0 0 1,0 0 1,
  0 0 1,0 0 1,
  0 0 1,0 0 1,
  0 0 1,0 0 1,
  0 0 1,0 0 1,
  0 0 1,0 0 1,
  0 0 1,0 0 1,
  0 0 1,0 0 1,
  0 0 1,0 0 1,
  0 0 1,0 0 1,
  0 0 1,0 0 1,
  0 0 1,0 0 1,
  0 0 1,0 0 1,
  0 0 1,0 0 1,
  0 0 1,0 0 1,
  0 0 1,0 0 1,
  0 0 1,0 0 1,
  0 0 1,0 0 1,
  0 0 1,0 0 1,
  0 0 1,0 0 1,
  0 0 1,0 0 1,
  0 0 1,0 0 1,
  0 0 1,0 0 1,
  0 0 1,0 0 1,
  0 0 1,0 0 1,
  0 0 1,0 0 1,
  0 0 1,0 0 1,
  0 0 1,0 0 1,
  0 0 1,0 0 1,
  0 0 1,0 0 1,
  0 0 1,0 0 1,
  0 0 1,0 0 1,
  0 0 1,0 0 1,
  0 0 1,0 0 1,
  0 0 1,0 0 1,
  0 0 1,0 0 1,
  0 0 1,0 0 1,
  0 0 1,0 0 1,
  0 0 1,0 0 1,
  0 0 1,0 0 1,
  0 0 1,0 0 1,
  0 0 1,0 0 1,
  0 0 1,0 0 1,
  0 0 1,0 0 1,
  0 0 1,0 0 1,
  0 0 1,0 0 1,
  0 0 1,0 0 1,
  0 0 1,0 0 1,
  0 0 1,0 0 1,
  0 0 1,0 0 1,
  0 0 1,0 0 1,
  0 0 1,0 0 1,
  0 0 1,0 0 1,
  0 0 1,0 0 1,
  0 0 1,0 0 1,
  0 0 1,0 0 1,
  0 0 1,0 0 1,
  0 0 1,0 0 1,
  0 0 1,0 0 1,
  0 0 1,0 0 1,
  0 0 1,0 0 1,
  0 0 1,0 0 1,
  0 0 1,0 0 1,
  0 0 1,0 0 1,
  0 0 1,0 0 1,
  0 0 1,0 0 1,
  0 0 1,0 0 1,
  0 0 1,0 0 1,
  0 0 1,0 0 1,
  0 0 1,0 0 1,
  0 0 1,0 0 1,
  0 0 1,0 0 1,
  0 0 1,0 0 1,
  0 0 1,0 0 1,
  0 0 1,0 0 1,
  0 0 1,0 0 1,
  0 0 1,0 0 1,
  0 0 1,0 0 1,
  0 0 1,0 0 1,
  0 0 1,0 0 1,
  0 0 1,0 0 1,
  0 0 1,0 0 1,
  0 0 1,0 0 1,
  0 0 1,0 0 1,
  0 0 1,0 0 1,
  0 0 1,0 0 1,
  0 0 1,0 0 1,
  0 0 1,0 0 1,
  0 0 1,0 0 1,
  0 0 1,0 0 1,
  0 0 1,0 0 1,
  0 0 1,0 0 1,
  0 0 1,0 0 1,
  0 0 1,0 0 1,
  0 0 1,0 0 1,
  0 0 1,0 0 1,
  0 0 1,0 0 1,
  0 0 1,0 0 1,
  0 0 1,0 0 1,
  0 0 1,0 0 1,
  0 0 1,0 0 1,
  0 0 1,0 0 1,
  0 0 1,0 0 1,
  0 0 1,0 0 1,
  0 0 1,0 0 1,
  0 0 1,0 0 1,
  0 0 1] }
}
}
] }
DEF TXFM_6 Transform {
  center 0 0 0
  rotation 0 0 1 0
  scale 1 1 1
  scaleOrientation 0 0 1 0
  translation 0 0 0
 children [
DEF SHAPE_6 Shape {
 appearance USE APP_2
 geometry DEF FACE_6 IndexedFaceSet {
  coord DEF COORD_6 Coordinate { point [
  28.140256 -22.5625 -0.31496063,28.162882 -22.44875 -0.31496063,
  28.227317 -22.352317 -0.31496063,28.32375 -22.287882 -0.31496063,
  28.4375 -22.265256 -0.31496063,28.55125 -22.287882 -0.31496063,
  28.647683 -22.352317 -0.31496063,28.712118 -22.44875 -0.31496063,
  28.734744 -22.5625 -0.31496063,28.712118 -22.67625 -0.31496063,
  28.647683 -22.772683 -0.31496063,28.55125 -22.837118 -0.31496063,
  28.4375 -22.859744 -0.31496063,28.32375 -22.837118 -0.31496063,
  28.227317 -22.772683 -0.31496063,28.162882 -22.67625 -0.31496063,
  30.60819 -21.281243 -0.31496063,30.568246 -21.336221 -0.31496063,
  30.537395 -21.396771 -0.31496063,30.516395 -21.461402 -0.31496063,
  30.505764 -21.528522 -0.31496063,30.505764 -21.596478 -0.31496063,
  30.516395 -21.663598 -0.31496063,30.537395 -21.728229 -0.31496063,
  30.568246 -21.788779 -0.31496063,30.60819 -21.843757 -0.31496063,
  30.656243 -21.89181 -0.31496063,30.711221 -21.931754 -0.31496063,
  30.771771 -21.962605 -0.31496063,30.836402 -21.983605 -0.31496063,
  30.903522 -21.994236 -0.31496063,30.971478 -21.994236 -0.31496063,
  31.038598 -21.983605 -0.31496063,31.103229 -21.962605 -0.31496063,
  31.163779 -21.931754 -0.31496063,31.218757 -21.89181 -0.31496063,
  31.26681 -21.843757 -0.31496063,31.306754 -21.788779 -0.31496063,
  31.337605 -21.728229 -0.31496063,31.358605 -21.663598 -0.31496063,
  31.369236 -21.596478 -0.31496063,31.369236 -21.528522 -0.31496063,
  31.358605 -21.461402 -0.31496063,31.337605 -21.396771 -0.31496063,
  31.306754 -21.336221 -0.31496063,31.26681 -21.281243 -0.31496063,
  31.218757 -21.23319 -0.31496063,31.163779 -21.193246 -0.31496063,
  31.103229 -21.162395 -0.31496063,31.038598 -21.141395 -0.31496063,
  30.971478 -21.130764 -0.31496063,30.903522 -21.130764 -0.31496063,
  30.836402 -21.141395 -0.31496063,30.771771 -21.162395 -0.31496063,
  30.711221 -21.193246 -0.31496063,30.656243 -21.23319 -0.31496063,
  30.640256 -21.5625 -0.31496063,30.662882 -21.44875 -0.31496063,
  30.727317 -21.352317 -0.31496063,30.82375 -21.287882 -0.31496063,
  30.9375 -21.265256 -0.31496063,31.05125 -21.287882 -0.31496063,
  31.147683 -21.352317 -0.31496063,31.212118 -21.44875 -0.31496063,
  31.234744 -21.5625 -0.31496063,31.212118 -21.67625 -0.31496063,
  31.147683 -21.772683 -0.31496063,31.05125 -21.837118 -0.31496063,
  30.9375 -21.859744 -0.31496063,30.82375 -21.837118 -0.31496063,
  30.727317 -21.772683 -0.31496063,30.662882 -21.67625 -0.31496063,
  10.872182 -12.205105 -0.31496063,10.830597 -12.24669 -0.31496063,
  10.797924 -12.295589 -0.31496063,10.775418 -12.349922 -0.31496063,
  10.763944 -12.407603 -0.31496063,10.763944 -12.466413 -0.31496063,
  10.775418 -12.524093 -0.31496063,10.797924 -12.578427 -0.31496063,
  10.830597 -12.627326 -0.31496063,10.872182 -12.668911 -0.31496063,
  10.921081 -12.701584 -0.31496063,10.975415 -12.72409 -0.31496063,
  11.033095 -12.735563 -0.31496063,11.091905 -12.735563 -0.31496063,
  11.149585 -12.72409 -0.31496063,11.203919 -12.701584 -0.31496063,
  11.252818 -12.668911 -0.31496063,11.294403 -12.627326 -0.31496063,
  11.327076 -12.578427 -0.31496063,11.349582 -12.524093 -0.31496063,
  11.361056 -12.466413 -0.31496063,11.361056 -12.407603 -0.31496063,
  11.349582 -12.349922 -0.31496063,11.327076 -12.295589 -0.31496063,
  11.294403 -12.24669 -0.31496063,11.252818 -12.205105 -0.31496063,
  11.203919 -12.172431 -0.31496063,11.149585 -12.149926 -0.31496063,
  11.091905 -12.138452 -0.31496063,11.033095 -12.138452 -0.31496063,
  10.975415 -12.149926 -0.31496063,10.921081 -12.172431 -0.31496063,
  10.885531 -12.437008 -0.31496063,10.899002 -12.369285 -0.31496063,
  10.937364 -12.311872 -0.31496063,10.994777 -12.27351 -0.31496063,
  11.0625 -12.260039 -0.31496063,11.130223 -12.27351 -0.31496063,
  11.187636 -12.311872 -0.31496063,11.225998 -12.369285 -0.31496063,
  11.239469 -12.437008 -0.31496063,11.225998 -12.504731 -0.31496063,
  11.187636 -12.562144 -0.31496063,11.130223 -12.600505 -0.31496063,
  11.0625 -12.613976 -0.31496063,10.994777 -12.600505 -0.31496063,
  10.937364 -12.562144 -0.31496063,10.899002 -12.504731 -0.31496063,
  10.872182 -13.205105 -0.31496063,10.830597 -13.24669 -0.31496063,
  10.797924 -13.295589 -0.31496063,10.775418 -13.349922 -0.31496063,
  10.763944 -13.407603 -0.31496063,10.763944 -13.466413 -0.31496063,
  10.775418 -13.524093 -0.31496063,10.797924 -13.578427 -0.31496063,
  10.830597 -13.627326 -0.31496063,10.872182 -13.668911 -0.31496063,
  10.921081 -13.701584 -0.31496063,10.975415 -13.72409 -0.31496063,
  11.033095 -13.735563 -0.31496063,11.091905 -13.735563 -0.31496063,
  11.149585 -13.72409 -0.31496063,11.203919 -13.701584 -0.31496063,
  11.252818 -13.668911 -0.31496063,11.294403 -13.627326 -0.31496063,
  11.327076 -13.578427 -0.31496063,11.349582 -13.524093 -0.31496063,
  11.361056 -13.466413 -0.31496063,11.361056 -13.407603 -0.31496063,
  11.349582 -13.349922 -0.31496063,11.327076 -13.295589 -0.31496063,
  11.294403 -13.24669 -0.31496063,11.252818 -13.205105 -0.31496063,
  11.203919 -13.172431 -0.31496063,11.149585 -13.149926 -0.31496063,
  11.091905 -13.138452 -0.31496063,11.033095 -13.138452 -0.31496063,
  10.975415 -13.149926 -0.31496063,10.921081 -13.172431 -0.31496063,
  10.885531 -13.437008 -0.31496063,10.899002 -13.369285 -0.31496063,
  10.937364 -13.311872 -0.31496063,10.994777 -13.27351 -0.31496063,
  11.0625 -13.260039 -0.31496063,11.130223 -13.27351 -0.31496063,
  11.187636 -13.311872 -0.31496063,11.225998 -13.369285 -0.31496063,
  11.239469 -13.437008 -0.31496063,11.225998 -13.504731 -0.31496063,
  11.187636 -13.562144 -0.31496063,11.130223 -13.600505 -0.31496063,
  11.0625 -13.613976 -0.31496063,10.994777 -13.600505 -0.31496063,
  10.937364 -13.562144 -0.31496063,10.899002 -13.504731 -0.31496063,
  10.872182 -14.205105 -0.31496063,10.830597 -14.24669 -0.31496063,
  10.797924 -14.295589 -0.31496063,10.775418 -14.349922 -0.31496063,
  10.763944 -14.407603 -0.31496063,10.763944 -14.466413 -0.31496063,
  10.775418 -14.524093 -0.31496063,10.797924 -14.578427 -0.31496063,
  10.830597 -14.627326 -0.31496063,10.872182 -14.668911 -0.31496063,
  10.921081 -14.701584 -0.31496063,10.975415 -14.72409 -0.31496063,
  11.033095 -14.735563 -0.31496063,11.091905 -14.735563 -0.31496063,
  11.149585 -14.72409 -0.31496063,11.203919 -14.701584 -0.31496063,
  11.252818 -14.668911 -0.31496063,11.294403 -14.627326 -0.31496063,
  11.327076 -14.578427 -0.31496063,11.349582 -14.524093 -0.31496063,
  11.361056 -14.466413 -0.31496063,11.361056 -14.407603 -0.31496063,
  11.349582 -14.349922 -0.31496063,11.327076 -14.295589 -0.31496063,
  11.294403 -14.24669 -0.31496063,11.252818 -14.205105 -0.31496063,
  11.203919 -14.172431 -0.31496063,11.149585 -14.149926 -0.31496063,
  11.091905 -14.138452 -0.31496063,11.033095 -14.138452 -0.31496063,
  10.975415 -14.149926 -0.31496063,10.921081 -14.172431 -0.31496063,
  10.885531 -14.437008 -0.31496063,10.899002 -14.369285 -0.31496063,
  10.937364 -14.311872 -0.31496063,10.994777 -14.27351 -0.31496063,
  11.0625 -14.260039 -0.31496063,11.130223 -14.27351 -0.31496063,
  11.187636 -14.311872 -0.31496063,11.225998 -14.369285 -0.31496063,
  11.239469 -14.437008 -0.31496063,11.225998 -14.504731 -0.31496063,
  11.187636 -14.562144 -0.31496063,11.130223 -14.600505 -0.31496063,
  11.0625 -14.613976 -0.31496063,10.994777 -14.600505 -0.31496063,
  10.937364 -14.562144 -0.31496063,10.899002 -14.504731 -0.31496063,
  10.872182 -15.205105 -0.31496063,10.830597 -15.24669 -0.31496063,
  10.797924 -15.295589 -0.31496063,10.775418 -15.349922 -0.31496063,
  10.763944 -15.407603 -0.31496063,10.763944 -15.466413 -0.31496063,
  10.775418 -15.524093 -0.31496063,10.797924 -15.578427 -0.31496063,
  10.830597 -15.627326 -0.31496063,10.872182 -15.668911 -0.31496063,
  10.921081 -15.701584 -0.31496063,10.975415 -15.72409 -0.31496063,
  11.033095 -15.735563 -0.31496063,11.091905 -15.735563 -0.31496063,
  11.149585 -15.72409 -0.31496063,11.203919 -15.701584 -0.31496063,
  11.252818 -15.668911 -0.31496063,11.294403 -15.627326 -0.31496063,
  11.327076 -15.578427 -0.31496063,11.349582 -15.524093 -0.31496063,
  11.361056 -15.466413 -0.31496063,11.361056 -15.407603 -0.31496063,
  11.349582 -15.349922 -0.31496063,11.327076 -15.295589 -0.31496063,
  11.294403 -15.24669 -0.31496063,11.252818 -15.205105 -0.31496063,
  11.203919 -15.172431 -0.31496063,11.149585 -15.149926 -0.31496063,
  11.091905 -15.138452 -0.31496063,11.033095 -15.138452 -0.31496063,
  10.975415 -15.149926 -0.31496063,10.921081 -15.172431 -0.31496063,
  10.885531 -15.437008 -0.31496063,10.899002 -15.369285 -0.31496063,
  10.937364 -15.311872 -0.31496063,10.994777 -15.27351 -0.31496063,
  11.0625 -15.260039 -0.31496063,11.130223 -15.27351 -0.31496063,
  11.187636 -15.311872 -0.31496063,11.225998 -15.369285 -0.31496063,
  11.239469 -15.437008 -0.31496063,11.225998 -15.504731 -0.31496063,
  11.187636 -15.562144 -0.31496063,11.130223 -15.600505 -0.31496063,
  11.0625 -15.613976 -0.31496063,10.994777 -15.600505 -0.31496063,
  10.937364 -15.562144 -0.31496063,10.899002 -15.504731 -0.31496063,
  10.872182 -16.205105 -0.31496063,10.830597 -16.24669 -0.31496063,
  10.797924 -16.295589 -0.31496063,10.775418 -16.349922 -0.31496063,
  10.763944 -16.407603 -0.31496063,10.763944 -16.466413 -0.31496063,
  10.775418 -16.524093 -0.31496063,10.797924 -16.578427 -0.31496063,
  10.830597 -16.627326 -0.31496063,10.872182 -16.668911 -0.31496063,
  10.921081 -16.701584 -0.31496063,10.975415 -16.72409 -0.31496063,
  11.033095 -16.735563 -0.31496063,11.091905 -16.735563 -0.31496063,
  11.149585 -16.72409 -0.31496063,11.203919 -16.701584 -0.31496063,
  11.252818 -16.668911 -0.31496063,11.294403 -16.627326 -0.31496063,
  11.327076 -16.578427 -0.31496063,11.349582 -16.524093 -0.31496063,
  11.361056 -16.466413 -0.31496063,11.361056 -16.407603 -0.31496063,
  11.349582 -16.349922 -0.31496063,11.327076 -16.295589 -0.31496063,
  11.294403 -16.24669 -0.31496063,11.252818 -16.205105 -0.31496063,
  11.203919 -16.172431 -0.31496063,11.149585 -16.149926 -0.31496063,
  11.091905 -16.138452 -0.31496063,11.033095 -16.138452 -0.31496063,
  10.975415 -16.149926 -0.31496063,10.921081 -16.172431 -0.31496063,
  10.885531 -16.437008 -0.31496063,10.899002 -16.369285 -0.31496063,
  10.937364 -16.311872 -0.31496063,10.994777 -16.27351 -0.31496063,
  11.0625 -16.260039 -0.31496063,11.130223 -16.27351 -0.31496063,
  11.187636 -16.311872 -0.31496063,11.225998 -16.369285 -0.31496063,
  11.239469 -16.437008 -0.31496063,11.225998 -16.504731 -0.31496063,
  11.187636 -16.562144 -0.31496063,11.130223 -16.600505 -0.31496063,
  11.0625 -16.613976 -0.31496063,10.994777 -16.600505 -0.31496063,
  10.937364 -16.562144 -0.31496063,10.899002 -16.504731 -0.31496063,
  10.872182 -17.205105 -0.31496063,10.830597 -17.24669 -0.31496063,
  10.797924 -17.295589 -0.31496063,10.775418 -17.349922 -0.31496063,
  10.763944 -17.407603 -0.31496063,10.763944 -17.466413 -0.31496063,
  10.775418 -17.524093 -0.31496063,10.797924 -17.578427 -0.31496063,
  10.830597 -17.627326 -0.31496063,10.872182 -17.668911 -0.31496063,
  10.921081 -17.701584 -0.31496063,10.975415 -17.72409 -0.31496063,
  11.033095 -17.735563 -0.31496063,11.091905 -17.735563 -0.31496063,
  11.149585 -17.72409 -0.31496063,11.203919 -17.701584 -0.31496063,
  11.252818 -17.668911 -0.31496063,11.294403 -17.627326 -0.31496063,
  11.327076 -17.578427 -0.31496063,11.349582 -17.524093 -0.31496063,
  11.361056 -17.466413 -0.31496063,11.361056 -17.407603 -0.31496063,
  11.349582 -17.349922 -0.31496063,11.327076 -17.295589 -0.31496063,
  11.294403 -17.24669 -0.31496063,11.252818 -17.205105 -0.31496063,
  11.203919 -17.172431 -0.31496063,11.149585 -17.149926 -0.31496063,
  11.091905 -17.138452 -0.31496063,11.033095 -17.138452 -0.31496063,
  10.975415 -17.149926 -0.31496063,10.921081 -17.172431 -0.31496063,
  10.885531 -17.437008 -0.31496063,10.899002 -17.369285 -0.31496063,
  10.937364 -17.311872 -0.31496063,10.994777 -17.27351 -0.31496063,
  11.0625 -17.260039 -0.31496063,11.130223 -17.27351 -0.31496063,
  11.187636 -17.311872 -0.31496063,11.225998 -17.369285 -0.31496063,
  11.239469 -17.437008 -0.31496063,11.225998 -17.504731 -0.31496063,
  11.187636 -17.562144 -0.31496063,11.130223 -17.600505 -0.31496063,
  11.0625 -17.613976 -0.31496063,10.994777 -17.600505 -0.31496063,
  10.937364 -17.562144 -0.31496063,10.899002 -17.504731 -0.31496063,
  10.872182 -18.205105 -0.31496063,10.830597 -18.24669 -0.31496063,
  10.797924 -18.295589 -0.31496063,10.775418 -18.349922 -0.31496063,
  10.763944 -18.407603 -0.31496063,10.763944 -18.466413 -0.31496063,
  10.775418 -18.524093 -0.31496063,10.797924 -18.578427 -0.31496063,
  10.830597 -18.627326 -0.31496063,10.872182 -18.668911 -0.31496063,
  10.921081 -18.701584 -0.31496063,10.975415 -18.72409 -0.31496063,
  11.033095 -18.735563 -0.31496063,11.091905 -18.735563 -0.31496063,
  11.149585 -18.72409 -0.31496063,11.203919 -18.701584 -0.31496063,
  11.252818 -18.668911 -0.31496063,11.294403 -18.627326 -0.31496063,
  11.327076 -18.578427 -0.31496063,11.349582 -18.524093 -0.31496063,
  11.361056 -18.466413 -0.31496063,11.361056 -18.407603 -0.31496063,
  11.349582 -18.349922 -0.31496063,11.327076 -18.295589 -0.31496063,
  11.294403 -18.24669 -0.31496063,11.252818 -18.205105 -0.31496063,
  11.203919 -18.172431 -0.31496063,11.149585 -18.149926 -0.31496063,
  11.091905 -18.138452 -0.31496063,11.033095 -18.138452 -0.31496063,
  10.975415 -18.149926 -0.31496063,10.921081 -18.172431 -0.31496063,
  10.885531 -18.437008 -0.31496063,10.899002 -18.369285 -0.31496063,
  10.937364 -18.311872 -0.31496063,10.994777 -18.27351 -0.31496063,
  11.0625 -18.260039 -0.31496063,11.130223 -18.27351 -0.31496063,
  11.187636 -18.311872 -0.31496063,11.225998 -18.369285 -0.31496063,
  11.239469 -18.437008 -0.31496063,11.225998 -18.504731 -0.31496063,
  11.187636 -18.562144 -0.31496063,11.130223 -18.600505 -0.31496063,
  11.0625 -18.613976 -0.31496063,10.994777 -18.600505 -0.31496063,
  10.937364 -18.562144 -0.31496063,10.899002 -18.504731 -0.31496063,
  16.885531 -17.437008 -0.31496063,16.899002 -17.369285 -0.31496063,
  16.937364 -17.311872 -0.31496063,16.994777 -17.27351 -0.31496063,
  17.0625 -17.260039 -0.31496063,17.130223 -17.27351 -0.31496063,
  17.187636 -17.311872 -0.31496063,17.225998 -17.369285 -0.31496063,
  17.239469 -17.437008 -0.31496063,17.225998 -17.504731 -0.31496063,
  17.187636 -17.562144 -0.31496063,17.130223 -17.600505 -0.31496063,
  17.0625 -17.613976 -0.31496063,16.994777 -17.600505 -0.31496063,
  16.937364 -17.562144 -0.31496063,16.899002 -17.504731 -0.31496063,
  16.885531 -16.437008 -0.31496063,16.899002 -16.369285 -0.31496063,
  16.937364 -16.311872 -0.31496063,16.994777 -16.27351 -0.31496063,
  17.0625 -16.260039 -0.31496063,17.130223 -16.27351 -0.31496063,
  17.187636 -16.311872 -0.31496063,17.225998 -16.369285 -0.31496063,
  17.239469 -16.437008 -0.31496063,17.225998 -16.504731 -0.31496063,
  17.187636 -16.562144 -0.31496063,17.130223 -16.600505 -0.31496063,
  17.0625 -16.613976 -0.31496063,16.994777 -16.600505 -0.31496063,
  16.937364 -16.562144 -0.31496063,16.899002 -16.504731 -0.31496063,
  16.872182 -15.205105 -0.31496063,16.830597 -15.24669 -0.31496063,
  16.797924 -15.295589 -0.31496063,16.775418 -15.349922 -0.31496063,
  16.763944 -15.407603 -0.31496063,16.763944 -15.466413 -0.31496063,
  16.775418 -15.524093 -0.31496063,16.797924 -15.578427 -0.31496063,
  16.830597 -15.627326 -0.31496063,16.872182 -15.668911 -0.31496063,
  16.921081 -15.701584 -0.31496063,16.975415 -15.72409 -0.31496063,
  17.033095 -15.735563 -0.31496063,17.091905 -15.735563 -0.31496063,
  17.149585 -15.72409 -0.31496063,17.203919 -15.701584 -0.31496063,
  17.252818 -15.668911 -0.31496063,17.294403 -15.627326 -0.31496063,
  17.327076 -15.578427 -0.31496063,17.349582 -15.524093 -0.31496063,
  17.359073 -15.476378 -0.31496063,18.312992 -15.476378 -0.31496063,
  18.320673 -15.475622 -0.31496063,18.334865 -15.469743 -0.31496063,
  18.340831 -15.464847 -0.31496063,18.766308 -15.03937 -0.31496063,
  19.125424 -15.03937 -0.31496063,19.64813 -15.562075 -0.31496063,
  19.64813 -17.8125 -0.31496063,19.648886 -17.820181 -0.31496063,
  19.654765 -17.834373 -0.31496063,19.665627 -17.845235 -0.31496063,
  19.679819 -17.851114 -0.31496063,19.6875 -17.85187 -0.31496063,
  22.46063 -17.85187 -0.31496063,22.46063 -22.5 -0.31496063,
  22.461386 -22.507681 -0.31496063,22.467265 -22.521873 -0.31496063,
  22.472161 -22.527839 -0.31496063,22.534661 -22.590339 -0.31496063,
  22.540627 -22.595235 -0.31496063,22.543629 -22.596478 -0.31496063,
  22.554819 -22.601114 -0.31496063,22.5625 -22.60187 -0.31496063,
  28.006618 -22.60187 -0.31496063,28.016395 -22.663598 -0.31496063,
  28.037395 -22.728229 -0.31496063,28.068246 -22.788779 -0.31496063,
  28.10819 -22.843757 -0.31496063,28.156243 -22.89181 -0.31496063,
  28.211221 -22.931754 -0.31496063,28.271771 -22.962605 -0.31496063,
  28.336402 -22.983605 -0.31496063,28.403522 -22.994236 -0.31496063,
  28.471478 -22.994236 -0.31496063,28.538598 -22.983605 -0.31496063,
  28.603229 -22.962605 -0.31496063,28.663779 -22.931754 -0.31496063,
  28.718757 -22.89181 -0.31496063,28.76681 -22.843757 -0.31496063,
  28.806754 -22.788779 -0.31496063,28.837605 -22.728229 -0.31496063,
  28.858605 -22.663598 -0.31496063,28.869236 -22.596478 -0.31496063,
  28.869236 -22.528522 -0.31496063,28.858605 -22.461402 -0.31496063,
  28.837605 -22.396771 -0.31496063,28.806754 -22.336221 -0.31496063,
  28.76681 -22.281243 -0.31496063,28.718757 -22.23319 -0.31496063,
  28.663779 -22.193246 -0.31496063,28.603229 -22.162395 -0.31496063,
  28.538598 -22.141395 -0.31496063,28.471478 -22.130764 -0.31496063,
  28.403522 -22.130764 -0.31496063,28.336402 -22.141395 -0.31496063,
  28.271771 -22.162395 -0.31496063,28.211221 -22.193246 -0.31496063,
  28.156243 -22.23319 -0.31496063,28.10819 -22.281243 -0.31496063,
  28.068246 -22.336221 -0.31496063,28.037395 -22.396771 -0.31496063,
  28.016395 -22.461402 -0.31496063,28.006618 -22.52313 -0.31496063,
  22.578807 -22.52313 -0.31496063,22.53937 -22.483692 -0.31496063,
  22.53937 -17.8125 -0.31496063,22.538614 -17.804819 -0.31496063,
  22.532735 -17.790627 -0.31496063,22.521873 -17.779765 -0.31496063,
  22.507681 -17.773886 -0.31496063,22.5 -17.77313 -0.31496063,
  19.72687 -17.77313 -0.31496063,19.72687 -15.545768 -0.31496063,
  19.726114 -15.538087 -0.31496063,19.720235 -15.523895 -0.31496063,
  19.715339 -15.517929 -0.31496063,19.169571 -14.972161 -0.31496063,
  19.163605 -14.967265 -0.31496063,19.149413 -14.961386 -0.31496063,
  19.141732 -14.96063 -0.31496063,18.75 -14.96063 -0.31496063,
  18.742319 -14.961386 -0.31496063,18.728127 -14.967265 -0.31496063,
  18.722161 -14.972161 -0.31496063,18.296684 -15.397638 -0.31496063,
  17.359073 -15.397638 -0.31496063,17.349582 -15.349922 -0.31496063,
  17.327076 -15.295589 -0.31496063,17.294403 -15.24669 -0.31496063,
  17.252818 -15.205105 -0.31496063,17.203919 -15.172431 -0.31496063,
  17.149585 -15.149926 -0.31496063,17.091905 -15.138452 -0.31496063,
  17.033095 -15.138452 -0.31496063,16.975415 -15.149926 -0.31496063,
  16.921081 -15.172431 -0.31496063,16.885531 -15.437008 -0.31496063,
  16.899002 -15.369285 -0.31496063,16.937364 -15.311872 -0.31496063,
  16.994777 -15.27351 -0.31496063,17.0625 -15.260039 -0.31496063,
  17.130223 -15.27351 -0.31496063,17.187636 -15.311872 -0.31496063,
  17.225998 -15.369285 -0.31496063,17.239469 -15.437008 -0.31496063,
  17.225998 -15.504731 -0.31496063,17.187636 -15.562144 -0.31496063,
  17.130223 -15.600505 -0.31496063,17.0625 -15.613976 -0.31496063,
  16.994777 -15.600505 -0.31496063,16.937364 -15.562144 -0.31496063,
  16.899002 -15.504731 -0.31496063,16.872182 -14.205105 -0.31496063,
  16.830597 -14.24669 -0.31496063,16.797924 -14.295589 -0.31496063,
  16.775418 -14.349922 -0.31496063,16.763944 -14.407603 -0.31496063,
  16.763944 -14.466413 -0.31496063,16.775418 -14.524093 -0.31496063,
  16.797924 -14.578427 -0.31496063,16.830597 -14.627326 -0.31496063,
  16.872182 -14.668911 -0.31496063,16.921081 -14.701584 -0.31496063,
  16.975415 -14.72409 -0.31496063,17.033095 -14.735563 -0.31496063,
  17.091905 -14.735563 -0.31496063,17.149585 -14.72409 -0.31496063,
  17.203919 -14.701584 -0.31496063,17.252818 -14.668911 -0.31496063,
  17.294403 -14.627326 -0.31496063,17.327076 -14.578427 -0.31496063,
  17.349582 -14.524093 -0.31496063,17.361056 -14.466413 -0.31496063,
  17.361056 -14.407603 -0.31496063,17.349582 -14.349922 -0.31496063,
  17.327076 -14.295589 -0.31496063,17.294403 -14.24669 -0.31496063,
  17.252818 -14.205105 -0.31496063,17.203919 -14.172431 -0.31496063,
  17.149585 -14.149926 -0.31496063,17.091905 -14.138452 -0.31496063,
  17.033095 -14.138452 -0.31496063,16.975415 -14.149926 -0.31496063,
  16.921081 -14.172431 -0.31496063,16.885531 -14.437008 -0.31496063,
  16.899002 -14.369285 -0.31496063,16.937364 -14.311872 -0.31496063,
  16.994777 -14.27351 -0.31496063,17.0625 -14.260039 -0.31496063,
  17.130223 -14.27351 -0.31496063,17.187636 -14.311872 -0.31496063,
  17.225998 -14.369285 -0.31496063,17.239469 -14.437008 -0.31496063,
  17.225998 -14.504731 -0.31496063,17.187636 -14.562144 -0.31496063,
  17.130223 -14.600505 -0.31496063,17.0625 -14.613976 -0.31496063,
  16.994777 -14.600505 -0.31496063,16.937364 -14.562144 -0.31496063,
  16.899002 -14.504731 -0.31496063,16.872182 -13.205105 -0.31496063,
  16.830597 -13.24669 -0.31496063,16.797924 -13.295589 -0.31496063,
  16.775418 -13.349922 -0.31496063,16.763944 -13.407603 -0.31496063,
  16.763944 -13.466413 -0.31496063,16.775418 -13.524093 -0.31496063,
  16.797924 -13.578427 -0.31496063,16.830597 -13.627326 -0.31496063,
  16.872182 -13.668911 -0.31496063,16.921081 -13.701584 -0.31496063,
  16.975415 -13.72409 -0.31496063,17.033095 -13.735563 -0.31496063,
  17.091905 -13.735563 -0.31496063,17.149585 -13.72409 -0.31496063,
  17.203919 -13.701584 -0.31496063,17.252818 -13.668911 -0.31496063,
  17.294403 -13.627326 -0.31496063,17.327076 -13.578427 -0.31496063,
  17.349582 -13.524093 -0.31496063,17.361056 -13.466413 -0.31496063,
  17.361056 -13.407603 -0.31496063,17.349582 -13.349922 -0.31496063,
  17.327076 -13.295589 -0.31496063,17.294403 -13.24669 -0.31496063,
  17.252818 -13.205105 -0.31496063,17.203919 -13.172431 -0.31496063,
  17.149585 -13.149926 -0.31496063,17.091905 -13.138452 -0.31496063,
  17.033095 -13.138452 -0.31496063,16.975415 -13.149926 -0.31496063,
  16.921081 -13.172431 -0.31496063,16.885531 -13.437008 -0.31496063,
  16.899002 -13.369285 -0.31496063,16.937364 -13.311872 -0.31496063,
  16.994777 -13.27351 -0.31496063,17.0625 -13.260039 -0.31496063,
  17.130223 -13.27351 -0.31496063,17.187636 -13.311872 -0.31496063,
  17.225998 -13.369285 -0.31496063,17.239469 -13.437008 -0.31496063,
  17.225998 -13.504731 -0.31496063,17.187636 -13.562144 -0.31496063,
  17.130223 -13.600505 -0.31496063,17.0625 -13.613976 -0.31496063,
  16.994777 -13.600505 -0.31496063,16.937364 -13.562144 -0.31496063,
  16.899002 -13.504731 -0.31496063,16.872182 -12.205105 -0.31496063,
  16.830597 -12.24669 -0.31496063,16.797924 -12.295589 -0.31496063,
  16.775418 -12.349922 -0.31496063,16.763944 -12.407603 -0.31496063,
  16.763944 -12.466413 -0.31496063,16.775418 -12.524093 -0.31496063,
  16.797924 -12.578427 -0.31496063,16.830597 -12.627326 -0.31496063,
  16.872182 -12.668911 -0.31496063,16.921081 -12.701584 -0.31496063,
  16.975415 -12.72409 -0.31496063,17.033095 -12.735563 -0.31496063,
  17.091905 -12.735563 -0.31496063,17.149585 -12.72409 -0.31496063,
  17.203919 -12.701584 -0.31496063,17.252818 -12.668911 -0.31496063,
  17.294403 -12.627326 -0.31496063,17.327076 -12.578427 -0.31496063,
  17.349582 -12.524093 -0.31496063,17.361056 -12.466413 -0.31496063,
  17.361056 -12.407603 -0.31496063,17.349582 -12.349922 -0.31496063,
  17.327076 -12.295589 -0.31496063,17.294403 -12.24669 -0.31496063,
  17.252818 -12.205105 -0.31496063,17.203919 -12.172431 -0.31496063,
  17.149585 -12.149926 -0.31496063,17.091905 -12.138452 -0.31496063,
  17.033095 -12.138452 -0.31496063,16.975415 -12.149926 -0.31496063,
  16.921081 -12.172431 -0.31496063,16.885531 -12.437008 -0.31496063,
  16.899002 -12.369285 -0.31496063,16.937364 -12.311872 -0.31496063,
  16.994777 -12.27351 -0.31496063,17.0625 -12.260039 -0.31496063,
  17.130223 -12.27351 -0.31496063,17.187636 -12.311872 -0.31496063,
  17.225998 -12.369285 -0.31496063,17.239469 -12.437008 -0.31496063,
  17.225998 -12.504731 -0.31496063,17.187636 -12.562144 -0.31496063,
  17.130223 -12.600505 -0.31496063,17.0625 -12.613976 -0.31496063,
  16.994777 -12.600505 -0.31496063,16.937364 -12.562144 -0.31496063,
  16.899002 -12.504731 -0.31496063,23.10819 -13.781243 -0.31496063,
  23.068246 -13.836221 -0.31496063,23.037395 -13.896771 -0.31496063,
  23.016395 -13.961402 -0.31496063,23.005764 -14.028522 -0.31496063,
  23.005764 -14.096478 -0.31496063,23.016395 -14.163598 -0.31496063,
  23.037395 -14.228229 -0.31496063,23.068246 -14.288779 -0.31496063,
  23.10819 -14.343757 -0.31496063,23.156243 -14.39181 -0.31496063,
  23.211221 -14.431754 -0.31496063,23.271771 -14.462605 -0.31496063,
  23.336402 -14.483605 -0.31496063,23.403522 -14.494236 -0.31496063,
  23.471478 -14.494236 -0.31496063,23.538598 -14.483605 -0.31496063,
  23.603229 -14.462605 -0.31496063,23.663779 -14.431754 -0.31496063,
  23.718757 -14.39181 -0.31496063,23.76681 -14.343757 -0.31496063,
  23.806754 -14.288779 -0.31496063,23.837605 -14.228229 -0.31496063,
  23.858605 -14.163598 -0.31496063,23.869236 -14.096478 -0.31496063,
  23.869236 -14.028522 -0.31496063,23.858605 -13.961402 -0.31496063,
  23.837605 -13.896771 -0.31496063,23.806754 -13.836221 -0.31496063,
  23.76681 -13.781243 -0.31496063,23.718757 -13.73319 -0.31496063,
  23.663779 -13.693246 -0.31496063,23.603229 -13.662395 -0.31496063,
  23.538598 -13.641395 -0.31496063,23.471478 -13.630764 -0.31496063,
  23.403522 -13.630764 -0.31496063,23.336402 -13.641395 -0.31496063,
  23.271771 -13.662395 -0.31496063,23.211221 -13.693246 -0.31496063,
  23.156243 -13.73319 -0.31496063,23.140256 -14.0625 -0.31496063,
  23.162882 -13.94875 -0.31496063,23.227317 -13.852317 -0.31496063,
  23.32375 -13.787882 -0.31496063,23.4375 -13.765256 -0.31496063,
  23.55125 -13.787882 -0.31496063,23.647683 -13.852317 -0.31496063,
  23.712118 -13.94875 -0.31496063,23.734744 -14.0625 -0.31496063,
  23.712118 -14.17625 -0.31496063,23.647683 -14.272683 -0.31496063,
  23.55125 -14.337118 -0.31496063,23.4375 -14.359744 -0.31496063,
  23.32375 -14.337118 -0.31496063,23.227317 -14.272683 -0.31496063,
  23.162882 -14.17625 -0.31496063,16.885531 -18.437008 -0.31496063,
  16.899002 -18.369285 -0.31496063,16.937364 -18.311872 -0.31496063,
  16.994777 -18.27351 -0.31496063,17.0625 -18.260039 -0.31496063,
  17.130223 -18.27351 -0.31496063,17.187636 -18.311872 -0.31496063,
  17.225998 -18.369285 -0.31496063,17.239469 -18.437008 -0.31496063,
  17.225998 -18.504731 -0.31496063,17.187636 -18.562144 -0.31496063,
  17.130223 -18.600505 -0.31496063,17.0625 -18.613976 -0.31496063,
  16.994777 -18.600505 -0.31496063,16.937364 -18.562144 -0.31496063,
  16.899002 -18.504731 -0.31496063,30.60819 -13.781243 -0.31496063,
  30.568246 -13.836221 -0.31496063,30.537395 -13.896771 -0.31496063,
  30.516395 -13.961402 -0.31496063,30.505764 -14.028522 -0.31496063,
  30.505764 -14.096478 -0.31496063,30.516395 -14.163598 -0.31496063,
  30.537395 -14.228229 -0.31496063,30.568246 -14.288779 -0.31496063,
  30.60819 -14.343757 -0.31496063,30.656243 -14.39181 -0.31496063,
  30.711221 -14.431754 -0.31496063,30.771771 -14.462605 -0.31496063,
  30.836402 -14.483605 -0.31496063,30.903522 -14.494236 -0.31496063,
  30.971478 -14.494236 -0.31496063,31.038598 -14.483605 -0.31496063,
  31.103229 -14.462605 -0.31496063,31.163779 -14.431754 -0.31496063,
  31.218757 -14.39181 -0.31496063,31.26681 -14.343757 -0.31496063,
  31.306754 -14.288779 -0.31496063,31.337605 -14.228229 -0.31496063,
  31.358605 -14.163598 -0.31496063,31.369236 -14.096478 -0.31496063,
  31.369236 -14.028522 -0.31496063,31.358605 -13.961402 -0.31496063,
  31.337605 -13.896771 -0.31496063,31.306754 -13.836221 -0.31496063,
  31.26681 -13.781243 -0.31496063,31.218757 -13.73319 -0.31496063,
  31.163779 -13.693246 -0.31496063,31.103229 -13.662395 -0.31496063,
  31.038598 -13.641395 -0.31496063,30.971478 -13.630764 -0.31496063,
  30.903522 -13.630764 -0.31496063,30.836402 -13.641395 -0.31496063,
  30.771771 -13.662395 -0.31496063,30.711221 -13.693246 -0.31496063,
  30.656243 -13.73319 -0.31496063,30.640256 -14.0625 -0.31496063,
  30.662882 -13.94875 -0.31496063,30.727317 -13.852317 -0.31496063,
  30.82375 -13.787882 -0.31496063,30.9375 -13.765256 -0.31496063,
  31.05125 -13.787882 -0.31496063,31.147683 -13.852317 -0.31496063,
  31.212118 -13.94875 -0.31496063,31.234744 -14.0625 -0.31496063,
  31.212118 -14.17625 -0.31496063,31.147683 -14.272683 -0.31496063,
  31.05125 -14.337118 -0.31496063,30.9375 -14.359744 -0.31496063,
  30.82375 -14.337118 -0.31496063,30.727317 -14.272683 -0.31496063,
  30.662882 -14.17625 -0.31496063,28.10819 -14.781243 -0.31496063,
  28.068246 -14.836221 -0.31496063,28.037395 -14.896771 -0.31496063,
  28.016395 -14.961402 -0.31496063,28.005764 -15.028522 -0.31496063,
  28.005764 -15.096478 -0.31496063,28.016395 -15.163598 -0.31496063,
  28.037395 -15.228229 -0.31496063,28.068246 -15.288779 -0.31496063,
  28.10819 -15.343757 -0.31496063,28.156243 -15.39181 -0.31496063,
  28.211221 -15.431754 -0.31496063,28.271771 -15.462605 -0.31496063,
  28.336402 -15.483605 -0.31496063,28.403522 -15.494236 -0.31496063,
  28.471478 -15.494236 -0.31496063,28.538598 -15.483605 -0.31496063,
  28.603229 -15.462605 -0.31496063,28.663779 -15.431754 -0.31496063,
  28.718757 -15.39181 -0.31496063,28.76681 -15.343757 -0.31496063,
  28.806754 -15.288779 -0.31496063,28.837605 -15.228229 -0.31496063,
  28.858605 -15.163598 -0.31496063,28.868382 -15.10187 -0.31496063,
  32.75 -15.10187 -0.31496063,32.757681 -15.101114 -0.31496063,
  32.771873 -15.095235 -0.31496063,32.777839 -15.090339 -0.31496063,
  32.8125 -15.055678 -0.31496063,33.71063 -15.953808 -0.31496063,
  33.71063 -25.296192 -0.31496063,32.796192 -26.21063 -0.31496063,
  18.766307 -26.21063 -0.31496063,18.631496 -26.075818 -0.31496063,
  18.631496 -17.654626 -0.31496063,18.63074 -17.646945 -0.31496063,
  18.624861 -17.632753 -0.31496063,18.619965 -17.626787 -0.31496063,
  18.402347 -17.409169 -0.31496063,18.396381 -17.404273 -0.31496063,
  18.382189 -17.398394 -0.31496063,18.374508 -17.397638 -0.31496063,
  17.359073 -17.397638 -0.31496063,17.349582 -17.349922 -0.31496063,
  17.327076 -17.295589 -0.31496063,17.294403 -17.24669 -0.31496063,
  17.252818 -17.205105 -0.31496063,17.203919 -17.172431 -0.31496063,
  17.149585 -17.149926 -0.31496063,17.091905 -17.138452 -0.31496063,
  17.033095 -17.138452 -0.31496063,16.975415 -17.149926 -0.31496063,
  16.921081 -17.172431 -0.31496063,16.872182 -17.205105 -0.31496063,
  16.830597 -17.24669 -0.31496063,16.797924 -17.295589 -0.31496063,
  16.775418 -17.349922 -0.31496063,16.763944 -17.407603 -0.31496063,
  16.763944 -17.466413 -0.31496063,16.775418 -17.524093 -0.31496063,
  16.797924 -17.578427 -0.31496063,16.830597 -17.627326 -0.31496063,
  16.872182 -17.668911 -0.31496063,16.921081 -17.701584 -0.31496063,
  16.975415 -17.72409 -0.31496063,17.033095 -17.735563 -0.31496063,
  17.091905 -17.735563 -0.31496063,17.149585 -17.72409 -0.31496063,
  17.203919 -17.701584 -0.31496063,17.252818 -17.668911 -0.31496063,
  17.294403 -17.627326 -0.31496063,17.327076 -17.578427 -0.31496063,
  17.349582 -17.524093 -0.31496063,17.359073 -17.476378 -0.31496063,
  18.3582 -17.476378 -0.31496063,18.552756 -17.670933 -0.31496063,
  18.552756 -26.092126 -0.31496063,18.553512 -26.099807 -0.31496063,
  18.559391 -26.113999 -0.31496063,18.564287 -26.119965 -0.31496063,
  18.722161 -26.277839 -0.31496063,18.728127 -26.282735 -0.31496063,
  18.742319 -26.288614 -0.31496063,18.75 -26.28937 -0.31496063,
  32.8125 -26.28937 -0.31496063,32.820181 -26.288614 -0.31496063,
  32.834373 -26.282735 -0.31496063,32.840339 -26.277839 -0.31496063,
  33.777839 -25.340339 -0.31496063,33.782735 -25.334373 -0.31496063,
  33.788614 -25.320181 -0.31496063,33.78937 -25.3125 -0.31496063,
  33.78937 -15.9375 -0.31496063,33.788614 -15.929819 -0.31496063,
  33.782735 -15.915627 -0.31496063,33.777839 -15.909661 -0.31496063,
  32.840339 -14.972161 -0.31496063,32.834373 -14.967265 -0.31496063,
  32.820181 -14.961386 -0.31496063,32.804819 -14.961386 -0.31496063,
  32.794783 -14.965543 -0.31496063,32.790627 -14.967265 -0.31496063,
  32.784661 -14.972161 -0.31496063,32.733692 -15.02313 -0.31496063,
  28.868382 -15.02313 -0.31496063,28.858605 -14.961402 -0.31496063,
  28.837605 -14.896771 -0.31496063,28.806754 -14.836221 -0.31496063,
  28.76681 -14.781243 -0.31496063,28.718757 -14.73319 -0.31496063,
  28.663779 -14.693246 -0.31496063,28.603229 -14.662395 -0.31496063,
  28.538598 -14.641395 -0.31496063,28.471478 -14.630764 -0.31496063,
  28.403522 -14.630764 -0.31496063,28.336402 -14.641395 -0.31496063,
  28.271771 -14.662395 -0.31496063,28.211221 -14.693246 -0.31496063,
  28.156243 -14.73319 -0.31496063,28.140256 -15.0625 -0.31496063,
  28.162882 -14.94875 -0.31496063,28.227317 -14.852317 -0.31496063,
  28.32375 -14.787882 -0.31496063,28.4375 -14.765256 -0.31496063,
  28.55125 -14.787882 -0.31496063,28.647683 -14.852317 -0.31496063,
  28.712118 -14.94875 -0.31496063,28.734744 -15.0625 -0.31496063,
  28.712118 -15.17625 -0.31496063,28.647683 -15.272683 -0.31496063,
  28.55125 -15.337118 -0.31496063,28.4375 -15.359744 -0.31496063,
  28.32375 -15.337118 -0.31496063,28.227317 -15.272683 -0.31496063,
  28.162882 -15.17625 -0.31496063,20.60819 -14.781243 -0.31496063,
  20.568246 -14.836221 -0.31496063,20.537395 -14.896771 -0.31496063,
  20.516395 -14.961402 -0.31496063,20.505764 -15.028522 -0.31496063,
  20.505764 -15.096478 -0.31496063,20.516395 -15.163598 -0.31496063,
  20.537395 -15.228229 -0.31496063,20.568246 -15.288779 -0.31496063,
  20.60819 -15.343757 -0.31496063,20.656243 -15.39181 -0.31496063,
  20.711221 -15.431754 -0.31496063,20.771771 -15.462605 -0.31496063,
  20.836402 -15.483605 -0.31496063,20.903522 -15.494236 -0.31496063,
  20.971478 -15.494236 -0.31496063,21.038598 -15.483605 -0.31496063,
  21.103229 -15.462605 -0.31496063,21.163779 -15.431754 -0.31496063,
  21.218757 -15.39181 -0.31496063,21.26681 -15.343757 -0.31496063,
  21.306754 -15.288779 -0.31496063,21.337605 -15.228229 -0.31496063,
  21.358605 -15.163598 -0.31496063,21.369236 -15.096478 -0.31496063,
  21.369236 -15.028522 -0.31496063,21.358605 -14.961402 -0.31496063,
  21.337605 -14.896771 -0.31496063,21.306754 -14.836221 -0.31496063,
  21.26681 -14.781243 -0.31496063,21.218757 -14.73319 -0.31496063,
  21.163779 -14.693246 -0.31496063,21.103229 -14.662395 -0.31496063,
  21.038598 -14.641395 -0.31496063,20.97687 -14.631618 -0.31496063,
  20.97687 -13.4375 -0.31496063,20.976114 -13.429819 -0.31496063,
  20.970235 -13.415627 -0.31496063,20.965339 -13.409661 -0.31496063,
  19.014453 -11.458775 -0.31496063,19.008487 -11.453879 -0.31496063,
  18.994295 -11.448 -0.31496063,18.986614 -11.447244 -0.31496063,
  16.875 -11.447244 -0.31496063,16.867319 -11.448 -0.31496063,
  16.853127 -11.453879 -0.31496063,16.847161 -11.458775 -0.31496063,
  15.909661 -12.396275 -0.31496063,15.904765 -12.402241 -0.31496063,
  15.898886 -12.416433 -0.31496063,15.89813 -12.424114 -0.31496063,
  15.89813 -17.8125 -0.31496063,15.898886 -17.820181 -0.31496063,
  15.904765 -17.834373 -0.31496063,15.909661 -17.840339 -0.31496063,
  16.534169 -18.464846 -0.31496063,16.540135 -18.469743 -0.31496063,
  16.544291 -18.471465 -0.31496063,16.554327 -18.475622 -0.31496063,
  16.562008 -18.476378 -0.31496063,16.765927 -18.476378 -0.31496063,
  16.775418 -18.524093 -0.31496063,16.797924 -18.578427 -0.31496063,
  16.830597 -18.627326 -0.31496063,16.872182 -18.668911 -0.31496063,
  16.921081 -18.701584 -0.31496063,16.975415 -18.72409 -0.31496063,
  17.033095 -18.735563 -0.31496063,17.091905 -18.735563 -0.31496063,
  17.149585 -18.72409 -0.31496063,17.203919 -18.701584 -0.31496063,
  17.252818 -18.668911 -0.31496063,17.294403 -18.627326 -0.31496063,
  17.327076 -18.578427 -0.31496063,17.349582 -18.524093 -0.31496063,
  17.361056 -18.466413 -0.31496063,17.361056 -18.407603 -0.31496063,
  17.349582 -18.349922 -0.31496063,17.327076 -18.295589 -0.31496063,
  17.294403 -18.24669 -0.31496063,17.252818 -18.205105 -0.31496063,
  17.203919 -18.172431 -0.31496063,17.149585 -18.149926 -0.31496063,
  17.091905 -18.138452 -0.31496063,17.033095 -18.138452 -0.31496063,
  16.975415 -18.149926 -0.31496063,16.921081 -18.172431 -0.31496063,
  16.872182 -18.205105 -0.31496063,16.830597 -18.24669 -0.31496063,
  16.797924 -18.295589 -0.31496063,16.775418 -18.349922 -0.31496063,
  16.765927 -18.397638 -0.31496063,16.578315 -18.397638 -0.31496063,
  15.97687 -17.796192 -0.31496063,15.97687 -12.440422 -0.31496063,
  16.891308 -11.525984 -0.31496063,18.970306 -11.525984 -0.31496063,
  20.89813 -13.453808 -0.31496063,20.89813 -14.631618 -0.31496063,
  20.836402 -14.641395 -0.31496063,20.771771 -14.662395 -0.31496063,
  20.711221 -14.693246 -0.31496063,20.656243 -14.73319 -0.31496063,
  20.640256 -15.0625 -0.31496063,20.662882 -14.94875 -0.31496063,
  20.727317 -14.852317 -0.31496063,20.82375 -14.787882 -0.31496063,
  20.9375 -14.765256 -0.31496063,21.05125 -14.787882 -0.31496063,
  21.147683 -14.852317 -0.31496063,21.212118 -14.94875 -0.31496063,
  21.234744 -15.0625 -0.31496063,21.212118 -15.17625 -0.31496063,
  21.147683 -15.272683 -0.31496063,21.05125 -15.337118 -0.31496063,
  20.9375 -15.359744 -0.31496063,20.82375 -15.337118 -0.31496063,
  20.727317 -15.272683 -0.31496063,20.662882 -15.17625 -0.31496063,
  20.60819 -22.281243 -0.31496063,20.568246 -22.336221 -0.31496063,
  20.537395 -22.396771 -0.31496063,20.516395 -22.461402 -0.31496063,
  20.505764 -22.528522 -0.31496063,20.505764 -22.596478 -0.31496063,
  20.516395 -22.663598 -0.31496063,20.537395 -22.728229 -0.31496063,
  20.568246 -22.788779 -0.31496063,20.60819 -22.843757 -0.31496063,
  20.656243 -22.89181 -0.31496063,20.711221 -22.931754 -0.31496063,
  20.771771 -22.962605 -0.31496063,20.836402 -22.983605 -0.31496063,
  20.903522 -22.994236 -0.31496063,20.971478 -22.994236 -0.31496063,
  21.038598 -22.983605 -0.31496063,21.103229 -22.962605 -0.31496063,
  21.163779 -22.931754 -0.31496063,21.218757 -22.89181 -0.31496063,
  21.26681 -22.843757 -0.31496063,21.306754 -22.788779 -0.31496063,
  21.337605 -22.728229 -0.31496063,21.358605 -22.663598 -0.31496063,
  21.369236 -22.596478 -0.31496063,21.369236 -22.528522 -0.31496063,
  21.358605 -22.461402 -0.31496063,21.337605 -22.396771 -0.31496063,
  21.306754 -22.336221 -0.31496063,21.26681 -22.281243 -0.31496063,
  21.218757 -22.23319 -0.31496063,21.163779 -22.193246 -0.31496063,
  21.103229 -22.162395 -0.31496063,21.038598 -22.141395 -0.31496063,
  20.97687 -22.131618 -0.31496063,20.97687 -19.0625 -0.31496063,
  20.976114 -19.054819 -0.31496063,20.970235 -19.040627 -0.31496063,
  20.965339 -19.034661 -0.31496063,20.652839 -18.722161 -0.31496063,
  20.646873 -18.717265 -0.31496063,20.632681 -18.711386 -0.31496063,
  20.625 -18.71063 -0.31496063,18.78937 -18.71063 -0.31496063,
  18.78937 -16.875 -0.31496063,18.788614 -16.867319 -0.31496063,
  18.782735 -16.853127 -0.31496063,18.777839 -16.847161 -0.31496063,
  18.339847 -16.409169 -0.31496063,18.333881 -16.404273 -0.31496063,
  18.319689 -16.398394 -0.31496063,18.312008 -16.397638 -0.31496063,
  17.359073 -16.397638 -0.31496063,17.349582 -16.349922 -0.31496063,
  17.327076 -16.295589 -0.31496063,17.294403 -16.24669 -0.31496063,
  17.252818 -16.205105 -0.31496063,17.203919 -16.172431 -0.31496063,
  17.149585 -16.149926 -0.31496063,17.091905 -16.138452 -0.31496063,
  17.033095 -16.138452 -0.31496063,16.975415 -16.149926 -0.31496063,
  16.921081 -16.172431 -0.31496063,16.872182 -16.205105 -0.31496063,
  16.830597 -16.24669 -0.31496063,16.797924 -16.295589 -0.31496063,
  16.775418 -16.349922 -0.31496063,16.763944 -16.407603 -0.31496063,
  16.763944 -16.466413 -0.31496063,16.775418 -16.524093 -0.31496063,
  16.797924 -16.578427 -0.31496063,16.830597 -16.627326 -0.31496063,
  16.872182 -16.668911 -0.31496063,16.921081 -16.701584 -0.31496063,
  16.975415 -16.72409 -0.31496063,17.033095 -16.735563 -0.31496063,
  17.091905 -16.735563 -0.31496063,17.149585 -16.72409 -0.31496063,
  17.203919 -16.701584 -0.31496063,17.252818 -16.668911 -0.31496063,
  17.294403 -16.627326 -0.31496063,17.327076 -16.578427 -0.31496063,
  17.349582 -16.524093 -0.31496063,17.359073 -16.476378 -0.31496063,
  18.2957 -16.476378 -0.31496063,18.71063 -16.891307 -0.31496063,
  18.71063 -18.75 -0.31496063,18.711386 -18.757681 -0.31496063,
  18.717265 -18.771873 -0.31496063,18.728127 -18.782735 -0.31496063,
  18.742319 -18.788614 -0.31496063,18.75 -18.78937 -0.31496063,
  20.608692 -18.78937 -0.31496063,20.89813 -19.078808 -0.31496063,
  20.89813 -22.131618 -0.31496063,20.836402 -22.141395 -0.31496063,
  20.771771 -22.162395 -0.31496063,20.711221 -22.193246 -0.31496063,
  20.656243 -22.23319 -0.31496063,20.640256 -22.5625 -0.31496063,
  20.662882 -22.44875 -0.31496063,20.727317 -22.352317 -0.31496063,
  20.82375 -22.287882 -0.31496063,20.9375 -22.265256 -0.31496063,
  21.05125 -22.287882 -0.31496063,21.147683 -22.352317 -0.31496063,
  21.212118 -22.44875 -0.31496063,21.234744 -22.5625 -0.31496063,
  21.212118 -22.67625 -0.31496063,21.147683 -22.772683 -0.31496063,
  21.05125 -22.837118 -0.31496063,20.9375 -22.859744 -0.31496063,
  20.82375 -22.837118 -0.31496063,20.727317 -22.772683 -0.31496063,
  20.662882 -22.67625 -0.31496063,23.10819 -21.281243 -0.31496063,
  23.068246 -21.336221 -0.31496063,23.037395 -21.396771 -0.31496063,
  23.016395 -21.461402 -0.31496063,23.005764 -21.528522 -0.31496063,
  23.005764 -21.596478 -0.31496063,23.016395 -21.663598 -0.31496063,
  23.037395 -21.728229 -0.31496063,23.068246 -21.788779 -0.31496063,
  23.10819 -21.843757 -0.31496063,23.156243 -21.89181 -0.31496063,
  23.211221 -21.931754 -0.31496063,23.271771 -21.962605 -0.31496063,
  23.336402 -21.983605 -0.31496063,23.403522 -21.994236 -0.31496063,
  23.471478 -21.994236 -0.31496063,23.538598 -21.983605 -0.31496063,
  23.603229 -21.962605 -0.31496063,23.663779 -21.931754 -0.31496063,
  23.718757 -21.89181 -0.31496063,23.76681 -21.843757 -0.31496063,
  23.806754 -21.788779 -0.31496063,23.837605 -21.728229 -0.31496063,
  23.858605 -21.663598 -0.31496063,23.869236 -21.596478 -0.31496063,
  23.869236 -21.528522 -0.31496063,23.858605 -21.461402 -0.31496063,
  23.837605 -21.396771 -0.31496063,23.806754 -21.336221 -0.31496063,
  23.76681 -21.281243 -0.31496063,23.718757 -21.23319 -0.31496063,
  23.663779 -21.193246 -0.31496063,23.603229 -21.162395 -0.31496063,
  23.538598 -21.141395 -0.31496063,23.471478 -21.130764 -0.31496063,
  23.403522 -21.130764 -0.31496063,23.336402 -21.141395 -0.31496063,
  23.271771 -21.162395 -0.31496063,23.211221 -21.193246 -0.31496063,
  23.156243 -21.23319 -0.31496063,23.140256 -21.5625 -0.31496063,
  23.162882 -21.44875 -0.31496063,23.227317 -21.352317 -0.31496063,
  23.32375 -21.287882 -0.31496063,23.4375 -21.265256 -0.31496063,
  23.55125 -21.287882 -0.31496063,23.647683 -21.352317 -0.31496063,
  23.712118 -21.44875 -0.31496063,23.734744 -21.5625 -0.31496063,
  23.712118 -21.67625 -0.31496063,23.647683 -21.772683 -0.31496063,
  23.55125 -21.837118 -0.31496063,23.4375 -21.859744 -0.31496063,
  23.32375 -21.837118 -0.31496063,23.227317 -21.772683 -0.31496063,
  23.162882 -21.67625 -0.31496063] }
 coordIndex [
  495,494,11,-1,495,11,496,-1,496,11,10,-1,496,10,497,-1,497,10,9,-1,497,9,498,-1,498,9,8,-1,498,8,499,-1,
  499,8,508,-1,499,508,500,-1,500,508,507,-1,500,507,501,-1,501,507,506,-1,501,506,502,-1,502,506,505,-1,502,505,503,-1,
  503,505,504,-1,5,512,511,-1,5,511,6,-1,6,511,510,-1,6,510,7,-1,7,510,509,-1,7,509,8,-1,8,509,508,-1,
  514,513,4,-1,4,513,5,-1,5,513,512,-1,489,488,519,-1,489,519,0,-1,0,519,518,-1,0,518,1,-1,1,518,517,-1,
  1,517,2,-1,2,517,516,-1,2,516,3,-1,3,516,515,-1,3,515,4,-1,4,515,514,-1,13,12,492,-1,492,12,493,-1,
  493,12,494,-1,494,12,11,-1,489,0,15,-1,489,15,490,-1,490,15,14,-1,490,14,491,-1,491,14,13,-1,491,13,492,-1,
  483,482,524,-1,483,524,484,-1,484,524,523,-1,484,523,485,-1,485,523,522,-1,485,522,486,-1,486,522,521,-1,486,521,487,-1,
  487,521,520,-1,487,520,488,-1,488,520,519,-1,479,527,525,-1,479,525,480,-1,480,525,524,-1,480,524,481,-1,481,524,482,-1,
  527,479,528,-1,528,479,529,-1,529,479,530,-1,530,479,531,-1,531,479,478,-1,532,531,474,-1,474,531,476,-1,476,531,477,-1,
  477,531,478,-1,533,532,534,-1,534,532,535,-1,535,532,536,-1,536,532,473,-1,473,532,474,-1,537,536,467,-1,467,536,469,-1,
  469,536,470,-1,470,536,471,-1,471,536,472,-1,472,536,473,-1,537,467,538,-1,538,467,539,-1,539,467,540,-1,540,467,466,-1,
  466,465,540,-1,540,465,541,-1,541,465,542,-1,542,465,543,-1,543,465,544,-1,544,465,464,-1,545,544,461,-1,461,544,462,-1,
  462,544,463,-1,463,544,464,-1,456,565,550,-1,456,550,457,-1,457,550,549,-1,457,549,458,-1,458,549,548,-1,458,548,459,-1,
  459,548,547,-1,459,547,460,-1,460,547,546,-1,460,546,461,-1,461,546,545,-1,558,557,556,-1,558,556,559,-1,559,556,555,-1,
  559,555,560,-1,560,555,554,-1,560,554,561,-1,561,554,553,-1,561,553,562,-1,562,553,552,-1,562,552,563,-1,563,552,551,-1,
  563,551,564,-1,564,551,550,-1,564,550,565,-1,446,444,443,-1,446,443,447,-1,447,443,442,-1,447,442,448,-1,448,442,441,-1,
  448,441,449,-1,449,441,440,-1,449,440,557,-1,557,440,556,-1,32,31,67,-1,32,67,33,-1,33,67,66,-1,33,66,34,-1,
  34,66,65,-1,34,65,35,-1,35,65,64,-1,35,64,36,-1,36,64,45,-1,36,45,37,-1,37,45,44,-1,37,44,38,-1,
  38,44,43,-1,38,43,39,-1,39,43,42,-1,39,42,40,-1,40,42,41,-1,61,49,48,-1,61,48,62,-1,62,48,47,-1,
  62,47,63,-1,63,47,46,-1,63,46,64,-1,64,46,45,-1,51,50,60,-1,60,50,61,-1,61,50,49,-1,26,25,16,-1,
  26,16,56,-1,56,16,55,-1,56,55,57,-1,57,55,54,-1,57,54,58,-1,58,54,53,-1,58,53,59,-1,59,53,52,-1,
  59,52,60,-1,60,52,51,-1,69,68,29,-1,29,68,30,-1,30,68,31,-1,31,68,67,-1,26,56,71,-1,26,71,27,-1,
  27,71,70,-1,27,70,28,-1,28,70,69,-1,28,69,29,-1,22,20,19,-1,22,19,23,-1,23,19,18,-1,23,18,24,-1,
  24,18,17,-1,24,17,25,-1,25,17,16,-1,88,112,97,-1,88,97,89,-1,89,97,96,-1,89,96,90,-1,90,96,95,-1,
  90,95,91,-1,91,95,94,-1,91,94,92,-1,92,94,93,-1,105,104,103,-1,105,103,106,-1,106,103,102,-1,106,102,107,-1,
  107,102,101,-1,107,101,108,-1,108,101,100,-1,108,100,109,-1,109,100,99,-1,109,99,110,-1,110,99,98,-1,110,98,111,-1,
  111,98,97,-1,111,97,112,-1,78,76,75,-1,78,75,79,-1,79,75,74,-1,79,74,80,-1,80,74,73,-1,80,73,81,-1,
  81,73,72,-1,81,72,104,-1,104,72,103,-1,82,119,118,-1,82,118,83,-1,83,118,117,-1,83,117,84,-1,84,117,116,-1,
  84,116,85,-1,85,116,115,-1,85,115,86,-1,86,115,114,-1,86,114,87,-1,87,114,113,-1,87,113,88,-1,88,113,112,-1,
  81,104,82,-1,82,104,119,-1,136,160,145,-1,136,145,137,-1,137,145,144,-1,137,144,138,-1,138,144,143,-1,138,143,139,-1,
  139,143,142,-1,139,142,140,-1,140,142,141,-1,153,152,151,-1,153,151,154,-1,154,151,150,-1,154,150,155,-1,155,150,149,-1,
  155,149,156,-1,156,149,148,-1,156,148,157,-1,157,148,147,-1,157,147,158,-1,158,147,146,-1,158,146,159,-1,159,146,145,-1,
  159,145,160,-1,126,124,123,-1,126,123,127,-1,127,123,122,-1,127,122,128,-1,128,122,121,-1,128,121,129,-1,129,121,120,-1,
  129,120,152,-1,152,120,151,-1,130,167,166,-1,130,166,131,-1,131,166,165,-1,131,165,132,-1,132,165,164,-1,132,164,133,-1,
  133,164,163,-1,133,163,134,-1,134,163,162,-1,134,162,135,-1,135,162,161,-1,135,161,136,-1,136,161,160,-1,129,152,130,-1,
  130,152,167,-1,184,208,193,-1,184,193,185,-1,185,193,192,-1,185,192,186,-1,186,192,191,-1,186,191,187,-1,187,191,190,-1,
  187,190,188,-1,188,190,189,-1,201,200,199,-1,201,199,202,-1,202,199,198,-1,202,198,203,-1,203,198,197,-1,203,197,204,-1,
  204,197,196,-1,204,196,205,-1,205,196,195,-1,205,195,206,-1,206,195,194,-1,206,194,207,-1,207,194,193,-1,207,193,208,-1,
  174,172,171,-1,174,171,175,-1,175,171,170,-1,175,170,176,-1,176,170,169,-1,176,169,177,-1,177,169,168,-1,177,168,200,-1,
  200,168,199,-1,178,215,214,-1,178,214,179,-1,179,214,213,-1,179,213,180,-1,180,213,212,-1,180,212,181,-1,181,212,211,-1,
  181,211,182,-1,182,211,210,-1,182,210,183,-1,183,210,209,-1,183,209,184,-1,184,209,208,-1,177,200,178,-1,178,200,215,-1,
  232,256,241,-1,232,241,233,-1,233,241,240,-1,233,240,234,-1,234,240,239,-1,234,239,235,-1,235,239,238,-1,235,238,236,-1,
  236,238,237,-1,249,248,247,-1,249,247,250,-1,250,247,246,-1,250,246,251,-1,251,246,245,-1,251,245,252,-1,252,245,244,-1,
  252,244,253,-1,253,244,243,-1,253,243,254,-1,254,243,242,-1,254,242,255,-1,255,242,241,-1,255,241,256,-1,222,220,219,-1,
  222,219,223,-1,223,219,218,-1,223,218,224,-1,224,218,217,-1,224,217,225,-1,225,217,216,-1,225,216,248,-1,248,216,247,-1,
  226,263,262,-1,226,262,227,-1,227,262,261,-1,227,261,228,-1,228,261,260,-1,228,260,229,-1,229,260,259,-1,229,259,230,-1,
  230,259,258,-1,230,258,231,-1,231,258,257,-1,231,257,232,-1,232,257,256,-1,225,248,226,-1,226,248,263,-1,280,304,289,-1,
  280,289,281,-1,281,289,288,-1,281,288,282,-1,282,288,287,-1,282,287,283,-1,283,287,286,-1,283,286,284,-1,284,286,285,-1,
  297,296,295,-1,297,295,298,-1,298,295,294,-1,298,294,299,-1,299,294,293,-1,299,293,300,-1,300,293,292,-1,300,292,301,-1,
  301,292,291,-1,301,291,302,-1,302,291,290,-1,302,290,303,-1,303,290,289,-1,303,289,304,-1,270,268,267,-1,270,267,271,-1,
  271,267,266,-1,271,266,272,-1,272,266,265,-1,272,265,273,-1,273,265,264,-1,273,264,296,-1,296,264,295,-1,274,311,310,-1,
  274,310,275,-1,275,310,309,-1,275,309,276,-1,276,309,308,-1,276,308,277,-1,277,308,307,-1,277,307,278,-1,278,307,306,-1,
  278,306,279,-1,279,306,305,-1,279,305,280,-1,280,305,304,-1,273,296,274,-1,274,296,311,-1,328,352,337,-1,328,337,329,-1,
  329,337,336,-1,329,336,330,-1,330,336,335,-1,330,335,331,-1,331,335,334,-1,331,334,332,-1,332,334,333,-1,345,344,343,-1,
  345,343,346,-1,346,343,342,-1,346,342,347,-1,347,342,341,-1,347,341,348,-1,348,341,340,-1,348,340,349,-1,349,340,339,-1,
  349,339,350,-1,350,339,338,-1,350,338,351,-1,351,338,337,-1,351,337,352,-1,318,316,315,-1,318,315,319,-1,319,315,314,-1,
  319,314,320,-1,320,314,313,-1,320,313,321,-1,321,313,312,-1,321,312,344,-1,344,312,343,-1,322,359,358,-1,322,358,323,-1,
  323,358,357,-1,323,357,324,-1,324,357,356,-1,324,356,325,-1,325,356,355,-1,325,355,326,-1,326,355,354,-1,326,354,327,-1,
  327,354,353,-1,327,353,328,-1,328,353,352,-1,321,344,322,-1,322,344,359,-1,376,400,385,-1,376,385,377,-1,377,385,384,-1,
  377,384,378,-1,378,384,383,-1,378,383,379,-1,379,383,382,-1,379,382,380,-1,380,382,381,-1,393,392,391,-1,393,391,394,-1,
  394,391,390,-1,394,390,395,-1,395,390,389,-1,395,389,396,-1,396,389,388,-1,396,388,397,-1,397,388,387,-1,397,387,398,-1,
  398,387,386,-1,398,386,399,-1,399,386,385,-1,399,385,400,-1,366,364,363,-1,366,363,367,-1,367,363,362,-1,367,362,368,-1,
  368,362,361,-1,368,361,369,-1,369,361,360,-1,369,360,392,-1,392,360,391,-1,370,407,406,-1,370,406,371,-1,371,406,405,-1,
  371,405,372,-1,372,405,404,-1,372,404,373,-1,373,404,403,-1,373,403,374,-1,374,403,402,-1,374,402,375,-1,375,402,401,-1,
  375,401,376,-1,376,401,400,-1,369,392,370,-1,370,392,407,-1,922,921,923,-1,923,921,883,-1,883,921,884,-1,884,921,885,-1,
  885,921,886,-1,886,921,887,-1,887,921,920,-1,409,408,898,-1,409,898,410,-1,410,898,897,-1,410,897,411,-1,411,897,896,-1,
  411,896,412,-1,412,896,895,-1,412,895,413,-1,413,895,894,-1,413,894,414,-1,414,894,893,-1,414,893,415,-1,415,893,892,-1,
  415,892,416,-1,416,892,915,-1,416,915,417,-1,417,915,914,-1,417,914,418,-1,418,914,913,-1,418,913,419,-1,419,913,912,-1,
  419,912,420,-1,420,912,911,-1,420,911,421,-1,421,911,910,-1,421,910,422,-1,422,910,909,-1,422,909,423,-1,423,909,408,-1,
  909,908,408,-1,408,908,899,-1,899,908,900,-1,900,908,907,-1,905,903,902,-1,905,902,906,-1,906,902,901,-1,906,901,907,-1,
  907,901,900,-1,1186,1185,1187,-1,1187,1185,1147,-1,1147,1185,1148,-1,1148,1185,1149,-1,1149,1185,1150,-1,1150,1185,1151,-1,1151,1185,1184,-1,
  425,424,1162,-1,425,1162,426,-1,426,1162,1161,-1,426,1161,427,-1,427,1161,1160,-1,427,1160,428,-1,428,1160,1159,-1,428,1159,429,-1,
  429,1159,1158,-1,429,1158,430,-1,430,1158,1157,-1,430,1157,431,-1,431,1157,1156,-1,431,1156,432,-1,432,1156,1179,-1,432,1179,433,-1,
  433,1179,1178,-1,433,1178,434,-1,434,1178,1177,-1,434,1177,435,-1,435,1177,1176,-1,435,1176,436,-1,436,1176,1175,-1,436,1175,437,-1,
  437,1175,1174,-1,437,1174,438,-1,438,1174,1173,-1,438,1173,439,-1,439,1173,424,-1,1173,1172,424,-1,424,1172,1163,-1,1163,1172,1164,-1,
  1164,1172,1171,-1,1169,1167,1166,-1,1169,1166,1170,-1,1170,1166,1165,-1,1170,1165,1171,-1,1171,1165,1164,-1,450,572,571,-1,450,571,451,-1,
  451,571,570,-1,451,570,452,-1,452,570,569,-1,452,569,453,-1,453,569,568,-1,453,568,454,-1,454,568,567,-1,454,567,455,-1,
  455,567,566,-1,455,566,456,-1,456,566,565,-1,449,557,450,-1,450,557,572,-1,589,613,598,-1,589,598,590,-1,590,598,597,-1,
  590,597,591,-1,591,597,596,-1,591,596,592,-1,592,596,595,-1,592,595,593,-1,593,595,594,-1,606,605,604,-1,606,604,607,-1,
  607,604,603,-1,607,603,608,-1,608,603,602,-1,608,602,609,-1,609,602,601,-1,609,601,610,-1,610,601,600,-1,610,600,611,-1,
  611,600,599,-1,611,599,612,-1,612,599,598,-1,612,598,613,-1,579,577,576,-1,579,576,580,-1,580,576,575,-1,580,575,581,-1,
  581,575,574,-1,581,574,582,-1,582,574,573,-1,582,573,605,-1,605,573,604,-1,583,620,619,-1,583,619,584,-1,584,619,618,-1,
  584,618,585,-1,585,618,617,-1,585,617,586,-1,586,617,616,-1,586,616,587,-1,587,616,615,-1,587,615,588,-1,588,615,614,-1,
  588,614,589,-1,589,614,613,-1,582,605,583,-1,583,605,620,-1,637,661,646,-1,637,646,638,-1,638,646,645,-1,638,645,639,-1,
  639,645,644,-1,639,644,640,-1,640,644,643,-1,640,643,641,-1,641,643,642,-1,654,653,652,-1,654,652,655,-1,655,652,651,-1,
  655,651,656,-1,656,651,650,-1,656,650,657,-1,657,650,649,-1,657,649,658,-1,658,649,648,-1,658,648,659,-1,659,648,647,-1,
  659,647,660,-1,660,647,646,-1,660,646,661,-1,627,625,624,-1,627,624,628,-1,628,624,623,-1,628,623,629,-1,629,623,622,-1,
  629,622,630,-1,630,622,621,-1,630,621,653,-1,653,621,652,-1,631,668,667,-1,631,667,632,-1,632,667,666,-1,632,666,633,-1,
  633,666,665,-1,633,665,634,-1,634,665,664,-1,634,664,635,-1,635,664,663,-1,635,663,636,-1,636,663,662,-1,636,662,637,-1,
  637,662,661,-1,630,653,631,-1,631,653,668,-1,685,709,694,-1,685,694,686,-1,686,694,693,-1,686,693,687,-1,687,693,692,-1,
  687,692,688,-1,688,692,691,-1,688,691,689,-1,689,691,690,-1,702,701,700,-1,702,700,703,-1,703,700,699,-1,703,699,704,-1,
  704,699,698,-1,704,698,705,-1,705,698,697,-1,705,697,706,-1,706,697,696,-1,706,696,707,-1,707,696,695,-1,707,695,708,-1,
  708,695,694,-1,708,694,709,-1,675,673,672,-1,675,672,676,-1,676,672,671,-1,676,671,677,-1,677,671,670,-1,677,670,678,-1,
  678,670,669,-1,678,669,701,-1,701,669,700,-1,679,716,715,-1,679,715,680,-1,680,715,714,-1,680,714,681,-1,681,714,713,-1,
  681,713,682,-1,682,713,712,-1,682,712,683,-1,683,712,711,-1,683,711,684,-1,684,711,710,-1,684,710,685,-1,685,710,709,-1,
  678,701,679,-1,679,701,716,-1,733,732,768,-1,733,768,734,-1,734,768,767,-1,734,767,735,-1,735,767,766,-1,735,766,736,-1,
  736,766,765,-1,736,765,737,-1,737,765,746,-1,737,746,738,-1,738,746,745,-1,738,745,739,-1,739,745,744,-1,739,744,740,-1,
  740,744,743,-1,740,743,741,-1,741,743,742,-1,762,750,749,-1,762,749,763,-1,763,749,748,-1,763,748,764,-1,764,748,747,-1,
  764,747,765,-1,765,747,746,-1,752,751,761,-1,761,751,762,-1,762,751,750,-1,727,726,717,-1,727,717,757,-1,757,717,756,-1,
  757,756,758,-1,758,756,755,-1,758,755,759,-1,759,755,754,-1,759,754,760,-1,760,754,753,-1,760,753,761,-1,761,753,752,-1,
  770,769,730,-1,730,769,731,-1,731,769,732,-1,732,769,768,-1,727,757,772,-1,727,772,728,-1,728,772,771,-1,728,771,729,-1,
  729,771,770,-1,729,770,730,-1,723,721,720,-1,723,720,724,-1,724,720,719,-1,724,719,725,-1,725,719,718,-1,725,718,726,-1,
  726,718,717,-1,1052,781,1061,-1,1052,1061,1053,-1,1053,1061,1060,-1,1053,1060,1054,-1,1054,1060,1059,-1,1054,1059,1055,-1,1055,1059,1058,-1,
  1055,1058,1056,-1,1056,1058,1057,-1,774,773,1067,-1,774,1067,775,-1,775,1067,1066,-1,775,1066,776,-1,776,1066,1065,-1,776,1065,777,-1,
  777,1065,1064,-1,777,1064,778,-1,778,1064,1063,-1,778,1063,779,-1,779,1063,1062,-1,779,1062,780,-1,780,1062,1061,-1,780,1061,781,-1,
  1040,1039,1073,-1,1040,1073,1041,-1,1041,1073,1072,-1,1041,1072,1042,-1,1042,1072,1071,-1,1042,1071,1043,-1,1043,1071,1070,-1,1043,1070,1044,-1,
  1044,1070,1069,-1,1044,1069,1045,-1,1045,1069,1068,-1,1045,1068,773,-1,773,1068,1067,-1,1046,788,787,-1,1046,787,1047,-1,1047,787,786,-1,
  1047,786,1048,-1,1048,786,785,-1,1048,785,1049,-1,1049,785,784,-1,1049,784,1050,-1,1050,784,783,-1,1050,783,1051,-1,1051,783,782,-1,
  1051,782,1052,-1,1052,782,781,-1,1045,773,1046,-1,1046,773,788,-1,1074,1073,1036,-1,1036,1073,1037,-1,1037,1073,1038,-1,1038,1073,1039,-1,
  1026,1025,1076,-1,1026,1076,1027,-1,1027,1076,1075,-1,1027,1075,1028,-1,1028,1075,1074,-1,1028,1074,1035,-1,1035,1074,1036,-1,1033,1031,1030,-1,
  1033,1030,1034,-1,1034,1030,1029,-1,1034,1029,1035,-1,1035,1029,1028,-1,805,804,840,-1,805,840,806,-1,806,840,839,-1,806,839,807,-1,
  807,839,838,-1,807,838,808,-1,808,838,837,-1,808,837,809,-1,809,837,818,-1,809,818,810,-1,810,818,817,-1,810,817,811,-1,
  811,817,816,-1,811,816,812,-1,812,816,815,-1,812,815,813,-1,813,815,814,-1,834,822,821,-1,834,821,835,-1,835,821,820,-1,
  835,820,836,-1,836,820,819,-1,836,819,837,-1,837,819,818,-1,824,823,833,-1,833,823,834,-1,834,823,822,-1,799,798,789,-1,
  799,789,829,-1,829,789,828,-1,829,828,830,-1,830,828,827,-1,830,827,831,-1,831,827,826,-1,831,826,832,-1,832,826,825,-1,
  832,825,833,-1,833,825,824,-1,842,841,802,-1,802,841,803,-1,803,841,804,-1,804,841,840,-1,799,829,844,-1,799,844,800,-1,
  800,844,843,-1,800,843,801,-1,801,843,842,-1,801,842,802,-1,795,793,792,-1,795,792,796,-1,796,792,791,-1,796,791,797,-1,
  797,791,790,-1,797,790,798,-1,798,790,789,-1,934,875,941,-1,934,941,935,-1,935,941,940,-1,935,940,936,-1,936,940,939,-1,
  936,939,937,-1,937,939,938,-1,941,875,942,-1,942,875,943,-1,943,875,944,-1,944,875,874,-1,944,874,945,-1,945,874,946,-1,
  946,874,947,-1,947,874,948,-1,948,874,873,-1,949,948,870,-1,870,948,871,-1,871,948,872,-1,872,948,873,-1,861,860,976,-1,
  861,976,862,-1,862,976,975,-1,862,975,863,-1,863,975,974,-1,863,974,864,-1,864,974,973,-1,864,973,865,-1,865,973,954,-1,
  865,954,866,-1,866,954,953,-1,866,953,867,-1,867,953,952,-1,867,952,868,-1,868,952,951,-1,868,951,869,-1,869,951,950,-1,
  869,950,870,-1,870,950,949,-1,970,958,957,-1,970,957,971,-1,971,957,956,-1,971,956,972,-1,972,956,955,-1,972,955,973,-1,
  973,955,954,-1,960,959,969,-1,969,959,970,-1,970,959,958,-1,855,854,845,-1,855,845,965,-1,965,845,964,-1,965,964,966,-1,
  966,964,963,-1,966,963,967,-1,967,963,962,-1,967,962,968,-1,968,962,961,-1,968,961,969,-1,969,961,960,-1,877,876,930,-1,
  930,876,931,-1,931,876,932,-1,932,876,933,-1,933,876,934,-1,934,876,875,-1,879,878,926,-1,926,878,927,-1,927,878,928,-1,
  928,878,929,-1,929,878,930,-1,930,878,877,-1,880,879,881,-1,881,879,882,-1,882,879,883,-1,883,879,925,-1,925,879,926,-1,
  923,883,924,-1,924,883,925,-1,916,892,891,-1,916,891,917,-1,917,891,890,-1,917,890,918,-1,918,890,889,-1,918,889,919,-1,
  919,889,888,-1,919,888,920,-1,920,888,887,-1,978,977,858,-1,858,977,859,-1,859,977,860,-1,860,977,976,-1,855,965,980,-1,
  855,980,856,-1,856,980,979,-1,856,979,857,-1,857,979,978,-1,857,978,858,-1,851,849,848,-1,851,848,852,-1,852,848,847,-1,
  852,847,853,-1,853,847,846,-1,853,846,854,-1,854,846,845,-1,1144,1143,1145,-1,1145,1143,1146,-1,1146,1143,1147,-1,1147,1143,1191,-1,
  1191,1143,1192,-1,1192,1143,1142,-1,1135,1134,1136,-1,1136,1134,1137,-1,1137,1134,1138,-1,1138,1134,1203,-1,1203,1134,1204,-1,1204,1134,1133,-1,
  1016,1015,1017,-1,1017,1015,1018,-1,1018,1015,1019,-1,1019,1015,1088,-1,1088,1015,1089,-1,1089,1015,1014,-1,997,996,1095,-1,997,1095,998,-1,
  998,1095,1094,-1,998,1094,999,-1,999,1094,1093,-1,999,1093,1000,-1,1000,1093,1092,-1,1000,1092,1001,-1,1001,1092,1010,-1,1001,1010,1002,-1,
  1002,1010,1009,-1,1002,1009,1003,-1,1003,1009,1008,-1,1003,1008,1004,-1,1004,1008,1007,-1,1004,1007,1005,-1,1005,1007,1006,-1,1089,1014,1013,-1,
  1089,1013,1090,-1,1090,1013,1012,-1,1090,1012,1091,-1,1091,1012,1011,-1,1091,1011,1092,-1,1092,1011,1010,-1,1079,1078,1088,-1,1088,1078,1019,-1,
  1019,1078,1020,-1,1020,1078,1021,-1,1021,1078,1022,-1,1022,1078,1023,-1,1023,1078,1077,-1,1077,1076,1023,-1,1023,1076,1024,-1,1024,1076,1025,-1,
  1097,1096,994,-1,994,1096,995,-1,995,1096,996,-1,996,1096,1095,-1,981,1083,1084,-1,981,1084,991,-1,991,1084,1099,-1,991,1099,992,-1,
  992,1099,1098,-1,992,1098,993,-1,993,1098,1097,-1,993,1097,994,-1,981,991,990,-1,981,990,982,-1,982,990,989,-1,982,989,983,-1,
  983,989,988,-1,983,988,984,-1,984,988,987,-1,984,987,985,-1,985,987,986,-1,1116,1115,1210,-1,1116,1210,1117,-1,1117,1210,1209,-1,
  1117,1209,1118,-1,1118,1209,1208,-1,1118,1208,1119,-1,1119,1208,1207,-1,1119,1207,1120,-1,1120,1207,1129,-1,1120,1129,1121,-1,1121,1129,1128,-1,
  1121,1128,1122,-1,1122,1128,1127,-1,1122,1127,1123,-1,1123,1127,1126,-1,1123,1126,1124,-1,1124,1126,1125,-1,1204,1133,1132,-1,1204,1132,1205,-1,
  1205,1132,1131,-1,1205,1131,1206,-1,1206,1131,1130,-1,1206,1130,1207,-1,1207,1130,1129,-1,1194,1193,1203,-1,1203,1193,1138,-1,1138,1193,1139,-1,
  1139,1193,1140,-1,1140,1193,1141,-1,1141,1193,1142,-1,1142,1193,1192,-1,1187,1147,1188,-1,1188,1147,1189,-1,1189,1147,1190,-1,1190,1147,1191,-1,
  1180,1156,1155,-1,1180,1155,1181,-1,1181,1155,1154,-1,1181,1154,1182,-1,1182,1154,1153,-1,1182,1153,1183,-1,1183,1153,1152,-1,1183,1152,1184,-1,
  1184,1152,1151,-1,1212,1211,1113,-1,1113,1211,1114,-1,1114,1211,1115,-1,1115,1211,1210,-1,1100,1198,1199,-1,1100,1199,1110,-1,1110,1199,1214,-1,
  1110,1214,1111,-1,1111,1214,1213,-1,1111,1213,1112,-1,1112,1213,1212,-1,1112,1212,1113,-1,1100,1110,1109,-1,1100,1109,1101,-1,1101,1109,1108,-1,
  1101,1108,1102,-1,1102,1108,1107,-1,1102,1107,1103,-1,1103,1107,1106,-1,1103,1106,1104,-1,1104,1106,1105,-1,1085,1083,1082,-1,1085,1082,1086,-1,
  1086,1082,1081,-1,1086,1081,1087,-1,1087,1081,1080,-1,1087,1080,1088,-1,1088,1080,1079,-1,1200,1198,1197,-1,1200,1197,1201,-1,1201,1197,1196,-1,
  1201,1196,1202,-1,1202,1196,1195,-1,1202,1195,1203,-1,1203,1195,1194,-1,1231,1230,1266,-1,1231,1266,1232,-1,1232,1266,1265,-1,1232,1265,1233,-1,
  1233,1265,1264,-1,1233,1264,1234,-1,1234,1264,1263,-1,1234,1263,1235,-1,1235,1263,1244,-1,1235,1244,1236,-1,1236,1244,1243,-1,1236,1243,1237,-1,
  1237,1243,1242,-1,1237,1242,1238,-1,1238,1242,1241,-1,1238,1241,1239,-1,1239,1241,1240,-1,1260,1248,1247,-1,1260,1247,1261,-1,1261,1247,1246,-1,
  1261,1246,1262,-1,1262,1246,1245,-1,1262,1245,1263,-1,1263,1245,1244,-1,1250,1249,1259,-1,1259,1249,1260,-1,1260,1249,1248,-1,1225,1224,1215,-1,
  1225,1215,1255,-1,1255,1215,1254,-1,1255,1254,1256,-1,1256,1254,1253,-1,1256,1253,1257,-1,1257,1253,1252,-1,1257,1252,1258,-1,1258,1252,1251,-1,
  1258,1251,1259,-1,1259,1251,1250,-1,1268,1267,1228,-1,1228,1267,1229,-1,1229,1267,1230,-1,1230,1267,1266,-1,1225,1255,1270,-1,1225,1270,1226,-1,
  1226,1270,1269,-1,1226,1269,1227,-1,1227,1269,1268,-1,1227,1268,1228,-1,1221,1219,1218,-1,1221,1218,1222,-1,1222,1218,1217,-1,1222,1217,1223,-1,
  1223,1217,1216,-1,1223,1216,1224,-1,1224,1216,1215,-1,1219,1221,1220,-1,1199,1198,1200,-1,1084,1083,1085,-1,474,476,475,-1,1162,424,1163,-1,
  1179,1156,1180,-1,527,526,525,-1,849,851,850,-1,898,408,899,-1,915,892,916,-1,793,795,794,-1,1031,1033,1032,-1,721,723,722,-1,
  673,675,674,-1,625,627,626,-1,577,579,578,-1,444,446,445,-1,467,469,468,-1,1167,1169,1168,-1,903,905,904,-1,364,366,365,-1,
  316,318,317,-1,268,270,269,-1,220,222,221,-1,172,174,173,-1,124,126,125,-1,76,78,77,-1,20,22,21,-1]
  normalPerVertex TRUE
  normal DEF NORM_6 Normal { vector [
  0 0 -1,0 0 -1,
  0 0 -1,0 0 -1,
  0 0 -1,0 0 -1,
  0 0 -1,0 0 -1,
  0 0 -1,0 0 -1,
  0 0 -1,0 0 -1,
  0 0 -1,0 0 -1,
  0 0 -1,0 0 -1,
  0 0 -1,0 0 -1,
  0 0 -1,0 0 -1,
  0 0 -1,0 0 -1,
  0 0 -1,0 0 -1,
  0 0 -1,0 0 -1,
  0 0 -1,0 0 -1,
  0 0 -1,0 0 -1,
  0 0 -1,0 0 -1,
  0 0 -1,0 0 -1,
  0 0 -1,0 0 -1,
  0 0 -1,0 0 -1,
  0 0 -1,0 0 -1,
  0 0 -1,0 0 -1,
  0 0 -1,0 0 -1,
  0 0 -1,0 0 -1,
  0 0 -1,0 0 -1,
  0 0 -1,0 0 -1,
  0 0 -1,0 0 -1,
  0 0 -1,0 0 -1,
  0 0 -1,0 0 -1,
  0 0 -1,0 0 -1,
  0 0 -1,0 0 -1,
  0 0 -1,0 0 -1,
  0 0 -1,0 0 -1,
  0 0 -1,0 0 -1,
  0 0 -1,0 0 -1,
  0 0 -1,0 0 -1,
  0 0 -1,0 0 -1,
  0 0 -1,0 0 -1,
  0 0 -1,0 0 -1,
  0 0 -1,0 0 -1,
  0 0 -1,0 0 -1,
  0 0 -1,0 0 -1,
  0 0 -1,0 0 -1,
  0 0 -1,0 0 -1,
  0 0 -1,0 0 -1,
  0 0 -1,0 0 -1,
  0 0 -1,0 0 -1,
  0 0 -1,0 0 -1,
  0 0 -1,0 0 -1,
  0 0 -1,0 0 -1,
  0 0 -1,0 0 -1,
  0 0 -1,0 0 -1,
  0 0 -1,0 0 -1,
  0 0 -1,0 0 -1,
  0 0 -1,0 0 -1,
  0 0 -1,0 0 -1,
  0 0 -1,0 0 -1,
  0 0 -1,0 0 -1,
  0 0 -1,0 0 -1,
  0 0 -1,0 0 -1,
  0 0 -1,0 0 -1,
  0 0 -1,0 0 -1,
  0 0 -1,0 0 -1,
  0 0 -1,0 0 -1,
  0 0 -1,0 0 -1,
  0 0 -1,0 0 -1,
  0 0 -1,0 0 -1,
  0 0 -1,0 0 -1,
  0 0 -1,0 0 -1,
  0 0 -1,0 0 -1,
  0 0 -1,0 0 -1,
  0 0 -1,0 0 -1,
  0 0 -1,0 0 -1,
  0 0 -1,0 0 -1,
  0 0 -1,0 0 -1,
  0 0 -1,0 0 -1,
  0 0 -1,0 0 -1,
  0 0 -1,0 0 -1,
  0 0 -1,0 0 -1,
  0 0 -1,0 0 -1,
  0 0 -1,0 0 -1,
  0 0 -1,0 0 -1,
  0 0 -1,0 0 -1,
  0 0 -1,0 0 -1,
  0 0 -1,0 0 -1,
  0 0 -1,0 0 -1,
  0 0 -1,0 0 -1,
  0 0 -1,0 0 -1,
  0 0 -1,0 0 -1,
  0 0 -1,0 0 -1,
  0 0 -1,0 0 -1,
  0 0 -1,0 0 -1,
  0 0 -1,0 0 -1,
  0 0 -1,0 0 -1,
  0 0 -1,0 0 -1,
  0 0 -1,0 0 -1,
  0 0 -1,0 0 -1,
  0 0 -1,0 0 -1,
  0 0 -1,0 0 -1,
  0 0 -1,0 0 -1,
  0 0 -1,0 0 -1,
  0 0 -1,0 0 -1,
  0 0 -1,0 0 -1,
  0 0 -1,0 0 -1,
  0 0 -1,0 0 -1,
  0 0 -1,0 0 -1,
  0 0 -1,0 0 -1,
  0 0 -1,0 0 -1,
  0 0 -1,0 0 -1,
  0 0 -1,0 0 -1,
  0 0 -1,0 0 -1,
  0 0 -1,0 0 -1,
  0 0 -1,0 0 -1,
  0 0 -1,0 0 -1,
  0 0 -1,0 0 -1,
  0 0 -1,0 0 -1,
  0 0 -1,0 0 -1,
  0 0 -1,0 0 -1,
  0 0 -1,0 0 -1,
  0 0 -1,0 0 -1,
  0 0 -1,0 0 -1,
  0 0 -1,0 0 -1,
  0 0 -1,0 0 -1,
  0 0 -1,0 0 -1,
  0 0 -1,0 0 -1,
  0 0 -1,0 0 -1,
  0 0 -1,0 0 -1,
  0 0 -1,0 0 -1,
  0 0 -1,0 0 -1,
  0 0 -1,0 0 -1,
  0 0 -1,0 0 -1,
  0 0 -1,0 0 -1,
  0 0 -1,0 0 -1,
  0 0 -1,0 0 -1,
  0 0 -1,0 0 -1,
  0 0 -1,0 0 -1,
  0 0 -1,0 0 -1,
  0 0 -1,0 0 -1,
  0 0 -1,0 0 -1,
  0 0 -1,0 0 -1,
  0 0 -1,0 0 -1,
  0 0 -1,0 0 -1,
  0 0 -1,0 0 -1,
  0 0 -1,0 0 -1,
  0 0 -1,0 0 -1,
  0 0 -1,0 0 -1,
  0 0 -1,0 0 -1,
  0 0 -1,0 0 -1,
  0 0 -1,0 0 -1,
  0 0 -1,0 0 -1,
  0 0 -1,0 0 -1,
  0 0 -1,0 0 -1,
  0 0 -1,0 0 -1,
  0 0 -1,0 0 -1,
  0 0 -1,0 0 -1,
  0 0 -1,0 0 -1,
  0 0 -1,0 0 -1,
  0 0 -1,0 0 -1,
  0 0 -1,0 0 -1,
  0 0 -1,0 0 -1,
  0 0 -1,0 0 -1,
  0 0 -1,0 0 -1,
  0 0 -1,0 0 -1,
  0 0 -1,0 0 -1,
  0 0 -1,0 0 -1,
  0 0 -1,0 0 -1,
  0 0 -1,0 0 -1,
  0 0 -1,0 0 -1,
  0 0 -1,0 0 -1,
  0 0 -1,0 0 -1,
  0 0 -1,0 0 -1,
  0 0 -1,0 0 -1,
  0 0 -1,0 0 -1,
  0 0 -1,0 0 -1,
  0 0 -1,0 0 -1,
  0 0 -1,0 0 -1,
  0 0 -1,0 0 -1,
  0 0 -1,0 0 -1,
  0 0 -1,0 0 -1,
  0 0 -1,0 0 -1,
  0 0 -1,0 0 -1,
  0 0 -1,0 0 -1,
  0 0 -1,0 0 -1,
  0 0 -1,0 0 -1,
  0 0 -1,0 0 -1,
  0 0 -1,0 0 -1,
  0 0 -1,0 0 -1,
  0 0 -1,0 0 -1,
  0 0 -1,0 0 -1,
  0 0 -1,0 0 -1,
  0 0 -1,0 0 -1,
  0 0 -1,0 0 -1,
  0 0 -1,0 0 -1,
  0 0 -1,0 0 -1,
  0 0 -1,0 0 -1,
  0 0 -1,0 0 -1,
  0 0 -1,0 0 -1,
  0 0 -1,0 0 -1,
  0 0 -1,0 0 -1,
  0 0 -1,0 0 -1,
  0 0 -1,0 0 -1,
  0 0 -1,0 0 -1,
  0 0 -1,0 0 -1,
  0 0 -1,0 0 -1,
  0 0 -1,0 0 -1,
  0 0 -1,0 0 -1,
  0 0 -1,0 0 -1,
  0 0 -1,0 0 -1,
  0 0 -1,0 0 -1,
  0 0 -1,0 0 -1,
  0 0 -1,0 0 -1,
  0 0 -1,0 0 -1,
  0 0 -1,0 0 -1,
  0 0 -1,0 0 -1,
  0 0 -1,0 0 -1,
  0 0 -1,0 0 -1,
  0 0 -1,0 0 -1,
  0 0 -1,0 0 -1,
  0 0 -1,0 0 -1,
  0 0 -1,0 0 -1,
  0 0 -1,0 0 -1,
  0 0 -1,0 0 -1,
  0 0 -1,0 0 -1,
  0 0 -1,0 0 -1,
  0 0 -1,0 0 -1,
  0 0 -1,0 0 -1,
  0 0 -1,0 0 -1,
  0 0 -1,0 0 -1,
  0 0 -1,0 0 -1,
  0 0 -1,0 0 -1,
  0 0 -1,0 0 -1,
  0 0 -1,0 0 -1,
  0 0 -1,0 0 -1,
  0 0 -1,0 0 -1,
  0 0 -1,0 0 -1,
  0 0 -1,0 0 -1,
  0 0 -1,0 0 -1,
  0 0 -1,0 0 -1,
  0 0 -1,0 0 -1,
  0 0 -1,0 0 -1,
  0 0 -1,0 0 -1,
  0 0 -1,0 0 -1,
  0 0 -1,0 0 -1,
  0 0 -1,0 0 -1,
  0 0 -1,0 0 -1,
  0 0 -1,0 0 -1,
  0 0 -1,0 0 -1,
  0 0 -1,0 0 -1,
  0 0 -1,0 0 -1,
  0 0 -1,0 0 -1,
  0 0 -1,0 0 -1,
  0 0 -1,0 0 -1,
  0 0 -1,0 0 -1,
  0 0 -1,0 0 -1,
  0 0 -1,0 0 -1,
  0 0 -1,0 0 -1,
  0 0 -1,0 0 -1,
  0 0 -1,0 0 -1,
  0 0 -1,0 0 -1,
  0 0 -1,0 0 -1,
  0 0 -1,0 0 -1,
  0 0 -1,0 0 -1,
  0 0 -1,0 0 -1,
  0 0 -1,0 0 -1,
  0 0 -1,0 0 -1,
  0 0 -1,0 0 -1,
  0 0 -1,0 0 -1,
  0 0 -1,0 0 -1,
  0 0 -1,0 0 -1,
  0 0 -1,0 0 -1,
  0 0 -1,0 0 -1,
  0 0 -1,0 0 -1,
  0 0 -1,0 0 -1,
  0 0 -1,0 0 -1,
  0 0 -1,0 0 -1,
  0 0 -1,0 0 -1,
  0 0 -1,0 0 -1,
  0 0 -1,0 0 -1,
  0 0 -1,0 0 -1,
  0 0 -1,0 0 -1,
  0 0 -1,0 0 -1,
  0 0 -1,0 0 -1,
  0 0 -1,0 0 -1,
  0 0 -1,0 0 -1,
  0 0 -1,0 0 -1,
  0 0 -1,0 0 -1,
  0 0 -1,0 0 -1,
  0 0 -1,0 0 -1,
  0 0 -1,0 0 -1,
  0 0 -1,0 0 -1,
  0 0 -1,0 0 -1,
  0 0 -1,0 0 -1,
  0 0 -1,0 0 -1,
  0 0 -1,0 0 -1,
  0 0 -1,0 0 -1,
  0 0 -1,0 0 -1,
  0 0 -1,0 0 -1,
  0 0 -1,0 0 -1,
  0 0 -1,0 0 -1,
  0 0 -1,0 0 -1,
  0 0 -1,0 0 -1,
  0 0 -1,0 0 -1,
  0 0 -1,0 0 -1,
  0 0 -1,0 0 -1,
  0 0 -1,0 0 -1,
  0 0 -1,0 0 -1,
  0 0 -1,0 0 -1,
  0 0 -1,0 0 -1,
  0 0 -1,0 0 -1,
  0 0 -1,0 0 -1,
  0 0 -1,0 0 -1,
  0 0 -1,0 0 -1,
  0 0 -1,0 0 -1,
  0 0 -1,0 0 -1,
  0 0 -1,0 0 -1,
  0 0 -1,0 0 -1,
  0 0 -1,0 0 -1,
  0 0 -1,0 0 -1,
  0 0 -1,0 0 -1,
  0 0 -1,0 0 -1,
  0 0 -1,0 0 -1,
  0 0 -1,0 0 -1,
  0 0 -1,0 0 -1,
  0 0 -1,0 0 -1,
  0 0 -1,0 0 -1,
  0 0 -1,0 0 -1,
  0 0 -1,0 0 -1,
  0 0 -1,0 0 -1,
  0 0 -1,0 0 -1,
  0 0 -1,0 0 -1,
  0 0 -1,0 0 -1,
  0 0 -1,0 0 -1,
  0 0 -1,0 0 -1,
  0 0 -1,0 0 -1,
  0 0 -1,0 0 -1,
  0 0 -1,0 0 -1,
  0 0 -1,0 0 -1,
  0 0 -1,0 0 -1,
  0 0 -1,0 0 -1,
  0 0 -1,0 0 -1,
  0 0 -1,0 0 -1,
  0 0 -1,0 0 -1,
  0 0 -1,0 0 -1,
  0 0 -1,0 0 -1,
  0 0 -1,0 0 -1,
  0 0 -1,0 0 -1,
  0 0 -1,0 0 -1,
  0 0 -1,0 0 -1,
  0 0 -1,0 0 -1,
  0 0 -1,0 0 -1,
  0 0 -1,0 0 -1,
  0 0 -1,0 0 -1,
  0 0 -1,0 0 -1,
  0 0 -1,0 0 -1,
  0 0 -1,0 0 -1,
  0 0 -1,0 0 -1,
  0 0 -1,0 0 -1,
  0 0 -1,0 0 -1,
  0 0 -1,0 0 -1,
  0 0 -1,0 0 -1,
  0 0 -1,0 0 -1,
  0 0 -1,0 0 -1,
  0 0 -1,0 0 -1,
  0 0 -1,0 0 -1,
  0 0 -1,0 0 -1,
  0 0 -1,0 0 -1,
  0 0 -1,0 0 -1,
  0 0 -1,0 0 -1,
  0 0 -1,0 0 -1,
  0 0 -1,0 0 -1,
  0 0 -1,0 0 -1,
  0 0 -1,0 0 -1,
  0 0 -1,0 0 -1,
  0 0 -1,0 0 -1,
  0 0 -1,0 0 -1,
  0 0 -1,0 0 -1,
  0 0 -1,0 0 -1,
  0 0 -1,0 0 -1,
  0 0 -1,0 0 -1,
  0 0 -1,0 0 -1,
  0 0 -1,0 0 -1,
  0 0 -1,0 0 -1,
  0 0 -1,0 0 -1,
  0 0 -1,0 0 -1,
  0 0 -1,0 0 -1,
  0 0 -1,0 0 -1,
  0 0 -1,0 0 -1,
  0 0 -1,0 0 -1,
  0 0 -1,0 0 -1,
  0 0 -1,0 0 -1,
  0 0 -1,0 0 -1,
  0 0 -1,0 0 -1,
  0 0 -1,0 0 -1,
  0 0 -1,0 0 -1,
  0 0 -1,0 0 -1,
  0 0 -1,0 0 -1,
  0 0 -1,0 0 -1,
  0 0 -1,0 0 -1,
  0 0 -1,0 0 -1,
  0 0 -1,0 0 -1,
  0 0 -1,0 0 -1,
  0 0 -1,0 0 -1,
  0 0 -1,0 0 -1,
  0 0 -1,0 0 -1,
  0 0 -1,0 0 -1,
  0 0 -1,0 0 -1,
  0 0 -1,0 0 -1,
  0 0 -1,0 0 -1,
  0 0 -1,0 0 -1,
  0 0 -1,0 0 -1,
  0 0 -1,0 0 -1,
  0 0 -1,0 0 -1,
  0 0 -1,0 0 -1,
  0 0 -1,0 0 -1,
  0 0 -1,0 0 -1,
  0 0 -1,0 0 -1,
  0 0 -1,0 0 -1,
  0 0 -1,0 0 -1,
  0 0 -1,0 0 -1,
  0 0 -1,0 0 -1,
  0 0 -1,0 0 -1,
  0 0 -1,0 0 -1,
  0 0 -1,0 0 -1,
  0 0 -1,0 0 -1,
  0 0 -1,0 0 -1,
  0 0 -1,0 0 -1,
  0 0 -1,0 0 -1,
  0 0 -1,0 0 -1,
  0 0 -1,0 0 -1,
  0 0 -1,0 0 -1,
  0 0 -1,0 0 -1,
  0 0 -1,0 0 -1,
  0 0 -1,0 0 -1,
  0 0 -1,0 0 -1,
  0 0 -1,0 0 -1,
  0 0 -1,0 0 -1,
  0 0 -1,0 0 -1,
  0 0 -1,0 0 -1,
  0 0 -1,0 0 -1,
  0 0 -1,0 0 -1,
  0 0 -1,0 0 -1,
  0 0 -1,0 0 -1,
  0 0 -1,0 0 -1,
  0 0 -1,0 0 -1,
  0 0 -1,0 0 -1,
  0 0 -1,0 0 -1,
  0 0 -1,0 0 -1,
  0 0 -1,0 0 -1,
  0 0 -1,0 0 -1,
  0 0 -1,0 0 -1,
  0 0 -1,0 0 -1,
  0 0 -1,0 0 -1,
  0 0 -1,0 0 -1,
  0 0 -1,0 0 -1,
  0 0 -1,0 0 -1,
  0 0 -1,0 0 -1,
  0 0 -1,0 0 -1,
  0 0 -1,0 0 -1,
  0 0 -1,0 0 -1,
  0 0 -1,0 0 -1,
  0 0 -1,0 0 -1,
  0 0 -1,0 0 -1,
  0 0 -1,0 0 -1,
  0 0 -1,0 0 -1,
  0 0 -1,0 0 -1,
  0 0 -1,0 0 -1,
  0 0 -1,0 0 -1,
  0 0 -1,0 0 -1,
  0 0 -1,0 0 -1,
  0 0 -1,0 0 -1,
  0 0 -1,0 0 -1,
  0 0 -1,0 0 -1,
  0 0 -1,0 0 -1,
  0 0 -1,0 0 -1,
  0 0 -1,0 0 -1,
  0 0 -1,0 0 -1,
  0 0 -1,0 0 -1,
  0 0 -1,0 0 -1,
  0 0 -1,0 0 -1,
  0 0 -1,0 0 -1,
  0 0 -1,0 0 -1,
  0 0 -1,0 0 -1,
  0 0 -1,0 0 -1,
  0 0 -1,0 0 -1,
  0 0 -1,0 0 -1,
  0 0 -1,0 0 -1,
  0 0 -1,0 0 -1,
  0 0 -1,0 0 -1,
  0 0 -1,0 0 -1,
  0 0 -1,0 0 -1,
  0 0 -1,0 0 -1,
  0 0 -1,0 0 -1,
  0 0 -1,0 0 -1,
  0 0 -1,0 0 -1,
  0 0 -1,0 0 -1,
  0 0 -1,0 0 -1,
  0 0 -1,0 0 -1,
  0 0 -1,0 0 -1,
  0 0 -1,0 0 -1,
  0 0 -1,0 0 -1,
  0 0 -1,0 0 -1,
  0 0 -1,0 0 -1,
  0 0 -1,0 0 -1,
  0 0 -1,0 0 -1,
  0 0 -1,0 0 -1,
  0 0 -1,0 0 -1,
  0 0 -1,0 0 -1,
  0 0 -1,0 0 -1,
  0 0 -1,0 0 -1,
  0 0 -1,0 0 -1,
  0 0 -1,0 0 -1,
  0 0 -1,0 0 -1,
  0 0 -1,0 0 -1,
  0 0 -1,0 0 -1,
  0 0 -1,0 0 -1,
  0 0 -1,0 0 -1,
  0 0 -1,0 0 -1,
  0 0 -1,0 0 -1,
  0 0 -1,0 0 -1,
  0 0 -1,0 0 -1,
  0 0 -1,0 0 -1,
  0 0 -1,0 0 -1,
  0 0 -1,0 0 -1,
  0 0 -1,0 0 -1,
  0 0 -1,0 0 -1,
  0 0 -1,0 0 -1,
  0 0 -1,0 0 -1,
  0 0 -1,0 0 -1,
  0 0 -1,0 0 -1,
  0 0 -1,0 0 -1,
  0 0 -1,0 0 -1,
  0 0 -1,0 0 -1,
  0 0 -1,0 0 -1,
  0 0 -1,0 0 -1,
  0 0 -1,0 0 -1,
  0 0 -1,0 0 -1,
  0 0 -1,0 0 -1,
  0 0 -1,0 0 -1,
  0 0 -1,0 0 -1,
  0 0 -1,0 0 -1,
  0 0 -1,0 0 -1,
  0 0 -1,0 0 -1,
  0 0 -1,0 0 -1,
  0 0 -1,0 0 -1,
  0 0 -1,0 0 -1,
  0 0 -1,0 0 -1,
  0 0 -1,0 0 -1,
  0 0 -1,0 0 -1,
  0 0 -1,0 0 -1,
  0 0 -1,0 0 -1,
  0 0 -1,0 0 -1,
  0 0 -1,0 0 -1,
  0 0 -1,0 0 -1,
  0 0 -1,0 0 -1,
  0 0 -1,0 0 -1,
  0 0 -1,0 0 -1,
  0 0 -1,0 0 -1,
  0 0 -1,0 0 -1,
  0 0 -1,0 0 -1,
  0 0 -1,0 0 -1,
  0 0 -1,0 0 -1,
  0 0 -1,0 0 -1,
  0 0 -1,0 0 -1,
  0 0 -1,0 0 -1,
  0 0 -1,0 0 -1,
  0 0 -1,0 0 -1,
  0 0 -1,0 0 -1,
  0 0 -1,0 0 -1,
  0 0 -1,0 0 -1,
  0 0 -1,0 0 -1,
  0 0 -1,0 0 -1,
  0 0 -1,0 0 -1,
  0 0 -1,0 0 -1,
  0 0 -1,0 0 -1,
  0 0 -1,0 0 -1,
  0 0 -1,0 0 -1,
  0 0 -1,0 0 -1,
  0 0 -1,0 0 -1,
  0 0 -1,0 0 -1,
  0 0 -1,0 0 -1,
  0 0 -1,0 0 -1,
  0 0 -1,0 0 -1,
  0 0 -1,0 0 -1,
  0 0 -1,0 0 -1,
  0 0 -1,0 0 -1,
  0 0 -1,0 0 -1,
  0 0 -1,0 0 -1,
  0 0 -1,0 0 -1,
  0 0 -1,0 0 -1,
  0 0 -1,0 0 -1,
  0 0 -1,0 0 -1,
  0 0 -1,0 0 -1,
  0 0 -1,0 0 -1,
  0 0 -1,0 0 -1,
  0 0 -1,0 0 -1,
  0 0 -1,0 0 -1,
  0 0 -1,0 0 -1,
  0 0 -1,0 0 -1,
  0 0 -1,0 0 -1,
  0 0 -1,0 0 -1,
  0 0 -1,0 0 -1,
  0 0 -1,0 0 -1,
  0 0 -1,0 0 -1,
  0 0 -1,0 0 -1,
  0 0 -1,0 0 -1,
  0 0 -1,0 0 -1,
  0 0 -1,0 0 -1,
  0 0 -1,0 0 -1,
  0 0 -1,0 0 -1,
  0 0 -1,0 0 -1,
  0 0 -1,0 0 -1,
  0 0 -1,0 0 -1,
  0 0 -1,0 0 -1,
  0 0 -1,0 0 -1,
  0 0 -1,0 0 -1,
  0 0 -1,0 0 -1,
  0 0 -1,0 0 -1,
  0 0 -1,0 0 -1,
  0 0 -1,0 0 -1,
  0 0 -1,0 0 -1,
  0 0 -1,0 0 -1,
  0 0 -1,0 0 -1,
  0 0 -1,0 0 -1,
  0 0 -1,0 0 -1,
  0 0 -1,0 0 -1,
  0 0 -1,0 0 -1,
  0 0 -1,0 0 -1,
  0 0 -1,0 0 -1,
  0 0 -1,0 0 -1,
  0 0 -1,0 0 -1,
  0 0 -1,0 0 -1,
  0 0 -1,0 0 -1,
  0 0 -1,0 0 -1,
  0 0 -1,0 0 -1,
  0 0 -1,0 0 -1,
  0 0 -1,0 0 -1,
  0 0 -1] }
}
}
] }
DEF TXFM_7 Transform {
  center 0 0 0
  rotation 0 0 1 0
  scale 1 1 1
  scaleOrientation 0 0 1 0
  translation 0 0 0
 children [
DEF SHAPE_7 Shape {
 appearance DEF APP_5 Appearance {
  material Material {
   ambientIntensity 1
   diffuseColor 0.078431375 0.2 0.14117648
   emissiveColor 0 0 0
   shininess 0.30000001
   specularColor 0.35490197 0.44 0.39882353
   transparency 0.17
} }
 geometry DEF FACE_7 IndexedFaceSet {
  coord DEF COORD_7 Coordinate { point [
  11.361056 -17.466413 -0.31988189,11.349582 -17.524093 -0.31988189,
  11.327076 -17.578427 -0.31988189,11.294403 -17.627326 -0.31988189,
  11.252818 -17.668911 -0.31988189,11.203919 -17.701584 -0.31988189,
  11.149585 -17.72409 -0.31988189,11.091905 -17.735563 -0.31988189,
  11.033095 -17.735563 -0.31988189,10.975415 -17.72409 -0.31988189,
  10.921081 -17.701584 -0.31988189,10.872182 -17.668911 -0.31988189,
  10.830597 -17.627326 -0.31988189,10.797924 -17.578427 -0.31988189,
  10.775418 -17.524093 -0.31988189,10.763944 -17.466413 -0.31988189,
  10.763944 -17.407603 -0.31988189,10.775418 -17.349922 -0.31988189,
  10.797924 -17.295589 -0.31988189,10.830597 -17.24669 -0.31988189,
  10.872182 -17.205105 -0.31988189,10.921081 -17.172431 -0.31988189,
  10.975415 -17.149926 -0.31988189,11.033095 -17.138452 -0.31988189,
  11.091905 -17.138452 -0.31988189,11.149585 -17.149926 -0.31988189,
  11.203919 -17.172431 -0.31988189,11.252818 -17.205105 -0.31988189,
  11.294403 -17.24669 -0.31988189,11.327076 -17.295589 -0.31988189,
  11.349582 -17.349922 -0.31988189,11.361056 -17.407603 -0.31988189,
  11.361056 -18.407603 -0.31988189,11.361056 -18.466413 -0.31988189,
  11.349582 -18.524093 -0.31988189,11.327076 -18.578427 -0.31988189,
  11.294403 -18.627326 -0.31988189,11.252818 -18.668911 -0.31988189,
  11.203919 -18.701584 -0.31988189,11.149585 -18.72409 -0.31988189,
  11.091905 -18.735563 -0.31988189,11.033095 -18.735563 -0.31988189,
  10.975415 -18.72409 -0.31988189,10.921081 -18.701584 -0.31988189,
  10.872182 -18.668911 -0.31988189,10.830597 -18.627326 -0.31988189,
  10.797924 -18.578427 -0.31988189,10.775418 -18.524093 -0.31988189,
  10.763944 -18.466413 -0.31988189,10.763944 -18.407603 -0.31988189,
  10.775418 -18.349922 -0.31988189,10.797924 -18.295589 -0.31988189,
  10.830597 -18.24669 -0.31988189,10.872182 -18.205105 -0.31988189,
  10.921081 -18.172431 -0.31988189,10.975415 -18.149926 -0.31988189,
  11.033095 -18.138452 -0.31988189,11.091905 -18.138452 -0.31988189,
  11.149585 -18.149926 -0.31988189,11.203919 -18.172431 -0.31988189,
  11.252818 -18.205105 -0.31988189,11.294403 -18.24669 -0.31988189,
  11.327076 -18.295589 -0.31988189,11.349582 -18.349922 -0.31988189,
  11.361056 -16.466413 -0.31988189,11.349582 -16.524093 -0.31988189,
  11.327076 -16.578427 -0.31988189,11.294403 -16.627326 -0.31988189,
  11.252818 -16.668911 -0.31988189,11.203919 -16.701584 -0.31988189,
  11.149585 -16.72409 -0.31988189,11.091905 -16.735563 -0.31988189,
  11.033095 -16.735563 -0.31988189,10.975415 -16.72409 -0.31988189,
  10.921081 -16.701584 -0.31988189,10.872182 -16.668911 -0.31988189,
  10.830597 -16.627326 -0.31988189,10.797924 -16.578427 -0.31988189,
  10.775418 -16.524093 -0.31988189,10.763944 -16.466413 -0.31988189,
  10.763944 -16.407603 -0.31988189,10.775418 -16.349922 -0.31988189,
  10.797924 -16.295589 -0.31988189,10.830597 -16.24669 -0.31988189,
  10.872182 -16.205105 -0.31988189,10.921081 -16.172431 -0.31988189,
  10.975415 -16.149926 -0.31988189,11.033095 -16.138452 -0.31988189,
  11.091905 -16.138452 -0.31988189,11.149585 -16.149926 -0.31988189,
  11.203919 -16.172431 -0.31988189,11.252818 -16.205105 -0.31988189,
  11.294403 -16.24669 -0.31988189,11.327076 -16.295589 -0.31988189,
  11.349582 -16.349922 -0.31988189,11.361056 -16.407603 -0.31988189,
  16.763944 -16.466413 -0.31988189,16.763944 -16.407603 -0.31988189,
  16.775418 -16.349922 -0.31988189,16.797924 -16.295589 -0.31988189,
  16.830597 -16.24669 -0.31988189,16.872182 -16.205105 -0.31988189,
  16.921081 -16.172431 -0.31988189,16.975415 -16.149926 -0.31988189,
  17.033095 -16.138452 -0.31988189,17.091905 -16.138452 -0.31988189,
  17.149585 -16.149926 -0.31988189,17.203919 -16.172431 -0.31988189,
  17.252818 -16.205105 -0.31988189,17.294403 -16.24669 -0.31988189,
  17.327076 -16.295589 -0.31988189,17.349582 -16.349922 -0.31988189,
  17.361056 -16.407603 -0.31988189,17.361056 -16.466413 -0.31988189,
  17.349582 -16.524093 -0.31988189,17.327076 -16.578427 -0.31988189,
  17.294403 -16.627326 -0.31988189,17.252818 -16.668911 -0.31988189,
  17.203919 -16.701584 -0.31988189,17.149585 -16.72409 -0.31988189,
  17.091905 -16.735563 -0.31988189,17.033095 -16.735563 -0.31988189,
  16.975415 -16.72409 -0.31988189,16.921081 -16.701584 -0.31988189,
  16.872182 -16.668911 -0.31988189,16.830597 -16.627326 -0.31988189,
  16.797924 -16.578427 -0.31988189,16.775418 -16.524093 -0.31988189,
  16.763944 -17.466413 -0.31988189,16.763944 -17.407603 -0.31988189,
  16.775418 -17.349922 -0.31988189,16.797924 -17.295589 -0.31988189,
  16.830597 -17.24669 -0.31988189,16.872182 -17.205105 -0.31988189,
  16.921081 -17.172431 -0.31988189,16.975415 -17.149926 -0.31988189,
  17.033095 -17.138452 -0.31988189,17.091905 -17.138452 -0.31988189,
  17.149585 -17.149926 -0.31988189,17.203919 -17.172431 -0.31988189,
  17.252818 -17.205105 -0.31988189,17.294403 -17.24669 -0.31988189,
  17.327076 -17.295589 -0.31988189,17.349582 -17.349922 -0.31988189,
  17.361056 -17.407603 -0.31988189,17.361056 -17.466413 -0.31988189,
  17.349582 -17.524093 -0.31988189,17.327076 -17.578427 -0.31988189,
  17.294403 -17.627326 -0.31988189,17.252818 -17.668911 -0.31988189,
  17.203919 -17.701584 -0.31988189,17.149585 -17.72409 -0.31988189,
  17.091905 -17.735563 -0.31988189,17.033095 -17.735563 -0.31988189,
  16.975415 -17.72409 -0.31988189,16.921081 -17.701584 -0.31988189,
  16.872182 -17.668911 -0.31988189,16.830597 -17.627326 -0.31988189,
  16.797924 -17.578427 -0.31988189,16.775418 -17.524093 -0.31988189,
  16.763944 -18.407603 -0.31988189,16.775418 -18.349922 -0.31988189,
  16.797924 -18.295589 -0.31988189,16.830597 -18.24669 -0.31988189,
  16.872182 -18.205105 -0.31988189,16.921081 -18.172431 -0.31988189,
  16.975415 -18.149926 -0.31988189,17.033095 -18.138452 -0.31988189,
  17.091905 -18.138452 -0.31988189,17.149585 -18.149926 -0.31988189,
  17.203919 -18.172431 -0.31988189,17.252818 -18.205105 -0.31988189,
  17.294403 -18.24669 -0.31988189,17.327076 -18.295589 -0.31988189,
  17.349582 -18.349922 -0.31988189,17.361056 -18.407603 -0.31988189,
  17.361056 -18.466413 -0.31988189,17.349582 -18.524093 -0.31988189,
  17.327076 -18.578427 -0.31988189,17.294403 -18.627326 -0.31988189,
  17.252818 -18.668911 -0.31988189,17.203919 -18.701584 -0.31988189,
  17.149585 -18.72409 -0.31988189,17.091905 -18.735563 -0.31988189,
  17.033095 -18.735563 -0.31988189,16.975415 -18.72409 -0.31988189,
  16.921081 -18.701584 -0.31988189,16.872182 -18.668911 -0.31988189,
  16.830597 -18.627326 -0.31988189,16.797924 -18.578427 -0.31988189,
  16.775418 -18.524093 -0.31988189,16.763944 -18.466413 -0.31988189,
  11.361056 -15.407603 -0.31988189,11.361056 -15.466413 -0.31988189,
  11.349582 -15.524093 -0.31988189,11.327076 -15.578427 -0.31988189,
  11.294403 -15.627326 -0.31988189,11.252818 -15.668911 -0.31988189,
  11.203919 -15.701584 -0.31988189,11.149585 -15.72409 -0.31988189,
  11.091905 -15.735563 -0.31988189,11.033095 -15.735563 -0.31988189,
  10.975415 -15.72409 -0.31988189,10.921081 -15.701584 -0.31988189,
  10.872182 -15.668911 -0.31988189,10.830597 -15.627326 -0.31988189,
  10.797924 -15.578427 -0.31988189,10.775418 -15.524093 -0.31988189,
  10.763944 -15.466413 -0.31988189,10.763944 -15.407603 -0.31988189,
  10.775418 -15.349922 -0.31988189,10.797924 -15.295589 -0.31988189,
  10.830597 -15.24669 -0.31988189,10.872182 -15.205105 -0.31988189,
  10.921081 -15.172431 -0.31988189,10.975415 -15.149926 -0.31988189,
  11.033095 -15.138452 -0.31988189,11.091905 -15.138452 -0.31988189,
  11.149585 -15.149926 -0.31988189,11.203919 -15.172431 -0.31988189,
  11.252818 -15.205105 -0.31988189,11.294403 -15.24669 -0.31988189,
  11.327076 -15.295589 -0.31988189,11.349582 -15.349922 -0.31988189,
  11.361056 -14.407603 -0.31988189,11.361056 -14.466413 -0.31988189,
  11.349582 -14.524093 -0.31988189,11.327076 -14.578427 -0.31988189,
  11.294403 -14.627326 -0.31988189,11.252818 -14.668911 -0.31988189,
  11.203919 -14.701584 -0.31988189,11.149585 -14.72409 -0.31988189,
  11.091905 -14.735563 -0.31988189,11.033095 -14.735563 -0.31988189,
  10.975415 -14.72409 -0.31988189,10.921081 -14.701584 -0.31988189,
  10.872182 -14.668911 -0.31988189,10.830597 -14.627326 -0.31988189,
  10.797924 -14.578427 -0.31988189,10.775418 -14.524093 -0.31988189,
  10.763944 -14.466413 -0.31988189,10.763944 -14.407603 -0.31988189,
  10.775418 -14.349922 -0.31988189,10.797924 -14.295589 -0.31988189,
  10.830597 -14.24669 -0.31988189,10.872182 -14.205105 -0.31988189,
  10.921081 -14.172431 -0.31988189,10.975415 -14.149926 -0.31988189,
  11.033095 -14.138452 -0.31988189,11.091905 -14.138452 -0.31988189,
  11.149585 -14.149926 -0.31988189,11.203919 -14.172431 -0.31988189,
  11.252818 -14.205105 -0.31988189,11.294403 -14.24669 -0.31988189,
  11.327076 -14.295589 -0.31988189,11.349582 -14.349922 -0.31988189,
  11.361056 -12.466413 -0.31988189,11.349582 -12.524093 -0.31988189,
  11.327076 -12.578427 -0.31988189,11.294403 -12.627326 -0.31988189,
  11.252818 -12.668911 -0.31988189,11.203919 -12.701584 -0.31988189,
  11.149585 -12.72409 -0.31988189,11.091905 -12.735563 -0.31988189,
  11.033095 -12.735563 -0.31988189,10.975415 -12.72409 -0.31988189,
  10.921081 -12.701584 -0.31988189,10.872182 -12.668911 -0.31988189,
  10.830597 -12.627326 -0.31988189,10.797924 -12.578427 -0.31988189,
  10.775418 -12.524093 -0.31988189,10.763944 -12.466413 -0.31988189,
  10.763944 -12.407603 -0.31988189,10.775418 -12.349922 -0.31988189,
  10.797924 -12.295589 -0.31988189,10.830597 -12.24669 -0.31988189,
  10.872182 -12.205105 -0.31988189,10.921081 -12.172431 -0.31988189,
  10.975415 -12.149926 -0.31988189,11.033095 -12.138452 -0.31988189,
  11.091905 -12.138452 -0.31988189,11.149585 -12.149926 -0.31988189,
  11.203919 -12.172431 -0.31988189,11.252818 -12.205105 -0.31988189,
  11.294403 -12.24669 -0.31988189,11.327076 -12.295589 -0.31988189,
  11.349582 -12.349922 -0.31988189,11.361056 -12.407603 -0.31988189,
  11.361056 -13.407603 -0.31988189,11.361056 -13.466413 -0.31988189,
  11.349582 -13.524093 -0.31988189,11.327076 -13.578427 -0.31988189,
  11.294403 -13.627326 -0.31988189,11.252818 -13.668911 -0.31988189,
  11.203919 -13.701584 -0.31988189,11.149585 -13.72409 -0.31988189,
  11.091905 -13.735563 -0.31988189,11.033095 -13.735563 -0.31988189,
  10.975415 -13.72409 -0.31988189,10.921081 -13.701584 -0.31988189,
  10.872182 -13.668911 -0.31988189,10.830597 -13.627326 -0.31988189,
  10.797924 -13.578427 -0.31988189,10.775418 -13.524093 -0.31988189,
  10.763944 -13.466413 -0.31988189,10.763944 -13.407603 -0.31988189,
  10.775418 -13.349922 -0.31988189,10.797924 -13.295589 -0.31988189,
  10.830597 -13.24669 -0.31988189,10.872182 -13.205105 -0.31988189,
  10.921081 -13.172431 -0.31988189,10.975415 -13.149926 -0.31988189,
  11.033095 -13.138452 -0.31988189,11.091905 -13.138452 -0.31988189,
  11.149585 -13.149926 -0.31988189,11.203919 -13.172431 -0.31988189,
  11.252818 -13.205105 -0.31988189,11.294403 -13.24669 -0.31988189,
  11.327076 -13.295589 -0.31988189,11.349582 -13.349922 -0.31988189,
  31.602854 -16.0625 -0.31988189,31.604465 -16.054398 -0.31988189,
  31.604466 -16.029699 -0.31988189,31.617264 -15.965357 -0.31988189,
  31.626716 -15.942538 -0.31988189,31.628328 -15.934437 -0.31988189,
  31.632916 -15.927568 -0.31988189,31.642369 -15.904749 -0.31988189,
  31.678815 -15.850203 -0.31988189,31.69628 -15.832737 -0.31988189,
  31.70087 -15.82587 -0.31988189,31.707737 -15.821281 -0.31988189,
  31.725203 -15.803815 -0.31988189,31.779749 -15.767369 -0.31988189,
  31.802569 -15.757917 -0.31988189,31.809437 -15.753328 -0.31988189,
  31.817539 -15.751717 -0.31988189,31.840357 -15.742264 -0.31988189,
  31.904699 -15.729466 -0.31988189,31.929399 -15.729466 -0.31988189,
  31.9375 -15.727854 -0.31988189,31.9456 -15.729465 -0.31988189,
  31.970301 -15.729466 -0.31988189,32.034643 -15.742264 -0.31988189,
  32.057462 -15.751716 -0.31988189,32.065563 -15.753328 -0.31988189,
  32.072431 -15.757917 -0.31988189,32.095251 -15.767369 -0.31988189,
  32.149797 -15.803815 -0.31988189,32.167261 -15.82128 -0.31988189,
  32.17413 -15.82587 -0.31988189,32.178719 -15.832738 -0.31988189,
  32.196185 -15.850203 -0.31988189,32.232631 -15.904749 -0.31988189,
  32.242083 -15.927569 -0.31988189,32.246672 -15.934437 -0.31988189,
  32.248285 -15.942539 -0.31988189,32.257736 -15.965357 -0.31988189,
  32.270534 -16.029699 -0.31988189,32.270534 -16.054399 -0.31988189,
  32.272146 -16.0625 -0.31988189,32.270534 -16.070601 -0.31988189,
  32.270534 -16.095301 -0.31988189,32.257736 -16.159643 -0.31988189,
  32.248285 -16.182462 -0.31988189,32.246672 -16.190563 -0.31988189,
  32.242083 -16.197431 -0.31988189,32.232631 -16.220251 -0.31988189,
  32.196185 -16.274797 -0.31988189,32.178719 -16.292262 -0.31988189,
  32.17413 -16.29913 -0.31988189,32.167261 -16.303719 -0.31988189,
  32.149797 -16.321185 -0.31988189,32.095251 -16.357631 -0.31988189,
  32.072431 -16.367083 -0.31988189,32.065563 -16.371672 -0.31988189,
  32.057462 -16.373284 -0.31988189,32.034643 -16.382736 -0.31988189,
  31.970301 -16.395534 -0.31988189,31.9456 -16.395534 -0.31988189,
  31.9375 -16.397146 -0.31988189,31.929399 -16.395534 -0.31988189,
  31.904699 -16.395534 -0.31988189,31.840357 -16.382736 -0.31988189,
  31.817539 -16.373284 -0.31988189,31.809437 -16.371672 -0.31988189,
  31.802569 -16.367083 -0.31988189,31.779749 -16.357631 -0.31988189,
  31.725203 -16.321185 -0.31988189,31.707737 -16.303719 -0.31988189,
  31.70087 -16.29913 -0.31988189,31.69628 -16.292262 -0.31988189,
  31.678815 -16.274797 -0.31988189,31.642369 -16.220251 -0.31988189,
  31.632916 -16.197431 -0.31988189,31.628328 -16.190563 -0.31988189,
  31.626716 -16.182462 -0.31988189,31.617264 -16.159643 -0.31988189,
  31.604466 -16.095301 -0.31988189,31.604465 -16.070601 -0.31988189,
  30.505764 -14.096478 -0.31988189,30.505764 -14.028522 -0.31988189,
  30.516395 -13.961402 -0.31988189,30.537395 -13.896771 -0.31988189,
  30.568246 -13.836221 -0.31988189,30.60819 -13.781243 -0.31988189,
  30.656243 -13.73319 -0.31988189,30.711221 -13.693246 -0.31988189,
  30.771771 -13.662395 -0.31988189,30.836402 -13.641395 -0.31988189,
  30.903522 -13.630764 -0.31988189,30.971478 -13.630764 -0.31988189,
  31.038598 -13.641395 -0.31988189,31.103229 -13.662395 -0.31988189,
  31.163779 -13.693246 -0.31988189,31.218757 -13.73319 -0.31988189,
  31.26681 -13.781243 -0.31988189,31.306754 -13.836221 -0.31988189,
  31.337605 -13.896771 -0.31988189,31.358605 -13.961402 -0.31988189,
  31.369236 -14.028522 -0.31988189,31.369236 -14.096478 -0.31988189,
  31.358605 -14.163598 -0.31988189,31.337605 -14.228229 -0.31988189,
  31.306754 -14.288779 -0.31988189,31.26681 -14.343757 -0.31988189,
  31.218757 -14.39181 -0.31988189,31.163779 -14.431754 -0.31988189,
  31.103229 -14.462605 -0.31988189,31.038598 -14.483605 -0.31988189,
  30.971478 -14.494236 -0.31988189,30.903522 -14.494236 -0.31988189,
  30.836402 -14.483605 -0.31988189,30.771771 -14.462605 -0.31988189,
  30.711221 -14.431754 -0.31988189,30.656243 -14.39181 -0.31988189,
  30.60819 -14.343757 -0.31988189,30.568246 -14.288779 -0.31988189,
  30.537395 -14.228229 -0.31988189,30.516395 -14.163598 -0.31988189,
  30.499078 -15.512907 -0.31988189,30.5295 -15.54333 -0.31988189,
  30.5922 -15.625043 -0.31988189,30.643699 -15.714241 -0.31988189,
  30.660162 -15.753988 -0.31988189,30.664964 -15.761174 -0.31988189,
  30.666649 -15.76965 -0.31988189,30.683114 -15.809398 -0.31988189,
  30.709772 -15.908885 -0.31988189,30.723216 -16.011002 -0.31988189,
  30.723216 -16.029699 -0.31988189,30.723216 -16.054025 -0.31988189,
  30.724902 -16.0625 -0.31988189,30.723216 -16.070975 -0.31988189,
  30.723216 -16.113998 -0.31988189,30.709772 -16.216115 -0.31988189,
  30.683114 -16.315602 -0.31988189,30.666649 -16.355349 -0.31988189,
  30.664964 -16.363826 -0.31988189,30.660162 -16.371011 -0.31988189,
  30.643699 -16.410759 -0.31988189,30.5922 -16.499957 -0.31988189,
  30.5295 -16.58167 -0.31988189,30.499078 -16.612093 -0.31988189,
  30.494277 -16.619277 -0.31988189,30.487093 -16.624078 -0.31988189,
  30.45667 -16.6545 -0.31988189,30.374957 -16.7172 -0.31988189,
  30.285759 -16.768699 -0.31988189,30.246011 -16.785162 -0.31988189,
  30.238826 -16.789964 -0.31988189,30.230349 -16.79165 -0.31988189,
  30.190602 -16.808114 -0.31988189,30.091115 -16.834772 -0.31988189,
  29.988998 -16.848216 -0.31988189,29.945975 -16.848216 -0.31988189,
  29.9375 -16.849902 -0.31988189,29.929025 -16.848216 -0.31988189,
  29.886002 -16.848216 -0.31988189,29.783885 -16.834772 -0.31988189,
  29.684398 -16.808114 -0.31988189,29.64465 -16.79165 -0.31988189,
  29.636174 -16.789964 -0.31988189,29.628988 -16.785162 -0.31988189,
  29.589241 -16.768699 -0.31988189,29.500043 -16.7172 -0.31988189,
  29.41833 -16.6545 -0.31988189,29.387907 -16.624077 -0.31988189,
  29.380723 -16.619277 -0.31988189,29.375923 -16.612093 -0.31988189,
  29.3455 -16.58167 -0.31988189,29.2828 -16.499957 -0.31988189,
  29.231301 -16.410759 -0.31988189,29.214836 -16.371011 -0.31988189,
  29.210036 -16.363826 -0.31988189,29.20835 -16.355349 -0.31988189,
  29.191886 -16.315602 -0.31988189,29.165228 -16.216115 -0.31988189,
  29.151784 -16.113998 -0.31988189,29.151784 -16.070975 -0.31988189,
  29.150098 -16.0625 -0.31988189,29.151784 -16.054025 -0.31988189,
  29.151784 -16.011002 -0.31988189,29.165228 -15.908885 -0.31988189,
  29.191886 -15.809398 -0.31988189,29.20835 -15.769651 -0.31988189,
  29.210036 -15.761174 -0.31988189,29.214836 -15.753988 -0.31988189,
  29.231301 -15.714241 -0.31988189,29.2828 -15.625043 -0.31988189,
  29.3455 -15.54333 -0.31988189,29.375923 -15.512908 -0.31988189,
  29.380723 -15.505723 -0.31988189,29.387907 -15.500923 -0.31988189,
  29.41833 -15.4705 -0.31988189,29.500043 -15.4078 -0.31988189,
  29.589241 -15.356301 -0.31988189,29.628988 -15.339837 -0.31988189,
  29.636174 -15.335036 -0.31988189,29.64465 -15.333349 -0.31988189,
  29.684398 -15.316886 -0.31988189,29.783885 -15.290228 -0.31988189,
  29.886002 -15.276784 -0.31988189,29.929025 -15.276784 -0.31988189,
  29.9375 -15.275098 -0.31988189,29.945975 -15.276784 -0.31988189,
  29.988998 -15.276784 -0.31988189,30.091115 -15.290228 -0.31988189,
  30.190602 -15.316886 -0.31988189,30.230349 -15.33335 -0.31988189,
  30.238826 -15.335036 -0.31988189,30.246011 -15.339837 -0.31988189,
  30.285759 -15.356301 -0.31988189,30.374957 -15.4078 -0.31988189,
  30.45667 -15.4705 -0.31988189,30.487093 -15.500923 -0.31988189,
  30.494277 -15.505723 -0.31988189,31.602854 -23.5625 -0.31988189,
  31.604465 -23.554398 -0.31988189,31.604466 -23.529699 -0.31988189,
  31.617264 -23.465357 -0.31988189,31.626716 -23.442538 -0.31988189,
  31.628328 -23.434437 -0.31988189,31.632916 -23.427568 -0.31988189,
  31.642369 -23.404749 -0.31988189,31.678815 -23.350203 -0.31988189,
  31.69628 -23.332737 -0.31988189,31.70087 -23.32587 -0.31988189,
  31.707737 -23.32128 -0.31988189,31.725203 -23.303815 -0.31988189,
  31.779749 -23.267369 -0.31988189,31.802569 -23.257917 -0.31988189,
  31.809437 -23.253328 -0.31988189,31.817539 -23.251717 -0.31988189,
  31.840357 -23.242264 -0.31988189,31.904699 -23.229466 -0.31988189,
  31.929399 -23.229466 -0.31988189,31.9375 -23.227854 -0.31988189,
  31.9456 -23.229465 -0.31988189,31.970301 -23.229466 -0.31988189,
  32.034643 -23.242264 -0.31988189,32.057462 -23.251716 -0.31988189,
  32.065563 -23.253328 -0.31988189,32.072431 -23.257917 -0.31988189,
  32.095251 -23.267369 -0.31988189,32.149797 -23.303815 -0.31988189,
  32.167261 -23.32128 -0.31988189,32.17413 -23.32587 -0.31988189,
  32.178719 -23.332737 -0.31988189,32.196185 -23.350203 -0.31988189,
  32.232631 -23.404749 -0.31988189,32.242083 -23.427569 -0.31988189,
  32.246672 -23.434437 -0.31988189,32.248285 -23.442539 -0.31988189,
  32.257736 -23.465357 -0.31988189,32.270534 -23.529699 -0.31988189,
  32.270534 -23.554399 -0.31988189,32.272146 -23.5625 -0.31988189,
  32.270534 -23.570601 -0.31988189,32.270534 -23.595301 -0.31988189,
  32.257736 -23.659643 -0.31988189,32.248285 -23.682462 -0.31988189,
  32.246672 -23.690563 -0.31988189,32.242083 -23.697431 -0.31988189,
  32.232631 -23.720251 -0.31988189,32.196185 -23.774797 -0.31988189,
  32.178719 -23.792262 -0.31988189,32.17413 -23.79913 -0.31988189,
  32.167261 -23.803719 -0.31988189,32.149797 -23.821185 -0.31988189,
  32.095251 -23.857631 -0.31988189,32.072431 -23.867083 -0.31988189,
  32.065563 -23.871672 -0.31988189,32.057462 -23.873284 -0.31988189,
  32.034643 -23.882736 -0.31988189,31.970301 -23.895534 -0.31988189,
  31.9456 -23.895534 -0.31988189,31.9375 -23.897146 -0.31988189,
  31.929399 -23.895534 -0.31988189,31.904699 -23.895534 -0.31988189,
  31.840357 -23.882736 -0.31988189,31.817539 -23.873284 -0.31988189,
  31.809437 -23.871672 -0.31988189,31.802569 -23.867083 -0.31988189,
  31.779749 -23.857631 -0.31988189,31.725203 -23.821185 -0.31988189,
  31.707737 -23.803719 -0.31988189,31.70087 -23.79913 -0.31988189,
  31.69628 -23.792262 -0.31988189,31.678815 -23.774797 -0.31988189,
  31.642369 -23.720251 -0.31988189,31.632916 -23.697431 -0.31988189,
  31.628328 -23.690563 -0.31988189,31.626716 -23.682462 -0.31988189,
  31.617264 -23.659643 -0.31988189,31.604466 -23.595301 -0.31988189,
  31.604465 -23.570601 -0.31988189,28.869236 -15.028522 -0.31988189,
  28.869236 -15.096478 -0.31988189,28.858605 -15.163598 -0.31988189,
  28.837605 -15.228229 -0.31988189,28.806754 -15.288779 -0.31988189,
  28.76681 -15.343757 -0.31988189,28.718757 -15.39181 -0.31988189,
  28.663779 -15.431754 -0.31988189,28.603229 -15.462605 -0.31988189,
  28.538598 -15.483605 -0.31988189,28.471478 -15.494236 -0.31988189,
  28.403522 -15.494236 -0.31988189,28.336402 -15.483605 -0.31988189,
  28.271771 -15.462605 -0.31988189,28.211221 -15.431754 -0.31988189,
  28.156243 -15.39181 -0.31988189,28.10819 -15.343757 -0.31988189,
  28.068246 -15.288779 -0.31988189,28.037395 -15.228229 -0.31988189,
  28.016395 -15.163598 -0.31988189,28.005764 -15.096478 -0.31988189,
  28.005764 -15.028522 -0.31988189,28.016395 -14.961402 -0.31988189,
  28.037395 -14.896771 -0.31988189,28.068246 -14.836221 -0.31988189,
  28.10819 -14.781243 -0.31988189,28.156243 -14.73319 -0.31988189,
  28.211221 -14.693246 -0.31988189,28.271771 -14.662395 -0.31988189,
  28.336402 -14.641395 -0.31988189,28.403522 -14.630764 -0.31988189,
  28.471478 -14.630764 -0.31988189,28.538598 -14.641395 -0.31988189,
  28.603229 -14.662395 -0.31988189,28.663779 -14.693246 -0.31988189,
  28.718757 -14.73319 -0.31988189,28.76681 -14.781243 -0.31988189,
  28.806754 -14.836221 -0.31988189,28.837605 -14.896771 -0.31988189,
  28.858605 -14.961402 -0.31988189,29.150098 -23.5625 -0.31988189,
  29.151784 -23.554025 -0.31988189,29.151784 -23.511002 -0.31988189,
  29.165228 -23.408885 -0.31988189,29.191886 -23.309398 -0.31988189,
  29.20835 -23.269651 -0.31988189,29.210036 -23.261174 -0.31988189,
  29.214836 -23.253988 -0.31988189,29.231301 -23.214241 -0.31988189,
  29.2828 -23.125043 -0.31988189,29.3455 -23.04333 -0.31988189,
  29.375923 -23.012908 -0.31988189,29.380723 -23.005723 -0.31988189,
  29.387907 -23.000923 -0.31988189,29.41833 -22.9705 -0.31988189,
  29.500043 -22.9078 -0.31988189,29.589241 -22.856301 -0.31988189,
  29.628988 -22.839837 -0.31988189,29.636174 -22.835036 -0.31988189,
  29.64465 -22.833349 -0.31988189,29.684398 -22.816886 -0.31988189,
  29.783885 -22.790228 -0.31988189,29.886002 -22.776784 -0.31988189,
  29.929025 -22.776784 -0.31988189,29.9375 -22.775098 -0.31988189,
  29.945975 -22.776784 -0.31988189,29.988998 -22.776784 -0.31988189,
  30.091115 -22.790228 -0.31988189,30.190602 -22.816886 -0.31988189,
  30.230349 -22.83335 -0.31988189,30.238826 -22.835036 -0.31988189,
  30.246011 -22.839837 -0.31988189,30.285759 -22.856301 -0.31988189,
  30.374957 -22.9078 -0.31988189,30.45667 -22.9705 -0.31988189,
  30.487093 -23.000923 -0.31988189,30.494277 -23.005723 -0.31988189,
  30.499078 -23.012907 -0.31988189,30.5295 -23.04333 -0.31988189,
  30.5922 -23.125043 -0.31988189,30.643699 -23.214241 -0.31988189,
  30.660162 -23.253988 -0.31988189,30.664964 -23.261174 -0.31988189,
  30.666649 -23.26965 -0.31988189,30.683114 -23.309398 -0.31988189,
  30.709772 -23.408885 -0.31988189,30.723216 -23.511002 -0.31988189,
  30.723216 -23.529699 -0.31988189,30.723216 -23.554025 -0.31988189,
  30.724902 -23.5625 -0.31988189,30.723216 -23.570975 -0.31988189,
  30.723216 -23.613998 -0.31988189,30.709772 -23.716115 -0.31988189,
  30.683114 -23.815602 -0.31988189,30.666649 -23.855348 -0.31988189,
  30.664964 -23.863826 -0.31988189,30.660162 -23.871011 -0.31988189,
  30.643699 -23.910759 -0.31988189,30.5922 -23.999957 -0.31988189,
  30.5295 -24.08167 -0.31988189,30.499078 -24.112093 -0.31988189,
  30.494277 -24.119277 -0.31988189,30.487093 -24.124078 -0.31988189,
  30.45667 -24.1545 -0.31988189,30.374957 -24.2172 -0.31988189,
  30.285759 -24.268699 -0.31988189,30.246011 -24.285162 -0.31988189,
  30.238826 -24.289964 -0.31988189,30.230349 -24.29165 -0.31988189,
  30.190602 -24.308114 -0.31988189,30.091115 -24.334772 -0.31988189,
  29.988998 -24.348216 -0.31988189,29.945975 -24.348216 -0.31988189,
  29.9375 -24.349902 -0.31988189,29.929025 -24.348216 -0.31988189,
  29.886002 -24.348216 -0.31988189,29.783885 -24.334772 -0.31988189,
  29.684398 -24.308114 -0.31988189,29.64465 -24.291649 -0.31988189,
  29.636174 -24.289964 -0.31988189,29.628988 -24.285162 -0.31988189,
  29.589241 -24.268699 -0.31988189,29.500043 -24.2172 -0.31988189,
  29.41833 -24.1545 -0.31988189,29.387907 -24.124078 -0.31988189,
  29.380723 -24.119277 -0.31988189,29.375923 -24.112093 -0.31988189,
  29.3455 -24.08167 -0.31988189,29.2828 -23.999957 -0.31988189,
  29.231301 -23.910759 -0.31988189,29.214836 -23.871011 -0.31988189,
  29.210036 -23.863826 -0.31988189,29.20835 -23.855349 -0.31988189,
  29.191886 -23.815602 -0.31988189,29.165228 -23.716115 -0.31988189,
  29.151784 -23.613998 -0.31988189,29.151784 -23.570975 -0.31988189,
  30.505764 -21.596478 -0.31988189,30.505764 -21.528522 -0.31988189,
  30.516395 -21.461402 -0.31988189,30.537395 -21.396771 -0.31988189,
  30.568246 -21.336221 -0.31988189,30.60819 -21.281243 -0.31988189,
  30.656243 -21.23319 -0.31988189,30.711221 -21.193246 -0.31988189,
  30.771771 -21.162395 -0.31988189,30.836402 -21.141395 -0.31988189,
  30.903522 -21.130764 -0.31988189,30.971478 -21.130764 -0.31988189,
  31.038598 -21.141395 -0.31988189,31.103229 -21.162395 -0.31988189,
  31.163779 -21.193246 -0.31988189,31.218757 -21.23319 -0.31988189,
  31.26681 -21.281243 -0.31988189,31.306754 -21.336221 -0.31988189,
  31.337605 -21.396771 -0.31988189,31.358605 -21.461402 -0.31988189,
  31.369236 -21.528522 -0.31988189,31.369236 -21.596478 -0.31988189,
  31.358605 -21.663598 -0.31988189,31.337605 -21.728229 -0.31988189,
  31.306754 -21.788779 -0.31988189,31.26681 -21.843757 -0.31988189,
  31.218757 -21.89181 -0.31988189,31.163779 -21.931754 -0.31988189,
  31.103229 -21.962605 -0.31988189,31.038598 -21.983605 -0.31988189,
  30.971478 -21.994236 -0.31988189,30.903522 -21.994236 -0.31988189,
  30.836402 -21.983605 -0.31988189,30.771771 -21.962605 -0.31988189,
  30.711221 -21.931754 -0.31988189,30.656243 -21.89181 -0.31988189,
  30.60819 -21.843757 -0.31988189,30.568246 -21.788779 -0.31988189,
  30.537395 -21.728229 -0.31988189,30.516395 -21.663598 -0.31988189,
  20.836402 -22.983605 -0.31988189,20.771771 -22.962605 -0.31988189,
  20.711221 -22.931754 -0.31988189,20.656243 -22.89181 -0.31988189,
  20.60819 -22.843757 -0.31988189,20.568246 -22.788779 -0.31988189,
  20.537395 -22.728229 -0.31988189,20.516395 -22.663598 -0.31988189,
  20.505764 -22.596478 -0.31988189,20.505764 -22.528522 -0.31988189,
  20.516395 -22.461402 -0.31988189,20.537395 -22.396771 -0.31988189,
  20.568246 -22.336221 -0.31988189,20.60819 -22.281243 -0.31988189,
  20.656243 -22.23319 -0.31988189,20.711221 -22.193246 -0.31988189,
  20.771771 -22.162395 -0.31988189,20.836402 -22.141395 -0.31988189,
  20.903522 -22.130764 -0.31988189,20.971478 -22.130764 -0.31988189,
  21.038598 -22.141395 -0.31988189,21.103229 -22.162395 -0.31988189,
  21.163779 -22.193246 -0.31988189,21.218757 -22.23319 -0.31988189,
  21.26681 -22.281243 -0.31988189,21.306754 -22.336221 -0.31988189,
  21.337605 -22.396771 -0.31988189,21.358605 -22.461402 -0.31988189,
  21.369236 -22.528522 -0.31988189,21.369236 -22.596478 -0.31988189,
  21.358605 -22.663598 -0.31988189,21.337605 -22.728229 -0.31988189,
  21.306754 -22.788779 -0.31988189,21.26681 -22.843757 -0.31988189,
  21.218757 -22.89181 -0.31988189,21.163779 -22.931754 -0.31988189,
  21.103229 -22.962605 -0.31988189,21.038598 -22.983605 -0.31988189,
  20.971478 -22.994236 -0.31988189,20.903522 -22.994236 -0.31988189,
  20.102854 -16.0625 -0.31988189,20.104465 -16.054398 -0.31988189,
  20.104466 -16.029699 -0.31988189,20.117264 -15.965357 -0.31988189,
  20.126716 -15.942538 -0.31988189,20.128328 -15.934437 -0.31988189,
  20.132917 -15.927568 -0.31988189,20.142369 -15.904749 -0.31988189,
  20.178815 -15.850203 -0.31988189,20.19628 -15.832737 -0.31988189,
  20.20087 -15.82587 -0.31988189,20.207738 -15.821281 -0.31988189,
  20.225203 -15.803815 -0.31988189,20.279749 -15.767369 -0.31988189,
  20.302569 -15.757917 -0.31988189,20.309437 -15.753328 -0.31988189,
  20.317539 -15.751717 -0.31988189,20.340357 -15.742264 -0.31988189,
  20.404699 -15.729466 -0.31988189,20.429399 -15.729466 -0.31988189,
  20.4375 -15.727854 -0.31988189,20.445601 -15.729465 -0.31988189,
  20.470301 -15.729466 -0.31988189,20.534643 -15.742264 -0.31988189,
  20.557462 -15.751716 -0.31988189,20.565563 -15.753328 -0.31988189,
  20.572431 -15.757917 -0.31988189,20.595251 -15.767369 -0.31988189,
  20.649797 -15.803815 -0.31988189,20.667262 -15.82128 -0.31988189,
  20.67413 -15.82587 -0.31988189,20.678719 -15.832738 -0.31988189,
  20.696185 -15.850203 -0.31988189,20.732631 -15.904749 -0.31988189,
  20.742083 -15.927569 -0.31988189,20.746672 -15.934437 -0.31988189,
  20.748284 -15.942539 -0.31988189,20.757736 -15.965357 -0.31988189,
  20.766815 -16.011002 -0.31988189,20.770534 -16.029699 -0.31988189,
  20.770534 -16.054399 -0.31988189,20.772146 -16.0625 -0.31988189,
  20.770534 -16.070601 -0.31988189,20.770534 -16.095301 -0.31988189,
  20.757736 -16.159643 -0.31988189,20.748284 -16.182462 -0.31988189,
  20.746672 -16.190563 -0.31988189,20.742083 -16.197431 -0.31988189,
  20.732631 -16.220251 -0.31988189,20.696185 -16.274797 -0.31988189,
  20.678719 -16.292262 -0.31988189,20.67413 -16.29913 -0.31988189,
  20.667262 -16.303719 -0.31988189,20.649797 -16.321185 -0.31988189,
  20.595251 -16.357631 -0.31988189,20.572431 -16.367083 -0.31988189,
  20.565563 -16.371672 -0.31988189,20.557462 -16.373284 -0.31988189,
  20.534643 -16.382736 -0.31988189,20.470301 -16.395534 -0.31988189,
  20.445601 -16.395534 -0.31988189,20.4375 -16.397146 -0.31988189,
  20.429399 -16.395534 -0.31988189,20.404699 -16.395534 -0.31988189,
  20.340357 -16.382736 -0.31988189,20.317539 -16.373284 -0.31988189,
  20.309437 -16.371672 -0.31988189,20.302569 -16.367083 -0.31988189,
  20.279749 -16.357631 -0.31988189,20.225203 -16.321185 -0.31988189,
  20.207738 -16.303719 -0.31988189,20.20087 -16.29913 -0.31988189,
  20.19628 -16.292262 -0.31988189,20.178815 -16.274797 -0.31988189,
  20.142369 -16.220251 -0.31988189,20.132917 -16.197431 -0.31988189,
  20.128328 -16.190563 -0.31988189,20.126716 -16.182462 -0.31988189,
  20.117264 -16.159643 -0.31988189,20.104466 -16.095301 -0.31988189,
  20.104465 -16.070601 -0.31988189,17.361056 -12.407603 -0.31988189,
  17.361056 -12.466413 -0.31988189,17.349582 -12.524093 -0.31988189,
  17.327076 -12.578427 -0.31988189,17.294403 -12.627326 -0.31988189,
  17.252818 -12.668911 -0.31988189,17.203919 -12.701584 -0.31988189,
  17.149585 -12.72409 -0.31988189,17.091905 -12.735563 -0.31988189,
  17.033095 -12.735563 -0.31988189,16.975415 -12.72409 -0.31988189,
  16.921081 -12.701584 -0.31988189,16.872182 -12.668911 -0.31988189,
  16.830597 -12.627326 -0.31988189,16.797924 -12.578427 -0.31988189,
  16.775418 -12.524093 -0.31988189,16.763944 -12.466413 -0.31988189,
  16.763944 -12.407603 -0.31988189,16.775418 -12.349922 -0.31988189,
  16.797924 -12.295589 -0.31988189,16.830597 -12.24669 -0.31988189,
  16.872182 -12.205105 -0.31988189,16.921081 -12.172431 -0.31988189,
  16.975415 -12.149926 -0.31988189,17.033095 -12.138452 -0.31988189,
  17.091905 -12.138452 -0.31988189,17.149585 -12.149926 -0.31988189,
  17.203919 -12.172431 -0.31988189,17.252818 -12.205105 -0.31988189,
  17.294403 -12.24669 -0.31988189,17.327076 -12.295589 -0.31988189,
  17.349582 -12.349922 -0.31988189,20.102854 -23.5625 -0.31988189,
  20.104465 -23.554398 -0.31988189,20.104466 -23.529699 -0.31988189,
  20.117264 -23.465357 -0.31988189,20.126716 -23.442538 -0.31988189,
  20.128328 -23.434437 -0.31988189,20.132917 -23.427568 -0.31988189,
  20.142369 -23.404749 -0.31988189,20.178815 -23.350203 -0.31988189,
  20.19628 -23.332737 -0.31988189,20.20087 -23.32587 -0.31988189,
  20.207738 -23.32128 -0.31988189,20.225203 -23.303815 -0.31988189,
  20.279749 -23.267369 -0.31988189,20.302569 -23.257917 -0.31988189,
  20.309437 -23.253328 -0.31988189,20.317539 -23.251717 -0.31988189,
  20.340357 -23.242264 -0.31988189,20.404699 -23.229466 -0.31988189,
  20.429399 -23.229466 -0.31988189,20.4375 -23.227854 -0.31988189,
  20.445601 -23.229465 -0.31988189,20.470301 -23.229466 -0.31988189,
  20.534643 -23.242264 -0.31988189,20.557462 -23.251716 -0.31988189,
  20.565563 -23.253328 -0.31988189,20.572431 -23.257917 -0.31988189,
  20.595251 -23.267369 -0.31988189,20.649797 -23.303815 -0.31988189,
  20.667262 -23.32128 -0.31988189,20.67413 -23.32587 -0.31988189,
  20.678719 -23.332737 -0.31988189,20.696185 -23.350203 -0.31988189,
  20.732631 -23.404749 -0.31988189,20.742083 -23.427569 -0.31988189,
  20.746672 -23.434437 -0.31988189,20.748284 -23.442539 -0.31988189,
  20.757736 -23.465357 -0.31988189,20.766815 -23.511002 -0.31988189,
  20.770534 -23.529699 -0.31988189,20.770534 -23.554399 -0.31988189,
  20.772146 -23.5625 -0.31988189,20.770534 -23.570601 -0.31988189,
  20.770534 -23.595301 -0.31988189,20.757736 -23.659643 -0.31988189,
  20.748284 -23.682462 -0.31988189,20.746672 -23.690563 -0.31988189,
  20.742083 -23.697431 -0.31988189,20.732631 -23.720251 -0.31988189,
  20.696185 -23.774797 -0.31988189,20.678719 -23.792262 -0.31988189,
  20.67413 -23.79913 -0.31988189,20.667262 -23.803719 -0.31988189,
  20.649797 -23.821185 -0.31988189,20.595251 -23.857631 -0.31988189,
  20.572431 -23.867083 -0.31988189,20.565563 -23.871672 -0.31988189,
  20.557462 -23.873284 -0.31988189,20.534643 -23.882736 -0.31988189,
  20.470301 -23.895534 -0.31988189,20.445601 -23.895534 -0.31988189,
  20.4375 -23.897146 -0.31988189,20.429399 -23.895534 -0.31988189,
  20.404699 -23.895534 -0.31988189,20.340357 -23.882736 -0.31988189,
  20.317539 -23.873284 -0.31988189,20.309437 -23.871672 -0.31988189,
  20.302569 -23.867083 -0.31988189,20.279749 -23.857631 -0.31988189,
  20.225203 -23.821185 -0.31988189,20.207738 -23.803719 -0.31988189,
  20.20087 -23.79913 -0.31988189,20.19628 -23.792262 -0.31988189,
  20.178815 -23.774797 -0.31988189,20.142369 -23.720251 -0.31988189,
  20.132917 -23.697431 -0.31988189,20.128328 -23.690563 -0.31988189,
  20.126716 -23.682462 -0.31988189,20.117264 -23.659643 -0.31988189,
  20.104466 -23.595301 -0.31988189,20.104465 -23.570601 -0.31988189,
  34.6875 -28.125 -0.31988189,34.6875 -11.25 -0.31988189,
  8.4375 -11.25 -0.31988189,8.4375 -12.407603 -0.31988189,
  8.4375 -13.407603 -0.31988189,8.4375 -14.028522 -0.31988189,
  8.4375 -14.407603 -0.31988189,8.4375 -15.028522 -0.31988189,
  8.4375 -15.407603 -0.31988189,8.4375 -16.029699 -0.31988189,
  8.4375 -16.407603 -0.31988189,8.4375 -17.407603 -0.31988189,
  8.4375 -18.407603 -0.31988189,8.4375 -21.528522 -0.31988189,
  8.4375 -22.528522 -0.31988189,8.4375 -23.529699 -0.31988189,
  8.4375 -28.125 -0.31988189,16.763944 -15.407603 -0.31988189,
  16.775418 -15.349922 -0.31988189,16.797924 -15.295589 -0.31988189,
  16.830597 -15.24669 -0.31988189,16.872182 -15.205105 -0.31988189,
  16.921081 -15.172431 -0.31988189,16.975415 -15.149926 -0.31988189,
  17.033095 -15.138452 -0.31988189,17.091905 -15.138452 -0.31988189,
  17.149585 -15.149926 -0.31988189,17.203919 -15.172431 -0.31988189,
  17.252818 -15.205105 -0.31988189,17.294403 -15.24669 -0.31988189,
  17.327076 -15.295589 -0.31988189,17.349582 -15.349922 -0.31988189,
  17.361056 -15.407603 -0.31988189,17.361056 -15.466413 -0.31988189,
  17.349582 -15.524093 -0.31988189,17.327076 -15.578427 -0.31988189,
  17.294403 -15.627326 -0.31988189,17.252818 -15.668911 -0.31988189,
  17.203919 -15.701584 -0.31988189,17.149585 -15.72409 -0.31988189,
  17.091905 -15.735563 -0.31988189,17.033095 -15.735563 -0.31988189,
  16.975415 -15.72409 -0.31988189,16.921081 -15.701584 -0.31988189,
  16.872182 -15.668911 -0.31988189,16.830597 -15.627326 -0.31988189,
  16.797924 -15.578427 -0.31988189,16.775418 -15.524093 -0.31988189,
  16.763944 -15.466413 -0.31988189,28.336402 -22.141395 -0.31988189,
  28.403522 -22.130764 -0.31988189,28.471478 -22.130764 -0.31988189,
  28.538598 -22.141395 -0.31988189,28.603229 -22.162395 -0.31988189,
  28.663779 -22.193246 -0.31988189,28.718757 -22.23319 -0.31988189,
  28.76681 -22.281243 -0.31988189,28.806754 -22.336221 -0.31988189,
  28.837605 -22.396771 -0.31988189,28.858605 -22.461402 -0.31988189,
  28.869236 -22.528522 -0.31988189,28.869236 -22.596478 -0.31988189,
  28.858605 -22.663598 -0.31988189,28.837605 -22.728229 -0.31988189,
  28.806754 -22.788779 -0.31988189,28.76681 -22.843757 -0.31988189,
  28.718757 -22.89181 -0.31988189,28.663779 -22.931754 -0.31988189,
  28.603229 -22.962605 -0.31988189,28.538598 -22.983605 -0.31988189,
  28.471478 -22.994236 -0.31988189,28.403522 -22.994236 -0.31988189,
  28.336402 -22.983605 -0.31988189,28.271771 -22.962605 -0.31988189,
  28.211221 -22.931754 -0.31988189,28.156243 -22.89181 -0.31988189,
  28.10819 -22.843757 -0.31988189,28.068246 -22.788779 -0.31988189,
  28.037395 -22.728229 -0.31988189,28.016395 -22.663598 -0.31988189,
  28.005764 -22.596478 -0.31988189,28.005764 -22.528522 -0.31988189,
  28.016395 -22.461402 -0.31988189,28.037395 -22.396771 -0.31988189,
  28.068246 -22.336221 -0.31988189,28.10819 -22.281243 -0.31988189,
  28.156243 -22.23319 -0.31988189,28.211221 -22.193246 -0.31988189,
  28.271771 -22.162395 -0.31988189,28.272146 -16.0625 -0.31988189,
  28.270534 -16.070601 -0.31988189,28.270534 -16.095301 -0.31988189,
  28.257736 -16.159643 -0.31988189,28.248285 -16.182462 -0.31988189,
  28.246672 -16.190563 -0.31988189,28.242083 -16.197431 -0.31988189,
  28.232631 -16.220251 -0.31988189,28.196185 -16.274797 -0.31988189,
  28.178719 -16.292262 -0.31988189,28.17413 -16.29913 -0.31988189,
  28.167261 -16.303719 -0.31988189,28.149797 -16.321185 -0.31988189,
  28.095251 -16.357631 -0.31988189,28.072431 -16.367083 -0.31988189,
  28.065563 -16.371672 -0.31988189,28.057462 -16.373284 -0.31988189,
  28.034643 -16.382736 -0.31988189,27.970301 -16.395534 -0.31988189,
  27.9456 -16.395534 -0.31988189,27.9375 -16.397146 -0.31988189,
  27.929399 -16.395534 -0.31988189,27.904699 -16.395534 -0.31988189,
  27.840357 -16.382736 -0.31988189,27.817539 -16.373284 -0.31988189,
  27.809437 -16.371672 -0.31988189,27.802569 -16.367083 -0.31988189,
  27.779749 -16.357631 -0.31988189,27.725203 -16.321185 -0.31988189,
  27.707737 -16.303719 -0.31988189,27.70087 -16.29913 -0.31988189,
  27.69628 -16.292262 -0.31988189,27.678815 -16.274797 -0.31988189,
  27.642369 -16.220251 -0.31988189,27.632916 -16.197431 -0.31988189,
  27.628328 -16.190563 -0.31988189,27.626716 -16.182462 -0.31988189,
  27.617264 -16.159643 -0.31988189,27.604466 -16.095301 -0.31988189,
  27.604465 -16.070601 -0.31988189,27.602854 -16.0625 -0.31988189,
  27.604465 -16.054398 -0.31988189,27.604466 -16.029699 -0.31988189,
  27.617264 -15.965357 -0.31988189,27.626716 -15.942538 -0.31988189,
  27.628328 -15.934437 -0.31988189,27.632916 -15.927568 -0.31988189,
  27.642369 -15.904749 -0.31988189,27.678815 -15.850203 -0.31988189,
  27.69628 -15.832737 -0.31988189,27.70087 -15.82587 -0.31988189,
  27.707737 -15.821281 -0.31988189,27.725203 -15.803815 -0.31988189,
  27.779749 -15.767369 -0.31988189,27.802569 -15.757917 -0.31988189,
  27.809437 -15.753328 -0.31988189,27.817539 -15.751717 -0.31988189,
  27.840357 -15.742264 -0.31988189,27.904699 -15.729466 -0.31988189,
  27.929399 -15.729466 -0.31988189,27.9375 -15.727854 -0.31988189,
  27.9456 -15.729465 -0.31988189,27.970301 -15.729466 -0.31988189,
  28.034643 -15.742264 -0.31988189,28.057462 -15.751716 -0.31988189,
  28.065563 -15.753328 -0.31988189,28.072431 -15.757917 -0.31988189,
  28.095251 -15.767369 -0.31988189,28.149797 -15.803815 -0.31988189,
  28.167261 -15.82128 -0.31988189,28.17413 -15.82587 -0.31988189,
  28.178719 -15.832738 -0.31988189,28.196185 -15.850203 -0.31988189,
  28.232631 -15.904749 -0.31988189,28.242083 -15.927569 -0.31988189,
  28.246672 -15.934437 -0.31988189,28.248285 -15.942539 -0.31988189,
  28.257736 -15.965357 -0.31988189,28.266815 -16.011002 -0.31988189,
  28.270534 -16.029699 -0.31988189,28.270534 -16.054399 -0.31988189,
  24.102854 -16.0625 -0.31988189,24.104465 -16.054398 -0.31988189,
  24.104466 -16.029699 -0.31988189,24.117264 -15.965357 -0.31988189,
  24.126716 -15.942538 -0.31988189,24.128328 -15.934437 -0.31988189,
  24.132917 -15.927568 -0.31988189,24.142369 -15.904749 -0.31988189,
  24.178815 -15.850203 -0.31988189,24.19628 -15.832737 -0.31988189,
  24.20087 -15.82587 -0.31988189,24.207737 -15.821281 -0.31988189,
  24.225203 -15.803815 -0.31988189,24.279749 -15.767369 -0.31988189,
  24.302569 -15.757917 -0.31988189,24.309437 -15.753328 -0.31988189,
  24.317539 -15.751717 -0.31988189,24.340357 -15.742264 -0.31988189,
  24.404699 -15.729466 -0.31988189,24.429399 -15.729466 -0.31988189,
  24.4375 -15.727854 -0.31988189,24.4456 -15.729465 -0.31988189,
  24.470301 -15.729466 -0.31988189,24.534643 -15.742264 -0.31988189,
  24.557462 -15.751716 -0.31988189,24.565563 -15.753328 -0.31988189,
  24.572431 -15.757917 -0.31988189,24.595251 -15.767369 -0.31988189,
  24.649797 -15.803815 -0.31988189,24.667261 -15.82128 -0.31988189,
  24.67413 -15.82587 -0.31988189,24.678719 -15.832738 -0.31988189,
  24.696185 -15.850203 -0.31988189,24.732631 -15.904749 -0.31988189,
  24.742083 -15.927569 -0.31988189,24.746672 -15.934437 -0.31988189,
  24.748284 -15.942539 -0.31988189,24.757736 -15.965357 -0.31988189,
  24.770534 -16.029699 -0.31988189,24.770534 -16.054399 -0.31988189,
  24.772146 -16.0625 -0.31988189,24.770534 -16.070601 -0.31988189,
  24.770534 -16.095301 -0.31988189,24.757736 -16.159643 -0.31988189,
  24.748284 -16.182462 -0.31988189,24.746672 -16.190563 -0.31988189,
  24.742083 -16.197431 -0.31988189,24.732631 -16.220251 -0.31988189,
  24.696185 -16.274797 -0.31988189,24.678719 -16.292262 -0.31988189,
  24.67413 -16.29913 -0.31988189,24.667261 -16.303719 -0.31988189,
  24.649797 -16.321185 -0.31988189,24.595251 -16.357631 -0.31988189,
  24.572431 -16.367083 -0.31988189,24.565563 -16.371672 -0.31988189,
  24.557462 -16.373284 -0.31988189,24.534643 -16.382736 -0.31988189,
  24.470301 -16.395534 -0.31988189,24.4456 -16.395534 -0.31988189,
  24.4375 -16.397146 -0.31988189,24.429399 -16.395534 -0.31988189,
  24.404699 -16.395534 -0.31988189,24.340357 -16.382736 -0.31988189,
  24.317539 -16.373284 -0.31988189,24.309437 -16.371672 -0.31988189,
  24.302569 -16.367083 -0.31988189,24.279749 -16.357631 -0.31988189,
  24.225203 -16.321185 -0.31988189,24.207737 -16.303719 -0.31988189,
  24.20087 -16.29913 -0.31988189,24.19628 -16.292262 -0.31988189,
  24.178815 -16.274797 -0.31988189,24.142369 -16.220251 -0.31988189,
  24.132917 -16.197431 -0.31988189,24.128328 -16.190563 -0.31988189,
  24.126716 -16.182462 -0.31988189,24.117264 -16.159643 -0.31988189,
  24.104466 -16.095301 -0.31988189,24.104465 -16.070601 -0.31988189,
  23.869236 -14.028522 -0.31988189,23.869236 -14.096478 -0.31988189,
  23.858605 -14.163598 -0.31988189,23.837605 -14.228229 -0.31988189,
  23.806754 -14.288779 -0.31988189,23.76681 -14.343757 -0.31988189,
  23.718757 -14.39181 -0.31988189,23.663779 -14.431754 -0.31988189,
  23.603229 -14.462605 -0.31988189,23.538598 -14.483605 -0.31988189,
  23.471478 -14.494236 -0.31988189,23.403522 -14.494236 -0.31988189,
  23.336402 -14.483605 -0.31988189,23.271771 -14.462605 -0.31988189,
  23.211221 -14.431754 -0.31988189,23.156243 -14.39181 -0.31988189,
  23.10819 -14.343757 -0.31988189,23.068246 -14.288779 -0.31988189,
  23.037395 -14.228229 -0.31988189,23.016395 -14.163598 -0.31988189,
  23.005764 -14.096478 -0.31988189,23.005764 -14.028522 -0.31988189,
  23.016395 -13.961402 -0.31988189,23.037395 -13.896771 -0.31988189,
  23.068246 -13.836221 -0.31988189,23.10819 -13.781243 -0.31988189,
  23.156243 -13.73319 -0.31988189,23.211221 -13.693246 -0.31988189,
  23.271771 -13.662395 -0.31988189,23.336402 -13.641395 -0.31988189,
  23.403522 -13.630764 -0.31988189,23.471478 -13.630764 -0.31988189,
  23.538598 -13.641395 -0.31988189,23.603229 -13.662395 -0.31988189,
  23.663779 -13.693246 -0.31988189,23.718757 -13.73319 -0.31988189,
  23.76681 -13.781243 -0.31988189,23.806754 -13.836221 -0.31988189,
  23.837605 -13.896771 -0.31988189,23.858605 -13.961402 -0.31988189,
  24.102854 -23.5625 -0.31988189,24.104465 -23.554398 -0.31988189,
  24.104466 -23.529699 -0.31988189,24.117264 -23.465357 -0.31988189,
  24.126716 -23.442538 -0.31988189,24.128328 -23.434437 -0.31988189,
  24.132917 -23.427568 -0.31988189,24.142369 -23.404749 -0.31988189,
  24.178815 -23.350203 -0.31988189,24.19628 -23.332737 -0.31988189,
  24.20087 -23.32587 -0.31988189,24.207737 -23.32128 -0.31988189,
  24.225203 -23.303815 -0.31988189,24.279749 -23.267369 -0.31988189,
  24.302569 -23.257917 -0.31988189,24.309437 -23.253328 -0.31988189,
  24.317539 -23.251717 -0.31988189,24.340357 -23.242264 -0.31988189,
  24.404699 -23.229466 -0.31988189,24.429399 -23.229466 -0.31988189,
  24.4375 -23.227854 -0.31988189,24.4456 -23.229465 -0.31988189,
  24.470301 -23.229466 -0.31988189,24.534643 -23.242264 -0.31988189,
  24.557462 -23.251716 -0.31988189,24.565563 -23.253328 -0.31988189,
  24.572431 -23.257917 -0.31988189,24.595251 -23.267369 -0.31988189,
  24.649797 -23.303815 -0.31988189,24.667261 -23.32128 -0.31988189,
  24.67413 -23.32587 -0.31988189,24.678719 -23.332737 -0.31988189,
  24.696185 -23.350203 -0.31988189,24.732631 -23.404749 -0.31988189,
  24.742083 -23.427569 -0.31988189,24.746672 -23.434437 -0.31988189,
  24.748284 -23.442539 -0.31988189,24.757736 -23.465357 -0.31988189,
  24.770534 -23.529699 -0.31988189,24.770534 -23.554399 -0.31988189,
  24.772146 -23.5625 -0.31988189,24.770534 -23.570601 -0.31988189,
  24.770534 -23.595301 -0.31988189,24.757736 -23.659643 -0.31988189,
  24.748284 -23.682462 -0.31988189,24.746672 -23.690563 -0.31988189,
  24.742083 -23.697431 -0.31988189,24.732631 -23.720251 -0.31988189,
  24.696185 -23.774797 -0.31988189,24.678719 -23.792262 -0.31988189,
  24.67413 -23.79913 -0.31988189,24.667261 -23.803719 -0.31988189,
  24.649797 -23.821185 -0.31988189,24.595251 -23.857631 -0.31988189,
  24.572431 -23.867083 -0.31988189,24.565563 -23.871672 -0.31988189,
  24.557462 -23.873284 -0.31988189,24.534643 -23.882736 -0.31988189,
  24.470301 -23.895534 -0.31988189,24.4456 -23.895534 -0.31988189,
  24.4375 -23.897146 -0.31988189,24.429399 -23.895534 -0.31988189,
  24.404699 -23.895534 -0.31988189,24.340357 -23.882736 -0.31988189,
  24.317539 -23.873284 -0.31988189,24.309437 -23.871672 -0.31988189,
  24.302569 -23.867083 -0.31988189,24.279749 -23.857631 -0.31988189,
  24.225203 -23.821185 -0.31988189,24.207737 -23.803719 -0.31988189,
  24.20087 -23.79913 -0.31988189,24.19628 -23.792262 -0.31988189,
  24.178815 -23.774797 -0.31988189,24.142369 -23.720251 -0.31988189,
  24.132917 -23.697431 -0.31988189,24.128328 -23.690563 -0.31988189,
  24.126716 -23.682462 -0.31988189,24.117264 -23.659643 -0.31988189,
  24.104466 -23.595301 -0.31988189,24.104465 -23.570601 -0.31988189,
  23.005764 -21.596478 -0.31988189,23.005764 -21.528522 -0.31988189,
  23.016395 -21.461402 -0.31988189,23.037395 -21.396771 -0.31988189,
  23.068246 -21.336221 -0.31988189,23.10819 -21.281243 -0.31988189,
  23.156243 -21.23319 -0.31988189,23.211221 -21.193246 -0.31988189,
  23.271771 -21.162395 -0.31988189,23.336402 -21.141395 -0.31988189,
  23.403522 -21.130764 -0.31988189,23.471478 -21.130764 -0.31988189,
  23.538598 -21.141395 -0.31988189,23.603229 -21.162395 -0.31988189,
  23.663779 -21.193246 -0.31988189,23.718757 -21.23319 -0.31988189,
  23.76681 -21.281243 -0.31988189,23.806754 -21.336221 -0.31988189,
  23.837605 -21.396771 -0.31988189,23.858605 -21.461402 -0.31988189,
  23.869236 -21.528522 -0.31988189,23.869236 -21.596478 -0.31988189,
  23.858605 -21.663598 -0.31988189,23.837605 -21.728229 -0.31988189,
  23.806754 -21.788779 -0.31988189,23.76681 -21.843757 -0.31988189,
  23.718757 -21.89181 -0.31988189,23.663779 -21.931754 -0.31988189,
  23.603229 -21.962605 -0.31988189,23.538598 -21.983605 -0.31988189,
  23.471478 -21.994236 -0.31988189,23.403522 -21.994236 -0.31988189,
  23.336402 -21.983605 -0.31988189,23.271771 -21.962605 -0.31988189,
  23.211221 -21.931754 -0.31988189,23.156243 -21.89181 -0.31988189,
  23.10819 -21.843757 -0.31988189,23.068246 -21.788779 -0.31988189,
  23.037395 -21.728229 -0.31988189,23.016395 -21.663598 -0.31988189,
  21.650098 -16.0625 -0.31988189,21.651784 -16.054025 -0.31988189,
  21.651784 -16.011002 -0.31988189,21.665228 -15.908885 -0.31988189,
  21.691886 -15.809398 -0.31988189,21.70835 -15.769651 -0.31988189,
  21.710036 -15.761174 -0.31988189,21.714837 -15.753988 -0.31988189,
  21.731301 -15.714241 -0.31988189,21.7828 -15.625043 -0.31988189,
  21.8455 -15.54333 -0.31988189,21.875923 -15.512908 -0.31988189,
  21.880723 -15.505723 -0.31988189,21.887907 -15.500923 -0.31988189,
  21.91833 -15.4705 -0.31988189,22.000043 -15.4078 -0.31988189,
  22.089241 -15.356301 -0.31988189,22.128988 -15.339837 -0.31988189,
  22.136174 -15.335036 -0.31988189,22.14465 -15.333349 -0.31988189,
  22.184398 -15.316886 -0.31988189,22.283885 -15.290228 -0.31988189,
  22.386002 -15.276784 -0.31988189,22.429025 -15.276784 -0.31988189,
  22.4375 -15.275098 -0.31988189,22.445975 -15.276784 -0.31988189,
  22.488998 -15.276784 -0.31988189,22.591115 -15.290228 -0.31988189,
  22.690602 -15.316886 -0.31988189,22.730349 -15.33335 -0.31988189,
  22.738826 -15.335036 -0.31988189,22.746011 -15.339837 -0.31988189,
  22.785759 -15.356301 -0.31988189,22.874957 -15.4078 -0.31988189,
  22.95667 -15.4705 -0.31988189,22.987093 -15.500923 -0.31988189,
  22.994277 -15.505723 -0.31988189,22.999078 -15.512907 -0.31988189,
  23.0295 -15.54333 -0.31988189,23.0922 -15.625043 -0.31988189,
  23.143699 -15.714241 -0.31988189,23.160162 -15.753988 -0.31988189,
  23.164964 -15.761174 -0.31988189,23.166649 -15.76965 -0.31988189,
  23.183114 -15.809398 -0.31988189,23.209772 -15.908885 -0.31988189,
  23.223216 -16.011002 -0.31988189,23.223216 -16.029699 -0.31988189,
  23.223216 -16.054025 -0.31988189,23.224902 -16.0625 -0.31988189,
  23.223216 -16.070975 -0.31988189,23.223216 -16.113998 -0.31988189,
  23.209772 -16.216115 -0.31988189,23.183114 -16.315602 -0.31988189,
  23.166649 -16.355349 -0.31988189,23.164964 -16.363826 -0.31988189,
  23.160162 -16.371011 -0.31988189,23.143699 -16.410759 -0.31988189,
  23.0922 -16.499957 -0.31988189,23.0295 -16.58167 -0.31988189,
  22.999078 -16.612093 -0.31988189,22.994277 -16.619277 -0.31988189,
  22.987093 -16.624078 -0.31988189,22.95667 -16.6545 -0.31988189,
  22.874957 -16.7172 -0.31988189,22.785759 -16.768699 -0.31988189,
  22.746011 -16.785162 -0.31988189,22.738826 -16.789964 -0.31988189,
  22.730349 -16.79165 -0.31988189,22.690602 -16.808114 -0.31988189,
  22.591115 -16.834772 -0.31988189,22.488998 -16.848216 -0.31988189,
  22.445975 -16.848216 -0.31988189,22.4375 -16.849902 -0.31988189,
  22.429025 -16.848216 -0.31988189,22.386002 -16.848216 -0.31988189,
  22.283885 -16.834772 -0.31988189,22.184398 -16.808114 -0.31988189,
  22.14465 -16.79165 -0.31988189,22.136174 -16.789964 -0.31988189,
  22.128988 -16.785162 -0.31988189,22.089241 -16.768699 -0.31988189,
  22.000043 -16.7172 -0.31988189,21.91833 -16.6545 -0.31988189,
  21.887907 -16.624077 -0.31988189,21.880723 -16.619277 -0.31988189,
  21.875923 -16.612093 -0.31988189,21.8455 -16.58167 -0.31988189,
  21.7828 -16.499957 -0.31988189,21.731301 -16.410759 -0.31988189,
  21.714837 -16.371011 -0.31988189,21.710036 -16.363826 -0.31988189,
  21.70835 -16.355349 -0.31988189,21.691886 -16.315602 -0.31988189,
  21.665228 -16.216115 -0.31988189,21.651784 -16.113998 -0.31988189,
  21.651784 -16.070975 -0.31988189,21.369236 -15.028522 -0.31988189,
  21.369236 -15.096478 -0.31988189,21.358605 -15.163598 -0.31988189,
  21.337605 -15.228229 -0.31988189,21.306754 -15.288779 -0.31988189,
  21.26681 -15.343757 -0.31988189,21.218757 -15.39181 -0.31988189,
  21.163779 -15.431754 -0.31988189,21.103229 -15.462605 -0.31988189,
  21.038598 -15.483605 -0.31988189,20.971478 -15.494236 -0.31988189,
  20.903522 -15.494236 -0.31988189,20.836402 -15.483605 -0.31988189,
  20.771771 -15.462605 -0.31988189,20.711221 -15.431754 -0.31988189,
  20.656243 -15.39181 -0.31988189,20.60819 -15.343757 -0.31988189,
  20.568246 -15.288779 -0.31988189,20.537395 -15.228229 -0.31988189,
  20.516395 -15.163598 -0.31988189,20.505764 -15.096478 -0.31988189,
  20.505764 -15.028522 -0.31988189,20.516395 -14.961402 -0.31988189,
  20.537395 -14.896771 -0.31988189,20.568246 -14.836221 -0.31988189,
  20.60819 -14.781243 -0.31988189,20.656243 -14.73319 -0.31988189,
  20.711221 -14.693246 -0.31988189,20.771771 -14.662395 -0.31988189,
  20.836402 -14.641395 -0.31988189,20.903522 -14.630764 -0.31988189,
  20.971478 -14.630764 -0.31988189,21.038598 -14.641395 -0.31988189,
  21.103229 -14.662395 -0.31988189,21.163779 -14.693246 -0.31988189,
  21.218757 -14.73319 -0.31988189,21.26681 -14.781243 -0.31988189,
  21.306754 -14.836221 -0.31988189,21.337605 -14.896771 -0.31988189,
  21.358605 -14.961402 -0.31988189,21.650098 -23.5625 -0.31988189,
  21.651784 -23.554025 -0.31988189,21.651784 -23.511002 -0.31988189,
  21.665228 -23.408885 -0.31988189,21.691886 -23.309398 -0.31988189,
  21.70835 -23.269651 -0.31988189,21.710036 -23.261174 -0.31988189,
  21.714837 -23.253988 -0.31988189,21.731301 -23.214241 -0.31988189,
  21.7828 -23.125043 -0.31988189,21.8455 -23.04333 -0.31988189,
  21.875923 -23.012908 -0.31988189,21.880723 -23.005723 -0.31988189,
  21.887907 -23.000923 -0.31988189,21.91833 -22.9705 -0.31988189,
  22.000043 -22.9078 -0.31988189,22.089241 -22.856301 -0.31988189,
  22.128988 -22.839837 -0.31988189,22.136174 -22.835036 -0.31988189,
  22.14465 -22.833349 -0.31988189,22.184398 -22.816886 -0.31988189,
  22.283885 -22.790228 -0.31988189,22.386002 -22.776784 -0.31988189,
  22.429025 -22.776784 -0.31988189,22.4375 -22.775098 -0.31988189,
  22.445975 -22.776784 -0.31988189,22.488998 -22.776784 -0.31988189,
  22.591115 -22.790228 -0.31988189,22.690602 -22.816886 -0.31988189,
  22.730349 -22.83335 -0.31988189,22.738826 -22.835036 -0.31988189,
  22.746011 -22.839837 -0.31988189,22.785759 -22.856301 -0.31988189,
  22.874957 -22.9078 -0.31988189,22.95667 -22.9705 -0.31988189,
  22.987093 -23.000923 -0.31988189,22.994277 -23.005723 -0.31988189,
  22.999078 -23.012907 -0.31988189,23.0295 -23.04333 -0.31988189,
  23.0922 -23.125043 -0.31988189,23.143699 -23.214241 -0.31988189,
  23.160162 -23.253988 -0.31988189,23.164964 -23.261174 -0.31988189,
  23.166649 -23.26965 -0.31988189,23.183114 -23.309398 -0.31988189,
  23.209772 -23.408885 -0.31988189,23.223216 -23.511002 -0.31988189,
  23.223216 -23.529699 -0.31988189,23.223216 -23.554025 -0.31988189,
  23.224902 -23.5625 -0.31988189,23.223216 -23.570975 -0.31988189,
  23.223216 -23.613998 -0.31988189,23.209772 -23.716115 -0.31988189,
  23.183114 -23.815602 -0.31988189,23.166649 -23.855348 -0.31988189,
  23.164964 -23.863826 -0.31988189,23.160162 -23.871011 -0.31988189,
  23.143699 -23.910759 -0.31988189,23.0922 -23.999957 -0.31988189,
  23.0295 -24.08167 -0.31988189,22.999078 -24.112093 -0.31988189,
  22.994277 -24.119277 -0.31988189,22.987093 -24.124078 -0.31988189,
  22.95667 -24.1545 -0.31988189,22.874957 -24.2172 -0.31988189,
  22.785759 -24.268699 -0.31988189,22.746011 -24.285162 -0.31988189,
  22.738826 -24.289964 -0.31988189,22.730349 -24.29165 -0.31988189,
  22.690602 -24.308114 -0.31988189,22.591115 -24.334772 -0.31988189,
  22.488998 -24.348216 -0.31988189,22.445975 -24.348216 -0.31988189,
  22.4375 -24.349902 -0.31988189,22.429025 -24.348216 -0.31988189,
  22.386002 -24.348216 -0.31988189,22.283885 -24.334772 -0.31988189,
  22.184398 -24.308114 -0.31988189,22.14465 -24.291649 -0.31988189,
  22.136174 -24.289964 -0.31988189,22.128988 -24.285162 -0.31988189,
  22.089241 -24.268699 -0.31988189,22.000043 -24.2172 -0.31988189,
  21.91833 -24.1545 -0.31988189,21.887907 -24.124078 -0.31988189,
  21.880723 -24.119277 -0.31988189,21.875923 -24.112093 -0.31988189,
  21.8455 -24.08167 -0.31988189,21.7828 -23.999957 -0.31988189,
  21.731301 -23.910759 -0.31988189,21.714837 -23.871011 -0.31988189,
  21.710036 -23.863826 -0.31988189,21.70835 -23.855349 -0.31988189,
  21.691886 -23.815602 -0.31988189,21.665228 -23.716115 -0.31988189,
  21.651784 -23.613998 -0.31988189,21.651784 -23.570975 -0.31988189,
  27.602854 -23.5625 -0.31988189,27.604465 -23.554398 -0.31988189,
  27.604466 -23.529699 -0.31988189,27.617264 -23.465357 -0.31988189,
  27.626716 -23.442538 -0.31988189,27.628328 -23.434437 -0.31988189,
  27.632916 -23.427568 -0.31988189,27.642369 -23.404749 -0.31988189,
  27.678815 -23.350203 -0.31988189,27.69628 -23.332737 -0.31988189,
  27.70087 -23.32587 -0.31988189,27.707737 -23.32128 -0.31988189,
  27.725203 -23.303815 -0.31988189,27.779749 -23.267369 -0.31988189,
  27.802569 -23.257917 -0.31988189,27.809437 -23.253328 -0.31988189,
  27.817539 -23.251717 -0.31988189,27.840357 -23.242264 -0.31988189,
  27.904699 -23.229466 -0.31988189,27.929399 -23.229466 -0.31988189,
  27.9375 -23.227854 -0.31988189,27.9456 -23.229465 -0.31988189,
  27.970301 -23.229466 -0.31988189,28.034643 -23.242264 -0.31988189,
  28.057462 -23.251716 -0.31988189,28.065563 -23.253328 -0.31988189,
  28.072431 -23.257917 -0.31988189,28.095251 -23.267369 -0.31988189,
  28.149797 -23.303815 -0.31988189,28.167261 -23.32128 -0.31988189,
  28.17413 -23.32587 -0.31988189,28.178719 -23.332737 -0.31988189,
  28.196185 -23.350203 -0.31988189,28.232631 -23.404749 -0.31988189,
  28.242083 -23.427569 -0.31988189,28.246672 -23.434437 -0.31988189,
  28.248285 -23.442539 -0.31988189,28.257736 -23.465357 -0.31988189,
  28.266815 -23.511002 -0.31988189,28.270534 -23.529699 -0.31988189,
  28.270534 -23.554399 -0.31988189,28.272146 -23.5625 -0.31988189,
  28.270534 -23.570601 -0.31988189,28.270534 -23.595301 -0.31988189,
  28.257736 -23.659643 -0.31988189,28.248285 -23.682462 -0.31988189,
  28.246672 -23.690563 -0.31988189,28.242083 -23.697431 -0.31988189,
  28.232631 -23.720251 -0.31988189,28.196185 -23.774797 -0.31988189,
  28.178719 -23.792262 -0.31988189,28.17413 -23.79913 -0.31988189,
  28.167261 -23.803719 -0.31988189,28.149797 -23.821185 -0.31988189,
  28.095251 -23.857631 -0.31988189,28.072431 -23.867083 -0.31988189,
  28.065563 -23.871672 -0.31988189,28.057462 -23.873284 -0.31988189,
  28.034643 -23.882736 -0.31988189,27.970301 -23.895534 -0.31988189,
  27.9456 -23.895534 -0.31988189,27.9375 -23.897146 -0.31988189,
  27.929399 -23.895534 -0.31988189,27.904699 -23.895534 -0.31988189,
  27.840357 -23.882736 -0.31988189,27.817539 -23.873284 -0.31988189,
  27.809437 -23.871672 -0.31988189,27.802569 -23.867083 -0.31988189,
  27.779749 -23.857631 -0.31988189,27.725203 -23.821185 -0.31988189,
  27.707737 -23.803719 -0.31988189,27.70087 -23.79913 -0.31988189,
  27.69628 -23.792262 -0.31988189,27.678815 -23.774797 -0.31988189,
  27.642369 -23.720251 -0.31988189,27.632916 -23.697431 -0.31988189,
  27.628328 -23.690563 -0.31988189,27.626716 -23.682462 -0.31988189,
  27.617264 -23.659643 -0.31988189,27.604466 -23.595301 -0.31988189,
  27.604465 -23.570601 -0.31988189,16.763944 -13.407603 -0.31988189,
  16.775418 -13.349922 -0.31988189,16.797924 -13.295589 -0.31988189,
  16.830597 -13.24669 -0.31988189,16.872182 -13.205105 -0.31988189,
  16.921081 -13.172431 -0.31988189,16.975415 -13.149926 -0.31988189,
  17.033095 -13.138452 -0.31988189,17.091905 -13.138452 -0.31988189,
  17.149585 -13.149926 -0.31988189,17.203919 -13.172431 -0.31988189,
  17.252818 -13.205105 -0.31988189,17.294403 -13.24669 -0.31988189,
  17.327076 -13.295589 -0.31988189,17.349582 -13.349922 -0.31988189,
  17.361056 -13.407603 -0.31988189,17.361056 -13.466413 -0.31988189,
  17.349582 -13.524093 -0.31988189,17.327076 -13.578427 -0.31988189,
  17.294403 -13.627326 -0.31988189,17.252818 -13.668911 -0.31988189,
  17.203919 -13.701584 -0.31988189,17.149585 -13.72409 -0.31988189,
  17.091905 -13.735563 -0.31988189,17.033095 -13.735563 -0.31988189,
  16.975415 -13.72409 -0.31988189,16.921081 -13.701584 -0.31988189,
  16.872182 -13.668911 -0.31988189,16.830597 -13.627326 -0.31988189,
  16.797924 -13.578427 -0.31988189,16.775418 -13.524093 -0.31988189,
  16.763944 -13.466413 -0.31988189,16.763944 -14.407603 -0.31988189,
  16.775418 -14.349922 -0.31988189,16.797924 -14.295589 -0.31988189,
  16.830597 -14.24669 -0.31988189,16.872182 -14.205105 -0.31988189,
  16.921081 -14.172431 -0.31988189,16.975415 -14.149926 -0.31988189,
  17.033095 -14.138452 -0.31988189,17.091905 -14.138452 -0.31988189,
  17.149585 -14.149926 -0.31988189,17.203919 -14.172431 -0.31988189,
  17.252818 -14.205105 -0.31988189,17.294403 -14.24669 -0.31988189,
  17.327076 -14.295589 -0.31988189,17.349582 -14.349922 -0.31988189,
  17.361056 -14.407603 -0.31988189,17.361056 -14.466413 -0.31988189,
  17.349582 -14.524093 -0.31988189,17.327076 -14.578427 -0.31988189,
  17.294403 -14.627326 -0.31988189,17.252818 -14.668911 -0.31988189,
  17.203919 -14.701584 -0.31988189,17.149585 -14.72409 -0.31988189,
  17.091905 -14.735563 -0.31988189,17.033095 -14.735563 -0.31988189,
  16.975415 -14.72409 -0.31988189,16.921081 -14.701584 -0.31988189,
  16.872182 -14.668911 -0.31988189,16.830597 -14.627326 -0.31988189,
  16.797924 -14.578427 -0.31988189,16.775418 -14.524093 -0.31988189,
  16.763944 -14.466413 -0.31988189] }
 coordIndex [
  47,1031,1030,-1,47,1030,48,-1,48,1030,272,-1,48,272,49,-1,49,272,15,-1,49,15,50,-1,50,15,14,-1,50,14,51,-1,
  51,14,13,-1,51,13,52,-1,52,13,12,-1,52,12,53,-1,53,12,11,-1,53,11,54,-1,54,11,10,-1,54,10,55,-1,
  55,10,9,-1,55,9,56,-1,56,9,8,-1,56,8,57,-1,57,8,7,-1,57,7,58,-1,58,7,6,-1,58,6,59,-1,
  59,6,5,-1,59,5,60,-1,60,5,4,-1,60,4,61,-1,61,4,3,-1,61,3,62,-1,62,3,2,-1,62,2,63,-1,
  63,2,1,-1,63,1,32,-1,32,1,0,-1,32,0,1016,-1,1016,0,31,-1,1016,31,64,-1,64,31,65,-1,65,31,30,-1,
  65,30,66,-1,66,30,29,-1,66,29,67,-1,67,29,28,-1,67,28,68,-1,68,28,27,-1,68,27,69,-1,69,27,26,-1,
  69,26,70,-1,70,26,25,-1,70,25,71,-1,71,25,24,-1,71,24,72,-1,72,24,23,-1,72,23,73,-1,73,23,22,-1,
  73,22,74,-1,74,22,21,-1,74,21,75,-1,75,21,20,-1,75,20,76,-1,76,20,19,-1,76,19,77,-1,77,19,18,-1,
  77,18,78,-1,78,18,17,-1,78,17,79,-1,79,17,16,-1,79,16,272,-1,272,16,15,-1,80,272,208,-1,80,208,81,-1,
  81,208,207,-1,81,207,82,-1,82,207,206,-1,82,206,83,-1,83,206,205,-1,83,205,84,-1,84,205,204,-1,84,204,85,-1,
  85,204,203,-1,85,203,86,-1,86,203,202,-1,86,202,87,-1,87,202,201,-1,87,201,88,-1,88,201,200,-1,88,200,89,-1,
  89,200,199,-1,89,199,90,-1,90,199,198,-1,90,198,91,-1,91,198,197,-1,91,197,92,-1,92,197,196,-1,92,196,93,-1,
  93,196,195,-1,93,195,94,-1,94,195,194,-1,94,194,95,-1,95,194,193,-1,95,193,1018,-1,1018,193,192,-1,1018,192,225,-1,
  225,192,226,-1,226,192,223,-1,226,223,227,-1,227,223,222,-1,227,222,228,-1,228,222,221,-1,228,221,229,-1,229,221,220,-1,
  229,220,230,-1,230,220,219,-1,230,219,231,-1,231,219,218,-1,231,218,232,-1,232,218,217,-1,232,217,233,-1,233,217,216,-1,
  233,216,234,-1,234,216,215,-1,234,215,235,-1,235,215,214,-1,235,214,236,-1,236,214,213,-1,236,213,237,-1,237,213,212,-1,
  237,212,238,-1,238,212,211,-1,238,211,239,-1,239,211,210,-1,239,210,240,-1,240,210,209,-1,240,209,272,-1,272,209,208,-1,
  241,272,304,-1,241,304,242,-1,242,304,303,-1,242,303,243,-1,243,303,302,-1,243,302,244,-1,244,302,301,-1,244,301,245,-1,
  245,301,300,-1,245,300,246,-1,246,300,299,-1,246,299,247,-1,247,299,298,-1,247,298,248,-1,248,298,297,-1,248,297,249,-1,
  249,297,296,-1,249,296,250,-1,250,296,295,-1,250,295,251,-1,251,295,294,-1,251,294,252,-1,252,294,293,-1,252,293,253,-1,
  253,293,292,-1,253,292,254,-1,254,292,291,-1,254,291,255,-1,255,291,290,-1,255,290,224,-1,224,290,289,-1,224,289,1020,-1,
  1020,289,288,-1,1020,288,256,-1,256,288,257,-1,257,288,319,-1,257,319,258,-1,258,319,318,-1,258,318,259,-1,259,318,317,-1,
  259,317,260,-1,260,317,316,-1,260,316,261,-1,261,316,315,-1,261,315,262,-1,262,315,314,-1,262,314,263,-1,263,314,313,-1,
  263,313,264,-1,264,313,312,-1,264,312,265,-1,265,312,311,-1,265,311,266,-1,266,311,310,-1,266,310,267,-1,267,310,309,-1,
  267,309,268,-1,268,309,308,-1,268,308,269,-1,269,308,307,-1,269,307,270,-1,270,307,306,-1,270,306,271,-1,271,306,305,-1,
  271,305,272,-1,272,305,304,-1,190,189,287,-1,190,287,191,-1,191,287,932,-1,191,932,160,-1,160,932,128,-1,160,128,161,-1,
  161,128,159,-1,161,159,162,-1,162,159,158,-1,162,158,163,-1,163,158,157,-1,163,157,164,-1,164,157,156,-1,164,156,165,-1,
  165,156,155,-1,165,155,166,-1,166,155,154,-1,166,154,167,-1,167,154,153,-1,167,153,168,-1,168,153,152,-1,168,152,169,-1,
  169,152,151,-1,169,151,170,-1,170,151,150,-1,170,150,171,-1,171,150,149,-1,171,149,172,-1,172,149,148,-1,172,148,173,-1,
  173,148,147,-1,173,147,174,-1,174,147,146,-1,174,146,175,-1,175,146,145,-1,175,145,1023,-1,1023,145,144,-1,1023,144,113,-1,
  113,144,114,-1,114,144,143,-1,114,143,115,-1,115,143,142,-1,115,142,116,-1,116,142,141,-1,116,141,117,-1,117,141,140,-1,
  117,140,118,-1,118,140,139,-1,118,139,119,-1,119,139,138,-1,119,138,120,-1,120,138,137,-1,120,137,121,-1,121,137,136,-1,
  121,136,122,-1,122,136,135,-1,122,135,123,-1,123,135,134,-1,123,134,124,-1,124,134,133,-1,124,133,125,-1,125,133,132,-1,
  125,132,126,-1,126,132,131,-1,126,131,127,-1,127,131,130,-1,127,130,96,-1,96,130,129,-1,96,129,932,-1,932,129,128,-1,
  97,932,1076,-1,97,1076,98,-1,98,1076,1075,-1,98,1075,99,-1,99,1075,1074,-1,99,1074,100,-1,100,1074,1073,-1,100,1073,101,-1,
  101,1073,1072,-1,101,1072,102,-1,102,1072,1071,-1,102,1071,103,-1,103,1071,1070,-1,103,1070,104,-1,104,1070,1069,-1,104,1069,105,-1,
  105,1069,1068,-1,105,1068,106,-1,106,1068,1067,-1,106,1067,107,-1,107,1067,1066,-1,107,1066,108,-1,108,1066,1065,-1,108,1065,109,-1,
  109,1065,1064,-1,109,1064,110,-1,110,1064,1063,-1,110,1063,111,-1,111,1063,1062,-1,111,1062,112,-1,112,1062,1061,-1,112,1061,1025,-1,
  1025,1061,1060,-1,1025,1060,1801,-1,1801,1060,1802,-1,1802,1060,1059,-1,1802,1059,1803,-1,1803,1059,1058,-1,1803,1058,1804,-1,1804,1058,1057,-1,
  1804,1057,1805,-1,1805,1057,1056,-1,1805,1056,1806,-1,1806,1056,1055,-1,1806,1055,1807,-1,1807,1055,1054,-1,1807,1054,1808,-1,1808,1054,1053,-1,
  1808,1053,1809,-1,1809,1053,1052,-1,1809,1052,1810,-1,1810,1052,1051,-1,1810,1051,1811,-1,1811,1051,1050,-1,1811,1050,1812,-1,1812,1050,1049,-1,
  1812,1049,1813,-1,1813,1049,1048,-1,1813,1048,1814,-1,1814,1048,1047,-1,1814,1047,1815,-1,1815,1047,1046,-1,1815,1046,1816,-1,1816,1046,1045,-1,
  1816,1045,932,-1,932,1045,1076,-1,1785,932,1784,-1,1785,1784,1786,-1,1786,1784,1783,-1,1786,1783,1787,-1,1787,1783,1782,-1,1787,1782,1788,-1,
  1788,1782,1781,-1,1788,1781,1789,-1,1789,1781,1780,-1,1789,1780,1790,-1,1790,1780,1779,-1,1790,1779,1791,-1,1791,1779,1778,-1,1791,1778,1792,-1,
  1792,1778,1777,-1,1792,1777,1793,-1,1793,1777,1776,-1,1793,1776,1794,-1,1794,1776,1775,-1,1794,1775,1795,-1,1795,1775,1774,-1,1795,1774,1796,-1,
  1796,1774,1773,-1,1796,1773,1797,-1,1797,1773,1772,-1,1797,1772,1798,-1,1798,1772,1771,-1,1798,1771,1799,-1,1799,1771,1770,-1,1799,1770,1800,-1,
  1800,1770,1769,-1,1800,1769,1025,-1,1025,1769,1768,-1,1025,1768,916,-1,916,1768,917,-1,917,1768,1767,-1,917,1767,918,-1,918,1767,1766,-1,
  918,1766,919,-1,919,1766,1765,-1,919,1765,920,-1,920,1765,1764,-1,920,1764,921,-1,921,1764,1763,-1,921,1763,922,-1,922,1763,1762,-1,
  922,1762,923,-1,923,1762,1761,-1,923,1761,924,-1,924,1761,1760,-1,924,1760,925,-1,925,1760,1759,-1,925,1759,926,-1,926,1759,1758,-1,
  926,1758,927,-1,927,1758,1757,-1,927,1757,928,-1,928,1757,1756,-1,928,1756,929,-1,929,1756,1755,-1,929,1755,930,-1,930,1755,1754,-1,
  930,1754,931,-1,931,1754,1753,-1,931,1753,932,-1,932,1753,1784,-1,788,787,703,-1,703,787,705,-1,705,787,706,-1,706,787,610,-1,
  610,787,612,-1,612,787,786,-1,789,788,698,-1,698,788,699,-1,699,788,700,-1,700,788,701,-1,701,788,702,-1,702,788,703,-1,
  789,698,697,-1,789,697,790,-1,790,697,696,-1,790,696,791,-1,791,696,792,-1,696,695,792,-1,792,695,793,-1,793,695,754,-1,
  754,695,694,-1,463,754,694,-1,463,694,464,-1,464,694,693,-1,464,693,465,-1,465,693,692,-1,465,692,466,-1,466,692,691,-1,
  466,691,467,-1,467,691,690,-1,467,690,468,-1,468,690,689,-1,468,689,469,-1,469,689,688,-1,469,688,470,-1,470,688,687,-1,
  470,687,471,-1,471,687,686,-1,471,686,472,-1,472,686,685,-1,472,685,473,-1,473,685,684,-1,473,684,474,-1,474,684,683,-1,
  474,683,475,-1,475,683,682,-1,475,682,476,-1,476,682,681,-1,476,681,477,-1,477,681,680,-1,477,680,478,-1,478,680,679,-1,
  478,679,479,-1,479,679,678,-1,479,678,480,-1,480,678,677,-1,480,677,481,-1,481,677,676,-1,481,676,482,-1,482,676,675,-1,
  482,675,483,-1,483,675,674,-1,483,674,484,-1,484,674,673,-1,484,673,485,-1,485,673,672,-1,485,672,486,-1,486,672,671,-1,
  486,671,487,-1,487,671,670,-1,487,670,488,-1,488,670,669,-1,488,669,489,-1,489,669,668,-1,489,668,490,-1,490,668,667,-1,
  490,667,491,-1,491,667,666,-1,491,666,492,-1,492,666,665,-1,492,665,493,-1,493,665,664,-1,493,664,494,-1,494,664,663,-1,
  494,663,495,-1,495,663,662,-1,495,662,496,-1,496,662,661,-1,496,661,497,-1,497,661,660,-1,497,660,498,-1,498,660,659,-1,
  498,659,499,-1,499,659,658,-1,499,658,500,-1,500,658,657,-1,500,657,617,-1,617,657,752,-1,617,752,618,-1,618,752,1088,-1,
  618,1088,619,-1,619,1088,1087,-1,619,1087,620,-1,620,1087,1086,-1,620,1086,621,-1,621,1086,1085,-1,621,1085,622,-1,622,1085,1084,-1,
  622,1084,623,-1,623,1084,1083,-1,623,1083,624,-1,624,1083,1082,-1,624,1082,625,-1,625,1082,1081,-1,625,1081,626,-1,626,1081,1080,-1,
  626,1080,627,-1,627,1080,1079,-1,627,1079,628,-1,628,1079,1078,-1,628,1078,629,-1,629,1078,1077,-1,629,1077,1117,-1,1117,1077,1116,-1,
  1117,1116,1119,-1,1119,1116,1120,-1,322,321,320,-1,322,320,420,-1,420,320,537,-1,420,537,421,-1,421,537,774,-1,421,774,422,-1,
  422,774,773,-1,422,773,423,-1,423,773,772,-1,423,772,424,-1,424,772,771,-1,424,771,425,-1,425,771,770,-1,425,770,426,-1,
  426,770,769,-1,426,769,427,-1,427,769,768,-1,427,768,428,-1,428,768,767,-1,428,767,429,-1,429,767,766,-1,429,766,430,-1,
  430,766,765,-1,430,765,431,-1,431,765,764,-1,431,764,432,-1,432,764,763,-1,432,763,433,-1,433,763,762,-1,433,762,452,-1,
  452,762,453,-1,448,447,434,-1,448,434,449,-1,449,434,433,-1,449,433,451,-1,451,433,452,-1,435,434,444,-1,444,434,445,-1,
  445,434,446,-1,446,434,447,-1,435,444,443,-1,435,443,436,-1,436,443,442,-1,436,442,437,-1,437,442,438,-1,442,441,438,-1,
  438,441,439,-1,439,441,400,-1,400,441,440,-1,578,577,579,-1,579,577,1028,-1,1028,577,360,-1,360,577,362,-1,362,577,575,-1,
  575,577,576,-1,538,320,399,-1,538,399,539,-1,539,399,398,-1,539,398,540,-1,540,398,397,-1,540,397,541,-1,541,397,396,-1,
  541,396,542,-1,542,396,395,-1,542,395,543,-1,543,395,394,-1,543,394,544,-1,544,394,393,-1,544,393,545,-1,545,393,392,-1,
  545,392,546,-1,546,392,391,-1,546,391,547,-1,547,391,390,-1,547,390,548,-1,548,390,389,-1,548,389,549,-1,549,389,388,-1,
  549,388,550,-1,550,388,387,-1,550,387,551,-1,551,387,386,-1,551,386,552,-1,552,386,385,-1,552,385,553,-1,553,385,384,-1,
  553,384,554,-1,554,384,383,-1,554,383,555,-1,555,383,382,-1,555,382,556,-1,556,382,381,-1,556,381,557,-1,557,381,380,-1,
  557,380,558,-1,558,380,379,-1,558,379,559,-1,559,379,378,-1,559,378,560,-1,560,378,377,-1,560,377,561,-1,561,377,376,-1,
  561,376,562,-1,562,376,375,-1,562,375,563,-1,563,375,374,-1,563,374,564,-1,564,374,373,-1,564,373,565,-1,565,373,372,-1,
  565,372,566,-1,566,372,371,-1,566,371,567,-1,567,371,370,-1,567,370,568,-1,568,370,369,-1,568,369,569,-1,569,369,368,-1,
  569,368,570,-1,570,368,367,-1,570,367,571,-1,571,367,366,-1,571,366,572,-1,572,366,365,-1,572,365,573,-1,573,365,364,-1,
  573,364,574,-1,574,364,363,-1,574,363,575,-1,575,363,362,-1,1030,1029,279,-1,279,1029,280,-1,280,1029,281,-1,281,1029,282,-1,
  282,1029,283,-1,283,1029,284,-1,284,1029,285,-1,285,1029,286,-1,286,1029,287,-1,287,1029,939,-1,939,1029,940,-1,940,1029,941,-1,
  941,1029,942,-1,942,1029,943,-1,943,1029,944,-1,944,1029,945,-1,945,1029,946,-1,946,1029,915,-1,915,1029,1307,-1,1307,1029,1308,-1,
  1308,1029,1309,-1,1309,1029,1310,-1,1310,1029,1311,-1,1311,1029,1312,-1,1312,1029,1313,-1,1313,1029,1314,-1,1314,1029,1315,-1,1315,1029,1316,-1,
  1316,1029,1317,-1,1317,1029,1278,-1,1278,1029,1213,-1,1213,1029,1214,-1,1214,1029,1215,-1,1215,1029,1216,-1,1216,1029,1217,-1,1217,1029,1218,-1,
  1218,1029,1219,-1,1219,1029,1220,-1,1220,1029,1221,-1,1221,1029,1222,-1,1222,1029,1223,-1,1223,1029,1224,-1,1224,1029,1225,-1,1225,1029,1226,-1,
  1226,1029,1227,-1,1227,1029,1228,-1,1228,1029,1229,-1,1229,1029,1230,-1,1230,1029,1231,-1,1231,1029,1232,-1,1232,1029,1233,-1,1233,1029,1234,-1,
  1234,1029,1235,-1,1235,1029,1236,-1,1236,1029,1238,-1,1238,1029,644,-1,644,1029,645,-1,645,1029,646,-1,646,1029,647,-1,647,1029,648,-1,
  648,1029,649,-1,649,1029,650,-1,650,1029,651,-1,651,1029,652,-1,652,1029,653,-1,653,1029,654,-1,654,1029,407,-1,407,1029,408,-1,
  408,1029,409,-1,409,1029,410,-1,410,1029,411,-1,411,1029,412,-1,412,1029,413,-1,413,1029,414,-1,414,1029,415,-1,415,1029,416,-1,
  416,1029,417,-1,417,1029,418,-1,418,1029,419,-1,419,1029,420,-1,420,1029,327,-1,327,1029,328,-1,328,1029,329,-1,329,1029,330,-1,
  330,1029,331,-1,331,1029,332,-1,332,1029,333,-1,333,1029,334,-1,334,1029,335,-1,335,1029,336,-1,336,1029,337,-1,337,1029,338,-1,
  338,1029,339,-1,339,1029,340,-1,340,1029,341,-1,341,1029,342,-1,342,1029,343,-1,343,1029,344,-1,344,1029,345,-1,345,1029,346,-1,
  346,1029,347,-1,347,1029,348,-1,348,1029,349,-1,349,1029,350,-1,350,1029,351,-1,351,1029,352,-1,352,1029,353,-1,353,1029,354,-1,
  354,1029,355,-1,355,1029,356,-1,356,1029,357,-1,357,1029,358,-1,358,1029,360,-1,360,1029,1028,-1,326,325,327,-1,327,325,420,-1,
  420,325,323,-1,323,325,324,-1,402,401,532,-1,532,401,533,-1,533,401,534,-1,534,401,535,-1,535,401,536,-1,536,401,440,-1,
  440,401,400,-1,403,402,526,-1,526,402,527,-1,527,402,528,-1,528,402,529,-1,529,402,530,-1,530,402,531,-1,531,402,532,-1,
  404,403,521,-1,521,403,522,-1,522,403,523,-1,523,403,524,-1,524,403,525,-1,525,403,526,-1,405,404,617,-1,617,404,509,-1,
  509,404,510,-1,510,404,512,-1,512,404,513,-1,513,404,514,-1,514,404,515,-1,515,404,516,-1,516,404,517,-1,517,404,518,-1,
  518,404,519,-1,519,404,520,-1,520,404,521,-1,507,506,508,-1,508,506,617,-1,617,506,504,-1,504,506,505,-1,503,502,617,-1,
  617,502,500,-1,500,502,501,-1,656,655,407,-1,656,407,617,-1,617,407,406,-1,617,406,405,-1,639,638,1174,-1,1174,638,1175,-1,
  1175,638,1176,-1,1176,638,1177,-1,1177,638,1178,-1,1178,638,1179,-1,1179,638,637,-1,640,639,1169,-1,1169,639,1170,-1,1170,639,1171,-1,
  1171,639,1172,-1,1172,639,1173,-1,1173,639,1174,-1,641,640,1238,-1,1238,640,1162,-1,1162,640,1163,-1,1163,640,1164,-1,1164,640,1165,-1,
  1165,640,1166,-1,1166,640,1167,-1,1167,640,1168,-1,1168,640,1169,-1,1162,1161,1160,-1,1162,1160,1238,-1,1238,1160,1159,-1,1238,1159,1157,-1,
  1157,1159,1158,-1,1751,1750,1238,-1,1751,1238,1672,-1,1672,1238,1157,-1,1672,1157,1673,-1,1673,1157,1156,-1,1673,1156,1674,-1,1674,1156,1155,-1,
  1674,1155,1675,-1,1675,1155,1154,-1,1675,1154,1676,-1,1676,1154,1153,-1,1676,1153,1677,-1,1677,1153,1152,-1,1677,1152,1678,-1,1678,1152,1151,-1,
  1678,1151,1679,-1,1679,1151,1150,-1,1679,1150,1680,-1,1680,1150,1149,-1,1680,1149,1681,-1,1681,1149,1148,-1,1681,1148,1682,-1,1682,1148,1147,-1,
  1682,1147,1683,-1,1683,1147,1146,-1,1683,1146,1684,-1,1684,1146,1145,-1,1684,1145,1685,-1,1685,1145,1144,-1,1685,1144,1686,-1,1686,1144,1143,-1,
  1686,1143,1687,-1,1687,1143,1142,-1,1687,1142,1688,-1,1688,1142,1141,-1,1688,1141,1689,-1,1689,1141,1140,-1,1689,1140,1690,-1,1690,1140,1139,-1,
  1690,1139,1691,-1,1691,1139,1138,-1,1691,1138,1692,-1,1692,1138,1137,-1,1692,1137,1693,-1,1693,1137,1136,-1,1693,1136,1694,-1,1694,1136,1135,-1,
  1694,1135,1108,-1,1108,1135,1109,-1,641,1238,642,-1,642,1238,643,-1,643,1238,644,-1,1213,1212,1211,-1,1213,1211,1278,-1,1278,1211,1210,-1,
  1278,1210,1208,-1,1208,1210,1209,-1,1208,1207,1206,-1,1208,1206,1278,-1,1278,1206,1205,-1,1278,1205,1203,-1,1203,1205,1204,-1,1203,1202,1201,-1,
  1203,1201,1278,-1,1278,1201,1200,-1,1278,1200,1198,-1,1198,1200,1199,-1,1750,1749,1748,-1,1750,1748,1238,-1,1238,1748,1358,-1,1238,1358,1240,-1,
  1240,1358,1356,-1,1240,1356,1241,-1,1241,1356,1355,-1,1241,1355,1242,-1,1242,1355,1354,-1,1242,1354,1243,-1,1243,1354,1353,-1,1243,1353,1244,-1,
  1244,1353,1352,-1,1244,1352,1245,-1,1245,1352,1351,-1,1245,1351,1246,-1,1246,1351,1350,-1,1246,1350,1247,-1,1247,1350,1349,-1,1247,1349,1248,-1,
  1248,1349,1348,-1,1248,1348,1249,-1,1249,1348,1347,-1,1249,1347,1250,-1,1250,1347,1346,-1,1250,1346,1251,-1,1251,1346,1345,-1,1251,1345,1252,-1,
  1252,1345,1344,-1,1252,1344,1253,-1,1253,1344,1343,-1,1253,1343,1254,-1,1254,1343,1342,-1,1254,1342,1255,-1,1255,1342,1341,-1,1255,1341,1256,-1,
  1256,1341,1340,-1,1256,1340,1257,-1,1257,1340,1339,-1,1257,1339,1258,-1,1258,1339,1338,-1,1258,1338,1259,-1,1259,1338,1337,-1,1259,1337,1260,-1,
  1260,1337,1336,-1,1260,1336,1261,-1,1261,1336,1335,-1,1261,1335,1262,-1,1262,1335,1334,-1,1262,1334,1263,-1,1263,1334,1333,-1,1263,1333,1264,-1,
  1264,1333,1332,-1,1264,1332,1265,-1,1265,1332,1331,-1,1265,1331,1266,-1,1266,1331,1330,-1,1266,1330,1267,-1,1267,1330,1329,-1,1267,1329,1268,-1,
  1268,1329,1328,-1,1268,1328,1269,-1,1269,1328,1327,-1,1269,1327,1270,-1,1270,1327,1326,-1,1270,1326,1271,-1,1271,1326,1325,-1,1271,1325,1272,-1,
  1272,1325,1324,-1,1272,1324,1273,-1,1273,1324,1323,-1,1273,1323,1274,-1,1274,1323,1322,-1,1274,1322,1275,-1,1275,1322,1321,-1,1275,1321,1276,-1,
  1276,1321,1320,-1,1276,1320,1277,-1,1277,1320,1319,-1,1277,1319,1198,-1,1198,1319,1318,-1,1198,1318,1278,-1,1278,1318,1279,-1,1300,1299,1470,-1,
  1470,1299,1471,-1,1471,1299,1472,-1,1472,1299,1473,-1,1473,1299,1474,-1,1474,1299,1475,-1,1475,1299,1298,-1,1301,1300,1464,-1,1464,1300,1465,-1,
  1465,1300,1466,-1,1466,1300,1467,-1,1467,1300,1468,-1,1468,1300,1469,-1,1469,1300,1470,-1,1302,1301,1459,-1,1459,1301,1460,-1,1460,1301,1461,-1,
  1461,1301,1462,-1,1462,1301,1463,-1,1463,1301,1464,-1,1303,1302,1535,-1,1535,1302,1447,-1,1447,1302,1448,-1,1448,1302,1450,-1,1450,1302,1451,-1,
  1451,1302,1452,-1,1452,1302,1453,-1,1453,1302,1454,-1,1454,1302,1455,-1,1455,1302,1456,-1,1456,1302,1457,-1,1457,1302,1458,-1,1458,1302,1459,-1,
  1445,1444,1446,-1,1446,1444,1535,-1,1535,1444,1442,-1,1442,1444,1443,-1,1439,1438,1440,-1,1440,1438,1535,-1,1535,1438,1575,-1,1575,1438,1576,-1,
  1576,1438,1534,-1,1442,1441,1535,-1,1535,1441,1440,-1,1574,1573,1305,-1,1574,1305,1535,-1,1535,1305,1304,-1,1535,1304,1303,-1,1306,1305,1569,-1,
  1569,1305,1570,-1,1570,1305,1571,-1,1571,1305,1572,-1,1572,1305,1573,-1,1307,1306,915,-1,915,1306,1563,-1,1563,1306,1564,-1,1564,1306,1565,-1,
  1565,1306,1566,-1,1566,1306,1567,-1,1567,1306,1568,-1,1568,1306,1569,-1,1557,1556,851,-1,851,1556,852,-1,852,1556,853,-1,853,1556,854,-1,
  854,1556,855,-1,855,1556,856,-1,856,1556,1555,-1,1558,1557,846,-1,846,1557,847,-1,847,1557,848,-1,848,1557,849,-1,849,1557,850,-1,
  850,1557,851,-1,1559,1558,915,-1,915,1558,839,-1,839,1558,840,-1,840,1558,841,-1,841,1558,842,-1,842,1558,843,-1,843,1558,844,-1,
  844,1558,845,-1,845,1558,846,-1,839,838,837,-1,839,837,915,-1,915,837,836,-1,915,836,834,-1,834,836,835,-1,1026,1025,915,-1,
  1026,915,947,-1,947,915,834,-1,947,834,948,-1,948,834,914,-1,948,914,949,-1,949,914,913,-1,949,913,950,-1,950,913,912,-1,
  950,912,951,-1,951,912,911,-1,951,911,952,-1,952,911,910,-1,952,910,953,-1,953,910,909,-1,953,909,954,-1,954,909,908,-1,
  954,908,955,-1,955,908,907,-1,955,907,956,-1,956,907,906,-1,956,906,957,-1,957,906,905,-1,957,905,958,-1,958,905,904,-1,
  958,904,959,-1,959,904,903,-1,959,903,960,-1,960,903,902,-1,960,902,961,-1,961,902,901,-1,961,901,962,-1,962,901,900,-1,
  962,900,963,-1,963,900,899,-1,963,899,964,-1,964,899,898,-1,964,898,965,-1,965,898,897,-1,965,897,966,-1,966,897,896,-1,
  966,896,967,-1,967,896,895,-1,967,895,968,-1,968,895,894,-1,968,894,969,-1,969,894,893,-1,969,893,802,-1,802,893,803,-1,
  1559,915,1560,-1,1560,915,1561,-1,1561,915,1562,-1,1562,915,1563,-1,932,287,933,-1,933,287,934,-1,934,287,935,-1,935,287,936,-1,
  936,287,937,-1,937,287,938,-1,938,287,939,-1,272,1030,273,-1,273,1030,274,-1,274,1030,275,-1,275,1030,276,-1,276,1030,277,-1,
  277,1030,278,-1,278,1030,279,-1,579,1028,580,-1,580,1028,581,-1,581,1028,582,-1,582,1028,583,-1,583,1028,584,-1,584,1028,585,-1,
  585,1028,586,-1,586,1028,587,-1,587,1028,588,-1,588,1028,589,-1,589,1028,590,-1,590,1028,591,-1,591,1028,592,-1,592,1028,593,-1,
  593,1028,594,-1,594,1028,595,-1,595,1028,596,-1,596,1028,597,-1,597,1028,598,-1,598,1028,599,-1,599,1028,600,-1,600,1028,601,-1,
  601,1028,602,-1,602,1028,603,-1,603,1028,604,-1,604,1028,605,-1,605,1028,606,-1,606,1028,607,-1,607,1028,609,-1,609,1028,706,-1,
  706,1028,707,-1,707,1028,708,-1,708,1028,709,-1,709,1028,710,-1,710,1028,711,-1,711,1028,712,-1,712,1028,713,-1,713,1028,714,-1,
  714,1028,715,-1,715,1028,716,-1,716,1028,717,-1,717,1028,718,-1,718,1028,719,-1,719,1028,720,-1,720,1028,721,-1,721,1028,722,-1,
  722,1028,723,-1,723,1028,724,-1,724,1028,725,-1,725,1028,726,-1,726,1028,727,-1,727,1028,728,-1,728,1028,729,-1,729,1028,730,-1,
  730,1028,731,-1,731,1028,732,-1,732,1028,733,-1,733,1028,734,-1,734,1028,735,-1,735,1028,736,-1,736,1028,737,-1,737,1028,738,-1,
  738,1028,739,-1,739,1028,1713,-1,1713,1028,1715,-1,1715,1028,1716,-1,1716,1028,1717,-1,1717,1028,1718,-1,1718,1028,1719,-1,1719,1028,1720,-1,
  1720,1028,1721,-1,1721,1028,1722,-1,1722,1028,1723,-1,1723,1028,1724,-1,1724,1028,1725,-1,1725,1028,1726,-1,1726,1028,1727,-1,1727,1028,1728,-1,
  1728,1028,1729,-1,1729,1028,1730,-1,1730,1028,1731,-1,1731,1028,1732,-1,1732,1028,1733,-1,1733,1028,1734,-1,1734,1028,1735,-1,1735,1028,1736,-1,
  1736,1028,1737,-1,1737,1028,1738,-1,1738,1028,1740,-1,1740,1028,1358,-1,1358,1028,1360,-1,1360,1028,1361,-1,1361,1028,1362,-1,1362,1028,1363,-1,
  1363,1028,1364,-1,1364,1028,1365,-1,1365,1028,1366,-1,1366,1028,1367,-1,1367,1028,1368,-1,1368,1028,1369,-1,1369,1028,1370,-1,1370,1028,1371,-1,
  1371,1028,1372,-1,1372,1028,1373,-1,1373,1028,1374,-1,1374,1028,1375,-1,1375,1028,1376,-1,1376,1028,1377,-1,1377,1028,1378,-1,1378,1028,1379,-1,
  1379,1028,1380,-1,1380,1028,1381,-1,1381,1028,1383,-1,1383,1028,1624,-1,1624,1028,1625,-1,1625,1028,1626,-1,1626,1028,1627,-1,1627,1028,1628,-1,
  1628,1028,1629,-1,1629,1028,1630,-1,1630,1028,1631,-1,1631,1028,1632,-1,1632,1028,1633,-1,1633,1028,1634,-1,1634,1028,1635,-1,1635,1028,1636,-1,
  1636,1028,1637,-1,1637,1028,1638,-1,1638,1028,1639,-1,1639,1028,1640,-1,1640,1028,1641,-1,1641,1028,1642,-1,1642,1028,1643,-1,1643,1028,1644,-1,
  1644,1028,1645,-1,1645,1028,1646,-1,1646,1028,1647,-1,1647,1028,1648,-1,1648,1028,1649,-1,1649,1028,1650,-1,1650,1028,1651,-1,1651,1028,1652,-1,
  1652,1028,1001,-1,1001,1028,1002,-1,1002,1028,1003,-1,1003,1028,1004,-1,1004,1028,1005,-1,1005,1028,1006,-1,1006,1028,1007,-1,1007,1028,1008,-1,
  1008,1028,1009,-1,1009,1028,1010,-1,1010,1028,1011,-1,1011,1028,1041,-1,1041,1028,1042,-1,1042,1028,1043,-1,1043,1028,1044,-1,615,614,780,-1,
  780,614,781,-1,781,614,782,-1,782,614,783,-1,783,614,784,-1,784,614,612,-1,612,614,613,-1,616,615,537,-1,537,615,774,-1,
  774,615,775,-1,775,615,776,-1,776,615,777,-1,777,615,778,-1,778,615,779,-1,779,615,780,-1,786,785,612,-1,612,785,784,-1,
  1100,1099,744,-1,1100,744,1713,-1,1713,744,742,-1,1713,742,740,-1,740,742,741,-1,749,748,750,-1,750,748,1093,-1,1093,748,1094,-1,
  1094,748,746,-1,746,748,747,-1,752,751,1088,-1,1088,751,1089,-1,1089,751,1090,-1,1090,751,750,-1,1090,750,1091,-1,1091,750,1092,-1,
  1092,750,1093,-1,1096,1095,745,-1,745,1095,746,-1,746,1095,1094,-1,744,1099,1098,-1,744,1098,745,-1,745,1098,1097,-1,745,1097,1096,-1,
  1744,1743,1745,-1,1745,1743,1358,-1,1358,1743,1741,-1,1741,1743,1742,-1,1747,1746,1748,-1,1748,1746,1358,-1,1358,1746,1745,-1,1388,1387,1386,-1,
  1388,1386,1624,-1,1624,1386,1385,-1,1624,1385,1383,-1,1383,1385,1384,-1,1430,1429,1393,-1,1430,1393,1431,-1,1431,1393,1391,-1,1431,1391,1624,-1,
  1624,1391,1390,-1,1624,1390,1388,-1,1388,1390,1389,-1,1396,1395,1424,-1,1424,1395,1425,-1,1425,1395,1426,-1,1426,1395,1427,-1,1427,1395,1428,-1,
  1428,1395,1393,-1,1393,1395,1394,-1,1397,1396,1318,-1,1318,1396,1418,-1,1418,1396,1419,-1,1419,1396,1420,-1,1420,1396,1421,-1,1421,1396,1422,-1,
  1422,1396,1423,-1,1423,1396,1424,-1,1279,1318,1418,-1,1279,1418,1280,-1,1280,1418,1417,-1,1280,1417,1281,-1,1281,1417,1416,-1,1281,1416,1282,-1,
  1282,1416,1415,-1,1282,1415,1283,-1,1283,1415,1414,-1,1283,1414,1284,-1,1284,1414,1413,-1,1284,1413,1285,-1,1285,1413,1412,-1,1285,1412,1286,-1,
  1286,1412,1411,-1,1286,1411,1287,-1,1287,1411,1410,-1,1287,1410,1288,-1,1288,1410,1409,-1,1288,1409,1289,-1,1289,1409,1408,-1,1289,1408,1290,-1,
  1290,1408,1407,-1,1290,1407,1291,-1,1291,1407,1406,-1,1291,1406,1487,-1,1487,1406,1488,-1,1655,1654,1656,-1,1656,1654,992,-1,992,1654,993,-1,
  993,1654,994,-1,994,1654,995,-1,995,1654,996,-1,996,1654,1652,-1,1652,1654,1653,-1,794,833,1662,-1,794,1662,988,-1,988,1662,1660,-1,
  988,1660,1658,-1,1658,1660,1659,-1,1667,1666,1668,-1,1668,1666,827,-1,827,1666,828,-1,828,1666,1664,-1,1664,1666,1665,-1,1671,1670,1575,-1,
  1575,1670,1535,-1,1535,1670,1536,-1,1536,1670,822,-1,822,1670,1669,-1,823,822,1669,-1,823,1669,824,-1,824,1669,1668,-1,824,1668,825,-1,
  825,1668,826,-1,830,829,1663,-1,1663,829,1664,-1,1664,829,828,-1,1662,833,832,-1,1662,832,1663,-1,1663,832,831,-1,1663,831,830,-1,
  989,988,990,-1,990,988,1656,-1,1656,988,1657,-1,1657,988,1658,-1,992,991,1656,-1,1656,991,990,-1,996,1652,997,-1,997,1652,998,-1,
  998,1652,999,-1,999,1652,1000,-1,1000,1652,1001,-1,1014,1013,1015,-1,1015,1013,1040,-1,1040,1013,1041,-1,1041,1013,1011,-1,1011,1013,1012,-1,
  1017,1016,1018,-1,1018,1016,95,-1,95,1016,64,-1,1019,1018,1020,-1,1020,1018,224,-1,224,1018,225,-1,1022,1021,1023,-1,1023,1021,175,-1,
  175,1021,176,-1,176,1021,177,-1,177,1021,178,-1,178,1021,179,-1,179,1021,180,-1,180,1021,181,-1,181,1021,182,-1,182,1021,183,-1,
  183,1021,184,-1,184,1021,185,-1,185,1021,186,-1,186,1021,187,-1,187,1021,188,-1,188,1021,189,-1,189,1021,287,-1,287,1021,1020,-1,
  1024,1023,1025,-1,1025,1023,112,-1,112,1023,113,-1,1016,1015,32,-1,32,1015,33,-1,33,1015,34,-1,34,1015,35,-1,35,1015,36,-1,
  36,1015,37,-1,37,1015,38,-1,38,1015,39,-1,39,1015,40,-1,40,1015,41,-1,41,1015,42,-1,42,1015,43,-1,43,1015,1039,-1,
  1039,1015,1040,-1,1033,1032,46,-1,46,1032,47,-1,47,1032,1031,-1,1033,46,1034,-1,1034,46,1035,-1,1035,46,1036,-1,1036,46,45,-1,
  1037,1036,45,-1,1037,45,1038,-1,1038,45,44,-1,1038,44,1039,-1,1039,44,43,-1,455,454,761,-1,761,454,762,-1,762,454,453,-1,
  455,761,456,-1,456,761,457,-1,457,761,458,-1,458,761,459,-1,459,761,760,-1,758,757,461,-1,758,461,759,-1,759,461,460,-1,
  759,460,760,-1,760,460,459,-1,463,462,755,-1,755,462,756,-1,756,462,757,-1,757,462,461,-1,796,795,980,-1,980,795,981,-1,
  981,795,982,-1,982,795,983,-1,983,795,984,-1,984,795,985,-1,985,795,986,-1,986,795,988,-1,988,795,794,-1,797,796,976,-1,
  976,796,977,-1,977,796,978,-1,978,796,979,-1,979,796,980,-1,974,973,798,-1,974,798,975,-1,975,798,797,-1,975,797,976,-1,
  800,799,971,-1,971,799,972,-1,972,799,973,-1,973,799,798,-1,971,970,800,-1,800,970,801,-1,801,970,802,-1,802,970,969,-1,
  1549,1548,867,-1,867,1548,868,-1,868,1548,869,-1,869,1548,870,-1,870,1548,871,-1,871,1548,872,-1,872,1548,873,-1,873,1548,875,-1,
  875,1548,1547,-1,1550,1549,863,-1,863,1549,864,-1,864,1549,865,-1,865,1549,866,-1,866,1549,867,-1,861,860,1551,-1,861,1551,862,-1,
  862,1551,1550,-1,862,1550,863,-1,1553,1552,858,-1,858,1552,859,-1,859,1552,860,-1,860,1552,1551,-1,858,857,1553,-1,1553,857,1554,-1,
  1554,857,1555,-1,1555,857,856,-1,810,877,875,-1,810,875,811,-1,811,875,1547,-1,811,1547,812,-1,812,1547,1546,-1,812,1546,813,-1,
  813,1546,1545,-1,813,1545,814,-1,814,1545,1544,-1,814,1544,815,-1,815,1544,1543,-1,815,1543,816,-1,816,1543,1542,-1,816,1542,817,-1,
  817,1542,1541,-1,817,1541,818,-1,818,1541,1540,-1,818,1540,819,-1,819,1540,1539,-1,819,1539,820,-1,820,1539,1538,-1,820,1538,821,-1,
  821,1538,1537,-1,821,1537,822,-1,822,1537,1536,-1,877,810,878,-1,878,810,879,-1,879,810,880,-1,880,810,881,-1,881,810,882,-1,
  882,810,809,-1,882,809,883,-1,883,809,884,-1,884,809,885,-1,885,809,886,-1,886,809,808,-1,888,887,807,-1,807,887,808,-1,
  808,887,886,-1,890,889,806,-1,806,889,807,-1,807,889,888,-1,804,803,892,-1,804,892,805,-1,805,892,891,-1,805,891,806,-1,
  806,891,890,-1,1102,1101,1705,-1,1705,1101,1706,-1,1706,1101,1707,-1,1707,1101,1708,-1,1708,1101,1709,-1,1709,1101,1710,-1,1710,1101,1711,-1,
  1711,1101,1713,-1,1713,1101,1100,-1,1103,1102,1701,-1,1701,1102,1702,-1,1702,1102,1703,-1,1703,1102,1704,-1,1704,1102,1705,-1,1699,1698,1104,-1,
  1699,1104,1700,-1,1700,1104,1103,-1,1700,1103,1701,-1,1106,1105,1696,-1,1696,1105,1697,-1,1697,1105,1698,-1,1698,1105,1104,-1,1696,1695,1106,-1,
  1106,1695,1107,-1,1107,1695,1108,-1,1108,1695,1694,-1,631,630,1190,-1,1190,630,1191,-1,1191,630,1192,-1,1192,630,1193,-1,1193,630,1194,-1,
  1194,630,1195,-1,1195,630,1196,-1,1196,630,1117,-1,1117,630,629,-1,632,631,1186,-1,1186,631,1187,-1,1187,631,1188,-1,1188,631,1189,-1,
  1189,631,1190,-1,1184,1183,633,-1,1184,633,1185,-1,1185,633,632,-1,1185,632,1186,-1,635,634,1181,-1,1181,634,1182,-1,1182,634,1183,-1,
  1183,634,633,-1,1181,1180,635,-1,635,1180,636,-1,636,1180,637,-1,637,1180,1179,-1,1120,1116,1121,-1,1121,1116,1122,-1,1122,1116,1123,-1,
  1123,1116,1124,-1,1124,1116,1115,-1,1124,1115,1125,-1,1125,1115,1126,-1,1126,1115,1127,-1,1127,1115,1128,-1,1128,1115,1114,-1,1130,1129,1113,-1,
  1113,1129,1114,-1,1114,1129,1128,-1,1132,1131,1112,-1,1112,1131,1113,-1,1113,1131,1130,-1,1110,1109,1134,-1,1110,1134,1111,-1,1111,1134,1133,-1,
  1111,1133,1112,-1,1112,1133,1132,-1,1620,1619,1432,-1,1620,1432,1621,-1,1621,1432,1431,-1,1621,1431,1623,-1,1623,1431,1624,-1,1433,1432,1616,-1,
  1616,1432,1617,-1,1617,1432,1618,-1,1618,1432,1619,-1,1433,1616,1615,-1,1433,1615,1434,-1,1434,1615,1614,-1,1434,1614,1435,-1,1435,1614,1436,-1,
  1614,1613,1436,-1,1436,1613,1437,-1,1437,1613,1398,-1,1398,1613,1612,-1,1499,1498,1611,-1,1611,1498,1612,-1,1612,1498,1398,-1,1398,1498,1399,-1,
  1399,1498,1497,-1,1577,1534,1533,-1,1577,1533,1578,-1,1578,1533,1532,-1,1578,1532,1579,-1,1579,1532,1531,-1,1579,1531,1580,-1,1580,1531,1530,-1,
  1580,1530,1581,-1,1581,1530,1529,-1,1581,1529,1582,-1,1582,1529,1528,-1,1582,1528,1583,-1,1583,1528,1527,-1,1583,1527,1584,-1,1584,1527,1526,-1,
  1584,1526,1585,-1,1585,1526,1525,-1,1585,1525,1586,-1,1586,1525,1524,-1,1586,1524,1587,-1,1587,1524,1523,-1,1587,1523,1588,-1,1588,1523,1522,-1,
  1588,1522,1589,-1,1589,1522,1521,-1,1589,1521,1590,-1,1590,1521,1520,-1,1590,1520,1591,-1,1591,1520,1519,-1,1591,1519,1592,-1,1592,1519,1518,-1,
  1592,1518,1593,-1,1593,1518,1517,-1,1593,1517,1594,-1,1594,1517,1516,-1,1594,1516,1595,-1,1595,1516,1515,-1,1595,1515,1596,-1,1596,1515,1514,-1,
  1596,1514,1597,-1,1597,1514,1513,-1,1597,1513,1598,-1,1598,1513,1512,-1,1598,1512,1599,-1,1599,1512,1511,-1,1599,1511,1600,-1,1600,1511,1510,-1,
  1600,1510,1601,-1,1601,1510,1509,-1,1601,1509,1602,-1,1602,1509,1508,-1,1602,1508,1603,-1,1603,1508,1507,-1,1603,1507,1604,-1,1604,1507,1506,-1,
  1604,1506,1605,-1,1605,1506,1505,-1,1605,1505,1606,-1,1606,1505,1504,-1,1606,1504,1607,-1,1607,1504,1503,-1,1607,1503,1608,-1,1608,1503,1502,-1,
  1608,1502,1609,-1,1609,1502,1501,-1,1609,1501,1610,-1,1610,1501,1500,-1,1610,1500,1611,-1,1611,1500,1499,-1,1483,1482,1292,-1,1483,1292,1484,-1,
  1484,1292,1291,-1,1484,1291,1486,-1,1486,1291,1487,-1,1293,1292,1479,-1,1479,1292,1480,-1,1480,1292,1481,-1,1481,1292,1482,-1,1293,1479,1478,-1,
  1293,1478,1294,-1,1294,1478,1477,-1,1294,1477,1295,-1,1295,1477,1296,-1,1477,1476,1296,-1,1296,1476,1297,-1,1297,1476,1298,-1,1298,1476,1475,-1,
  1490,1489,1405,-1,1405,1489,1406,-1,1406,1489,1488,-1,1490,1405,1491,-1,1491,1405,1492,-1,1492,1405,1493,-1,1493,1405,1494,-1,1494,1405,1404,-1,
  1402,1401,1496,-1,1402,1496,1403,-1,1403,1496,1495,-1,1403,1495,1404,-1,1404,1495,1494,-1,1399,1497,1400,-1,1400,1497,1401,-1,1401,1497,1496,-1,
  1621,1623,1622,-1,1484,1486,1485,-1,1356,1358,1357,-1,1236,1238,1237,-1,1238,1240,1239,-1,1359,1358,1360,-1,1576,1534,1577,-1,1109,1135,1134,-1,
  1117,1119,1118,-1,1196,1117,1197,-1,1711,1713,1712,-1,1714,1713,1715,-1,803,893,892,-1,875,877,876,-1,873,875,874,-1,986,988,987,-1,
  703,705,704,-1,449,451,450,-1,463,755,754,-1,358,360,359,-1,1020,256,287,-1,1025,1801,1800,-1,1025,916,915,-1,1026,947,1027,-1,
  1668,827,826,-1,1660,1662,1661,-1,1393,1429,1428,-1,1391,1393,1392,-1,1381,1383,1382,-1,1740,1358,1741,-1,1751,1672,1752,-1,1738,1740,1739,-1,
  739,1713,740,-1,752,657,753,-1,742,744,743,-1,609,706,610,-1,610,612,611,-1,607,609,608,-1,79,272,80,-1,240,272,241,-1,
  96,932,97,-1,1816,932,1785,-1,1535,1447,1446,-1,1448,1450,1449,-1,654,407,655,-1,617,509,508,-1,617,504,503,-1,510,512,511,-1,
  420,323,322,-1,360,362,361,-1,320,538,537,-1]
  normalPerVertex TRUE
  normal DEF NORM_7 Normal { vector [
  0 0 -1,0 0 -1,
  0 0 -1,0 0 -1,
  0 0 -1,0 0 -1,
  0 0 -1,0 0 -1,
  0 0 -1,0 0 -1,
  0 0 -1,0 0 -1,
  0 0 -1,0 0 -1,
  0 0 -1,0 0 -1,
  0 0 -1,0 0 -1,
  0 0 -1,0 0 -1,
  0 0 -1,0 0 -1,
  0 0 -1,0 0 -1,
  0 0 -1,0 0 -1,
  0 0 -1,0 0 -1,
  0 0 -1,0 0 -1,
  0 0 -1,0 0 -1,
  0 0 -1,0 0 -1,
  0 0 -1,0 0 -1,
  0 0 -1,0 0 -1,
  0 0 -1,0 0 -1,
  0 0 -1,0 0 -1,
  0 0 -1,0 0 -1,
  0 0 -1,0 0 -1,
  0 0 -1,0 0 -1,
  0 0 -1,0 0 -1,
  0 0 -1,0 0 -1,
  0 0 -1,0 0 -1,
  0 0 -1,0 0 -1,
  0 0 -1,0 0 -1,
  0 0 -1,0 0 -1,
  0 0 -1,0 0 -1,
  0 0 -1,0 0 -1,
  0 0 -1,0 0 -1,
  0 0 -1,0 0 -1,
  0 0 -1,0 0 -1,
  0 0 -1,0 0 -1,
  0 0 -1,0 0 -1,
  0 0 -1,0 0 -1,
  0 0 -1,0 0 -1,
  0 0 -1,0 0 -1,
  0 0 -1,0 0 -1,
  0 0 -1,0 0 -1,
  0 0 -1,0 0 -1,
  0 0 -1,0 0 -1,
  0 0 -1,0 0 -1,
  0 0 -1,0 0 -1,
  0 0 -1,0 0 -1,
  0 0 -1,0 0 -1,
  0 0 -1,0 0 -1,
  0 0 -1,0 0 -1,
  0 0 -1,0 0 -1,
  0 0 -1,0 0 -1,
  0 0 -1,0 0 -1,
  0 0 -1,0 0 -1,
  0 0 -1,0 0 -1,
  0 0 -1,0 0 -1,
  0 0 -1,0 0 -1,
  0 0 -1,0 0 -1,
  0 0 -1,0 0 -1,
  0 0 -1,0 0 -1,
  0 0 -1,0 0 -1,
  0 0 -1,0 0 -1,
  0 0 -1,0 0 -1,
  0 0 -1,0 0 -1,
  0 0 -1,0 0 -1,
  0 0 -1,0 0 -1,
  0 0 -1,0 0 -1,
  0 0 -1,0 0 -1,
  0 0 -1,0 0 -1,
  0 0 -1,0 0 -1,
  0 0 -1,0 0 -1,
  0 0 -1,0 0 -1,
  0 0 -1,0 0 -1,
  0 0 -1,0 0 -1,
  0 0 -1,0 0 -1,
  0 0 -1,0 0 -1,
  0 0 -1,0 0 -1,
  0 0 -1,0 0 -1,
  0 0 -1,0 0 -1,
  0 0 -1,0 0 -1,
  0 0 -1,0 0 -1,
  0 0 -1,0 0 -1,
  0 0 -1,0 0 -1,
  0 0 -1,0 0 -1,
  0 0 -1,0 0 -1,
  0 0 -1,0 0 -1,
  0 0 -1,0 0 -1,
  0 0 -1,0 0 -1,
  0 0 -1,0 0 -1,
  0 0 -1,0 0 -1,
  0 0 -1,0 0 -1,
  0 0 -1,0 0 -1,
  0 0 -1,0 0 -1,
  0 0 -1,0 0 -1,
  0 0 -1,0 0 -1,
  0 0 -1,0 0 -1,
  0 0 -1,0 0 -1,
  0 0 -1,0 0 -1,
  0 0 -1,0 0 -1,
  0 0 -1,0 0 -1,
  0 0 -1,0 0 -1,
  0 0 -1,0 0 -1,
  0 0 -1,0 0 -1,
  0 0 -1,0 0 -1,
  0 0 -1,0 0 -1,
  0 0 -1,0 0 -1,
  0 0 -1,0 0 -1,
  0 0 -1,0 0 -1,
  0 0 -1,0 0 -1,
  0 0 -1,0 0 -1,
  0 0 -1,0 0 -1,
  0 0 -1,0 0 -1,
  0 0 -1,0 0 -1,
  0 0 -1,0 0 -1,
  0 0 -1,0 0 -1,
  0 0 -1,0 0 -1,
  0 0 -1,0 0 -1,
  0 0 -1,0 0 -1,
  0 0 -1,0 0 -1,
  0 0 -1,0 0 -1,
  0 0 -1,0 0 -1,
  0 0 -1,0 0 -1,
  0 0 -1,0 0 -1,
  0 0 -1,0 0 -1,
  0 0 -1,0 0 -1,
  0 0 -1,0 0 -1,
  0 0 -1,0 0 -1,
  0 0 -1,0 0 -1,
  0 0 -1,0 0 -1,
  0 0 -1,0 0 -1,
  0 0 -1,0 0 -1,
  0 0 -1,0 0 -1,
  0 0 -1,0 0 -1,
  0 0 -1,0 0 -1,
  0 0 -1,0 0 -1,
  0 0 -1,0 0 -1,
  0 0 -1,0 0 -1,
  0 0 -1,0 0 -1,
  0 0 -1,0 0 -1,
  0 0 -1,0 0 -1,
  0 0 -1,0 0 -1,
  0 0 -1,0 0 -1,
  0 0 -1,0 0 -1,
  0 0 -1,0 0 -1,
  0 0 -1,0 0 -1,
  0 0 -1,0 0 -1,
  0 0 -1,0 0 -1,
  0 0 -1,0 0 -1,
  0 0 -1,0 0 -1,
  0 0 -1,0 0 -1,
  0 0 -1,0 0 -1,
  0 0 -1,0 0 -1,
  0 0 -1,0 0 -1,
  0 0 -1,0 0 -1,
  0 0 -1,0 0 -1,
  0 0 -1,0 0 -1,
  0 0 -1,0 0 -1,
  0 0 -1,0 0 -1,
  0 0 -1,0 0 -1,
  0 0 -1,0 0 -1,
  0 0 -1,0 0 -1,
  0 0 -1,0 0 -1,
  0 0 -1,0 0 -1,
  0 0 -1,0 0 -1,
  0 0 -1,0 0 -1,
  0 0 -1,0 0 -1,
  0 0 -1,0 0 -1,
  0 0 -1,0 0 -1,
  0 0 -1,0 0 -1,
  0 0 -1,0 0 -1,
  0 0 -1,0 0 -1,
  0 0 -1,0 0 -1,
  0 0 -1,0 0 -1,
  0 0 -1,0 0 -1,
  0 0 -1,0 0 -1,
  0 0 -1,0 0 -1,
  0 0 -1,0 0 -1,
  0 0 -1,0 0 -1,
  0 0 -1,0 0 -1,
  0 0 -1,0 0 -1,
  0 0 -1,0 0 -1,
  0 0 -1,0 0 -1,
  0 0 -1,0 0 -1,
  0 0 -1,0 0 -1,
  0 0 -1,0 0 -1,
  0 0 -1,0 0 -1,
  0 0 -1,0 0 -1,
  0 0 -1,0 0 -1,
  0 0 -1,0 0 -1,
  0 0 -1,0 0 -1,
  0 0 -1,0 0 -1,
  0 0 -1,0 0 -1,
  0 0 -1,0 0 -1,
  0 0 -1,0 0 -1,
  0 0 -1,0 0 -1,
  0 0 -1,0 0 -1,
  0 0 -1,0 0 -1,
  0 0 -1,0 0 -1,
  0 0 -1,0 0 -1,
  0 0 -1,0 0 -1,
  0 0 -1,0 0 -1,
  0 0 -1,0 0 -1,
  0 0 -1,0 0 -1,
  0 0 -1,0 0 -1,
  0 0 -1,0 0 -1,
  0 0 -1,0 0 -1,
  0 0 -1,0 0 -1,
  0 0 -1,0 0 -1,
  0 0 -1,0 0 -1,
  0 0 -1,0 0 -1,
  0 0 -1,0 0 -1,
  0 0 -1,0 0 -1,
  0 0 -1,0 0 -1,
  0 0 -1,0 0 -1,
  0 0 -1,0 0 -1,
  0 0 -1,0 0 -1,
  0 0 -1,0 0 -1,
  0 0 -1,0 0 -1,
  0 0 -1,0 0 -1,
  0 0 -1,0 0 -1,
  0 0 -1,0 0 -1,
  0 0 -1,0 0 -1,
  0 0 -1,0 0 -1,
  0 0 -1,0 0 -1,
  0 0 -1,0 0 -1,
  0 0 -1,0 0 -1,
  0 0 -1,0 0 -1,
  0 0 -1,0 0 -1,
  0 0 -1,0 0 -1,
  0 0 -1,0 0 -1,
  0 0 -1,0 0 -1,
  0 0 -1,0 0 -1,
  0 0 -1,0 0 -1,
  0 0 -1,0 0 -1,
  0 0 -1,0 0 -1,
  0 0 -1,0 0 -1,
  0 0 -1,0 0 -1,
  0 0 -1,0 0 -1,
  0 0 -1,0 0 -1,
  0 0 -1,0 0 -1,
  0 0 -1,0 0 -1,
  0 0 -1,0 0 -1,
  0 0 -1,0 0 -1,
  0 0 -1,0 0 -1,
  0 0 -1,0 0 -1,
  0 0 -1,0 0 -1,
  0 0 -1,0 0 -1,
  0 0 -1,0 0 -1,
  0 0 -1,0 0 -1,
  0 0 -1,0 0 -1,
  0 0 -1,0 0 -1,
  0 0 -1,0 0 -1,
  0 0 -1,0 0 -1,
  0 0 -1,0 0 -1,
  0 0 -1,0 0 -1,
  0 0 -1,0 0 -1,
  0 0 -1,0 0 -1,
  0 0 -1,0 0 -1,
  0 0 -1,0 0 -1,
  0 0 -1,0 0 -1,
  0 0 -1,0 0 -1,
  0 0 -1,0 0 -1,
  0 0 -1,0 0 -1,
  0 0 -1,0 0 -1,
  0 0 -1,0 0 -1,
  0 0 -1,0 0 -1,
  0 0 -1,0 0 -1,
  0 0 -1,0 0 -1,
  0 0 -1,0 0 -1,
  0 0 -1,0 0 -1,
  0 0 -1,0 0 -1,
  0 0 -1,0 0 -1,
  0 0 -1,0 0 -1,
  0 0 -1,0 0 -1,
  0 0 -1,0 0 -1,
  0 0 -1,0 0 -1,
  0 0 -1,0 0 -1,
  0 0 -1,0 0 -1,
  0 0 -1,0 0 -1,
  0 0 -1,0 0 -1,
  0 0 -1,0 0 -1,
  0 0 -1,0 0 -1,
  0 0 -1,0 0 -1,
  0 0 -1,0 0 -1,
  0 0 -1,0 0 -1,
  0 0 -1,0 0 -1,
  0 0 -1,0 0 -1,
  0 0 -1,0 0 -1,
  0 0 -1,0 0 -1,
  0 0 -1,0 0 -1,
  0 0 -1,0 0 -1,
  0 0 -1,0 0 -1,
  0 0 -1,0 0 -1,
  0 0 -1,0 0 -1,
  0 0 -1,0 0 -1,
  0 0 -1,0 0 -1,
  0 0 -1,0 0 -1,
  0 0 -1,0 0 -1,
  0 0 -1,0 0 -1,
  0 0 -1,0 0 -1,
  0 0 -1,0 0 -1,
  0 0 -1,0 0 -1,
  0 0 -1,0 0 -1,
  0 0 -1,0 0 -1,
  0 0 -1,0 0 -1,
  0 0 -1,0 0 -1,
  0 0 -1,0 0 -1,
  0 0 -1,0 0 -1,
  0 0 -1,0 0 -1,
  0 0 -1,0 0 -1,
  0 0 -1,0 0 -1,
  0 0 -1,0 0 -1,
  0 0 -1,0 0 -1,
  0 0 -1,0 0 -1,
  0 0 -1,0 0 -1,
  0 0 -1,0 0 -1,
  0 0 -1,0 0 -1,
  0 0 -1,0 0 -1,
  0 0 -1,0 0 -1,
  0 0 -1,0 0 -1,
  0 0 -1,0 0 -1,
  0 0 -1,0 0 -1,
  0 0 -1,0 0 -1,
  0 0 -1,0 0 -1,
  0 0 -1,0 0 -1,
  0 0 -1,0 0 -1,
  0 0 -1,0 0 -1,
  0 0 -1,0 0 -1,
  0 0 -1,0 0 -1,
  0 0 -1,0 0 -1,
  0 0 -1,0 0 -1,
  0 0 -1,0 0 -1,
  0 0 -1,0 0 -1,
  0 0 -1,0 0 -1,
  0 0 -1,0 0 -1,
  0 0 -1,0 0 -1,
  0 0 -1,0 0 -1,
  0 0 -1,0 0 -1,
  0 0 -1,0 0 -1,
  0 0 -1,0 0 -1,
  0 0 -1,0 0 -1,
  0 0 -1,0 0 -1,
  0 0 -1,0 0 -1,
  0 0 -1,0 0 -1,
  0 0 -1,0 0 -1,
  0 0 -1,0 0 -1,
  0 0 -1,0 0 -1,
  0 0 -1,0 0 -1,
  0 0 -1,0 0 -1,
  0 0 -1,0 0 -1,
  0 0 -1,0 0 -1,
  0 0 -1,0 0 -1,
  0 0 -1,0 0 -1,
  0 0 -1,0 0 -1,
  0 0 -1,0 0 -1,
  0 0 -1,0 0 -1,
  0 0 -1,0 0 -1,
  0 0 -1,0 0 -1,
  0 0 -1,0 0 -1,
  0 0 -1,0 0 -1,
  0 0 -1,0 0 -1,
  0 0 -1,0 0 -1,
  0 0 -1,0 0 -1,
  0 0 -1,0 0 -1,
  0 0 -1,0 0 -1,
  0 0 -1,0 0 -1,
  0 0 -1,0 0 -1,
  0 0 -1,0 0 -1,
  0 0 -1,0 0 -1,
  0 0 -1,0 0 -1,
  0 0 -1,0 0 -1,
  0 0 -1,0 0 -1,
  0 0 -1,0 0 -1,
  0 0 -1,0 0 -1,
  0 0 -1,0 0 -1,
  0 0 -1,0 0 -1,
  0 0 -1,0 0 -1,
  0 0 -1,0 0 -1,
  0 0 -1,0 0 -1,
  0 0 -1,0 0 -1,
  0 0 -1,0 0 -1,
  0 0 -1,0 0 -1,
  0 0 -1,0 0 -1,
  0 0 -1,0 0 -1,
  0 0 -1,0 0 -1,
  0 0 -1,0 0 -1,
  0 0 -1,0 0 -1,
  0 0 -1,0 0 -1,
  0 0 -1,0 0 -1,
  0 0 -1,0 0 -1,
  0 0 -1,0 0 -1,
  0 0 -1,0 0 -1,
  0 0 -1,0 0 -1,
  0 0 -1,0 0 -1,
  0 0 -1,0 0 -1,
  0 0 -1,0 0 -1,
  0 0 -1,0 0 -1,
  0 0 -1,0 0 -1,
  0 0 -1,0 0 -1,
  0 0 -1,0 0 -1,
  0 0 -1,0 0 -1,
  0 0 -1,0 0 -1,
  0 0 -1,0 0 -1,
  0 0 -1,0 0 -1,
  0 0 -1,0 0 -1,
  0 0 -1,0 0 -1,
  0 0 -1,0 0 -1,
  0 0 -1,0 0 -1,
  0 0 -1,0 0 -1,
  0 0 -1,0 0 -1,
  0 0 -1,0 0 -1,
  0 0 -1,0 0 -1,
  0 0 -1,0 0 -1,
  0 0 -1,0 0 -1,
  0 0 -1,0 0 -1,
  0 0 -1,0 0 -1,
  0 0 -1,0 0 -1,
  0 0 -1,0 0 -1,
  0 0 -1,0 0 -1,
  0 0 -1,0 0 -1,
  0 0 -1,0 0 -1,
  0 0 -1,0 0 -1,
  0 0 -1,0 0 -1,
  0 0 -1,0 0 -1,
  0 0 -1,0 0 -1,
  0 0 -1,0 0 -1,
  0 0 -1,0 0 -1,
  0 0 -1,0 0 -1,
  0 0 -1,0 0 -1,
  0 0 -1,0 0 -1,
  0 0 -1,0 0 -1,
  0 0 -1,0 0 -1,
  0 0 -1,0 0 -1,
  0 0 -1,0 0 -1,
  0 0 -1,0 0 -1,
  0 0 -1,0 0 -1,
  0 0 -1,0 0 -1,
  0 0 -1,0 0 -1,
  0 0 -1,0 0 -1,
  0 0 -1,0 0 -1,
  0 0 -1,0 0 -1,
  0 0 -1,0 0 -1,
  0 0 -1,0 0 -1,
  0 0 -1,0 0 -1,
  0 0 -1,0 0 -1,
  0 0 -1,0 0 -1,
  0 0 -1,0 0 -1,
  0 0 -1,0 0 -1,
  0 0 -1,0 0 -1,
  0 0 -1,0 0 -1,
  0 0 -1,0 0 -1,
  0 0 -1,0 0 -1,
  0 0 -1,0 0 -1,
  0 0 -1,0 0 -1,
  0 0 -1,0 0 -1,
  0 0 -1,0 0 -1,
  0 0 -1,0 0 -1,
  0 0 -1,0 0 -1,
  0 0 -1,0 0 -1,
  0 0 -1,0 0 -1,
  0 0 -1,0 0 -1,
  0 0 -1,0 0 -1,
  0 0 -1,0 0 -1,
  0 0 -1,0 0 -1,
  0 0 -1,0 0 -1,
  0 0 -1,0 0 -1,
  0 0 -1,0 0 -1,
  0 0 -1,0 0 -1,
  0 0 -1,0 0 -1,
  0 0 -1,0 0 -1,
  0 0 -1,0 0 -1,
  0 0 -1,0 0 -1,
  0 0 -1,0 0 -1,
  0 0 -1,0 0 -1,
  0 0 -1,0 0 -1,
  0 0 -1,0 0 -1,
  0 0 -1,0 0 -1,
  0 0 -1,0 0 -1,
  0 0 -1,0 0 -1,
  0 0 -1,0 0 -1,
  0 0 -1,0 0 -1,
  0 0 -1,0 0 -1,
  0 0 -1,0 0 -1,
  0 0 -1,0 0 -1,
  0 0 -1,0 0 -1,
  0 0 -1,0 0 -1,
  0 0 -1,0 0 -1,
  0 0 -1,0 0 -1,
  0 0 -1,0 0 -1,
  0 0 -1,0 0 -1,
  0 0 -1,0 0 -1,
  0 0 -1,0 0 -1,
  0 0 -1,0 0 -1,
  0 0 -1,0 0 -1,
  0 0 -1,0 0 -1,
  0 0 -1,0 0 -1,
  0 0 -1,0 0 -1,
  0 0 -1,0 0 -1,
  0 0 -1,0 0 -1,
  0 0 -1,0 0 -1,
  0 0 -1,0 0 -1,
  0 0 -1,0 0 -1,
  0 0 -1,0 0 -1,
  0 0 -1,0 0 -1,
  0 0 -1,0 0 -1,
  0 0 -1,0 0 -1,
  0 0 -1,0 0 -1,
  0 0 -1,0 0 -1,
  0 0 -1,0 0 -1,
  0 0 -1,0 0 -1,
  0 0 -1,0 0 -1,
  0 0 -1,0 0 -1,
  0 0 -1,0 0 -1,
  0 0 -1,0 0 -1,
  0 0 -1,0 0 -1,
  0 0 -1,0 0 -1,
  0 0 -1,0 0 -1,
  0 0 -1,0 0 -1,
  0 0 -1,0 0 -1,
  0 0 -1,0 0 -1,
  0 0 -1,0 0 -1,
  0 0 -1,0 0 -1,
  0 0 -1,0 0 -1,
  0 0 -1,0 0 -1,
  0 0 -1,0 0 -1,
  0 0 -1,0 0 -1,
  0 0 -1,0 0 -1,
  0 0 -1,0 0 -1,
  0 0 -1,0 0 -1,
  0 0 -1,0 0 -1,
  0 0 -1,0 0 -1,
  0 0 -1,0 0 -1,
  0 0 -1,0 0 -1,
  0 0 -1,0 0 -1,
  0 0 -1,0 0 -1,
  0 0 -1,0 0 -1,
  0 0 -1,0 0 -1,
  0 0 -1,0 0 -1,
  0 0 -1,0 0 -1,
  0 0 -1,0 0 -1,
  0 0 -1,0 0 -1,
  0 0 -1,0 0 -1,
  0 0 -1,0 0 -1,
  0 0 -1,0 0 -1,
  0 0 -1,0 0 -1,
  0 0 -1,0 0 -1,
  0 0 -1,0 0 -1,
  0 0 -1,0 0 -1,
  0 0 -1,0 0 -1,
  0 0 -1,0 0 -1,
  0 0 -1,0 0 -1,
  0 0 -1,0 0 -1,
  0 0 -1,0 0 -1,
  0 0 -1,0 0 -1,
  0 0 -1,0 0 -1,
  0 0 -1,0 0 -1,
  0 0 -1,0 0 -1,
  0 0 -1,0 0 -1,
  0 0 -1,0 0 -1,
  0 0 -1,0 0 -1,
  0 0 -1,0 0 -1,
  0 0 -1,0 0 -1,
  0 0 -1,0 0 -1,
  0 0 -1,0 0 -1,
  0 0 -1,0 0 -1,
  0 0 -1,0 0 -1,
  0 0 -1,0 0 -1,
  0 0 -1,0 0 -1,
  0 0 -1,0 0 -1,
  0 0 -1,0 0 -1,
  0 0 -1,0 0 -1,
  0 0 -1,0 0 -1,
  0 0 -1,0 0 -1,
  0 0 -1,0 0 -1,
  0 0 -1,0 0 -1,
  0 0 -1,0 0 -1,
  0 0 -1,0 0 -1,
  0 0 -1,0 0 -1,
  0 0 -1,0 0 -1,
  0 0 -1,0 0 -1,
  0 0 -1,0 0 -1,
  0 0 -1,0 0 -1,
  0 0 -1,0 0 -1,
  0 0 -1,0 0 -1,
  0 0 -1,0 0 -1,
  0 0 -1,0 0 -1,
  0 0 -1,0 0 -1,
  0 0 -1,0 0 -1,
  0 0 -1,0 0 -1,
  0 0 -1,0 0 -1,
  0 0 -1,0 0 -1,
  0 0 -1,0 0 -1,
  0 0 -1,0 0 -1,
  0 0 -1,0 0 -1,
  0 0 -1,0 0 -1,
  0 0 -1,0 0 -1,
  0 0 -1,0 0 -1,
  0 0 -1,0 0 -1,
  0 0 -1,0 0 -1,
  0 0 -1,0 0 -1,
  0 0 -1,0 0 -1,
  0 0 -1,0 0 -1,
  0 0 -1,0 0 -1,
  0 0 -1,0 0 -1,
  0 0 -1,0 0 -1,
  0 0 -1,0 0 -1,
  0 0 -1,0 0 -1,
  0 0 -1,0 0 -1,
  0 0 -1,0 0 -1,
  0 0 -1,0 0 -1,
  0 0 -1,0 0 -1,
  0 0 -1,0 0 -1,
  0 0 -1,0 0 -1,
  0 0 -1,0 0 -1,
  0 0 -1,0 0 -1,
  0 0 -1,0 0 -1,
  0 0 -1,0 0 -1,
  0 0 -1,0 0 -1,
  0 0 -1,0 0 -1,
  0 0 -1,0 0 -1,
  0 0 -1,0 0 -1,
  0 0 -1,0 0 -1,
  0 0 -1,0 0 -1,
  0 0 -1,0 0 -1,
  0 0 -1,0 0 -1,
  0 0 -1,0 0 -1,
  0 0 -1,0 0 -1,
  0 0 -1,0 0 -1,
  0 0 -1,0 0 -1,
  0 0 -1,0 0 -1,
  0 0 -1,0 0 -1,
  0 0 -1,0 0 -1,
  0 0 -1,0 0 -1,
  0 0 -1,0 0 -1,
  0 0 -1,0 0 -1,
  0 0 -1,0 0 -1,
  0 0 -1,0 0 -1,
  0 0 -1,0 0 -1,
  0 0 -1,0 0 -1,
  0 0 -1,0 0 -1,
  0 0 -1,0 0 -1,
  0 0 -1,0 0 -1,
  0 0 -1,0 0 -1,
  0 0 -1,0 0 -1,
  0 0 -1,0 0 -1,
  0 0 -1,0 0 -1,
  0 0 -1,0 0 -1,
  0 0 -1,0 0 -1,
  0 0 -1,0 0 -1,
  0 0 -1,0 0 -1,
  0 0 -1,0 0 -1,
  0 0 -1,0 0 -1,
  0 0 -1,0 0 -1,
  0 0 -1,0 0 -1,
  0 0 -1,0 0 -1,
  0 0 -1,0 0 -1,
  0 0 -1,0 0 -1,
  0 0 -1,0 0 -1,
  0 0 -1,0 0 -1,
  0 0 -1,0 0 -1,
  0 0 -1,0 0 -1,
  0 0 -1,0 0 -1,
  0 0 -1,0 0 -1,
  0 0 -1,0 0 -1,
  0 0 -1,0 0 -1,
  0 0 -1,0 0 -1,
  0 0 -1,0 0 -1,
  0 0 -1,0 0 -1,
  0 0 -1,0 0 -1,
  0 0 -1,0 0 -1,
  0 0 -1,0 0 -1,
  0 0 -1,0 0 -1,
  0 0 -1,0 0 -1,
  0 0 -1,0 0 -1,
  0 0 -1,0 0 -1,
  0 0 -1,0 0 -1,
  0 0 -1,0 0 -1,
  0 0 -1,0 0 -1,
  0 0 -1,0 0 -1,
  0 0 -1,0 0 -1,
  0 0 -1,0 0 -1,
  0 0 -1,0 0 -1,
  0 0 -1,0 0 -1,
  0 0 -1,0 0 -1,
  0 0 -1,0 0 -1,
  0 0 -1,0 0 -1,
  0 0 -1,0 0 -1,
  0 0 -1,0 0 -1,
  0 0 -1,0 0 -1,
  0 0 -1,0 0 -1,
  0 0 -1,0 0 -1,
  0 0 -1,0 0 -1,
  0 0 -1,0 0 -1,
  0 0 -1,0 0 -1,
  0 0 -1,0 0 -1,
  0 0 -1,0 0 -1,
  0 0 -1,0 0 -1,
  0 0 -1,0 0 -1,
  0 0 -1,0 0 -1,
  0 0 -1,0 0 -1,
  0 0 -1,0 0 -1,
  0 0 -1,0 0 -1,
  0 0 -1,0 0 -1,
  0 0 -1,0 0 -1,
  0 0 -1,0 0 -1,
  0 0 -1,0 0 -1,
  0 0 -1,0 0 -1,
  0 0 -1,0 0 -1,
  0 0 -1,0 0 -1,
  0 0 -1,0 0 -1,
  0 0 -1,0 0 -1,
  0 0 -1,0 0 -1,
  0 0 -1,0 0 -1,
  0 0 -1,0 0 -1,
  0 0 -1,0 0 -1,
  0 0 -1,0 0 -1,
  0 0 -1,0 0 -1,
  0 0 -1,0 0 -1,
  0 0 -1,0 0 -1,
  0 0 -1,0 0 -1,
  0 0 -1,0 0 -1,
  0 0 -1,0 0 -1,
  0 0 -1,0 0 -1,
  0 0 -1,0 0 -1,
  0 0 -1,0 0 -1,
  0 0 -1,0 0 -1,
  0 0 -1,0 0 -1,
  0 0 -1,0 0 -1,
  0 0 -1,0 0 -1,
  0 0 -1,0 0 -1,
  0 0 -1,0 0 -1,
  0 0 -1,0 0 -1,
  0 0 -1,0 0 -1,
  0 0 -1,0 0 -1,
  0 0 -1,0 0 -1,
  0 0 -1,0 0 -1,
  0 0 -1,0 0 -1,
  0 0 -1,0 0 -1,
  0 0 -1,0 0 -1,
  0 0 -1,0 0 -1,
  0 0 -1,0 0 -1,
  0 0 -1,0 0 -1,
  0 0 -1,0 0 -1,
  0 0 -1,0 0 -1,
  0 0 -1,0 0 -1,
  0 0 -1,0 0 -1,
  0 0 -1,0 0 -1,
  0 0 -1,0 0 -1,
  0 0 -1,0 0 -1,
  0 0 -1,0 0 -1,
  0 0 -1,0 0 -1,
  0 0 -1,0 0 -1,
  0 0 -1,0 0 -1,
  0 0 -1,0 0 -1,
  0 0 -1,0 0 -1,
  0 0 -1,0 0 -1,
  0 0 -1,0 0 -1,
  0 0 -1,0 0 -1,
  0 0 -1,0 0 -1,
  0 0 -1,0 0 -1,
  0 0 -1,0 0 -1,
  0 0 -1,0 0 -1,
  0 0 -1,0 0 -1,
  0 0 -1,0 0 -1,
  0 0 -1,0 0 -1,
  0 0 -1,0 0 -1,
  0 0 -1,0 0 -1,
  0 0 -1,0 0 -1,
  0 0 -1,0 0 -1,
  0 0 -1,0 0 -1,
  0 0 -1,0 0 -1,
  0 0 -1,0 0 -1,
  0 0 -1,0 0 -1,
  0 0 -1,0 0 -1,
  0 0 -1,0 0 -1,
  0 0 -1,0 0 -1,
  0 0 -1,0 0 -1,
  0 0 -1,0 0 -1,
  0 0 -1,0 0 -1,
  0 0 -1,0 0 -1,
  0 0 -1,0 0 -1,
  0 0 -1,0 0 -1,
  0 0 -1,0 0 -1,
  0 0 -1,0 0 -1,
  0 0 -1,0 0 -1,
  0 0 -1,0 0 -1,
  0 0 -1,0 0 -1,
  0 0 -1,0 0 -1,
  0 0 -1,0 0 -1,
  0 0 -1,0 0 -1,
  0 0 -1,0 0 -1,
  0 0 -1,0 0 -1,
  0 0 -1,0 0 -1,
  0 0 -1,0 0 -1,
  0 0 -1,0 0 -1,
  0 0 -1,0 0 -1,
  0 0 -1,0 0 -1,
  0 0 -1,0 0 -1,
  0 0 -1,0 0 -1,
  0 0 -1,0 0 -1,
  0 0 -1,0 0 -1,
  0 0 -1,0 0 -1,
  0 0 -1,0 0 -1,
  0 0 -1,0 0 -1,
  0 0 -1,0 0 -1,
  0 0 -1,0 0 -1,
  0 0 -1,0 0 -1,
  0 0 -1,0 0 -1,
  0 0 -1,0 0 -1,
  0 0 -1,0 0 -1,
  0 0 -1,0 0 -1,
  0 0 -1,0 0 -1,
  0 0 -1,0 0 -1,
  0 0 -1,0 0 -1,
  0 0 -1,0 0 -1,
  0 0 -1,0 0 -1,
  0 0 -1,0 0 -1,
  0 0 -1,0 0 -1,
  0 0 -1,0 0 -1,
  0 0 -1,0 0 -1,
  0 0 -1,0 0 -1,
  0 0 -1,0 0 -1,
  0 0 -1,0 0 -1,
  0 0 -1,0 0 -1,
  0 0 -1,0 0 -1,
  0 0 -1,0 0 -1,
  0 0 -1,0 0 -1,
  0 0 -1,0 0 -1,
  0 0 -1,0 0 -1,
  0 0 -1,0 0 -1,
  0 0 -1,0 0 -1,
  0 0 -1,0 0 -1,
  0 0 -1,0 0 -1,
  0 0 -1,0 0 -1,
  0 0 -1,0 0 -1,
  0 0 -1,0 0 -1,
  0 0 -1,0 0 -1,
  0 0 -1,0 0 -1,
  0 0 -1,0 0 -1,
  0 0 -1,0 0 -1,
  0 0 -1,0 0 -1,
  0 0 -1,0 0 -1,
  0 0 -1,0 0 -1,
  0 0 -1,0 0 -1,
  0 0 -1,0 0 -1,
  0 0 -1,0 0 -1,
  0 0 -1,0 0 -1,
  0 0 -1,0 0 -1,
  0 0 -1,0 0 -1,
  0 0 -1,0 0 -1,
  0 0 -1,0 0 -1,
  0 0 -1,0 0 -1,
  0 0 -1,0 0 -1,
  0 0 -1,0 0 -1,
  0 0 -1,0 0 -1,
  0 0 -1,0 0 -1,
  0 0 -1,0 0 -1,
  0 0 -1,0 0 -1,
  0 0 -1,0 0 -1,
  0 0 -1,0 0 -1,
  0 0 -1,0 0 -1,
  0 0 -1,0 0 -1,
  0 0 -1,0 0 -1,
  0 0 -1,0 0 -1,
  0 0 -1,0 0 -1,
  0 0 -1,0 0 -1,
  0 0 -1,0 0 -1,
  0 0 -1,0 0 -1,
  0 0 -1,0 0 -1,
  0 0 -1,0 0 -1,
  0 0 -1,0 0 -1,
  0 0 -1,0 0 -1,
  0 0 -1,0 0 -1,
  0 0 -1,0 0 -1,
  0 0 -1,0 0 -1,
  0 0 -1,0 0 -1,
  0 0 -1,0 0 -1,
  0 0 -1,0 0 -1,
  0 0 -1,0 0 -1,
  0 0 -1,0 0 -1,
  0 0 -1,0 0 -1,
  0 0 -1,0 0 -1,
  0 0 -1,0 0 -1,
  0 0 -1,0 0 -1,
  0 0 -1,0 0 -1,
  0 0 -1,0 0 -1,
  0 0 -1,0 0 -1,
  0 0 -1,0 0 -1,
  0 0 -1,0 0 -1,
  0 0 -1,0 0 -1,
  0 0 -1,0 0 -1,
  0 0 -1,0 0 -1,
  0 0 -1,0 0 -1,
  0 0 -1,0 0 -1,
  0 0 -1,0 0 -1,
  0 0 -1,0 0 -1,
  0 0 -1,0 0 -1,
  0 0 -1,0 0 -1,
  0 0 -1,0 0 -1,
  0 0 -1,0 0 -1,
  0 0 -1,0 0 -1,
  0 0 -1,0 0 -1,
  0 0 -1,0 0 -1,
  0 0 -1,0 0 -1,
  0 0 -1,0 0 -1,
  0 0 -1,0 0 -1,
  0 0 -1,0 0 -1,
  0 0 -1,0 0 -1,
  0 0 -1] }
}
}
] }
DEF TXFM_8 Transform {
  center 0 0 0
  rotation 0 0 1 0
  scale 1 1 1
  scaleOrientation 0 0 1 0
  translation 0 0 0
 children [
DEF SHAPE_8 Shape {
 appearance DEF APP_6 Appearance {
  material Material {
   ambientIntensity 0.72857141
   diffuseColor 0.96078432 0.96078432 0.96078432
   emissiveColor 0 0 0
   shininess 0.02
   specularColor 0.96470588 0.96470588 0.96470588
   transparency 0
} }
 geometry DEF FACE_8 IndexedFaceSet {
  coord DEF COORD_8 Coordinate { point [
  25.1875 -26.336122 0.34448819,25.19654 -26.334324 0.34448819,
  25.209324 -26.32154 0.34448819,25.211122 -26.3125 0.34448819,
  25.211122 -20.8125 0.34448819,25.209324 -20.80346 0.34448819,
  25.19654 -20.790676 0.34448819,25.1875 -20.788878 0.34448819,
  19.6875 -20.788878 0.34448819,19.67846 -20.790676 0.34448819,
  19.665676 -20.80346 0.34448819,19.663878 -20.8125 0.34448819,
  19.663878 -26.288878 0.34448819,19.663878 -26.3125 0.34448819,
  19.665676 -26.32154 0.34448819,19.67846 -26.334324 0.34448819,
  19.6875 -26.336122 0.34448819,25.163878 -20.836122 0.34448819,
  25.163878 -26.288878 0.34448819,19.711122 -26.288878 0.34448819,
  19.711122 -20.836122 0.34448819,32.6875 -26.336122 0.34448819,
  32.69654 -26.334324 0.34448819,32.709324 -26.32154 0.34448819,
  32.711122 -26.3125 0.34448819,32.711122 -20.8125 0.34448819,
  32.709324 -20.80346 0.34448819,32.69654 -20.790676 0.34448819,
  32.6875 -20.788878 0.34448819,27.1875 -20.788878 0.34448819,
  27.17846 -20.790676 0.34448819,27.165676 -20.80346 0.34448819,
  27.163878 -20.8125 0.34448819,27.163878 -26.288878 0.34448819,
  27.163878 -26.3125 0.34448819,27.165676 -26.32154 0.34448819,
  27.17846 -26.334324 0.34448819,27.1875 -26.336122 0.34448819,
  32.663878 -20.836122 0.34448819,32.663878 -26.288878 0.34448819,
  27.211122 -26.288878 0.34448819,27.211122 -20.836122 0.34448819,
  13.996336 -26.217495 0.34448819,13.961911 -26.217495 0.34448819,
  13.961911 -26.25192 0.34448819,13.996336 -26.25192 0.34448819,
  14.822338 -26.183071 0.34448819,14.787913 -26.183071 0.34448819,
  14.753489 -26.183071 0.34448819,14.719064 -26.183071 0.34448819,
  14.684639 -26.183071 0.34448819,14.650214 -26.183071 0.34448819,
  14.615789 -26.183071 0.34448819,14.615789 -26.217495 0.34448819,
  14.615789 -26.25192 0.34448819,14.650214 -26.25192 0.34448819,
  14.684639 -26.25192 0.34448819,14.719064 -26.25192 0.34448819,
  14.753489 -26.25192 0.34448819,14.787913 -26.25192 0.34448819,
  14.822338 -26.25192 0.34448819,14.822338 -26.217495 0.34448819,
  10.381349 -25.838823 0.34448819,10.381349 -25.804398 0.34448819,
  10.381349 -25.769973 0.34448819,10.346924 -25.769973 0.34448819,
  10.3125 -25.769973 0.34448819,10.3125 -25.804398 0.34448819,
  10.3125 -25.838823 0.34448819,10.3125 -25.873248 0.34448819,
  10.3125 -25.907672 0.34448819,10.3125 -25.942097 0.34448819,
  10.3125 -25.976522 0.34448819,10.3125 -26.010947 0.34448819,
  10.3125 -26.045372 0.34448819,10.3125 -26.079796 0.34448819,
  10.3125 -26.114221 0.34448819,10.3125 -26.148646 0.34448819,
  10.3125 -26.183071 0.34448819,10.346924 -26.183071 0.34448819,
  10.381349 -26.183071 0.34448819,10.381349 -26.148646 0.34448819,
  10.381349 -26.114221 0.34448819,10.381349 -26.079796 0.34448819,
  10.381349 -26.045372 0.34448819,10.381349 -26.010947 0.34448819,
  10.381349 -25.976522 0.34448819,10.381349 -25.942097 0.34448819,
  10.381349 -25.907672 0.34448819,10.415774 -25.907672 0.34448819,
  10.450199 -25.907672 0.34448819,10.450199 -25.873248 0.34448819,
  10.450199 -25.838823 0.34448819,10.415774 -25.838823 0.34448819,
  10.932338 -25.976522 0.34448819,10.897913 -25.976522 0.34448819,
  10.863489 -25.976522 0.34448819,10.829064 -25.976522 0.34448819,
  10.794639 -25.976522 0.34448819,10.760214 -25.976522 0.34448819,
  10.760214 -26.010947 0.34448819,10.760214 -26.045372 0.34448819,
  10.932338 -26.045372 0.34448819,10.932338 -26.114221 0.34448819,
  10.760214 -26.114221 0.34448819,10.760214 -26.148646 0.34448819,
  10.760214 -26.183071 0.34448819,10.794639 -26.183071 0.34448819,
  10.829064 -26.183071 0.34448819,10.863489 -26.183071 0.34448819,
  10.897913 -26.183071 0.34448819,10.932338 -26.183071 0.34448819,
  10.966763 -26.183071 0.34448819,11.001188 -26.183071 0.34448819,
  11.001188 -26.148646 0.34448819,11.001188 -26.114221 0.34448819,
  11.001188 -26.079796 0.34448819,11.001188 -26.045372 0.34448819,
  11.001188 -26.010947 0.34448819,11.001188 -25.976522 0.34448819,
  11.001188 -25.942097 0.34448819,10.966763 -25.942097 0.34448819,
  10.932338 -25.942097 0.34448819,11.242161 -25.873248 0.34448819,
  11.207736 -25.873248 0.34448819,11.173311 -25.873248 0.34448819,
  11.138887 -25.873248 0.34448819,11.104462 -25.873248 0.34448819,
  11.104462 -25.907672 0.34448819,11.104462 -25.942097 0.34448819,
  11.138887 -25.942097 0.34448819,11.173311 -25.942097 0.34448819,
  11.207736 -25.942097 0.34448819,11.242161 -25.942097 0.34448819,
  11.242161 -25.976522 0.34448819,11.242161 -26.010947 0.34448819,
  11.242161 -26.045372 0.34448819,11.242161 -26.079796 0.34448819,
  11.242161 -26.114221 0.34448819,11.207736 -26.114221 0.34448819,
  11.173311 -26.114221 0.34448819,11.138887 -26.114221 0.34448819,
  11.104462 -26.114221 0.34448819,11.104462 -26.079796 0.34448819,
  11.104462 -26.045372 0.34448819,11.104462 -26.010947 0.34448819,
  11.104462 -25.976522 0.34448819,11.070037 -25.942097 0.34448819,
  11.035613 -25.942097 0.34448819,11.035613 -25.976522 0.34448819,
  11.035613 -26.010947 0.34448819,11.035613 -26.045372 0.34448819,
  11.035613 -26.079796 0.34448819,11.035613 -26.114221 0.34448819,
  11.035613 -26.148646 0.34448819,11.035613 -26.183071 0.34448819,
  11.070037 -26.183071 0.34448819,11.104462 -26.183071 0.34448819,
  11.138887 -26.183071 0.34448819,11.173311 -26.183071 0.34448819,
  11.207736 -26.183071 0.34448819,11.242161 -26.183071 0.34448819,
  11.276586 -26.183071 0.34448819,11.311011 -26.183071 0.34448819,
  11.311011 -26.148646 0.34448819,11.311011 -26.114221 0.34448819,
  11.311011 -26.079796 0.34448819,11.311011 -26.045372 0.34448819,
  11.311011 -26.010947 0.34448819,11.311011 -25.976522 0.34448819,
  11.311011 -25.942097 0.34448819,11.311011 -25.907672 0.34448819,
  11.311011 -25.873248 0.34448819,11.311011 -25.838823 0.34448819,
  11.311011 -25.804398 0.34448819,11.311011 -25.769973 0.34448819,
  11.276586 -25.769973 0.34448819,11.242161 -25.769973 0.34448819,
  11.242161 -25.804398 0.34448819,11.242161 -25.838823 0.34448819,
  11.621026 -26.079796 0.34448819,11.586601 -26.079796 0.34448819,
  11.552176 -26.079796 0.34448819,11.552176 -26.114221 0.34448819,
  11.517752 -26.114221 0.34448819,11.483327 -26.114221 0.34448819,
  11.448902 -26.114221 0.34448819,11.414478 -26.114221 0.34448819,
  11.414478 -26.148646 0.34448819,11.414478 -26.183071 0.34448819,
  11.448902 -26.183071 0.34448819,11.483327 -26.183071 0.34448819,
  11.517752 -26.183071 0.34448819,11.552176 -26.183071 0.34448819,
  11.586601 -26.183071 0.34448819,11.621026 -26.183071 0.34448819,
  11.621026 -26.148646 0.34448819,11.621026 -26.114221 0.34448819,
  11.896424 -25.873248 0.34448819,11.862 -25.873248 0.34448819,
  11.827575 -25.873248 0.34448819,11.827575 -25.907672 0.34448819,
  11.827575 -25.942097 0.34448819,11.827575 -25.976522 0.34448819,
  11.827575 -26.010947 0.34448819,11.827575 -26.045372 0.34448819,
  11.827575 -26.079796 0.34448819,11.827575 -26.114221 0.34448819,
  11.827575 -26.148646 0.34448819,11.827575 -26.183071 0.34448819,
  11.862 -26.183071 0.34448819,11.896424 -26.183071 0.34448819,
  11.896424 -26.148646 0.34448819,11.896424 -26.114221 0.34448819,
  11.896424 -26.079796 0.34448819,11.896424 -26.045372 0.34448819,
  11.896424 -26.010947 0.34448819,11.896424 -25.976522 0.34448819,
  11.896424 -25.942097 0.34448819,11.896424 -25.907672 0.34448819,
  12.17163 -25.873248 0.34448819,12.137206 -25.873248 0.34448819,
  12.102781 -25.873248 0.34448819,12.068356 -25.873248 0.34448819,
  12.033931 -25.873248 0.34448819,11.999506 -25.873248 0.34448819,
  11.965081 -25.873248 0.34448819,11.930657 -25.873248 0.34448819,
  11.930657 -25.907672 0.34448819,11.930657 -25.942097 0.34448819,
  11.930657 -25.976522 0.34448819,11.930657 -26.010947 0.34448819,
  11.930657 -26.045372 0.34448819,11.930657 -26.079796 0.34448819,
  11.930657 -26.114221 0.34448819,11.930657 -26.148646 0.34448819,
  11.930657 -26.183071 0.34448819,11.965081 -26.183071 0.34448819,
  11.999506 -26.183071 0.34448819,11.999506 -26.148646 0.34448819,
  11.999506 -26.114221 0.34448819,11.999506 -26.079796 0.34448819,
  11.999506 -26.045372 0.34448819,11.999506 -26.010947 0.34448819,
  11.999506 -25.976522 0.34448819,11.999506 -25.942097 0.34448819,
  12.033931 -25.942097 0.34448819,12.068356 -25.942097 0.34448819,
  12.102781 -25.942097 0.34448819,12.137206 -25.942097 0.34448819,
  12.17163 -25.942097 0.34448819,12.17163 -25.907672 0.34448819,
  12.24048 -25.942097 0.34448819,12.206055 -25.942097 0.34448819,
  12.17163 -25.976522 0.34448819,12.17163 -26.010947 0.34448819,
  12.17163 -26.045372 0.34448819,12.17163 -26.079796 0.34448819,
  12.17163 -26.114221 0.34448819,12.17163 -26.148646 0.34448819,
  12.17163 -26.183071 0.34448819,12.206055 -26.183071 0.34448819,
  12.24048 -26.183071 0.34448819,12.24048 -26.148646 0.34448819,
  12.24048 -26.114221 0.34448819,12.24048 -26.079796 0.34448819,
  12.24048 -26.045372 0.34448819,12.24048 -26.010947 0.34448819,
  12.24048 -25.976522 0.34448819,12.515686 -25.907672 0.34448819,
  12.515686 -25.873248 0.34448819,12.515686 -25.838823 0.34448819,
  12.550111 -25.838823 0.34448819,12.584535 -25.838823 0.34448819,
  12.61896 -25.838823 0.34448819,12.653385 -25.838823 0.34448819,
  12.687809 -25.838823 0.34448819,12.722234 -25.838823 0.34448819,
  12.756659 -25.838823 0.34448819,12.791084 -25.838823 0.34448819,
  12.791084 -25.804398 0.34448819,12.791084 -25.769973 0.34448819,
  12.756659 -25.769973 0.34448819,12.722234 -25.769973 0.34448819,
  12.687809 -25.769973 0.34448819,12.653385 -25.769973 0.34448819,
  12.61896 -25.769973 0.34448819,12.584535 -25.769973 0.34448819,
  12.550111 -25.769973 0.34448819,12.515686 -25.769973 0.34448819,
  12.481261 -25.769973 0.34448819,12.446836 -25.769973 0.34448819,
  12.446836 -25.804398 0.34448819,12.446836 -25.838823 0.34448819,
  12.446836 -25.873248 0.34448819,12.446836 -25.907672 0.34448819,
  12.446836 -25.942097 0.34448819,12.446836 -25.976522 0.34448819,
  12.446836 -26.010947 0.34448819,12.446836 -26.045372 0.34448819,
  12.446836 -26.079796 0.34448819,12.446836 -26.114221 0.34448819,
  12.446836 -26.148646 0.34448819,12.446836 -26.183071 0.34448819,
  12.481261 -26.183071 0.34448819,12.515686 -26.183071 0.34448819,
  12.550111 -26.183071 0.34448819,12.584535 -26.183071 0.34448819,
  12.61896 -26.183071 0.34448819,12.653385 -26.183071 0.34448819,
  12.687809 -26.183071 0.34448819,12.722234 -26.183071 0.34448819,
  12.756659 -26.183071 0.34448819,12.791084 -26.183071 0.34448819,
  12.791084 -26.148646 0.34448819,12.791084 -26.114221 0.34448819,
  12.756659 -26.114221 0.34448819,12.722234 -26.114221 0.34448819,
  12.687809 -26.114221 0.34448819,12.653385 -26.114221 0.34448819,
  12.61896 -26.114221 0.34448819,12.584535 -26.114221 0.34448819,
  12.550111 -26.114221 0.34448819,12.515686 -26.114221 0.34448819,
  12.515686 -26.079796 0.34448819,12.515686 -26.045372 0.34448819,
  12.515686 -26.010947 0.34448819,12.515686 -25.976522 0.34448819,
  12.550111 -25.976522 0.34448819,12.584535 -25.976522 0.34448819,
  12.61896 -25.976522 0.34448819,12.61896 -25.942097 0.34448819,
  12.61896 -25.907672 0.34448819,12.584535 -25.907672 0.34448819,
  12.550111 -25.907672 0.34448819,13.066674 -25.976522 0.34448819,
  13.03225 -25.976522 0.34448819,12.997825 -25.976522 0.34448819,
  12.9634 -25.976522 0.34448819,12.928975 -25.976522 0.34448819,
  12.89455 -25.976522 0.34448819,12.89455 -26.010947 0.34448819,
  12.89455 -26.045372 0.34448819,13.066674 -26.045372 0.34448819,
  13.066674 -26.114221 0.34448819,12.89455 -26.114221 0.34448819,
  12.89455 -26.148646 0.34448819,12.89455 -26.183071 0.34448819,
  12.928975 -26.183071 0.34448819,12.9634 -26.183071 0.34448819,
  12.997825 -26.183071 0.34448819,13.03225 -26.183071 0.34448819,
  13.066674 -26.183071 0.34448819,13.101099 -26.183071 0.34448819,
  13.135524 -26.183071 0.34448819,13.135524 -26.148646 0.34448819,
  13.135524 -26.114221 0.34448819,13.135524 -26.079796 0.34448819,
  13.135524 -26.045372 0.34448819,13.135524 -26.010947 0.34448819,
  13.135524 -25.976522 0.34448819,13.135524 -25.942097 0.34448819,
  13.101099 -25.942097 0.34448819,13.066674 -25.942097 0.34448819,
  13.238798 -25.907672 0.34448819,13.238798 -25.873248 0.34448819,
  13.204374 -25.873248 0.34448819,13.169949 -25.873248 0.34448819,
  13.169949 -25.907672 0.34448819,13.169949 -25.942097 0.34448819,
  13.169949 -25.976522 0.34448819,13.169949 -26.010947 0.34448819,
  13.169949 -26.045372 0.34448819,13.169949 -26.079796 0.34448819,
  13.169949 -26.114221 0.34448819,13.169949 -26.148646 0.34448819,
  13.169949 -26.183071 0.34448819,13.204374 -26.183071 0.34448819,
  13.238798 -26.183071 0.34448819,13.238798 -26.148646 0.34448819,
  13.238798 -26.114221 0.34448819,13.238798 -26.079796 0.34448819,
  13.238798 -26.045372 0.34448819,13.238798 -26.010947 0.34448819,
  13.238798 -25.976522 0.34448819,13.273223 -25.976522 0.34448819,
  13.273223 -25.942097 0.34448819,13.307648 -25.942097 0.34448819,
  13.342073 -25.942097 0.34448819,13.376498 -25.942097 0.34448819,
  13.376498 -25.976522 0.34448819,13.410922 -25.976522 0.34448819,
  13.410922 -25.942097 0.34448819,13.410922 -25.907672 0.34448819,
  13.376498 -25.907672 0.34448819,13.376498 -25.873248 0.34448819,
  13.342073 -25.873248 0.34448819,13.307648 -25.873248 0.34448819,
  13.273223 -25.873248 0.34448819,13.273223 -25.907672 0.34448819,
  13.617471 -26.114221 0.34448819,13.583046 -26.114221 0.34448819,
  13.548621 -26.114221 0.34448819,13.548621 -26.148646 0.34448819,
  13.548621 -26.183071 0.34448819,13.583046 -26.183071 0.34448819,
  13.617471 -26.183071 0.34448819,13.617471 -26.148646 0.34448819,
  13.858444 -25.907672 0.34448819,13.82402 -25.907672 0.34448819,
  13.789595 -25.907672 0.34448819,13.789595 -25.942097 0.34448819,
  13.789595 -25.976522 0.34448819,13.82402 -25.976522 0.34448819,
  13.858444 -25.976522 0.34448819,13.858444 -25.942097 0.34448819,
  13.720745 -25.976522 0.34448819,13.720745 -25.942097 0.34448819,
  13.720745 -25.907672 0.34448819,13.720745 -25.873248 0.34448819,
  13.720745 -25.838823 0.34448819,13.720745 -25.804398 0.34448819,
  13.720745 -25.769973 0.34448819,13.68632 -25.769973 0.34448819,
  13.651896 -25.769973 0.34448819,13.651896 -25.804398 0.34448819,
  13.651896 -25.838823 0.34448819,13.651896 -25.873248 0.34448819,
  13.651896 -25.907672 0.34448819,13.651896 -25.942097 0.34448819,
  13.651896 -25.976522 0.34448819,13.651896 -26.010947 0.34448819,
  13.651896 -26.045372 0.34448819,13.651896 -26.079796 0.34448819,
  13.651896 -26.114221 0.34448819,13.651896 -26.148646 0.34448819,
  13.651896 -26.183071 0.34448819,13.68632 -26.183071 0.34448819,
  13.720745 -26.183071 0.34448819,13.720745 -26.148646 0.34448819,
  13.720745 -26.114221 0.34448819,13.720745 -26.079796 0.34448819,
  13.720745 -26.045372 0.34448819,13.75517 -26.045372 0.34448819,
  13.789595 -26.045372 0.34448819,13.789595 -26.010947 0.34448819,
  13.75517 -25.976522 0.34448819,13.996336 -26.114221 0.34448819,
  13.961911 -26.114221 0.34448819,13.961911 -26.148646 0.34448819,
  13.961911 -26.183071 0.34448819,13.996336 -26.183071 0.34448819,
  14.030761 -26.217495 0.34448819,14.030761 -26.183071 0.34448819,
  14.030761 -26.148646 0.34448819,14.030761 -26.114221 0.34448819,
  13.927294 -25.976522 0.34448819,13.892869 -25.976522 0.34448819,
  13.858444 -26.010947 0.34448819,13.858444 -26.045372 0.34448819,
  13.858444 -26.079796 0.34448819,13.858444 -26.114221 0.34448819,
  13.858444 -26.148646 0.34448819,13.858444 -26.183071 0.34448819,
  13.892869 -26.183071 0.34448819,13.927294 -26.183071 0.34448819,
  13.927294 -26.148646 0.34448819,13.927294 -26.114221 0.34448819,
  13.927294 -26.079796 0.34448819,13.927294 -26.045372 0.34448819,
  13.927294 -26.010947 0.34448819,14.901613 -21.62232 0.34448819,
  14.873237 -21.664882 0.34448819,14.848697 -21.689422 0.34448819,
  14.822987 -21.702277 0.34448819,14.818088 -21.705361 0.34448819,
  14.81054 -21.714065 0.34448819,14.806896 -21.724994 0.34448819,
  14.807713 -21.736486 0.34448819,14.812865 -21.746791 0.34448819,
  14.821569 -21.75434 0.34448819,14.832499 -21.757983 0.34448819,
  14.843991 -21.757167 0.34448819,14.849397 -21.755098 0.34448819,
  14.879394 -21.7401 0.34448819,14.881874 -21.738539 0.34448819,
  14.882593 -21.738241 0.34448819,14.883403 -21.737576 0.34448819,
  14.884293 -21.737016 0.34448819,14.884804 -21.736426 0.34448819,
  14.887068 -21.734569 0.34448819,14.896654 -21.724982 0.34448819,
  14.896654 -21.924132 0.34448819,14.836192 -21.924132 0.34448819,
  14.830431 -21.924699 0.34448819,14.819787 -21.929108 0.34448819,
  14.811641 -21.937255 0.34448819,14.807232 -21.947899 0.34448819,
  14.807232 -21.95942 0.34448819,14.811641 -21.970064 0.34448819,
  14.819787 -21.978211 0.34448819,14.830431 -21.98262 0.34448819,
  14.836192 -21.983187 0.34448819,15.01617 -21.983187 0.34448819,
  15.02193 -21.98262 0.34448819,15.032574 -21.978211 0.34448819,
  15.040721 -21.970064 0.34448819,15.04513 -21.95942 0.34448819,
  15.04513 -21.947899 0.34448819,15.040721 -21.937255 0.34448819,
  15.032574 -21.929108 0.34448819,15.02193 -21.924699 0.34448819,
  15.01617 -21.924132 0.34448819,14.955709 -21.924132 0.34448819,
  14.955709 -21.638699 0.34448819,14.955706 -21.638678 0.34448819,
  14.955709 -21.638668 0.34448819,14.955702 -21.638638 0.34448819,
  14.955141 -21.632938 0.34448819,14.954022 -21.630237 0.34448819,
  14.953449 -21.627371 0.34448819,14.951839 -21.624967 0.34448819,
  14.950732 -21.622294 0.34448819,14.948665 -21.620227 0.34448819,
  14.947039 -21.617798 0.34448819,14.944631 -21.616193 0.34448819,
  14.942586 -21.614148 0.34448819,14.939885 -21.613029 0.34448819,
  14.937452 -21.611407 0.34448819,14.934614 -21.610845 0.34448819,
  14.931942 -21.609739 0.34448819,14.929018 -21.609739 0.34448819,
  14.92615 -21.609171 0.34448819,14.923314 -21.609739 0.34448819,
  14.92042 -21.609739 0.34448819,14.917719 -21.610857 0.34448819,
  14.914853 -21.611431 0.34448819,14.912449 -21.61304 0.34448819,
  14.909776 -21.614148 0.34448819,14.907709 -21.616215 0.34448819,
  14.90528 -21.617841 0.34448819,14.90165 -21.622274 0.34448819,
  14.90163 -21.622294 0.34448819,14.901626 -21.622303 0.34448819,
  14.822338 -26.045372 0.34448819,14.787913 -26.045372 0.34448819,
  14.753489 -26.045372 0.34448819,14.719064 -26.045372 0.34448819,
  14.684639 -26.045372 0.34448819,14.684639 -26.079796 0.34448819,
  14.684639 -26.114221 0.34448819,14.719064 -26.114221 0.34448819,
  14.753489 -26.114221 0.34448819,14.787913 -26.114221 0.34448819,
  14.822338 -26.114221 0.34448819,14.822338 -26.148646 0.34448819,
  14.856763 -26.183071 0.34448819,14.891188 -26.183071 0.34448819,
  14.891188 -26.148646 0.34448819,14.891188 -26.114221 0.34448819,
  14.891188 -26.079796 0.34448819,14.891188 -26.045372 0.34448819,
  14.891188 -26.010947 0.34448819,14.891188 -25.976522 0.34448819,
  14.891188 -25.942097 0.34448819,14.891188 -25.907672 0.34448819,
  14.891188 -25.873248 0.34448819,14.856763 -25.873248 0.34448819,
  14.822338 -25.873248 0.34448819,14.822338 -25.907672 0.34448819,
  14.822338 -25.942097 0.34448819,14.822338 -25.976522 0.34448819,
  14.822338 -26.010947 0.34448819,14.581172 -25.838823 0.34448819,
  14.546748 -25.838823 0.34448819,14.512323 -25.838823 0.34448819,
  14.512323 -25.873248 0.34448819,14.512323 -25.907672 0.34448819,
  14.512323 -25.942097 0.34448819,14.546748 -25.942097 0.34448819,
  14.581172 -25.942097 0.34448819,14.581172 -25.907672 0.34448819,
  14.581172 -25.873248 0.34448819,14.305774 -25.942097 0.34448819,
  14.305774 -25.907672 0.34448819,14.305774 -25.873248 0.34448819,
  14.305774 -25.838823 0.34448819,14.340199 -25.838823 0.34448819,
  14.374624 -25.838823 0.34448819,14.409048 -25.838823 0.34448819,
  14.443473 -25.838823 0.34448819,14.477898 -25.838823 0.34448819,
  14.512323 -25.804398 0.34448819,14.512323 -25.769973 0.34448819,
  14.477898 -25.769973 0.34448819,14.443473 -25.769973 0.34448819,
  14.409048 -25.769973 0.34448819,14.374624 -25.769973 0.34448819,
  14.340199 -25.769973 0.34448819,14.305774 -25.769973 0.34448819,
  14.27135 -25.769973 0.34448819,14.236925 -25.769973 0.34448819,
  14.236925 -25.804398 0.34448819,14.236925 -25.838823 0.34448819,
  14.236925 -25.873248 0.34448819,14.236925 -25.907672 0.34448819,
  14.236925 -25.942097 0.34448819,14.236925 -25.976522 0.34448819,
  14.236925 -26.010947 0.34448819,14.236925 -26.045372 0.34448819,
  14.236925 -26.079796 0.34448819,14.236925 -26.114221 0.34448819,
  14.236925 -26.148646 0.34448819,14.236925 -26.183071 0.34448819,
  14.27135 -26.183071 0.34448819,14.305774 -26.183071 0.34448819,
  14.340199 -26.183071 0.34448819,14.374624 -26.183071 0.34448819,
  14.409048 -26.183071 0.34448819,14.443473 -26.183071 0.34448819,
  14.477898 -26.183071 0.34448819,14.512323 -26.183071 0.34448819,
  14.512323 -26.148646 0.34448819,14.512323 -26.114221 0.34448819,
  14.477898 -26.114221 0.34448819,14.443473 -26.114221 0.34448819,
  14.409048 -26.114221 0.34448819,14.374624 -26.114221 0.34448819,
  14.340199 -26.114221 0.34448819,14.305774 -26.114221 0.34448819,
  14.305774 -26.079796 0.34448819,14.305774 -26.045372 0.34448819,
  14.305774 -26.010947 0.34448819,14.340199 -26.010947 0.34448819,
  14.374624 -26.010947 0.34448819,14.409048 -26.010947 0.34448819,
  14.443473 -26.010947 0.34448819,14.477898 -26.010947 0.34448819,
  14.512323 -26.010947 0.34448819,14.512323 -25.976522 0.34448819,
  14.477898 -25.942097 0.34448819,14.443473 -25.942097 0.34448819,
  14.409048 -25.942097 0.34448819,14.374624 -25.942097 0.34448819,
  14.340199 -25.942097 0.34448819,14.581172 -26.010947 0.34448819,
  14.546748 -26.010947 0.34448819,14.512323 -26.045372 0.34448819,
  14.512323 -26.079796 0.34448819,14.546748 -26.114221 0.34448819,
  14.581172 -26.114221 0.34448819,14.581172 -26.079796 0.34448819,
  14.581172 -26.045372 0.34448819,15.166586 -25.942097 0.34448819,
  15.166586 -25.907672 0.34448819,15.166586 -25.873248 0.34448819,
  15.166586 -25.838823 0.34448819,15.166586 -25.804398 0.34448819,
  15.166586 -25.769973 0.34448819,15.132161 -25.769973 0.34448819,
  15.097737 -25.769973 0.34448819,15.097737 -25.804398 0.34448819,
  15.097737 -25.838823 0.34448819,15.097737 -25.873248 0.34448819,
  15.097737 -25.907672 0.34448819,15.097737 -25.942097 0.34448819,
  15.097737 -25.976522 0.34448819,15.097737 -26.010947 0.34448819,
  15.097737 -26.045372 0.34448819,15.097737 -26.079796 0.34448819,
  15.097737 -26.114221 0.34448819,15.097737 -26.148646 0.34448819,
  15.097737 -26.183071 0.34448819,15.132161 -26.183071 0.34448819,
  15.166586 -26.183071 0.34448819,15.166586 -26.148646 0.34448819,
  15.166586 -26.114221 0.34448819,15.166586 -26.079796 0.34448819,
  15.166586 -26.045372 0.34448819,15.166586 -26.010947 0.34448819,
  15.201011 -26.010947 0.34448819,15.235435 -26.010947 0.34448819,
  15.26986 -26.010947 0.34448819,15.304285 -26.010947 0.34448819,
  15.33871 -26.010947 0.34448819,15.373135 -26.010947 0.34448819,
  15.373135 -26.045372 0.34448819,15.373135 -26.079796 0.34448819,
  15.373135 -26.114221 0.34448819,15.373135 -26.148646 0.34448819,
  15.373135 -26.183071 0.34448819,15.407559 -26.183071 0.34448819,
  15.441984 -26.183071 0.34448819,15.441984 -26.148646 0.34448819,
  15.441984 -26.114221 0.34448819,15.441984 -26.079796 0.34448819,
  15.441984 -26.045372 0.34448819,15.441984 -26.010947 0.34448819,
  15.441984 -25.976522 0.34448819,15.441984 -25.942097 0.34448819,
  15.441984 -25.907672 0.34448819,15.441984 -25.873248 0.34448819,
  15.441984 -25.838823 0.34448819,15.441984 -25.804398 0.34448819,
  15.441984 -25.769973 0.34448819,15.407559 -25.769973 0.34448819,
  15.373135 -25.769973 0.34448819,15.373135 -25.804398 0.34448819,
  15.373135 -25.838823 0.34448819,15.373135 -25.873248 0.34448819,
  15.373135 -25.907672 0.34448819,15.373135 -25.942097 0.34448819,
  15.33871 -25.942097 0.34448819,15.304285 -25.942097 0.34448819,
  15.26986 -25.942097 0.34448819,15.235435 -25.942097 0.34448819,
  15.201011 -25.942097 0.34448819,15.752 -25.873248 0.34448819,
  15.717575 -25.873248 0.34448819,15.68315 -25.873248 0.34448819,
  15.68315 -25.907672 0.34448819,15.68315 -25.942097 0.34448819,
  15.68315 -25.976522 0.34448819,15.68315 -26.010947 0.34448819,
  15.68315 -26.045372 0.34448819,15.68315 -26.079796 0.34448819,
  15.68315 -26.114221 0.34448819,15.648725 -26.114221 0.34448819,
  15.6143 -26.114221 0.34448819,15.579876 -26.114221 0.34448819,
  15.545451 -26.114221 0.34448819,15.545451 -26.148646 0.34448819,
  15.545451 -26.183071 0.34448819,15.579876 -26.183071 0.34448819,
  15.6143 -26.183071 0.34448819,15.648725 -26.183071 0.34448819,
  15.68315 -26.183071 0.34448819,15.717575 -26.183071 0.34448819,
  15.752 -26.183071 0.34448819,15.752 -26.148646 0.34448819,
  15.752 -26.114221 0.34448819,15.752 -26.079796 0.34448819,
  15.752 -26.045372 0.34448819,15.752 -26.010947 0.34448819,
  15.752 -25.976522 0.34448819,15.752 -25.942097 0.34448819,
  15.752 -25.907672 0.34448819,17.561074 -11.836426 0.34448819,
  17.528489 -11.740433 0.34448819,17.483654 -11.649514 0.34448819,
  17.427334 -11.565224 0.34448819,17.360495 -11.489007 0.34448819,
  17.28428 -11.422166 0.34448819,17.199992 -11.365845 0.34448819,
  17.109074 -11.321007 0.34448819,17.013081 -11.28842 0.34448819,
  16.913657 -11.268641 0.34448819,16.812501 -11.262008 0.34448819,
  16.8125 -11.262008 0.34448819,16.8125 -11.262008 0.34448819,
  15.860728 -11.262008 0.34448819,15.860728 -11.25 0.34448819,
  15.810728 -11.25 0.34448819,15.810728 -11.262008 0.34448819,
  12.317917 -11.262008 0.34448819,12.317967 -11.25 0.34448819,
  12.267967 -11.25 0.34448819,12.267917 -11.262008 0.34448819,
  11.3125 -11.262008 0.34448819,11.211342 -11.268638 0.34448819,
  11.111915 -11.288415 0.34448819,11.01592 -11.321001 0.34448819,
  10.925 -11.365838 0.34448819,10.84071 -11.422159 0.34448819,
  10.764492 -11.489 0.34448819,10.697651 -11.565218 0.34448819,
  10.64133 -11.649508 0.34448819,10.596493 -11.740428 0.34448819,
  10.563907 -11.836423 0.34448819,10.54413 -11.93585 0.34448819,
  10.540615 -11.989489 0.34448819,10.5375 -12.037008 0.34448819,
  10.5375 -18.787008 0.34448819,10.54413 -18.888166 0.34448819,
  10.563907 -18.987593 0.34448819,10.596493 -19.083587 0.34448819,
  10.64133 -19.174508 0.34448819,10.697651 -19.258798 0.34448819,
  10.764492 -19.335016 0.34448819,10.84071 -19.401857 0.34448819,
  10.925 -19.458178 0.34448819,11.01592 -19.503015 0.34448819,
  11.111915 -19.5356 0.34448819,11.211342 -19.555378 0.34448819,
  11.3125 -19.562008 0.34448819,16.8125 -19.562008 0.34448819,
  16.8125 -19.562007 0.34448819,16.812501 -19.562008 0.34448819,
  16.812501 -19.562028 0.34448819,16.913659 -19.555395 0.34448819,
  17.013087 -19.535615 0.34448819,17.109081 -19.503027 0.34448819,
  17.200002 -19.458188 0.34448819,17.284292 -19.401865 0.34448819,
  17.360509 -19.335022 0.34448819,17.42735 -19.258803 0.34448819,
  17.48367 -19.174512 0.34448819,17.528507 -19.083591 0.34448819,
  17.561093 -18.987594 0.34448819,17.58087 -18.888167 0.34448819,
  17.5875 -18.787008 0.34448819,17.5875 -12.037008 0.34448819,
  17.58747 -12.03686 0.34448819,17.58085 -11.935852 0.34448819,
  17.5375 -12.037008 0.34448819,17.5375 -18.787008 0.34448819,
  17.5375 -18.834528 0.34448819,17.525095 -18.928753 0.34448819,
  17.500498 -19.020554 0.34448819,17.464128 -19.108359 0.34448819,
  17.416609 -19.190665 0.34448819,17.358754 -19.266066 0.34448819,
  17.291552 -19.333269 0.34448819,17.216154 -19.391126 0.34448819,
  17.133848 -19.438647 0.34448819,17.046044 -19.475019 0.34448819,
  16.954244 -19.499619 0.34448819,16.860019 -19.512026 0.34448819,
  16.812599 -19.512027 0.34448819,16.8125 -19.512008 0.34448819,
  11.3125 -19.512008 0.34448819,11.264981 -19.512008 0.34448819,
  11.170756 -19.499603 0.34448819,11.078956 -19.475005 0.34448819,
  10.991153 -19.438636 0.34448819,10.908847 -19.391117 0.34448819,
  10.833449 -19.333261 0.34448819,10.766246 -19.266059 0.34448819,
  10.708391 -19.190661 0.34448819,10.660872 -19.108355 0.34448819,
  10.624503 -19.020552 0.34448819,10.599905 -18.928752 0.34448819,
  10.5875 -18.834527 0.34448819,10.5875 -18.787008 0.34448819,
  10.5875 -12.037008 0.34448819,10.5875 -11.989489 0.34448819,
  10.599905 -11.895264 0.34448819,10.624503 -11.803464 0.34448819,
  10.660872 -11.715661 0.34448819,10.708391 -11.633355 0.34448819,
  10.766246 -11.557957 0.34448819,10.833449 -11.490754 0.34448819,
  10.908847 -11.432899 0.34448819,10.991153 -11.38538 0.34448819,
  11.078956 -11.349011 0.34448819,11.170756 -11.324413 0.34448819,
  11.264981 -11.312008 0.34448819,11.3125 -11.312008 0.34448819,
  16.812499 -11.312008 0.34448819,16.860018 -11.312009 0.34448819,
  16.954241 -11.324416 0.34448819,17.046038 -11.349015 0.34448819,
  17.13384 -11.385386 0.34448819,17.216143 -11.432906 0.34448819,
  17.291539 -11.490761 0.34448819,17.358739 -11.557963 0.34448819,
  17.416593 -11.633361 0.34448819,17.464111 -11.715666 0.34448819,
  17.500479 -11.803468 0.34448819,17.525076 -11.895266 0.34448819,
  17.53748 -11.98949 0.34448819,17.53748 -12.037008 0.34448819,
  15.993165 -25.873248 0.34448819,15.958741 -25.873248 0.34448819,
  15.924316 -25.873248 0.34448819,15.889891 -25.873248 0.34448819,
  15.855466 -25.873248 0.34448819,15.821041 -25.873248 0.34448819,
  15.786617 -25.873248 0.34448819,15.786617 -25.907672 0.34448819,
  15.786617 -25.942097 0.34448819,15.786617 -25.976522 0.34448819,
  15.786617 -26.010947 0.34448819,15.786617 -26.045372 0.34448819,
  15.786617 -26.079796 0.34448819,15.786617 -26.114221 0.34448819,
  15.786617 -26.148646 0.34448819,15.786617 -26.183071 0.34448819,
  15.821041 -26.183071 0.34448819,15.855466 -26.183071 0.34448819,
  15.855466 -26.148646 0.34448819,15.855466 -26.114221 0.34448819,
  15.855466 -26.079796 0.34448819,15.855466 -26.045372 0.34448819,
  15.855466 -26.010947 0.34448819,15.855466 -25.976522 0.34448819,
  15.855466 -25.942097 0.34448819,15.889891 -25.942097 0.34448819,
  15.924316 -25.942097 0.34448819,15.958741 -25.942097 0.34448819,
  15.993165 -25.942097 0.34448819,15.993165 -25.907672 0.34448819,
  16.199714 -25.873248 0.34448819,16.165289 -25.873248 0.34448819,
  16.130865 -25.873248 0.34448819,16.09644 -25.873248 0.34448819,
  16.062015 -25.873248 0.34448819,16.062015 -25.907672 0.34448819,
  16.062015 -25.942097 0.34448819,16.09644 -25.942097 0.34448819,
  16.130865 -25.942097 0.34448819,16.165289 -25.942097 0.34448819,
  16.199714 -25.942097 0.34448819,16.199714 -25.907672 0.34448819,
  16.02759 -25.942097 0.34448819,15.993165 -25.976522 0.34448819,
  15.993165 -26.010947 0.34448819,15.993165 -26.045372 0.34448819,
  15.993165 -26.079796 0.34448819,15.993165 -26.114221 0.34448819,
  15.993165 -26.148646 0.34448819,15.993165 -26.183071 0.34448819,
  16.02759 -26.183071 0.34448819,16.062015 -26.183071 0.34448819,
  16.062015 -26.148646 0.34448819,16.062015 -26.114221 0.34448819,
  16.062015 -26.079796 0.34448819,16.062015 -26.045372 0.34448819,
  16.062015 -26.010947 0.34448819,16.062015 -25.976522 0.34448819,
  16.268563 -25.942097 0.34448819,16.234139 -25.942097 0.34448819,
  16.199714 -25.976522 0.34448819,16.199714 -26.010947 0.34448819,
  16.199714 -26.045372 0.34448819,16.199714 -26.079796 0.34448819,
  16.199714 -26.114221 0.34448819,16.199714 -26.148646 0.34448819,
  16.199714 -26.183071 0.34448819,16.234139 -26.183071 0.34448819,
  16.268563 -26.183071 0.34448819,16.268563 -26.148646 0.34448819,
  16.268563 -26.114221 0.34448819,16.268563 -26.079796 0.34448819,
  16.268563 -26.045372 0.34448819,16.268563 -26.010947 0.34448819,
  16.268563 -25.976522 0.34448819,16.544154 -25.976522 0.34448819,
  16.50973 -25.976522 0.34448819,16.475305 -25.976522 0.34448819,
  16.44088 -25.976522 0.34448819,16.406455 -25.976522 0.34448819,
  16.37203 -25.976522 0.34448819,16.37203 -26.010947 0.34448819,
  16.37203 -26.045372 0.34448819,16.544154 -26.045372 0.34448819,
  16.544154 -26.114221 0.34448819,16.37203 -26.114221 0.34448819,
  16.37203 -26.148646 0.34448819,16.37203 -26.183071 0.34448819,
  16.406455 -26.183071 0.34448819,16.44088 -26.183071 0.34448819,
  16.475305 -26.183071 0.34448819,16.50973 -26.183071 0.34448819,
  16.544154 -26.183071 0.34448819,16.578579 -26.183071 0.34448819,
  16.613004 -26.183071 0.34448819,16.613004 -26.148646 0.34448819,
  16.613004 -26.114221 0.34448819,16.613004 -26.079796 0.34448819,
  16.613004 -26.045372 0.34448819,16.613004 -26.010947 0.34448819,
  16.613004 -25.976522 0.34448819,16.613004 -25.942097 0.34448819,
  16.578579 -25.942097 0.34448819,16.544154 -25.942097 0.34448819,
  16.888402 -25.873248 0.34448819,16.853977 -25.873248 0.34448819,
  16.819552 -25.873248 0.34448819,16.785128 -25.873248 0.34448819,
  16.750703 -25.873248 0.34448819,16.716278 -25.873248 0.34448819,
  16.681853 -25.873248 0.34448819,16.647428 -25.873248 0.34448819,
  16.647428 -25.907672 0.34448819,16.647428 -25.942097 0.34448819,
  16.647428 -25.976522 0.34448819,16.647428 -26.010947 0.34448819,
  16.647428 -26.045372 0.34448819,16.647428 -26.079796 0.34448819,
  16.647428 -26.114221 0.34448819,16.647428 -26.148646 0.34448819,
  16.647428 -26.183071 0.34448819,16.681853 -26.183071 0.34448819,
  16.716278 -26.183071 0.34448819,16.716278 -26.148646 0.34448819,
  16.716278 -26.114221 0.34448819,16.716278 -26.079796 0.34448819,
  16.716278 -26.045372 0.34448819,16.716278 -26.010947 0.34448819,
  16.716278 -25.976522 0.34448819,16.716278 -25.942097 0.34448819,
  16.750703 -25.942097 0.34448819,16.785128 -25.942097 0.34448819,
  16.819552 -25.942097 0.34448819,16.853977 -25.942097 0.34448819,
  16.888402 -25.942097 0.34448819,16.888402 -25.907672 0.34448819,
  16.957252 -25.942097 0.34448819,16.922827 -25.942097 0.34448819,
  16.888402 -25.976522 0.34448819,16.888402 -26.010947 0.34448819,
  16.888402 -26.045372 0.34448819,16.888402 -26.079796 0.34448819,
  16.888402 -26.114221 0.34448819,16.888402 -26.148646 0.34448819,
  16.888402 -26.183071 0.34448819,16.922827 -26.183071 0.34448819,
  16.957252 -26.183071 0.34448819,16.957252 -26.148646 0.34448819,
  16.957252 -26.114221 0.34448819,16.957252 -26.079796 0.34448819,
  16.957252 -26.045372 0.34448819,16.957252 -26.010947 0.34448819,
  16.957252 -25.976522 0.34448819,17.23265 -26.045372 0.34448819,
  17.198225 -26.045372 0.34448819,17.1638 -26.045372 0.34448819,
  17.1638 -26.079796 0.34448819,17.1638 -26.114221 0.34448819,
  17.198225 -26.114221 0.34448819,17.23265 -26.114221 0.34448819,
  17.23265 -26.079796 0.34448819,17.129375 -26.114221 0.34448819,
  17.09495 -26.114221 0.34448819,17.060526 -26.114221 0.34448819,
  17.026101 -26.114221 0.34448819,16.991676 -26.114221 0.34448819,
  16.991676 -26.148646 0.34448819,16.991676 -26.183071 0.34448819,
  17.026101 -26.183071 0.34448819,17.060526 -26.183071 0.34448819,
  17.09495 -26.183071 0.34448819,17.129375 -26.183071 0.34448819,
  17.1638 -26.183071 0.34448819,17.1638 -26.148646 0.34448819,
  10.725789 -26.045372 0.34448819,10.691365 -26.045372 0.34448819,
  10.691365 -26.079796 0.34448819,10.691365 -26.114221 0.34448819,
  10.725789 -26.114221 0.34448819,10.760214 -26.079796 0.34448819,
  11.552176 -25.873248 0.34448819,11.517752 -25.873248 0.34448819,
  11.483327 -25.873248 0.34448819,11.448902 -25.873248 0.34448819,
  11.414478 -25.873248 0.34448819,11.414478 -25.907672 0.34448819,
  11.414478 -25.942097 0.34448819,11.448902 -25.942097 0.34448819,
  11.483327 -25.942097 0.34448819,11.517752 -25.942097 0.34448819,
  11.552176 -25.942097 0.34448819,11.552176 -25.976522 0.34448819,
  11.517752 -25.976522 0.34448819,11.483327 -25.976522 0.34448819,
  11.448902 -25.976522 0.34448819,11.414478 -25.976522 0.34448819,
  11.380053 -25.942097 0.34448819,11.345628 -25.942097 0.34448819,
  11.345628 -25.976522 0.34448819,11.345628 -26.010947 0.34448819,
  11.345628 -26.045372 0.34448819,11.345628 -26.079796 0.34448819,
  11.345628 -26.114221 0.34448819,11.380053 -26.114221 0.34448819,
  11.414478 -26.079796 0.34448819,11.414478 -26.045372 0.34448819,
  11.448902 -26.045372 0.34448819,11.483327 -26.045372 0.34448819,
  11.517752 -26.045372 0.34448819,11.552176 -26.045372 0.34448819,
  11.552176 -26.010947 0.34448819,11.586601 -26.010947 0.34448819,
  11.621026 -26.010947 0.34448819,11.621026 -25.976522 0.34448819,
  11.621026 -25.942097 0.34448819,11.621026 -25.907672 0.34448819,
  11.621026 -25.873248 0.34448819,11.586601 -25.873248 0.34448819,
  12.860126 -26.045372 0.34448819,12.825701 -26.045372 0.34448819,
  12.825701 -26.079796 0.34448819,12.825701 -26.114221 0.34448819,
  12.860126 -26.114221 0.34448819,12.89455 -26.079796 0.34448819,
  13.479772 -25.873248 0.34448819,13.445347 -25.873248 0.34448819,
  13.445347 -25.907672 0.34448819,13.445347 -25.942097 0.34448819,
  13.479772 -25.942097 0.34448819,13.479772 -25.976522 0.34448819,
  13.479772 -26.010947 0.34448819,13.479772 -26.045372 0.34448819,
  13.479772 -26.079796 0.34448819,13.479772 -26.114221 0.34448819,
  13.514196 -26.114221 0.34448819,13.548621 -26.079796 0.34448819,
  13.548621 -26.045372 0.34448819,13.548621 -26.010947 0.34448819,
  13.548621 -25.976522 0.34448819,13.548621 -25.942097 0.34448819,
  13.583046 -25.942097 0.34448819,13.583046 -25.907672 0.34448819,
  13.583046 -25.873248 0.34448819,13.548621 -25.873248 0.34448819,
  13.548621 -25.838823 0.34448819,13.548621 -25.804398 0.34448819,
  13.514196 -25.804398 0.34448819,13.479772 -25.804398 0.34448819,
  13.479772 -25.838823 0.34448819,15.545451 -25.873248 0.34448819,
  15.511026 -25.873248 0.34448819,15.476601 -25.873248 0.34448819,
  15.476601 -25.907672 0.34448819,15.476601 -25.942097 0.34448819,
  15.476601 -25.976522 0.34448819,15.476601 -26.010947 0.34448819,
  15.476601 -26.045372 0.34448819,15.476601 -26.079796 0.34448819,
  15.476601 -26.114221 0.34448819,15.511026 -26.114221 0.34448819,
  15.545451 -26.079796 0.34448819,15.545451 -26.045372 0.34448819,
  15.545451 -26.010947 0.34448819,15.545451 -25.976522 0.34448819,
  15.545451 -25.942097 0.34448819,15.545451 -25.907672 0.34448819,
  16.337606 -26.045372 0.34448819,16.303181 -26.045372 0.34448819,
  16.303181 -26.079796 0.34448819,16.303181 -26.114221 0.34448819,
  16.337606 -26.114221 0.34448819,16.37203 -26.079796 0.34448819,
  14.684639 -25.873248 0.34448819,14.650214 -25.873248 0.34448819,
  14.615789 -25.873248 0.34448819,14.615789 -25.907672 0.34448819,
  14.615789 -25.942097 0.34448819,14.615789 -25.976522 0.34448819,
  14.615789 -26.010947 0.34448819,14.615789 -26.045372 0.34448819,
  14.650214 -26.045372 0.34448819,14.684639 -26.010947 0.34448819,
  14.684639 -25.976522 0.34448819,14.684639 -25.942097 0.34448819,
  14.684639 -25.907672 0.34448819,17.1638 -25.976522 0.34448819,
  17.129375 -25.976522 0.34448819,17.09495 -25.976522 0.34448819,
  17.060526 -25.976522 0.34448819,17.060526 -26.010947 0.34448819,
  17.060526 -26.045372 0.34448819,17.09495 -26.045372 0.34448819,
  17.129375 -26.045372 0.34448819,17.1638 -26.010947 0.34448819,
  10.587898 -25.838823 0.34448819,10.553473 -25.838823 0.34448819,
  10.519048 -25.838823 0.34448819,10.519048 -25.873248 0.34448819,
  10.519048 -25.907672 0.34448819,10.553473 -25.907672 0.34448819,
  10.587898 -25.907672 0.34448819,10.587898 -25.942097 0.34448819,
  10.587898 -25.976522 0.34448819,10.587898 -26.010947 0.34448819,
  10.587898 -26.045372 0.34448819,10.587898 -26.079796 0.34448819,
  10.587898 -26.114221 0.34448819,10.587898 -26.148646 0.34448819,
  10.587898 -26.183071 0.34448819,10.622323 -26.183071 0.34448819,
  10.656748 -26.183071 0.34448819,10.656748 -26.148646 0.34448819,
  10.656748 -26.114221 0.34448819,10.656748 -26.079796 0.34448819,
  10.656748 -26.045372 0.34448819,10.656748 -26.010947 0.34448819,
  10.656748 -25.976522 0.34448819,10.656748 -25.942097 0.34448819,
  10.656748 -25.907672 0.34448819,10.656748 -25.873248 0.34448819,
  10.656748 -25.838823 0.34448819,10.656748 -25.804398 0.34448819,
  10.656748 -25.769973 0.34448819,10.622323 -25.769973 0.34448819,
  10.587898 -25.769973 0.34448819,10.587898 -25.804398 0.34448819,
  10.484624 -25.907672 0.34448819,10.450199 -25.942097 0.34448819,
  10.450199 -25.976522 0.34448819,10.484624 -25.976522 0.34448819,
  10.519048 -25.976522 0.34448819,10.519048 -25.942097 0.34448819,
  17.060526 -25.907672 0.34448819,17.026101 -25.907672 0.34448819,
  16.991676 -25.907672 0.34448819,16.991676 -25.942097 0.34448819,
  16.991676 -25.976522 0.34448819,17.026101 -25.976522 0.34448819,
  17.060526 -25.942097 0.34448819,10.932338 -25.873248 0.34448819,
  10.897913 -25.873248 0.34448819,10.863489 -25.873248 0.34448819,
  10.829064 -25.873248 0.34448819,10.794639 -25.873248 0.34448819,
  10.760214 -25.873248 0.34448819,10.725789 -25.873248 0.34448819,
  10.691365 -25.873248 0.34448819,10.691365 -25.907672 0.34448819,
  10.691365 -25.942097 0.34448819,10.725789 -25.942097 0.34448819,
  10.760214 -25.942097 0.34448819,10.794639 -25.942097 0.34448819,
  10.829064 -25.942097 0.34448819,10.863489 -25.942097 0.34448819,
  10.897913 -25.942097 0.34448819,10.932338 -25.907672 0.34448819,
  13.066674 -25.873248 0.34448819,13.03225 -25.873248 0.34448819,
  12.997825 -25.873248 0.34448819,12.9634 -25.873248 0.34448819,
  12.928975 -25.873248 0.34448819,12.89455 -25.873248 0.34448819,
  12.860126 -25.873248 0.34448819,12.825701 -25.873248 0.34448819,
  12.825701 -25.907672 0.34448819,12.825701 -25.942097 0.34448819,
  12.860126 -25.942097 0.34448819,12.89455 -25.942097 0.34448819,
  12.928975 -25.942097 0.34448819,12.9634 -25.942097 0.34448819,
  12.997825 -25.942097 0.34448819,13.03225 -25.942097 0.34448819,
  13.066674 -25.907672 0.34448819,16.544154 -25.873248 0.34448819,
  16.50973 -25.873248 0.34448819,16.475305 -25.873248 0.34448819,
  16.44088 -25.873248 0.34448819,16.406455 -25.873248 0.34448819,
  16.37203 -25.873248 0.34448819,16.337606 -25.873248 0.34448819,
  16.303181 -25.873248 0.34448819,16.303181 -25.907672 0.34448819,
  16.303181 -25.942097 0.34448819,16.337606 -25.942097 0.34448819,
  16.37203 -25.942097 0.34448819,16.406455 -25.942097 0.34448819,
  16.44088 -25.942097 0.34448819,16.475305 -25.942097 0.34448819,
  16.50973 -25.942097 0.34448819,16.544154 -25.907672 0.34448819,
  17.23265 -25.838823 0.34448819,17.198225 -25.838823 0.34448819,
  17.1638 -25.838823 0.34448819,17.129375 -25.838823 0.34448819,
  17.09495 -25.838823 0.34448819,17.060526 -25.838823 0.34448819,
  17.060526 -25.873248 0.34448819,17.09495 -25.907672 0.34448819,
  17.129375 -25.907672 0.34448819,17.1638 -25.907672 0.34448819,
  17.198225 -25.907672 0.34448819,17.23265 -25.907672 0.34448819,
  17.23265 -25.873248 0.34448819,11.896424 -25.769973 0.34448819,
  11.862 -25.769973 0.34448819,11.827575 -25.769973 0.34448819,
  11.827575 -25.804398 0.34448819,11.827575 -25.838823 0.34448819,
  11.862 -25.838823 0.34448819,11.896424 -25.838823 0.34448819,
  11.896424 -25.804398 0.34448819,17.288386 -21.344488 0.34448819,
  15.083661 -21.344488 0.34448819,15.074622 -21.346286 0.34448819,
  15.061837 -21.35907 0.34448819,15.060039 -21.36811 0.34448819,
  15.060039 -22.919291 0.34448819,15.060039 -22.942913 0.34448819,
  15.061837 -22.951953 0.34448819,15.074622 -22.964737 0.34448819,
  15.083661 -22.966535 0.34448819,17.052165 -22.966535 0.34448819,
  17.061205 -22.964737 0.34448819,17.068869 -22.959617 0.34448819,
  17.305089 -22.723396 0.34448819,17.31021 -22.715733 0.34448819,
  17.312008 -22.706693 0.34448819,17.312008 -21.36811 0.34448819,
  17.31021 -21.35907 0.34448819,17.297426 -21.346286 0.34448819,
  17.264764 -21.391732 0.34448819,17.264764 -22.696908 0.34448819,
  17.042381 -22.919291 0.34448819,15.107283 -22.919291 0.34448819,
  15.107283 -21.391732 0.34448819,11.151613 -21.62232 0.34448819,
  11.123237 -21.664882 0.34448819,11.098697 -21.689422 0.34448819,
  11.072987 -21.702277 0.34448819,11.068088 -21.705361 0.34448819,
  11.06054 -21.714065 0.34448819,11.056896 -21.724994 0.34448819,
  11.057713 -21.736486 0.34448819,11.062865 -21.746791 0.34448819,
  11.071569 -21.75434 0.34448819,11.082499 -21.757983 0.34448819,
  11.093991 -21.757167 0.34448819,11.099397 -21.755098 0.34448819,
  11.129394 -21.7401 0.34448819,11.131874 -21.738539 0.34448819,
  11.132593 -21.738241 0.34448819,11.133403 -21.737576 0.34448819,
  11.134293 -21.737016 0.34448819,11.134804 -21.736426 0.34448819,
  11.137068 -21.734569 0.34448819,11.146654 -21.724982 0.34448819,
  11.146654 -21.924132 0.34448819,11.086192 -21.924132 0.34448819,
  11.080431 -21.924699 0.34448819,11.069787 -21.929108 0.34448819,
  11.061641 -21.937255 0.34448819,11.057232 -21.947899 0.34448819,
  11.057232 -21.95942 0.34448819,11.061641 -21.970064 0.34448819,
  11.069787 -21.978211 0.34448819,11.080431 -21.98262 0.34448819,
  11.086192 -21.983187 0.34448819,11.26617 -21.983187 0.34448819,
  11.27193 -21.98262 0.34448819,11.282574 -21.978211 0.34448819,
  11.290721 -21.970064 0.34448819,11.29513 -21.95942 0.34448819,
  11.29513 -21.947899 0.34448819,11.290721 -21.937255 0.34448819,
  11.282574 -21.929108 0.34448819,11.27193 -21.924699 0.34448819,
  11.26617 -21.924132 0.34448819,11.205709 -21.924132 0.34448819,
  11.205709 -21.638699 0.34448819,11.205706 -21.638678 0.34448819,
  11.205709 -21.638668 0.34448819,11.205702 -21.638638 0.34448819,
  11.205141 -21.632938 0.34448819,11.204022 -21.630237 0.34448819,
  11.203449 -21.627371 0.34448819,11.201839 -21.624967 0.34448819,
  11.200732 -21.622294 0.34448819,11.198665 -21.620227 0.34448819,
  11.197039 -21.617798 0.34448819,11.194631 -21.616193 0.34448819,
  11.192586 -21.614148 0.34448819,11.189885 -21.613029 0.34448819,
  11.187452 -21.611407 0.34448819,11.184614 -21.610845 0.34448819,
  11.181942 -21.609739 0.34448819,11.179018 -21.609739 0.34448819,
  11.17615 -21.609171 0.34448819,11.173314 -21.609739 0.34448819,
  11.17042 -21.609739 0.34448819,11.167719 -21.610857 0.34448819,
  11.164853 -21.611431 0.34448819,11.162449 -21.61304 0.34448819,
  11.159776 -21.614148 0.34448819,11.157709 -21.616215 0.34448819,
  11.15528 -21.617841 0.34448819,11.15165 -21.622274 0.34448819,
  11.15163 -21.622294 0.34448819,11.151626 -21.622303 0.34448819,
  13.538386 -21.344488 0.34448819,11.333661 -21.344488 0.34448819,
  11.324622 -21.346286 0.34448819,11.311837 -21.35907 0.34448819,
  11.310039 -21.36811 0.34448819,11.310039 -22.919291 0.34448819,
  11.310039 -22.942913 0.34448819,11.311837 -22.951953 0.34448819,
  11.324622 -22.964737 0.34448819,11.333661 -22.966535 0.34448819,
  13.302165 -22.966535 0.34448819,13.311205 -22.964737 0.34448819,
  13.318869 -22.959617 0.34448819,13.555089 -22.723396 0.34448819,
  13.56021 -22.715733 0.34448819,13.562008 -22.706693 0.34448819,
  13.562008 -21.36811 0.34448819,13.56021 -21.35907 0.34448819,
  13.547426 -21.346286 0.34448819,13.514764 -21.391732 0.34448819,
  13.514764 -22.696908 0.34448819,13.292381 -22.919291 0.34448819,
  11.357283 -22.919291 0.34448819,11.357283 -21.391732 0.34448819,
  12.470448 -20.891972 0.34448819,12.436024 -20.891972 0.34448819,
  12.401599 -20.891972 0.34448819,12.401599 -20.926397 0.34448819,
  12.401599 -20.960822 0.34448819,12.401599 -20.995247 0.34448819,
  12.401599 -21.029672 0.34448819,12.401599 -21.064096 0.34448819,
  12.401599 -21.098521 0.34448819,12.401599 -21.132946 0.34448819,
  12.401599 -21.167371 0.34448819,12.436024 -21.167371 0.34448819,
  12.470448 -21.167371 0.34448819,12.470448 -21.132946 0.34448819,
  12.470448 -21.098521 0.34448819,12.470448 -21.064096 0.34448819,
  12.470448 -21.029672 0.34448819,12.470448 -20.995247 0.34448819,
  12.470448 -20.960822 0.34448819,12.470448 -20.926397 0.34448819,
  12.19505 -21.167371 0.34448819,12.19505 -21.132946 0.34448819,
  12.19505 -21.098521 0.34448819,12.19505 -21.064096 0.34448819,
  12.19505 -21.029672 0.34448819,12.19505 -20.995247 0.34448819,
  12.19505 -20.960822 0.34448819,12.19505 -20.926397 0.34448819,
  12.19505 -20.891972 0.34448819,12.229475 -20.891972 0.34448819,
  12.2639 -20.891972 0.34448819,12.298324 -20.891972 0.34448819,
  12.332749 -20.891972 0.34448819,12.367174 -20.891972 0.34448819,
  12.401599 -20.857548 0.34448819,12.401599 -20.823123 0.34448819,
  12.367174 -20.823123 0.34448819,12.332749 -20.823123 0.34448819,
  12.298324 -20.823123 0.34448819,12.2639 -20.823123 0.34448819,
  12.229475 -20.823123 0.34448819,12.19505 -20.823123 0.34448819,
  12.160625 -20.823123 0.34448819,12.126201 -20.823123 0.34448819,
  12.126201 -20.857548 0.34448819,12.126201 -20.891972 0.34448819,
  12.126201 -20.926397 0.34448819,12.126201 -20.960822 0.34448819,
  12.126201 -20.995247 0.34448819,12.126201 -21.029672 0.34448819,
  12.126201 -21.064096 0.34448819,12.126201 -21.098521 0.34448819,
  12.126201 -21.132946 0.34448819,12.126201 -21.167371 0.34448819,
  12.126201 -21.201796 0.34448819,12.126201 -21.23622 0.34448819,
  12.160625 -21.23622 0.34448819,12.19505 -21.23622 0.34448819,
  12.229475 -21.23622 0.34448819,12.2639 -21.23622 0.34448819,
  12.298324 -21.23622 0.34448819,12.332749 -21.23622 0.34448819,
  12.367174 -21.23622 0.34448819,12.401599 -21.23622 0.34448819,
  12.401599 -21.201796 0.34448819,12.367174 -21.167371 0.34448819,
  12.332749 -21.167371 0.34448819,12.298324 -21.167371 0.34448819,
  12.2639 -21.167371 0.34448819,12.229475 -21.167371 0.34448819,
  12.573915 -20.891972 0.34448819,12.53949 -20.891972 0.34448819,
  12.505065 -20.891972 0.34448819,12.505065 -20.926397 0.34448819,
  12.505065 -20.960822 0.34448819,12.53949 -20.960822 0.34448819,
  12.573915 -20.960822 0.34448819,12.573915 -20.995247 0.34448819,
  12.573915 -21.029672 0.34448819,12.573915 -21.064096 0.34448819,
  12.573915 -21.098521 0.34448819,12.573915 -21.132946 0.34448819,
  12.573915 -21.167371 0.34448819,12.53949 -21.167371 0.34448819,
  12.505065 -21.167371 0.34448819,12.505065 -21.201796 0.34448819,
  12.505065 -21.23622 0.34448819,12.53949 -21.23622 0.34448819,
  12.573915 -21.23622 0.34448819,12.60834 -21.23622 0.34448819,
  12.642765 -21.23622 0.34448819,12.677189 -21.23622 0.34448819,
  12.711614 -21.23622 0.34448819,12.711614 -21.201796 0.34448819,
  12.711614 -21.167371 0.34448819,12.677189 -21.167371 0.34448819,
  12.642765 -21.167371 0.34448819,12.642765 -21.132946 0.34448819,
  12.642765 -21.098521 0.34448819,12.642765 -21.064096 0.34448819,
  12.642765 -21.029672 0.34448819,12.642765 -20.995247 0.34448819,
  12.642765 -20.960822 0.34448819,12.642765 -20.926397 0.34448819,
  12.642765 -20.891972 0.34448819,12.642765 -20.857548 0.34448819,
  12.642765 -20.823123 0.34448819,12.60834 -20.823123 0.34448819,
  12.573915 -20.823123 0.34448819,12.573915 -20.857548 0.34448819,
  16.185831 -20.891972 0.34448819,16.151407 -20.891972 0.34448819,
  16.116982 -20.891972 0.34448819,16.116982 -20.926397 0.34448819,
  16.116982 -20.960822 0.34448819,16.116982 -20.995247 0.34448819,
  16.116982 -21.029672 0.34448819,16.116982 -21.064096 0.34448819,
  16.116982 -21.098521 0.34448819,16.116982 -21.132946 0.34448819,
  16.116982 -21.167371 0.34448819,16.151407 -21.167371 0.34448819,
  16.185831 -21.167371 0.34448819,16.185831 -21.132946 0.34448819,
  16.185831 -21.098521 0.34448819,16.185831 -21.064096 0.34448819,
  16.185831 -21.029672 0.34448819,16.185831 -20.995247 0.34448819,
  16.185831 -20.960822 0.34448819,16.185831 -20.926397 0.34448819,
  15.910433 -21.167371 0.34448819,15.910433 -21.132946 0.34448819,
  15.910433 -21.098521 0.34448819,15.910433 -21.064096 0.34448819,
  15.910433 -21.029672 0.34448819,15.910433 -20.995247 0.34448819,
  15.910433 -20.960822 0.34448819,15.910433 -20.926397 0.34448819,
  15.910433 -20.891972 0.34448819,15.944858 -20.891972 0.34448819,
  15.979283 -20.891972 0.34448819,16.013707 -20.891972 0.34448819,
  16.048132 -20.891972 0.34448819,16.082557 -20.891972 0.34448819,
  16.116982 -20.857548 0.34448819,16.116982 -20.823123 0.34448819,
  16.082557 -20.823123 0.34448819,16.048132 -20.823123 0.34448819,
  16.013707 -20.823123 0.34448819,15.979283 -20.823123 0.34448819,
  15.944858 -20.823123 0.34448819,15.910433 -20.823123 0.34448819,
  15.876008 -20.823123 0.34448819,15.841584 -20.823123 0.34448819,
  15.841584 -20.857548 0.34448819,15.841584 -20.891972 0.34448819,
  15.841584 -20.926397 0.34448819,15.841584 -20.960822 0.34448819,
  15.841584 -20.995247 0.34448819,15.841584 -21.029672 0.34448819,
  15.841584 -21.064096 0.34448819,15.841584 -21.098521 0.34448819,
  15.841584 -21.132946 0.34448819,15.841584 -21.167371 0.34448819,
  15.841584 -21.201796 0.34448819,15.841584 -21.23622 0.34448819,
  15.876008 -21.23622 0.34448819,15.910433 -21.23622 0.34448819,
  15.944858 -21.23622 0.34448819,15.979283 -21.23622 0.34448819,
  16.013707 -21.23622 0.34448819,16.048132 -21.23622 0.34448819,
  16.082557 -21.23622 0.34448819,16.116982 -21.23622 0.34448819,
  16.116982 -21.201796 0.34448819,16.082557 -21.167371 0.34448819,
  16.048132 -21.167371 0.34448819,16.013707 -21.167371 0.34448819,
  15.979283 -21.167371 0.34448819,15.944858 -21.167371 0.34448819,
  16.495847 -20.891972 0.34448819,16.461422 -20.891972 0.34448819,
  16.426997 -20.891972 0.34448819,16.426997 -20.926397 0.34448819,
  16.426997 -20.960822 0.34448819,16.461422 -20.960822 0.34448819,
  16.495847 -20.960822 0.34448819,16.495847 -20.926397 0.34448819,
  16.392572 -20.960822 0.34448819,16.358148 -20.960822 0.34448819,
  16.358148 -20.995247 0.34448819,16.358148 -21.029672 0.34448819,
  16.392572 -21.029672 0.34448819,16.426997 -21.029672 0.34448819,
  16.426997 -20.995247 0.34448819,16.323723 -21.029672 0.34448819,
  16.289298 -21.029672 0.34448819,16.289298 -21.064096 0.34448819,
  16.289298 -21.098521 0.34448819,16.323723 -21.098521 0.34448819,
  16.358148 -21.098521 0.34448819,16.358148 -21.064096 0.34448819,
  16.289298 -21.167371 0.34448819,16.289298 -21.132946 0.34448819,
  16.254873 -21.098521 0.34448819,16.220448 -21.098521 0.34448819,
  16.220448 -21.132946 0.34448819,16.220448 -21.167371 0.34448819,
  16.220448 -21.201796 0.34448819,16.220448 -21.23622 0.34448819,
  16.254873 -21.23622 0.34448819,16.289298 -21.23622 0.34448819,
  16.323723 -21.23622 0.34448819,16.358148 -21.23622 0.34448819,
  16.392572 -21.23622 0.34448819,16.426997 -21.23622 0.34448819,
  16.461422 -21.23622 0.34448819,16.495847 -21.23622 0.34448819,
  16.495847 -21.201796 0.34448819,16.495847 -21.167371 0.34448819,
  16.461422 -21.167371 0.34448819,16.426997 -21.167371 0.34448819,
  16.392572 -21.167371 0.34448819,16.358148 -21.167371 0.34448819,
  16.323723 -21.167371 0.34448819,16.426997 -20.823123 0.34448819,
  16.392572 -20.823123 0.34448819,16.358148 -20.823123 0.34448819,
  16.323723 -20.823123 0.34448819,16.289298 -20.823123 0.34448819,
  16.289298 -20.857548 0.34448819,16.289298 -20.891972 0.34448819,
  16.323723 -20.891972 0.34448819,16.358148 -20.891972 0.34448819,
  16.392572 -20.891972 0.34448819,16.426997 -20.857548 0.34448819,
  16.254873 -20.891972 0.34448819,16.220448 -20.891972 0.34448819,
  16.220448 -20.926397 0.34448819,16.220448 -20.960822 0.34448819,
  16.254873 -20.960822 0.34448819,16.289298 -20.960822 0.34448819,
  16.289298 -20.926397 0.34448819,22.230759 -20.419337 0.34448819,
  22.196334 -20.419337 0.34448819,22.161909 -20.419337 0.34448819,
  22.161909 -20.453762 0.34448819,22.161909 -20.488187 0.34448819,
  22.161909 -20.522611 0.34448819,22.161909 -20.557036 0.34448819,
  22.196334 -20.557036 0.34448819,22.230759 -20.557036 0.34448819,
  22.230759 -20.522611 0.34448819,22.230759 -20.488187 0.34448819,
  22.230759 -20.453762 0.34448819,22.127485 -20.557036 0.34448819,
  22.09306 -20.557036 0.34448819,22.058635 -20.557036 0.34448819,
  22.02421 -20.557036 0.34448819,21.989785 -20.557036 0.34448819,
  21.955361 -20.557036 0.34448819,21.920936 -20.557036 0.34448819,
  21.920936 -20.591461 0.34448819,21.920936 -20.625886 0.34448819,
  21.955361 -20.625886 0.34448819,21.989785 -20.625886 0.34448819,
  22.02421 -20.625886 0.34448819,22.058635 -20.625886 0.34448819,
  22.09306 -20.625886 0.34448819,22.127485 -20.625886 0.34448819,
  22.161909 -20.625886 0.34448819,22.161909 -20.591461 0.34448819,
  22.471733 -20.419337 0.34448819,22.437308 -20.419337 0.34448819,
  22.402883 -20.419337 0.34448819,22.402883 -20.453762 0.34448819,
  22.402883 -20.488187 0.34448819,22.437308 -20.488187 0.34448819,
  22.471733 -20.488187 0.34448819,22.471733 -20.453762 0.34448819,
  22.334033 -20.488187 0.34448819,22.334033 -20.453762 0.34448819,
  22.334033 -20.419337 0.34448819,22.334033 -20.384912 0.34448819,
  22.334033 -20.350487 0.34448819,22.334033 -20.316063 0.34448819,
  22.334033 -20.281638 0.34448819,22.334033 -20.247213 0.34448819,
  22.334033 -20.212788 0.34448819,22.299609 -20.212788 0.34448819,
  22.265184 -20.212788 0.34448819,22.265184 -20.247213 0.34448819,
  22.265184 -20.281638 0.34448819,22.265184 -20.316063 0.34448819,
  22.265184 -20.350487 0.34448819,22.265184 -20.384912 0.34448819,
  22.265184 -20.419337 0.34448819,22.265184 -20.453762 0.34448819,
  22.265184 -20.488187 0.34448819,22.265184 -20.522611 0.34448819,
  22.265184 -20.557036 0.34448819,22.265184 -20.591461 0.34448819,
  22.265184 -20.625886 0.34448819,22.299609 -20.625886 0.34448819,
  22.334033 -20.625886 0.34448819,22.334033 -20.591461 0.34448819,
  22.334033 -20.557036 0.34448819,22.368458 -20.557036 0.34448819,
  22.402883 -20.557036 0.34448819,22.402883 -20.522611 0.34448819,
  22.368458 -20.488187 0.34448819,22.540582 -20.488187 0.34448819,
  22.506157 -20.488187 0.34448819,22.471733 -20.522611 0.34448819,
  22.471733 -20.557036 0.34448819,22.506157 -20.557036 0.34448819,
  22.540582 -20.557036 0.34448819,22.540582 -20.591461 0.34448819,
  22.540582 -20.625886 0.34448819,22.575007 -20.625886 0.34448819,
  22.609431 -20.625886 0.34448819,22.609431 -20.591461 0.34448819,
  22.609431 -20.557036 0.34448819,22.609431 -20.522611 0.34448819,
  22.609431 -20.488187 0.34448819,22.609431 -20.453762 0.34448819,
  22.609431 -20.419337 0.34448819,22.609431 -20.384912 0.34448819,
  22.609431 -20.350487 0.34448819,22.609431 -20.316063 0.34448819,
  22.609431 -20.281638 0.34448819,22.609431 -20.247213 0.34448819,
  22.609431 -20.212788 0.34448819,22.575007 -20.212788 0.34448819,
  22.540582 -20.212788 0.34448819,22.540582 -20.247213 0.34448819,
  22.540582 -20.281638 0.34448819,22.540582 -20.316063 0.34448819,
  22.540582 -20.350487 0.34448819,22.540582 -20.384912 0.34448819,
  22.540582 -20.419337 0.34448819,22.540582 -20.453762 0.34448819,
  22.919447 -20.281638 0.34448819,22.885022 -20.281638 0.34448819,
  22.850597 -20.281638 0.34448819,22.850597 -20.316063 0.34448819,
  22.850597 -20.350487 0.34448819,22.850597 -20.384912 0.34448819,
  22.885022 -20.384912 0.34448819,22.919447 -20.384912 0.34448819,
  22.919447 -20.350487 0.34448819,22.919447 -20.316063 0.34448819,
  22.919447 -20.453762 0.34448819,22.885022 -20.453762 0.34448819,
  22.850597 -20.453762 0.34448819,22.850597 -20.488187 0.34448819,
  22.850597 -20.522611 0.34448819,22.850597 -20.557036 0.34448819,
  22.885022 -20.557036 0.34448819,22.919447 -20.557036 0.34448819,
  22.919447 -20.522611 0.34448819,22.919447 -20.488187 0.34448819,
  22.850597 -20.212788 0.34448819,22.816172 -20.212788 0.34448819,
  22.781748 -20.212788 0.34448819,22.747323 -20.212788 0.34448819,
  22.712898 -20.212788 0.34448819,22.712898 -20.247213 0.34448819,
  22.712898 -20.281638 0.34448819,22.747323 -20.281638 0.34448819,
  22.781748 -20.281638 0.34448819,22.816172 -20.281638 0.34448819,
  22.850597 -20.247213 0.34448819,22.816172 -20.557036 0.34448819,
  22.781748 -20.557036 0.34448819,22.747323 -20.557036 0.34448819,
  22.712898 -20.557036 0.34448819,22.712898 -20.591461 0.34448819,
  22.712898 -20.625886 0.34448819,22.747323 -20.625886 0.34448819,
  22.781748 -20.625886 0.34448819,22.816172 -20.625886 0.34448819,
  22.850597 -20.625886 0.34448819,22.850597 -20.591461 0.34448819,
  29.713643 -20.419337 0.34448819,29.679218 -20.419337 0.34448819,
  29.644793 -20.419337 0.34448819,29.644793 -20.453762 0.34448819,
  29.644793 -20.488187 0.34448819,29.644793 -20.522611 0.34448819,
  29.644793 -20.557036 0.34448819,29.679218 -20.557036 0.34448819,
  29.713643 -20.557036 0.34448819,29.713643 -20.522611 0.34448819,
  29.713643 -20.488187 0.34448819,29.713643 -20.453762 0.34448819,
  29.610369 -20.557036 0.34448819,29.575944 -20.557036 0.34448819,
  29.541519 -20.557036 0.34448819,29.507094 -20.557036 0.34448819,
  29.472669 -20.557036 0.34448819,29.438244 -20.557036 0.34448819,
  29.40382 -20.557036 0.34448819,29.40382 -20.591461 0.34448819,
  29.40382 -20.625886 0.34448819,29.438244 -20.625886 0.34448819,
  29.472669 -20.625886 0.34448819,29.507094 -20.625886 0.34448819,
  29.541519 -20.625886 0.34448819,29.575944 -20.625886 0.34448819,
  29.610369 -20.625886 0.34448819,29.644793 -20.625886 0.34448819,
  29.644793 -20.591461 0.34448819,30.023466 -20.488187 0.34448819,
  29.989041 -20.488187 0.34448819,29.954617 -20.488187 0.34448819,
  29.954617 -20.522611 0.34448819,29.954617 -20.557036 0.34448819,
  29.989041 -20.557036 0.34448819,30.023466 -20.557036 0.34448819,
  30.023466 -20.591461 0.34448819,30.023466 -20.625886 0.34448819,
  30.057891 -20.625886 0.34448819,30.092315 -20.625886 0.34448819,
  30.092315 -20.591461 0.34448819,30.092315 -20.557036 0.34448819,
  30.092315 -20.522611 0.34448819,30.092315 -20.488187 0.34448819,
  30.092315 -20.453762 0.34448819,30.092315 -20.419337 0.34448819,
  30.092315 -20.384912 0.34448819,30.092315 -20.350487 0.34448819,
  30.092315 -20.316063 0.34448819,30.092315 -20.281638 0.34448819,
  30.092315 -20.247213 0.34448819,30.092315 -20.212788 0.34448819,
  30.057891 -20.212788 0.34448819,30.023466 -20.212788 0.34448819,
  30.023466 -20.247213 0.34448819,30.023466 -20.281638 0.34448819,
  30.023466 -20.316063 0.34448819,30.023466 -20.350487 0.34448819,
  30.023466 -20.384912 0.34448819,30.023466 -20.419337 0.34448819,
  30.023466 -20.453762 0.34448819,30.333481 -20.281638 0.34448819,
  30.299056 -20.281638 0.34448819,30.264631 -20.281638 0.34448819,
  30.264631 -20.316063 0.34448819,30.264631 -20.350487 0.34448819,
  30.299056 -20.350487 0.34448819,30.333481 -20.350487 0.34448819,
  30.333481 -20.384912 0.34448819,30.333481 -20.419337 0.34448819,
  30.333481 -20.453762 0.34448819,30.333481 -20.488187 0.34448819,
  30.299056 -20.488187 0.34448819,30.264631 -20.488187 0.34448819,
  30.230207 -20.488187 0.34448819,30.195782 -20.488187 0.34448819,
  30.195782 -20.453762 0.34448819,30.195782 -20.419337 0.34448819,
  30.161357 -20.419337 0.34448819,30.126933 -20.419337 0.34448819,
  30.126933 -20.453762 0.34448819,30.126933 -20.488187 0.34448819,
  30.126933 -20.522611 0.34448819,30.126933 -20.557036 0.34448819,
  30.161357 -20.557036 0.34448819,30.195782 -20.557036 0.34448819,
  30.230207 -20.557036 0.34448819,30.264631 -20.557036 0.34448819,
  30.299056 -20.557036 0.34448819,30.333481 -20.557036 0.34448819,
  30.333481 -20.591461 0.34448819,30.333481 -20.625886 0.34448819,
  30.367906 -20.625886 0.34448819,30.402331 -20.625886 0.34448819,
  30.402331 -20.591461 0.34448819,30.402331 -20.557036 0.34448819,
  30.436756 -20.557036 0.34448819,30.436756 -20.522611 0.34448819,
  30.436756 -20.488187 0.34448819,30.402331 -20.488187 0.34448819,
  30.402331 -20.453762 0.34448819,30.402331 -20.419337 0.34448819,
  30.402331 -20.384912 0.34448819,30.402331 -20.350487 0.34448819,
  30.402331 -20.316063 0.34448819,30.402331 -20.281638 0.34448819,
  30.402331 -20.247213 0.34448819,30.402331 -20.212788 0.34448819,
  30.367906 -20.212788 0.34448819,30.333481 -20.212788 0.34448819,
  30.333481 -20.247213 0.34448819,30.230207 -20.350487 0.34448819,
  30.195782 -20.350487 0.34448819,30.195782 -20.384912 0.34448819,
  30.230207 -20.419337 0.34448819,30.264631 -20.419337 0.34448819,
  30.264631 -20.384912 0.34448819,22.712898 -20.488187 0.34448819,
  22.678474 -20.488187 0.34448819,22.644049 -20.488187 0.34448819,
  22.644049 -20.522611 0.34448819,22.644049 -20.557036 0.34448819,
  22.678474 -20.557036 0.34448819,22.712898 -20.522611 0.34448819,
  29.954617 -20.419337 0.34448819,29.920192 -20.419337 0.34448819,
  29.885767 -20.419337 0.34448819,29.885767 -20.453762 0.34448819,
  29.885767 -20.488187 0.34448819,29.920192 -20.488187 0.34448819,
  29.954617 -20.453762 0.34448819,29.816917 -20.488187 0.34448819,
  29.816917 -20.453762 0.34448819,29.816917 -20.419337 0.34448819,
  29.816917 -20.384912 0.34448819,29.816917 -20.350487 0.34448819,
  29.816917 -20.316063 0.34448819,29.816917 -20.281638 0.34448819,
  29.816917 -20.247213 0.34448819,29.816917 -20.212788 0.34448819,
  29.782493 -20.212788 0.34448819,29.748068 -20.212788 0.34448819,
  29.748068 -20.247213 0.34448819,29.748068 -20.281638 0.34448819,
  29.748068 -20.316063 0.34448819,29.748068 -20.350487 0.34448819,
  29.748068 -20.384912 0.34448819,29.748068 -20.419337 0.34448819,
  29.748068 -20.453762 0.34448819,29.748068 -20.488187 0.34448819,
  29.748068 -20.522611 0.34448819,29.748068 -20.557036 0.34448819,
  29.748068 -20.591461 0.34448819,29.748068 -20.625886 0.34448819,
  29.782493 -20.625886 0.34448819,29.816917 -20.625886 0.34448819,
  29.816917 -20.591461 0.34448819,29.816917 -20.557036 0.34448819,
  29.851342 -20.557036 0.34448819,29.885767 -20.557036 0.34448819,
  29.885767 -20.522611 0.34448819,29.851342 -20.488187 0.34448819,
  22.816172 -20.384912 0.34448819,22.781748 -20.384912 0.34448819,
  22.781748 -20.419337 0.34448819,22.781748 -20.453762 0.34448819,
  22.816172 -20.453762 0.34448819,22.850597 -20.419337 0.34448819,
  22.230759 -20.212788 0.34448819,22.196334 -20.212788 0.34448819,
  22.161909 -20.212788 0.34448819,22.127485 -20.212788 0.34448819,
  22.09306 -20.212788 0.34448819,22.058635 -20.212788 0.34448819,
  22.02421 -20.212788 0.34448819,21.989785 -20.212788 0.34448819,
  21.989785 -20.247213 0.34448819,21.989785 -20.281638 0.34448819,
  22.02421 -20.281638 0.34448819,22.058635 -20.281638 0.34448819,
  22.09306 -20.281638 0.34448819,22.127485 -20.281638 0.34448819,
  22.161909 -20.281638 0.34448819,22.196334 -20.281638 0.34448819,
  22.230759 -20.281638 0.34448819,22.230759 -20.247213 0.34448819,
  22.161909 -20.350487 0.34448819,22.127485 -20.350487 0.34448819,
  22.09306 -20.350487 0.34448819,22.058635 -20.350487 0.34448819,
  22.02421 -20.350487 0.34448819,21.989785 -20.350487 0.34448819,
  21.989785 -20.384912 0.34448819,21.989785 -20.419337 0.34448819,
  22.02421 -20.419337 0.34448819,22.058635 -20.419337 0.34448819,
  22.09306 -20.419337 0.34448819,22.127485 -20.419337 0.34448819,
  22.161909 -20.384912 0.34448819,29.713643 -20.212788 0.34448819,
  29.679218 -20.212788 0.34448819,29.644793 -20.212788 0.34448819,
  29.610369 -20.212788 0.34448819,29.575944 -20.212788 0.34448819,
  29.541519 -20.212788 0.34448819,29.507094 -20.212788 0.34448819,
  29.472669 -20.212788 0.34448819,29.472669 -20.247213 0.34448819,
  29.472669 -20.281638 0.34448819,29.507094 -20.281638 0.34448819,
  29.541519 -20.281638 0.34448819,29.575944 -20.281638 0.34448819,
  29.610369 -20.281638 0.34448819,29.644793 -20.281638 0.34448819,
  29.679218 -20.281638 0.34448819,29.713643 -20.281638 0.34448819,
  29.713643 -20.247213 0.34448819,29.644793 -20.350487 0.34448819,
  29.610369 -20.350487 0.34448819,29.575944 -20.350487 0.34448819,
  29.541519 -20.350487 0.34448819,29.507094 -20.350487 0.34448819,
  29.472669 -20.350487 0.34448819,29.472669 -20.384912 0.34448819,
  29.472669 -20.419337 0.34448819,29.507094 -20.419337 0.34448819,
  29.541519 -20.419337 0.34448819,29.575944 -20.419337 0.34448819,
  29.610369 -20.419337 0.34448819,29.644793 -20.384912 0.34448819,
  21.955361 -20.281638 0.34448819,21.920936 -20.281638 0.34448819,
  21.920936 -20.316063 0.34448819,21.920936 -20.350487 0.34448819,
  21.955361 -20.350487 0.34448819,21.989785 -20.316063 0.34448819,
  22.678474 -20.281638 0.34448819,22.644049 -20.281638 0.34448819,
  22.644049 -20.316063 0.34448819,22.644049 -20.350487 0.34448819,
  22.678474 -20.350487 0.34448819,22.712898 -20.350487 0.34448819,
  22.712898 -20.316063 0.34448819,29.438244 -20.281638 0.34448819,
  29.40382 -20.281638 0.34448819,29.40382 -20.316063 0.34448819,
  29.40382 -20.350487 0.34448819,29.438244 -20.350487 0.34448819,
  29.472669 -20.316063 0.34448819,13.262699 -16.601522 0.34448819,
  13.228274 -16.601522 0.34448819,13.193849 -16.601522 0.34448819,
  13.193849 -16.635947 0.34448819,13.193849 -16.670372 0.34448819,
  13.228274 -16.670372 0.34448819,13.262699 -16.670372 0.34448819,
  13.262699 -16.635947 0.34448819,13.159424 -16.670372 0.34448819,
  13.125 -16.670372 0.34448819,13.125 -16.704796 0.34448819,
  13.125 -16.739221 0.34448819,13.125 -16.773646 0.34448819,
  13.125 -16.808071 0.34448819,13.159424 -16.808071 0.34448819,
  13.193849 -16.808071 0.34448819,13.193849 -16.773646 0.34448819,
  13.193849 -16.739221 0.34448819,13.193849 -16.704796 0.34448819,
  13.469248 -16.670372 0.34448819,13.434823 -16.670372 0.34448819,
  13.400398 -16.670372 0.34448819,13.400398 -16.704796 0.34448819,
  13.400398 -16.739221 0.34448819,13.400398 -16.773646 0.34448819,
  13.400398 -16.808071 0.34448819,13.434823 -16.808071 0.34448819,
  13.469248 -16.808071 0.34448819,13.469248 -16.773646 0.34448819,
  13.469248 -16.739221 0.34448819,13.469248 -16.704796 0.34448819,
  13.572714 -16.498248 0.34448819,13.538289 -16.498248 0.34448819,
  13.503865 -16.498248 0.34448819,13.503865 -16.532672 0.34448819,
  13.503865 -16.567097 0.34448819,13.503865 -16.601522 0.34448819,
  13.503865 -16.635947 0.34448819,13.503865 -16.670372 0.34448819,
  13.503865 -16.704796 0.34448819,13.503865 -16.739221 0.34448819,
  13.503865 -16.773646 0.34448819,13.503865 -16.808071 0.34448819,
  13.538289 -16.808071 0.34448819,13.572714 -16.808071 0.34448819,
  13.572714 -16.773646 0.34448819,13.572714 -16.739221 0.34448819,
  13.572714 -16.704796 0.34448819,13.572714 -16.670372 0.34448819,
  13.572714 -16.635947 0.34448819,13.572714 -16.601522 0.34448819,
  13.572714 -16.567097 0.34448819,13.572714 -16.532672 0.34448819,
  13.84792 -16.601522 0.34448819,13.813495 -16.601522 0.34448819,
  13.77907 -16.601522 0.34448819,13.744646 -16.601522 0.34448819,
  13.710221 -16.601522 0.34448819,13.675796 -16.601522 0.34448819,
  13.675796 -16.635947 0.34448819,13.675796 -16.670372 0.34448819,
  13.84792 -16.670372 0.34448819,13.84792 -16.739221 0.34448819,
  13.675796 -16.739221 0.34448819,13.675796 -16.773646 0.34448819,
  13.675796 -16.808071 0.34448819,13.710221 -16.808071 0.34448819,
  13.744646 -16.808071 0.34448819,13.77907 -16.808071 0.34448819,
  13.813495 -16.808071 0.34448819,13.84792 -16.808071 0.34448819,
  13.882345 -16.808071 0.34448819,13.91677 -16.808071 0.34448819,
  13.91677 -16.773646 0.34448819,13.91677 -16.739221 0.34448819,
  13.91677 -16.704796 0.34448819,13.91677 -16.670372 0.34448819,
  13.91677 -16.635947 0.34448819,13.91677 -16.601522 0.34448819,
  13.91677 -16.567097 0.34448819,13.882345 -16.567097 0.34448819,
  13.84792 -16.567097 0.34448819,14.157743 -16.498248 0.34448819,
  14.123319 -16.498248 0.34448819,14.088894 -16.498248 0.34448819,
  14.054469 -16.498248 0.34448819,14.020044 -16.498248 0.34448819,
  14.020044 -16.532672 0.34448819,14.020044 -16.567097 0.34448819,
  14.054469 -16.567097 0.34448819,14.088894 -16.567097 0.34448819,
  14.123319 -16.567097 0.34448819,14.157743 -16.567097 0.34448819,
  14.157743 -16.532672 0.34448819,14.157743 -16.739221 0.34448819,
  14.123319 -16.739221 0.34448819,14.088894 -16.739221 0.34448819,
  14.054469 -16.739221 0.34448819,14.020044 -16.739221 0.34448819,
  14.020044 -16.773646 0.34448819,14.020044 -16.808071 0.34448819,
  14.054469 -16.808071 0.34448819,14.088894 -16.808071 0.34448819,
  14.123319 -16.808071 0.34448819,14.157743 -16.808071 0.34448819,
  14.157743 -16.773646 0.34448819,14.501991 -16.567097 0.34448819,
  14.501991 -16.532672 0.34448819,14.501991 -16.498248 0.34448819,
  14.501991 -16.463823 0.34448819,14.501991 -16.429398 0.34448819,
  14.501991 -16.394973 0.34448819,14.467566 -16.394973 0.34448819,
  14.433141 -16.394973 0.34448819,14.433141 -16.429398 0.34448819,
  14.433141 -16.463823 0.34448819,14.433141 -16.498248 0.34448819,
  14.433141 -16.532672 0.34448819,14.433141 -16.567097 0.34448819,
  14.433141 -16.601522 0.34448819,14.433141 -16.635947 0.34448819,
  14.433141 -16.670372 0.34448819,14.433141 -16.704796 0.34448819,
  14.433141 -16.739221 0.34448819,14.433141 -16.773646 0.34448819,
  14.433141 -16.808071 0.34448819,14.467566 -16.808071 0.34448819,
  14.501991 -16.808071 0.34448819,14.501991 -16.773646 0.34448819,
  14.501991 -16.739221 0.34448819,14.501991 -16.704796 0.34448819,
  14.501991 -16.670372 0.34448819,14.501991 -16.635947 0.34448819,
  14.536416 -16.635947 0.34448819,14.570841 -16.635947 0.34448819,
  14.605265 -16.635947 0.34448819,14.63969 -16.635947 0.34448819,
  14.674115 -16.635947 0.34448819,14.70854 -16.635947 0.34448819,
  14.70854 -16.670372 0.34448819,14.70854 -16.704796 0.34448819,
  14.70854 -16.739221 0.34448819,14.70854 -16.773646 0.34448819,
  14.70854 -16.808071 0.34448819,14.742965 -16.808071 0.34448819,
  14.777389 -16.808071 0.34448819,14.777389 -16.773646 0.34448819,
  14.777389 -16.739221 0.34448819,14.777389 -16.704796 0.34448819,
  14.777389 -16.670372 0.34448819,14.777389 -16.635947 0.34448819,
  14.777389 -16.601522 0.34448819,14.777389 -16.567097 0.34448819,
  14.777389 -16.532672 0.34448819,14.777389 -16.498248 0.34448819,
  14.777389 -16.463823 0.34448819,14.777389 -16.429398 0.34448819,
  14.777389 -16.394973 0.34448819,14.742965 -16.394973 0.34448819,
  14.70854 -16.394973 0.34448819,14.70854 -16.429398 0.34448819,
  14.70854 -16.463823 0.34448819,14.70854 -16.498248 0.34448819,
  14.70854 -16.532672 0.34448819,14.70854 -16.567097 0.34448819,
  14.674115 -16.567097 0.34448819,14.63969 -16.567097 0.34448819,
  14.605265 -16.567097 0.34448819,14.570841 -16.567097 0.34448819,
  14.536416 -16.567097 0.34448819,15.087405 -16.704796 0.34448819,
  15.05298 -16.704796 0.34448819,15.018555 -16.704796 0.34448819,
  15.018555 -16.739221 0.34448819,14.98413 -16.739221 0.34448819,
  14.949706 -16.739221 0.34448819,14.915281 -16.739221 0.34448819,
  14.880856 -16.739221 0.34448819,14.880856 -16.773646 0.34448819,
  14.880856 -16.808071 0.34448819,14.915281 -16.808071 0.34448819,
  14.949706 -16.808071 0.34448819,14.98413 -16.808071 0.34448819,
  15.018555 -16.808071 0.34448819,15.05298 -16.808071 0.34448819,
  15.087405 -16.808071 0.34448819,15.087405 -16.773646 0.34448819,
  15.087405 -16.739221 0.34448819,15.190871 -16.532672 0.34448819,
  15.190871 -16.498248 0.34448819,15.156446 -16.498248 0.34448819,
  15.122022 -16.498248 0.34448819,15.122022 -16.532672 0.34448819,
  15.122022 -16.567097 0.34448819,15.122022 -16.601522 0.34448819,
  15.122022 -16.635947 0.34448819,15.122022 -16.670372 0.34448819,
  15.122022 -16.704796 0.34448819,15.122022 -16.739221 0.34448819,
  15.122022 -16.773646 0.34448819,15.122022 -16.808071 0.34448819,
  15.156446 -16.808071 0.34448819,15.190871 -16.808071 0.34448819,
  15.190871 -16.773646 0.34448819,15.190871 -16.739221 0.34448819,
  15.190871 -16.704796 0.34448819,15.190871 -16.670372 0.34448819,
  15.190871 -16.635947 0.34448819,15.190871 -16.601522 0.34448819,
  15.225296 -16.601522 0.34448819,15.225296 -16.567097 0.34448819,
  15.259721 -16.567097 0.34448819,15.294146 -16.567097 0.34448819,
  15.32857 -16.567097 0.34448819,15.32857 -16.601522 0.34448819,
  15.362995 -16.601522 0.34448819,15.362995 -16.567097 0.34448819,
  15.362995 -16.532672 0.34448819,15.32857 -16.532672 0.34448819,
  15.32857 -16.498248 0.34448819,15.294146 -16.498248 0.34448819,
  15.259721 -16.498248 0.34448819,15.225296 -16.498248 0.34448819,
  15.225296 -16.532672 0.34448819,15.672818 -16.704796 0.34448819,
  15.638393 -16.704796 0.34448819,15.603969 -16.704796 0.34448819,
  15.603969 -16.739221 0.34448819,15.569544 -16.739221 0.34448819,
  15.535119 -16.739221 0.34448819,15.500694 -16.739221 0.34448819,
  15.466269 -16.739221 0.34448819,15.466269 -16.773646 0.34448819,
  15.466269 -16.808071 0.34448819,15.500694 -16.808071 0.34448819,
  15.535119 -16.808071 0.34448819,15.569544 -16.808071 0.34448819,
  15.603969 -16.808071 0.34448819,15.638393 -16.808071 0.34448819,
  15.672818 -16.808071 0.34448819,15.672818 -16.773646 0.34448819,
  15.672818 -16.739221 0.34448819,13.641372 -16.670372 0.34448819,
  13.606947 -16.670372 0.34448819,13.606947 -16.704796 0.34448819,
  13.606947 -16.739221 0.34448819,13.641372 -16.739221 0.34448819,
  13.675796 -16.704796 0.34448819,13.985619 -16.567097 0.34448819,
  13.951194 -16.567097 0.34448819,13.951194 -16.601522 0.34448819,
  13.951194 -16.635947 0.34448819,13.951194 -16.670372 0.34448819,
  13.951194 -16.704796 0.34448819,13.951194 -16.739221 0.34448819,
  13.985619 -16.739221 0.34448819,14.020044 -16.704796 0.34448819,
  14.020044 -16.670372 0.34448819,14.020044 -16.635947 0.34448819,
  14.020044 -16.601522 0.34448819,14.226593 -16.567097 0.34448819,
  14.192168 -16.567097 0.34448819,14.157743 -16.601522 0.34448819,
  14.157743 -16.635947 0.34448819,14.157743 -16.670372 0.34448819,
  14.157743 -16.704796 0.34448819,14.192168 -16.739221 0.34448819,
  14.226593 -16.739221 0.34448819,14.226593 -16.704796 0.34448819,
  14.226593 -16.670372 0.34448819,14.226593 -16.635947 0.34448819,
  14.226593 -16.601522 0.34448819,15.018555 -16.498248 0.34448819,
  14.98413 -16.498248 0.34448819,14.949706 -16.498248 0.34448819,
  14.915281 -16.498248 0.34448819,14.880856 -16.498248 0.34448819,
  14.880856 -16.532672 0.34448819,14.880856 -16.567097 0.34448819,
  14.915281 -16.567097 0.34448819,14.949706 -16.567097 0.34448819,
  14.98413 -16.567097 0.34448819,15.018555 -16.567097 0.34448819,
  15.018555 -16.601522 0.34448819,14.98413 -16.601522 0.34448819,
  14.949706 -16.601522 0.34448819,14.915281 -16.601522 0.34448819,
  14.880856 -16.601522 0.34448819,14.846431 -16.567097 0.34448819,
  14.812006 -16.567097 0.34448819,14.812006 -16.601522 0.34448819,
  14.812006 -16.635947 0.34448819,14.812006 -16.670372 0.34448819,
  14.812006 -16.704796 0.34448819,14.812006 -16.739221 0.34448819,
  14.846431 -16.739221 0.34448819,14.880856 -16.704796 0.34448819,
  14.880856 -16.670372 0.34448819,14.915281 -16.670372 0.34448819,
  14.949706 -16.670372 0.34448819,14.98413 -16.670372 0.34448819,
  15.018555 -16.670372 0.34448819,15.018555 -16.635947 0.34448819,
  15.05298 -16.635947 0.34448819,15.087405 -16.635947 0.34448819,
  15.087405 -16.601522 0.34448819,15.087405 -16.567097 0.34448819,
  15.087405 -16.532672 0.34448819,15.087405 -16.498248 0.34448819,
  15.05298 -16.498248 0.34448819,15.603969 -16.498248 0.34448819,
  15.569544 -16.498248 0.34448819,15.535119 -16.498248 0.34448819,
  15.500694 -16.498248 0.34448819,15.466269 -16.498248 0.34448819,
  15.466269 -16.532672 0.34448819,15.466269 -16.567097 0.34448819,
  15.500694 -16.567097 0.34448819,15.535119 -16.567097 0.34448819,
  15.569544 -16.567097 0.34448819,15.603969 -16.567097 0.34448819,
  15.603969 -16.601522 0.34448819,15.569544 -16.601522 0.34448819,
  15.535119 -16.601522 0.34448819,15.500694 -16.601522 0.34448819,
  15.466269 -16.601522 0.34448819,15.431844 -16.567097 0.34448819,
  15.39742 -16.567097 0.34448819,15.39742 -16.601522 0.34448819,
  15.39742 -16.635947 0.34448819,15.39742 -16.670372 0.34448819,
  15.39742 -16.704796 0.34448819,15.39742 -16.739221 0.34448819,
  15.431844 -16.739221 0.34448819,15.466269 -16.704796 0.34448819,
  15.466269 -16.670372 0.34448819,15.500694 -16.670372 0.34448819,
  15.535119 -16.670372 0.34448819,15.569544 -16.670372 0.34448819,
  15.603969 -16.670372 0.34448819,15.603969 -16.635947 0.34448819,
  15.638393 -16.635947 0.34448819,15.672818 -16.635947 0.34448819,
  15.672818 -16.601522 0.34448819,15.672818 -16.567097 0.34448819,
  15.672818 -16.532672 0.34448819,15.672818 -16.498248 0.34448819,
  15.638393 -16.498248 0.34448819,13.331548 -16.532672 0.34448819,
  13.297124 -16.532672 0.34448819,13.262699 -16.532672 0.34448819,
  13.262699 -16.567097 0.34448819,13.297124 -16.601522 0.34448819,
  13.331548 -16.601522 0.34448819,13.331548 -16.567097 0.34448819,
  13.400398 -16.463823 0.34448819,13.365973 -16.463823 0.34448819,
  13.331548 -16.463823 0.34448819,13.331548 -16.498248 0.34448819,
  13.365973 -16.532672 0.34448819,13.400398 -16.532672 0.34448819,
  13.400398 -16.498248 0.34448819,13.400398 -16.601522 0.34448819,
  13.365973 -16.601522 0.34448819,13.331548 -16.635947 0.34448819,
  13.331548 -16.670372 0.34448819,13.365973 -16.670372 0.34448819,
  13.400398 -16.635947 0.34448819,13.84792 -16.498248 0.34448819,
  13.813495 -16.498248 0.34448819,13.77907 -16.498248 0.34448819,
  13.744646 -16.498248 0.34448819,13.710221 -16.498248 0.34448819,
  13.675796 -16.498248 0.34448819,13.641372 -16.498248 0.34448819,
  13.606947 -16.498248 0.34448819,13.606947 -16.532672 0.34448819,
  13.606947 -16.567097 0.34448819,13.641372 -16.567097 0.34448819,
  13.675796 -16.567097 0.34448819,13.710221 -16.567097 0.34448819,
  13.744646 -16.567097 0.34448819,13.77907 -16.567097 0.34448819,
  13.813495 -16.567097 0.34448819,13.84792 -16.532672 0.34448819,
  13.262699 -16.463823 0.34448819,13.228274 -16.463823 0.34448819,
  13.193849 -16.463823 0.34448819,13.193849 -16.498248 0.34448819,
  13.193849 -16.532672 0.34448819,13.228274 -16.532672 0.34448819,
  13.262699 -16.498248 0.34448819,13.193849 -16.394973 0.34448819,
  13.159424 -16.394973 0.34448819,13.125 -16.394973 0.34448819,
  13.125 -16.429398 0.34448819,13.125 -16.463823 0.34448819,
  13.159424 -16.463823 0.34448819,13.193849 -16.429398 0.34448819,
  13.469248 -16.394973 0.34448819,13.434823 -16.394973 0.34448819,
  13.400398 -16.394973 0.34448819,13.400398 -16.429398 0.34448819,
  13.434823 -16.463823 0.34448819,13.469248 -16.463823 0.34448819,
  13.469248 -16.429398 0.34448819,13.572714 -16.394973 0.34448819,
  13.538289 -16.394973 0.34448819,13.503865 -16.394973 0.34448819,
  13.503865 -16.429398 0.34448819,13.503865 -16.463823 0.34448819,
  13.538289 -16.463823 0.34448819,13.572714 -16.463823 0.34448819,
  13.572714 -16.429398 0.34448819,11.185606 -11.702447 0.34448819,
  11.172199 -11.652413 0.34448819,11.146299 -11.607553 0.34448819,
  11.109672 -11.570925 0.34448819,11.064812 -11.545026 0.34448819,
  11.014778 -11.531619 0.34448819,10.962978 -11.531619 0.34448819,
  10.912944 -11.545026 0.34448819,10.868084 -11.570925 0.34448819,
  10.831457 -11.607553 0.34448819,10.805557 -11.652413 0.34448819,
  10.79215 -11.702447 0.34448819,10.79215 -11.754246 0.34448819,
  10.805557 -11.80428 0.34448819,10.831457 -11.84914 0.34448819,
  10.868084 -11.885768 0.34448819,10.912944 -11.911667 0.34448819,
  10.962978 -11.925074 0.34448819,11.014778 -11.925074 0.34448819,
  11.064812 -11.911667 0.34448819,11.109672 -11.885768 0.34448819,
  11.146299 -11.84914 0.34448819,11.172199 -11.80428 0.34448819,
  11.185606 -11.754246 0.34448819,25.1875 -18.836122 0.34448819,
  25.19654 -18.834324 0.34448819,25.209324 -18.82154 0.34448819,
  25.211122 -18.8125 0.34448819,25.211122 -13.3125 0.34448819,
  25.209324 -13.30346 0.34448819,25.19654 -13.290676 0.34448819,
  25.1875 -13.288878 0.34448819,19.6875 -13.288878 0.34448819,
  19.67846 -13.290676 0.34448819,19.665676 -13.30346 0.34448819,
  19.663878 -13.3125 0.34448819,19.663878 -18.788878 0.34448819,
  19.663878 -18.8125 0.34448819,19.665676 -18.82154 0.34448819,
  19.67846 -18.834324 0.34448819,19.6875 -18.836122 0.34448819,
  25.163878 -13.336122 0.34448819,25.163878 -18.788878 0.34448819,
  19.711122 -18.788878 0.34448819,19.711122 -13.336122 0.34448819,
  32.6875 -18.836122 0.34448819,32.69654 -18.834324 0.34448819,
  32.709324 -18.82154 0.34448819,32.711122 -18.8125 0.34448819,
  32.711122 -13.3125 0.34448819,32.709324 -13.30346 0.34448819,
  32.69654 -13.290676 0.34448819,32.6875 -13.288878 0.34448819,
  27.1875 -13.288878 0.34448819,27.17846 -13.290676 0.34448819,
  27.165676 -13.30346 0.34448819,27.163878 -13.3125 0.34448819,
  27.163878 -18.788878 0.34448819,27.163878 -18.8125 0.34448819,
  27.165676 -18.82154 0.34448819,27.17846 -18.834324 0.34448819,
  27.1875 -18.836122 0.34448819,32.663878 -13.336122 0.34448819,
  32.663878 -18.788878 0.34448819,27.211122 -18.788878 0.34448819,
  27.211122 -13.336122 0.34448819,22.196526 -13.057036 0.34448819,
  22.162102 -13.057036 0.34448819,22.127677 -13.057036 0.34448819,
  22.093252 -13.057036 0.34448819,22.058827 -13.057036 0.34448819,
  22.024402 -13.057036 0.34448819,21.989978 -13.057036 0.34448819,
  21.955553 -13.057036 0.34448819,21.955553 -13.091461 0.34448819,
  21.955553 -13.125886 0.34448819,21.989978 -13.125886 0.34448819,
  22.024402 -13.125886 0.34448819,22.058827 -13.125886 0.34448819,
  22.093252 -13.125886 0.34448819,22.127677 -13.125886 0.34448819,
  22.162102 -13.125886 0.34448819,22.196526 -13.125886 0.34448819,
  22.196526 -13.091461 0.34448819,22.50635 -12.919337 0.34448819,
  22.471925 -12.919337 0.34448819,22.4375 -12.919337 0.34448819,
  22.4375 -12.953762 0.34448819,22.4375 -12.988187 0.34448819,
  22.471925 -12.988187 0.34448819,22.50635 -12.988187 0.34448819,
  22.50635 -12.953762 0.34448819,22.36865 -12.988187 0.34448819,
  22.36865 -12.953762 0.34448819,22.36865 -12.919337 0.34448819,
  22.36865 -12.884912 0.34448819,22.36865 -12.850487 0.34448819,
  22.36865 -12.816063 0.34448819,22.36865 -12.781638 0.34448819,
  22.36865 -12.747213 0.34448819,22.36865 -12.712788 0.34448819,
  22.334226 -12.712788 0.34448819,22.299801 -12.712788 0.34448819,
  22.299801 -12.747213 0.34448819,22.299801 -12.781638 0.34448819,
  22.299801 -12.816063 0.34448819,22.299801 -12.850487 0.34448819,
  22.299801 -12.884912 0.34448819,22.299801 -12.919337 0.34448819,
  22.299801 -12.953762 0.34448819,22.299801 -12.988187 0.34448819,
  22.299801 -13.022611 0.34448819,22.299801 -13.057036 0.34448819,
  22.299801 -13.091461 0.34448819,22.299801 -13.125886 0.34448819,
  22.334226 -13.125886 0.34448819,22.36865 -13.125886 0.34448819,
  22.36865 -13.091461 0.34448819,22.36865 -13.057036 0.34448819,
  22.403075 -13.057036 0.34448819,22.4375 -13.057036 0.34448819,
  22.4375 -13.022611 0.34448819,22.403075 -12.988187 0.34448819,
  22.575199 -12.988187 0.34448819,22.540774 -12.988187 0.34448819,
  22.50635 -13.022611 0.34448819,22.50635 -13.057036 0.34448819,
  22.540774 -13.057036 0.34448819,22.575199 -13.057036 0.34448819,
  22.575199 -13.091461 0.34448819,22.575199 -13.125886 0.34448819,
  22.609624 -13.125886 0.34448819,22.644048 -13.125886 0.34448819,
  22.644048 -13.091461 0.34448819,22.644048 -13.057036 0.34448819,
  22.644048 -13.022611 0.34448819,22.644048 -12.988187 0.34448819,
  22.644048 -12.953762 0.34448819,22.644048 -12.919337 0.34448819,
  22.644048 -12.884912 0.34448819,22.644048 -12.850487 0.34448819,
  22.644048 -12.816063 0.34448819,22.644048 -12.781638 0.34448819,
  22.644048 -12.747213 0.34448819,22.644048 -12.712788 0.34448819,
  22.609624 -12.712788 0.34448819,22.575199 -12.712788 0.34448819,
  22.575199 -12.747213 0.34448819,22.575199 -12.781638 0.34448819,
  22.575199 -12.816063 0.34448819,22.575199 -12.850487 0.34448819,
  22.575199 -12.884912 0.34448819,22.575199 -12.919337 0.34448819,
  22.575199 -12.953762 0.34448819,22.747515 -12.781638 0.34448819,
  22.713091 -12.781638 0.34448819,22.678666 -12.781638 0.34448819,
  22.678666 -12.816063 0.34448819,22.678666 -12.850487 0.34448819,
  22.713091 -12.850487 0.34448819,22.747515 -12.850487 0.34448819,
  22.747515 -12.884912 0.34448819,22.747515 -12.919337 0.34448819,
  22.747515 -12.953762 0.34448819,22.747515 -12.988187 0.34448819,
  22.747515 -13.022611 0.34448819,22.747515 -13.057036 0.34448819,
  22.713091 -13.057036 0.34448819,22.678666 -13.057036 0.34448819,
  22.678666 -13.091461 0.34448819,22.678666 -13.125886 0.34448819,
  22.713091 -13.125886 0.34448819,22.747515 -13.125886 0.34448819,
  22.78194 -13.125886 0.34448819,22.816365 -13.125886 0.34448819,
  22.850789 -13.125886 0.34448819,22.885214 -13.125886 0.34448819,
  22.885214 -13.091461 0.34448819,22.885214 -13.057036 0.34448819,
  22.850789 -13.057036 0.34448819,22.816365 -13.057036 0.34448819,
  22.816365 -13.022611 0.34448819,22.816365 -12.988187 0.34448819,
  22.816365 -12.953762 0.34448819,22.816365 -12.919337 0.34448819,
  22.816365 -12.884912 0.34448819,22.816365 -12.850487 0.34448819,
  22.816365 -12.816063 0.34448819,22.816365 -12.781638 0.34448819,
  22.816365 -12.747213 0.34448819,22.816365 -12.712788 0.34448819,
  22.78194 -12.712788 0.34448819,22.747515 -12.712788 0.34448819,
  22.747515 -12.747213 0.34448819,29.730759 -12.919337 0.34448819,
  29.696334 -12.919337 0.34448819,29.661909 -12.919337 0.34448819,
  29.661909 -12.953762 0.34448819,29.661909 -12.988187 0.34448819,
  29.661909 -13.022611 0.34448819,29.661909 -13.057036 0.34448819,
  29.696334 -13.057036 0.34448819,29.730759 -13.057036 0.34448819,
  29.730759 -13.022611 0.34448819,29.730759 -12.988187 0.34448819,
  29.730759 -12.953762 0.34448819,29.627485 -13.057036 0.34448819,
  29.59306 -13.057036 0.34448819,29.558635 -13.057036 0.34448819,
  29.52421 -13.057036 0.34448819,29.489785 -13.057036 0.34448819,
  29.455361 -13.057036 0.34448819,29.420936 -13.057036 0.34448819,
  29.420936 -13.091461 0.34448819,29.420936 -13.125886 0.34448819,
  29.455361 -13.125886 0.34448819,29.489785 -13.125886 0.34448819,
  29.52421 -13.125886 0.34448819,29.558635 -13.125886 0.34448819,
  29.59306 -13.125886 0.34448819,29.627485 -13.125886 0.34448819,
  29.661909 -13.125886 0.34448819,29.661909 -13.091461 0.34448819,
  30.040582 -12.988187 0.34448819,30.006157 -12.988187 0.34448819,
  29.971733 -12.988187 0.34448819,29.971733 -13.022611 0.34448819,
  29.971733 -13.057036 0.34448819,30.006157 -13.057036 0.34448819,
  30.040582 -13.057036 0.34448819,30.040582 -13.091461 0.34448819,
  30.040582 -13.125886 0.34448819,30.075007 -13.125886 0.34448819,
  30.109431 -13.125886 0.34448819,30.109431 -13.091461 0.34448819,
  30.109431 -13.057036 0.34448819,30.109431 -13.022611 0.34448819,
  30.109431 -12.988187 0.34448819,30.109431 -12.953762 0.34448819,
  30.109431 -12.919337 0.34448819,30.109431 -12.884912 0.34448819,
  30.109431 -12.850487 0.34448819,30.109431 -12.816063 0.34448819,
  30.109431 -12.781638 0.34448819,30.109431 -12.747213 0.34448819,
  30.109431 -12.712788 0.34448819,30.075007 -12.712788 0.34448819,
  30.040582 -12.712788 0.34448819,30.040582 -12.747213 0.34448819,
  30.040582 -12.781638 0.34448819,30.040582 -12.816063 0.34448819,
  30.040582 -12.850487 0.34448819,30.040582 -12.884912 0.34448819,
  30.040582 -12.919337 0.34448819,30.040582 -12.953762 0.34448819,
  30.419447 -12.781638 0.34448819,30.385022 -12.781638 0.34448819,
  30.350597 -12.781638 0.34448819,30.350597 -12.816063 0.34448819,
  30.350597 -12.850487 0.34448819,30.385022 -12.850487 0.34448819,
  30.419447 -12.850487 0.34448819,30.419447 -12.816063 0.34448819,
  30.316172 -12.850487 0.34448819,30.281748 -12.850487 0.34448819,
  30.281748 -12.884912 0.34448819,30.281748 -12.919337 0.34448819,
  30.316172 -12.919337 0.34448819,30.350597 -12.919337 0.34448819,
  30.350597 -12.884912 0.34448819,30.247323 -12.919337 0.34448819,
  30.212898 -12.919337 0.34448819,30.212898 -12.953762 0.34448819,
  30.212898 -12.988187 0.34448819,30.247323 -12.988187 0.34448819,
  30.281748 -12.988187 0.34448819,30.281748 -12.953762 0.34448819,
  30.212898 -13.057036 0.34448819,30.212898 -13.022611 0.34448819,
  30.178474 -12.988187 0.34448819,30.144049 -12.988187 0.34448819,
  30.144049 -13.022611 0.34448819,30.144049 -13.057036 0.34448819,
  30.144049 -13.091461 0.34448819,30.144049 -13.125886 0.34448819,
  30.178474 -13.125886 0.34448819,30.212898 -13.125886 0.34448819,
  30.247323 -13.125886 0.34448819,30.281748 -13.125886 0.34448819,
  30.316172 -13.125886 0.34448819,30.350597 -13.125886 0.34448819,
  30.385022 -13.125886 0.34448819,30.419447 -13.125886 0.34448819,
  30.419447 -13.091461 0.34448819,30.419447 -13.057036 0.34448819,
  30.385022 -13.057036 0.34448819,30.350597 -13.057036 0.34448819,
  30.316172 -13.057036 0.34448819,30.281748 -13.057036 0.34448819,
  30.247323 -13.057036 0.34448819,22.265376 -12.919337 0.34448819,
  22.230951 -12.919337 0.34448819,22.196526 -12.919337 0.34448819,
  22.196526 -12.953762 0.34448819,22.196526 -12.988187 0.34448819,
  22.196526 -13.022611 0.34448819,22.230951 -13.057036 0.34448819,
  22.265376 -13.057036 0.34448819,22.265376 -13.022611 0.34448819,
  22.265376 -12.988187 0.34448819,22.265376 -12.953762 0.34448819,
  29.971733 -12.919337 0.34448819,29.937308 -12.919337 0.34448819,
  29.902883 -12.919337 0.34448819,29.902883 -12.953762 0.34448819,
  29.902883 -12.988187 0.34448819,29.937308 -12.988187 0.34448819,
  29.971733 -12.953762 0.34448819,29.834033 -12.988187 0.34448819,
  29.834033 -12.953762 0.34448819,29.834033 -12.919337 0.34448819,
  29.834033 -12.884912 0.34448819,29.834033 -12.850487 0.34448819,
  29.834033 -12.816063 0.34448819,29.834033 -12.781638 0.34448819,
  29.834033 -12.747213 0.34448819,29.834033 -12.712788 0.34448819,
  29.799609 -12.712788 0.34448819,29.765184 -12.712788 0.34448819,
  29.765184 -12.747213 0.34448819,29.765184 -12.781638 0.34448819,
  29.765184 -12.816063 0.34448819,29.765184 -12.850487 0.34448819,
  29.765184 -12.884912 0.34448819,29.765184 -12.919337 0.34448819,
  29.765184 -12.953762 0.34448819,29.765184 -12.988187 0.34448819,
  29.765184 -13.022611 0.34448819,29.765184 -13.057036 0.34448819,
  29.765184 -13.091461 0.34448819,29.765184 -13.125886 0.34448819,
  29.799609 -13.125886 0.34448819,29.834033 -13.125886 0.34448819,
  29.834033 -13.091461 0.34448819,29.834033 -13.057036 0.34448819,
  29.868458 -13.057036 0.34448819,29.902883 -13.057036 0.34448819,
  29.902883 -13.022611 0.34448819,29.868458 -12.988187 0.34448819,
  22.265376 -12.712788 0.34448819,22.230951 -12.712788 0.34448819,
  22.196526 -12.712788 0.34448819,22.162102 -12.712788 0.34448819,
  22.127677 -12.712788 0.34448819,22.093252 -12.712788 0.34448819,
  22.058827 -12.712788 0.34448819,22.024402 -12.712788 0.34448819,
  22.024402 -12.747213 0.34448819,22.024402 -12.781638 0.34448819,
  22.058827 -12.781638 0.34448819,22.093252 -12.781638 0.34448819,
  22.127677 -12.781638 0.34448819,22.162102 -12.781638 0.34448819,
  22.196526 -12.781638 0.34448819,22.230951 -12.781638 0.34448819,
  22.265376 -12.781638 0.34448819,22.265376 -12.747213 0.34448819,
  22.196526 -12.850487 0.34448819,22.162102 -12.850487 0.34448819,
  22.127677 -12.850487 0.34448819,22.093252 -12.850487 0.34448819,
  22.058827 -12.850487 0.34448819,22.024402 -12.850487 0.34448819,
  22.024402 -12.884912 0.34448819,22.024402 -12.919337 0.34448819,
  22.058827 -12.919337 0.34448819,22.093252 -12.919337 0.34448819,
  22.127677 -12.919337 0.34448819,22.162102 -12.919337 0.34448819,
  22.196526 -12.884912 0.34448819,29.661909 -12.850487 0.34448819,
  29.627485 -12.850487 0.34448819,29.59306 -12.850487 0.34448819,
  29.558635 -12.850487 0.34448819,29.52421 -12.850487 0.34448819,
  29.489785 -12.850487 0.34448819,29.489785 -12.884912 0.34448819,
  29.489785 -12.919337 0.34448819,29.52421 -12.919337 0.34448819,
  29.558635 -12.919337 0.34448819,29.59306 -12.919337 0.34448819,
  29.627485 -12.919337 0.34448819,29.661909 -12.884912 0.34448819,
  21.989978 -12.781638 0.34448819,21.955553 -12.781638 0.34448819,
  21.955553 -12.816063 0.34448819,21.955553 -12.850487 0.34448819,
  21.989978 -12.850487 0.34448819,22.024402 -12.816063 0.34448819,
  29.489785 -12.781638 0.34448819,29.455361 -12.781638 0.34448819,
  29.420936 -12.781638 0.34448819,29.420936 -12.816063 0.34448819,
  29.420936 -12.850487 0.34448819,29.455361 -12.850487 0.34448819,
  29.489785 -12.816063 0.34448819,30.350597 -12.712788 0.34448819,
  30.316172 -12.712788 0.34448819,30.281748 -12.712788 0.34448819,
  30.247323 -12.712788 0.34448819,30.212898 -12.712788 0.34448819,
  30.212898 -12.747213 0.34448819,30.212898 -12.781638 0.34448819,
  30.247323 -12.781638 0.34448819,30.281748 -12.781638 0.34448819,
  30.316172 -12.781638 0.34448819,30.350597 -12.747213 0.34448819,
  30.178474 -12.781638 0.34448819,30.144049 -12.781638 0.34448819,
  30.144049 -12.816063 0.34448819,30.144049 -12.850487 0.34448819,
  30.178474 -12.850487 0.34448819,30.212898 -12.850487 0.34448819,
  30.212898 -12.816063 0.34448819,29.730759 -12.712788 0.34448819,
  29.696334 -12.712788 0.34448819,29.661909 -12.712788 0.34448819,
  29.627485 -12.712788 0.34448819,29.59306 -12.712788 0.34448819,
  29.558635 -12.712788 0.34448819,29.52421 -12.712788 0.34448819,
  29.489785 -12.712788 0.34448819,29.489785 -12.747213 0.34448819,
  29.52421 -12.781638 0.34448819,29.558635 -12.781638 0.34448819,
  29.59306 -12.781638 0.34448819,29.627485 -12.781638 0.34448819,
  29.661909 -12.781638 0.34448819,29.696334 -12.781638 0.34448819,
  29.730759 -12.781638 0.34448819,29.730759 -12.747213 0.34448819,
  10.735606 -11.35599 0.34448819,10.722199 -11.305956 0.34448819,
  10.696299 -11.261096 0.34448819,10.685203 -11.25 0.34448819,
  10.392553 -11.25 0.34448819,10.381457 -11.261096 0.34448819,
  10.355557 -11.305956 0.34448819,10.34215 -11.35599 0.34448819,
  10.34215 -11.407789 0.34448819,10.355557 -11.457824 0.34448819,
  10.381457 -11.502683 0.34448819,10.418084 -11.539311 0.34448819,
  10.462944 -11.565211 0.34448819,10.512978 -11.578617 0.34448819,
  10.564778 -11.578617 0.34448819,10.614812 -11.565211 0.34448819,
  10.659672 -11.539311 0.34448819,10.696299 -11.502683 0.34448819,
  10.722199 -11.457824 0.34448819,10.735606 -11.407789 0.34448819,
  13.996336 -26.217495 0.34448819,14.822338 -26.183071 0.34448819,
  10.450199 -25.907672 0.34448819,10.760214 -26.045372 0.34448819,
  10.932338 -25.942097 0.34448819,10.760214 -26.114221 0.34448819,
  11.104462 -25.942097 0.34448819,11.414478 -26.114221 0.34448819,
  12.17163 -25.942097 0.34448819,12.89455 -26.045372 0.34448819,
  13.066674 -25.942097 0.34448819,12.89455 -26.114221 0.34448819,
  13.548621 -26.114221 0.34448819,13.858444 -25.976522 0.34448819,
  13.789595 -25.976522 0.34448819,14.684639 -26.045372 0.34448819,
  14.512323 -25.838823 0.34448819,14.512323 -25.942097 0.34448819,
  14.512323 -26.010947 0.34448819,14.512323 -26.114221 0.34448819,
  15.545451 -26.114221 0.34448819,15.993165 -25.942097 0.34448819,
  16.199714 -25.942097 0.34448819,16.062015 -25.942097 0.34448819,
  16.37203 -26.045372 0.34448819,16.544154 -25.942097 0.34448819,
  16.37203 -26.114221 0.34448819,16.888402 -25.942097 0.34448819,
  17.1638 -26.045372 0.34448819,17.1638 -26.114221 0.34448819,
  11.414478 -25.942097 0.34448819,17.060526 -25.976522 0.34448819,
  10.519048 -25.907672 0.34448819,17.060526 -25.907672 0.34448819,
  12.401599 -20.891972 0.34448819,12.401599 -21.167371 0.34448819,
  16.116982 -20.891972 0.34448819,16.116982 -21.167371 0.34448819,
  16.426997 -20.891972 0.34448819,16.426997 -20.960822 0.34448819,
  16.358148 -21.029672 0.34448819,16.289298 -21.098521 0.34448819,
  16.289298 -20.891972 0.34448819,22.161909 -20.419337 0.34448819,
  22.161909 -20.557036 0.34448819,22.471733 -20.488187 0.34448819,
  22.402883 -20.488187 0.34448819,22.850597 -20.281638 0.34448819,
  22.850597 -20.384912 0.34448819,22.850597 -20.453762 0.34448819,
  22.850597 -20.557036 0.34448819,22.712898 -20.557036 0.34448819,
  29.644793 -20.419337 0.34448819,29.644793 -20.557036 0.34448819,
  29.954617 -20.488187 0.34448819,30.264631 -20.350487 0.34448819,
  30.195782 -20.419337 0.34448819,29.885767 -20.488187 0.34448819,
  21.989785 -20.350487 0.34448819,29.472669 -20.350487 0.34448819,
  21.989785 -20.281638 0.34448819,22.712898 -20.281638 0.34448819,
  29.472669 -20.281638 0.34448819,13.331548 -16.532672 0.34448819,
  13.331548 -16.601522 0.34448819,13.262699 -16.532672 0.34448819,
  13.262699 -16.601522 0.34448819,13.193849 -16.670372 0.34448819,
  13.400398 -16.670372 0.34448819,13.675796 -16.670372 0.34448819,
  13.84792 -16.567097 0.34448819,13.675796 -16.739221 0.34448819,
  14.157743 -16.567097 0.34448819,14.157743 -16.739221 0.34448819,
  14.020044 -16.739221 0.34448819,14.880856 -16.739221 0.34448819,
  15.466269 -16.739221 0.34448819,14.020044 -16.567097 0.34448819,
  14.880856 -16.567097 0.34448819,15.466269 -16.567097 0.34448819,
  13.400398 -16.463823 0.34448819,13.193849 -16.463823 0.34448819,
  22.196526 -13.057036 0.34448819,22.50635 -12.988187 0.34448819,
  22.4375 -12.988187 0.34448819,29.661909 -12.919337 0.34448819,
  29.661909 -13.057036 0.34448819,29.971733 -12.988187 0.34448819,
  30.350597 -12.781638 0.34448819,30.350597 -12.850487 0.34448819,
  30.281748 -12.919337 0.34448819,30.212898 -12.988187 0.34448819,
  22.196526 -12.919337 0.34448819,29.902883 -12.988187 0.34448819,
  22.024402 -12.850487 0.34448819,29.489785 -12.850487 0.34448819,
  22.024402 -12.781638 0.34448819,29.489785 -12.781638 0.34448819,
  30.212898 -12.781638 0.34448819] }
 coordIndex [
  17,0,7,-1,7,0,1,-1,7,1,6,-1,6,1,2,-1,6,2,5,-1,5,2,3,-1,5,3,4,-1,17,7,20,-1,
  20,7,8,-1,20,8,19,-1,19,8,16,-1,19,16,0,-1,18,19,0,-1,18,0,17,-1,11,14,10,-1,10,14,15,-1,
  10,15,9,-1,9,15,16,-1,9,16,8,-1,12,13,14,-1,12,14,11,-1,38,21,28,-1,28,21,22,-1,28,22,27,-1,
  27,22,23,-1,27,23,26,-1,26,23,24,-1,26,24,25,-1,38,28,41,-1,41,28,29,-1,41,29,40,-1,40,29,37,-1,
  40,37,21,-1,39,40,21,-1,39,21,38,-1,32,35,31,-1,31,35,36,-1,31,36,30,-1,30,36,37,-1,30,37,29,-1,
  33,34,35,-1,33,35,32,-1,43,44,45,-1,43,45,2912,-1,61,2913,60,-1,60,2913,47,-1,60,47,59,-1,59,47,48,-1,
  59,48,58,-1,58,48,49,-1,58,49,57,-1,57,49,50,-1,57,50,56,-1,56,50,51,-1,56,51,55,-1,55,51,52,-1,
  55,52,53,-1,64,65,80,-1,64,80,81,-1,64,81,82,-1,64,82,83,-1,64,83,84,-1,64,84,85,-1,64,85,86,-1,
  64,86,87,-1,64,87,88,-1,64,88,62,-1,64,62,63,-1,79,80,65,-1,79,65,66,-1,79,66,67,-1,79,67,68,-1,
  79,68,69,-1,79,69,70,-1,79,70,71,-1,79,71,72,-1,79,72,73,-1,79,73,74,-1,79,74,75,-1,79,75,76,-1,
  79,76,77,-1,79,77,78,-1,91,92,2914,-1,2914,92,93,-1,2914,93,89,-1,89,93,62,-1,89,62,88,-1,102,103,112,-1,
  102,112,94,-1,102,94,95,-1,102,95,96,-1,102,96,97,-1,102,97,98,-1,102,98,99,-1,102,99,100,-1,102,100,2915,-1,
  120,121,113,-1,120,113,114,-1,120,114,115,-1,120,115,116,-1,120,116,117,-1,120,117,118,-1,120,118,119,-1,112,113,121,-1,
  112,121,2916,-1,112,2916,94,-1,103,2917,107,-1,103,107,108,-1,103,108,109,-1,103,109,110,-1,103,110,111,-1,103,111,112,-1,
  105,106,107,-1,105,107,2917,-1,178,179,162,-1,162,179,123,-1,162,123,133,-1,133,123,124,-1,133,124,132,-1,132,124,125,-1,
  132,125,131,-1,131,125,126,-1,131,126,130,-1,130,126,127,-1,130,127,128,-1,175,176,163,-1,175,163,164,-1,175,164,165,-1,
  175,165,166,-1,175,166,167,-1,175,167,168,-1,175,168,169,-1,175,169,170,-1,175,170,171,-1,175,171,172,-1,175,172,173,-1,
  175,173,174,-1,162,163,176,-1,162,176,177,-1,162,177,178,-1,162,133,134,-1,162,134,135,-1,162,135,136,-1,162,136,137,-1,
  162,137,138,-1,162,138,161,-1,2918,157,142,-1,142,157,158,-1,142,158,141,-1,141,158,159,-1,141,159,140,-1,140,159,160,-1,
  140,160,139,-1,139,160,161,-1,139,161,138,-1,2918,142,143,-1,2918,143,144,-1,2918,144,145,-1,2918,145,146,-1,147,148,156,-1,
  147,156,157,-1,147,157,2918,-1,156,148,149,-1,156,149,150,-1,156,150,151,-1,156,151,152,-1,156,152,153,-1,156,153,154,-1,
  156,154,155,-1,182,194,181,-1,181,194,195,-1,181,195,180,-1,180,195,196,-1,180,196,197,-1,2919,190,186,-1,186,190,191,-1,
  186,191,185,-1,185,191,192,-1,185,192,184,-1,184,192,193,-1,184,193,183,-1,183,193,194,-1,183,194,182,-1,188,189,190,-1,
  188,190,2919,-1,198,199,211,-1,198,211,212,-1,198,212,213,-1,198,213,214,-1,198,214,215,-1,198,215,216,-1,198,216,217,-1,
  198,217,218,-1,198,218,219,-1,210,211,199,-1,210,199,200,-1,210,200,201,-1,210,201,202,-1,210,202,203,-1,210,203,204,-1,
  210,204,205,-1,210,205,206,-1,210,206,207,-1,210,207,208,-1,210,208,209,-1,244,245,225,-1,225,245,246,-1,225,246,224,-1,
  224,246,247,-1,224,247,223,-1,223,247,248,-1,223,248,222,-1,222,248,249,-1,222,249,221,-1,221,249,2920,-1,221,2920,220,-1,
  220,2920,251,-1,225,226,238,-1,225,238,239,-1,225,239,240,-1,225,240,241,-1,225,241,242,-1,225,242,243,-1,225,243,244,-1,
  237,238,226,-1,237,226,227,-1,237,227,228,-1,237,228,229,-1,237,229,230,-1,237,230,231,-1,237,231,232,-1,237,232,233,-1,
  237,233,234,-1,237,234,235,-1,237,235,236,-1,856,857,768,-1,768,857,858,-1,768,858,767,-1,767,858,764,-1,767,764,766,-1,
  766,764,765,-1,252,253,262,-1,252,262,263,-1,252,263,264,-1,252,264,265,-1,252,265,266,-1,252,266,267,-1,252,267,268,-1,
  261,262,253,-1,261,253,2920,-1,261,2920,254,-1,261,254,255,-1,261,255,256,-1,261,256,257,-1,261,257,258,-1,261,258,259,-1,
  261,259,260,-1,270,271,289,-1,289,271,272,-1,289,272,288,-1,288,272,273,-1,288,273,287,-1,287,273,274,-1,287,274,286,-1,
  286,274,275,-1,286,275,285,-1,285,275,276,-1,285,276,284,-1,284,276,277,-1,284,277,283,-1,283,277,278,-1,283,278,282,-1,
  282,278,279,-1,282,279,281,-1,281,279,280,-1,289,290,305,-1,289,305,323,-1,289,323,324,-1,289,324,325,-1,289,325,326,-1,
  289,326,327,-1,289,327,269,-1,289,269,270,-1,304,305,290,-1,304,290,291,-1,304,291,292,-1,304,292,293,-1,304,293,294,-1,
  304,294,295,-1,304,295,296,-1,304,296,297,-1,304,297,298,-1,304,298,299,-1,304,299,300,-1,304,300,301,-1,304,301,302,-1,
  304,302,303,-1,331,332,330,-1,330,332,333,-1,330,333,329,-1,329,333,334,-1,329,334,328,-1,328,334,269,-1,328,269,327,-1,
  314,315,313,-1,313,315,316,-1,313,316,312,-1,312,316,317,-1,312,317,311,-1,311,317,318,-1,311,318,310,-1,310,318,319,-1,
  310,319,309,-1,309,319,320,-1,309,320,308,-1,308,320,321,-1,308,321,307,-1,307,321,322,-1,307,322,306,-1,306,322,323,-1,
  306,323,305,-1,343,344,353,-1,343,353,335,-1,343,335,336,-1,343,336,337,-1,343,337,338,-1,343,338,339,-1,343,339,340,-1,
  343,340,341,-1,343,341,2921,-1,361,362,354,-1,361,354,355,-1,361,355,356,-1,361,356,357,-1,361,357,358,-1,361,358,359,-1,
  361,359,360,-1,353,354,362,-1,353,362,2922,-1,353,2922,335,-1,344,2923,348,-1,344,348,349,-1,344,349,350,-1,344,350,351,-1,
  344,351,352,-1,344,352,353,-1,346,347,348,-1,346,348,2923,-1,365,366,378,-1,365,378,379,-1,365,379,380,-1,365,380,381,-1,
  365,381,382,-1,365,382,383,-1,365,383,384,-1,365,384,364,-1,377,378,366,-1,377,366,367,-1,377,367,368,-1,377,368,369,-1,
  377,369,370,-1,377,370,371,-1,377,371,372,-1,377,372,373,-1,377,373,374,-1,377,374,375,-1,377,375,376,-1,392,393,391,-1,
  391,393,394,-1,391,394,389,-1,389,394,395,-1,389,395,396,-1,389,396,388,-1,388,396,397,-1,388,397,387,-1,387,397,398,-1,
  387,398,399,-1,399,364,385,-1,399,385,386,-1,399,386,387,-1,407,400,406,-1,406,400,401,-1,406,401,405,-1,405,401,2924,-1,
  405,2924,403,-1,422,423,438,-1,422,438,439,-1,422,439,440,-1,422,440,441,-1,422,441,442,-1,422,442,416,-1,422,416,417,-1,
  422,417,418,-1,422,418,419,-1,422,419,420,-1,422,420,421,-1,437,438,423,-1,437,423,424,-1,437,424,425,-1,437,425,426,-1,
  437,426,427,-1,437,427,428,-1,437,428,429,-1,437,429,430,-1,437,430,431,-1,437,431,432,-1,437,432,433,-1,437,433,434,-1,
  437,434,435,-1,437,435,436,-1,415,408,2925,-1,2925,408,409,-1,2925,409,413,-1,413,409,410,-1,413,410,411,-1,445,2926,444,-1,
  444,2926,446,-1,444,446,443,-1,443,446,416,-1,443,416,442,-1,451,2912,452,-1,451,452,447,-1,451,447,448,-1,451,448,449,-1,
  451,449,450,-1,455,447,452,-1,455,452,453,-1,455,453,454,-1,456,457,465,-1,456,465,466,-1,456,466,467,-1,456,467,468,-1,
  456,468,469,-1,456,469,470,-1,464,465,457,-1,464,457,2925,-1,464,2925,458,-1,464,458,459,-1,464,459,460,-1,464,460,461,-1,
  464,461,462,-1,464,462,463,-1,489,490,471,-1,471,490,491,-1,471,491,513,-1,513,491,492,-1,513,492,503,-1,503,492,493,-1,
  503,493,502,-1,502,493,494,-1,502,494,501,-1,501,494,495,-1,501,495,500,-1,500,495,496,-1,500,496,499,-1,499,496,497,-1,
  499,497,498,-1,471,472,484,-1,471,484,485,-1,471,485,486,-1,471,486,487,-1,471,487,488,-1,471,488,489,-1,481,482,473,-1,
  473,482,483,-1,473,483,472,-1,472,483,484,-1,477,478,476,-1,476,478,479,-1,476,479,475,-1,475,479,480,-1,475,480,474,-1,
  474,480,481,-1,474,481,473,-1,517,518,513,-1,517,513,515,-1,513,503,512,-1,512,503,504,-1,512,504,511,-1,511,504,505,-1,
  511,505,510,-1,510,505,506,-1,510,506,509,-1,509,506,507,-1,509,507,508,-1,513,518,519,-1,513,519,520,-1,513,520,521,-1,
  513,521,522,-1,513,522,523,-1,513,523,524,-1,513,524,525,-1,513,525,526,-1,513,526,527,-1,513,527,528,-1,513,528,529,-1,
  513,529,530,-1,513,530,531,-1,513,531,532,-1,513,532,533,-1,513,533,534,-1,513,534,535,-1,513,535,536,-1,513,536,537,-1,
  513,537,538,-1,513,538,539,-1,513,539,540,-1,513,540,541,-1,513,541,542,-1,513,543,471,-1,571,572,556,-1,556,572,544,-1,
  556,544,554,-1,554,544,545,-1,554,545,553,-1,553,545,546,-1,553,546,552,-1,552,546,547,-1,552,547,551,-1,551,547,2927,-1,
  551,2927,549,-1,566,567,557,-1,566,557,558,-1,566,558,559,-1,566,559,560,-1,566,560,561,-1,566,561,562,-1,566,562,563,-1,
  566,563,564,-1,566,564,565,-1,556,557,567,-1,556,567,568,-1,556,568,569,-1,556,569,570,-1,556,570,571,-1,555,2913,556,-1,
  555,556,554,-1,2928,579,574,-1,574,579,580,-1,574,580,573,-1,573,580,581,-1,573,581,582,-1,579,2928,576,-1,579,576,577,-1,
  579,577,2929,-1,630,631,599,-1,599,631,632,-1,599,632,583,-1,583,632,633,-1,583,633,644,-1,644,633,634,-1,644,634,643,-1,
  643,634,635,-1,643,635,642,-1,642,635,636,-1,642,636,641,-1,641,636,637,-1,641,637,640,-1,640,637,2930,-1,640,2930,2929,-1,
  2929,2930,639,-1,585,586,599,-1,599,586,587,-1,599,587,598,-1,598,587,588,-1,598,588,597,-1,597,588,589,-1,597,589,596,-1,
  596,589,590,-1,596,590,595,-1,595,590,591,-1,595,591,594,-1,594,591,2928,-1,594,2928,593,-1,593,2928,592,-1,599,583,584,-1,
  599,584,585,-1,601,614,600,-1,600,614,615,-1,600,615,599,-1,599,615,629,-1,599,629,630,-1,614,601,602,-1,614,602,603,-1,
  614,603,604,-1,614,604,605,-1,614,605,606,-1,614,606,607,-1,614,607,608,-1,614,608,609,-1,614,609,610,-1,614,610,611,-1,
  614,611,612,-1,614,612,613,-1,2930,649,646,-1,646,649,650,-1,646,650,645,-1,645,650,651,-1,645,651,652,-1,649,2930,647,-1,
  649,647,648,-1,649,648,2931,-1,622,2931,621,-1,621,2931,624,-1,621,624,620,-1,620,624,625,-1,620,625,619,-1,619,625,626,-1,
  619,626,618,-1,618,626,627,-1,618,627,617,-1,617,627,628,-1,617,628,616,-1,616,628,629,-1,616,629,615,-1,658,659,674,-1,
  658,674,675,-1,658,675,676,-1,658,676,677,-1,658,677,678,-1,658,678,679,-1,658,679,653,-1,658,653,654,-1,658,654,655,-1,
  658,655,656,-1,658,656,657,-1,673,674,659,-1,673,659,660,-1,673,660,661,-1,673,661,662,-1,673,662,663,-1,673,663,664,-1,
  673,664,665,-1,673,665,666,-1,673,666,667,-1,673,667,668,-1,673,668,669,-1,673,669,670,-1,673,670,671,-1,673,671,672,-1,
  709,710,691,-1,691,710,711,-1,691,711,685,-1,685,711,712,-1,685,712,684,-1,684,712,713,-1,684,713,683,-1,683,713,714,-1,
  683,714,682,-1,682,714,715,-1,682,715,681,-1,681,715,716,-1,681,716,680,-1,680,716,653,-1,680,653,679,-1,704,705,692,-1,
  704,692,693,-1,704,693,694,-1,704,694,695,-1,704,695,696,-1,704,696,697,-1,704,697,698,-1,704,698,699,-1,704,699,700,-1,
  704,700,701,-1,704,701,702,-1,704,702,703,-1,691,692,705,-1,691,705,706,-1,691,706,707,-1,691,707,708,-1,691,708,709,-1,
  691,685,686,-1,691,686,687,-1,691,687,688,-1,691,688,689,-1,691,689,690,-1,717,718,738,-1,717,738,739,-1,717,739,740,-1,
  717,740,741,-1,717,741,742,-1,717,742,743,-1,717,743,744,-1,717,744,745,-1,717,745,746,-1,737,738,718,-1,737,718,719,-1,
  737,719,720,-1,737,720,721,-1,737,721,722,-1,737,722,723,-1,737,723,724,-1,737,724,725,-1,737,725,726,-1,737,726,736,-1,
  2932,733,729,-1,729,733,734,-1,729,734,728,-1,728,734,735,-1,728,735,727,-1,727,735,736,-1,727,736,726,-1,731,732,733,-1,
  731,733,2932,-1,760,761,762,-1,760,762,763,-1,760,763,858,-1,760,858,759,-1,798,799,797,-1,797,799,828,-1,796,828,829,-1,
  795,829,830,-1,795,830,794,-1,794,830,831,-1,794,831,793,-1,793,831,832,-1,793,832,792,-1,792,832,833,-1,792,833,791,-1,
  791,833,834,-1,791,834,790,-1,790,834,835,-1,790,835,789,-1,789,835,836,-1,789,836,837,-1,789,837,788,-1,788,837,838,-1,
  788,838,787,-1,787,838,839,-1,787,839,786,-1,786,839,840,-1,786,840,841,-1,786,841,785,-1,785,841,842,-1,785,842,784,-1,
  784,842,778,-1,784,778,779,-1,783,784,779,-1,783,779,780,-1,783,780,781,-1,783,781,782,-1,870,814,747,-1,747,814,808,-1,
  747,808,813,-1,813,808,809,-1,813,809,812,-1,812,809,810,-1,812,810,811,-1,748,749,868,-1,748,868,869,-1,748,869,870,-1,
  748,870,747,-1,864,865,751,-1,751,865,866,-1,751,866,750,-1,750,866,867,-1,750,867,749,-1,749,867,868,-1,757,859,756,-1,
  756,859,860,-1,756,860,755,-1,755,860,861,-1,755,861,754,-1,754,861,862,-1,754,862,753,-1,753,862,863,-1,753,863,752,-1,
  752,863,864,-1,752,864,751,-1,859,759,858,-1,850,851,773,-1,773,851,852,-1,773,852,772,-1,772,852,853,-1,772,853,771,-1,
  771,853,854,-1,771,854,770,-1,770,854,855,-1,770,855,769,-1,769,855,856,-1,769,856,768,-1,846,847,776,-1,776,847,848,-1,
  776,848,775,-1,775,848,849,-1,775,849,774,-1,774,849,850,-1,774,850,773,-1,777,778,845,-1,777,845,846,-1,777,846,776,-1,
  845,778,842,-1,845,842,843,-1,845,843,844,-1,814,815,808,-1,808,815,816,-1,808,816,807,-1,807,816,817,-1,807,817,818,-1,
  807,818,806,-1,806,818,819,-1,806,819,805,-1,805,819,820,-1,805,820,804,-1,804,820,821,-1,804,821,822,-1,804,822,803,-1,
  803,822,823,-1,803,823,802,-1,802,823,824,-1,802,824,801,-1,801,824,825,-1,801,825,800,-1,800,825,826,-1,800,826,799,-1,
  799,826,827,-1,799,827,828,-1,895,896,876,-1,876,896,897,-1,876,897,875,-1,875,897,898,-1,875,898,874,-1,874,898,899,-1,
  874,899,873,-1,873,899,2933,-1,873,2933,872,-1,872,2933,901,-1,876,877,889,-1,876,889,890,-1,876,890,891,-1,876,891,892,-1,
  876,892,893,-1,876,893,894,-1,876,894,895,-1,888,889,877,-1,888,877,878,-1,888,878,879,-1,888,879,880,-1,888,880,881,-1,
  888,881,882,-1,888,882,883,-1,888,883,884,-1,888,884,885,-1,888,885,886,-1,888,886,887,-1,913,902,2934,-1,2934,902,903,-1,
  2934,903,911,-1,911,903,904,-1,911,904,910,-1,910,904,905,-1,910,905,909,-1,909,905,906,-1,909,906,907,-1,2935,914,923,-1,
  2935,923,924,-1,2935,924,925,-1,2935,925,926,-1,2935,926,927,-1,2935,927,928,-1,2935,928,929,-1,922,923,914,-1,922,914,2933,-1,
  922,2933,915,-1,922,915,916,-1,922,916,917,-1,922,917,918,-1,922,918,919,-1,922,919,920,-1,922,920,921,-1,930,931,940,-1,
  930,940,941,-1,930,941,942,-1,930,942,943,-1,930,943,944,-1,930,944,945,-1,930,945,946,-1,939,940,931,-1,939,931,2934,-1,
  939,2934,932,-1,939,932,933,-1,939,933,934,-1,939,934,935,-1,939,935,936,-1,939,936,937,-1,939,937,938,-1,955,956,965,-1,
  955,965,947,-1,955,947,948,-1,955,948,949,-1,955,949,950,-1,955,950,951,-1,955,951,952,-1,955,952,953,-1,955,953,2936,-1,
  973,974,966,-1,973,966,967,-1,973,967,968,-1,973,968,969,-1,973,969,970,-1,973,970,971,-1,973,971,972,-1,965,966,974,-1,
  965,974,2937,-1,965,2937,947,-1,956,2938,960,-1,956,960,961,-1,956,961,962,-1,956,962,963,-1,956,963,964,-1,956,964,965,-1,
  958,959,960,-1,958,960,2938,-1,1000,1001,981,-1,981,1001,1002,-1,981,1002,980,-1,980,1002,1003,-1,980,1003,979,-1,979,1003,1004,-1,
  979,1004,978,-1,978,1004,1005,-1,978,1005,977,-1,977,1005,2939,-1,977,2939,976,-1,976,2939,1007,-1,981,982,994,-1,981,994,995,-1,
  981,995,996,-1,981,996,997,-1,981,997,998,-1,981,998,999,-1,981,999,1000,-1,993,994,982,-1,993,982,983,-1,993,983,984,-1,
  993,984,985,-1,993,985,986,-1,993,986,987,-1,993,987,988,-1,993,988,989,-1,993,989,990,-1,993,990,991,-1,993,991,992,-1,
  1008,1009,1018,-1,1008,1018,1019,-1,1008,1019,1020,-1,1008,1020,1021,-1,1008,1021,1022,-1,1008,1022,1023,-1,1008,1023,1024,-1,1017,1018,1009,-1,
  1017,1009,2939,-1,1017,2939,1010,-1,1017,1010,1011,-1,1017,1011,1012,-1,1017,1012,1013,-1,1017,1013,1014,-1,1017,1014,1015,-1,1017,1015,1016,-1,
  1032,1025,1031,-1,1031,1025,1026,-1,1031,1026,1030,-1,1030,1026,2940,-1,1030,2940,1028,-1,1045,2941,1044,-1,1044,2941,1033,-1,1044,1033,1043,-1,
  1043,1033,1034,-1,1043,1034,1042,-1,1042,1034,1035,-1,1042,1035,1041,-1,1041,1035,1036,-1,1041,1036,1040,-1,1040,1036,1037,-1,1040,1037,1038,-1,
  1051,2915,2917,-1,2917,2915,1046,-1,2917,1046,1050,-1,1050,1046,1047,-1,1050,1047,1048,-1,1056,1059,1055,-1,1055,1059,1060,-1,1055,1060,1054,-1,
  1054,1060,1061,-1,1054,1061,1053,-1,1053,1061,1062,-1,1053,1062,1052,-1,1052,1062,1083,-1,1052,1083,1089,-1,1089,1083,1084,-1,1089,1084,1088,-1,
  1088,1084,1085,-1,1088,1085,1086,-1,1057,2942,1059,-1,1057,1059,1056,-1,1063,1064,1081,-1,1063,1081,1082,-1,1063,1082,1083,-1,1063,1083,1062,-1,
  2919,1076,2942,-1,2942,1076,1077,-1,2942,1077,1067,-1,1067,1077,1078,-1,1067,1078,1066,-1,1066,1078,1079,-1,1066,1079,1065,-1,1065,1079,1080,-1,
  1065,1080,1064,-1,1064,1080,1081,-1,1068,1069,1075,-1,1068,1075,2919,-1,1068,2919,2942,-1,1075,1069,1070,-1,1075,1070,1071,-1,1075,1071,1072,-1,
  1075,1072,1073,-1,1075,1073,1074,-1,1095,2921,2923,-1,2923,2921,1090,-1,2923,1090,1094,-1,1094,1090,1091,-1,1094,1091,1092,-1,1100,1101,1106,-1,
  1100,1106,1096,-1,1100,1096,1097,-1,1100,1097,1098,-1,1100,1098,1099,-1,1117,1118,2924,-1,1117,2924,1107,-1,1117,1107,1108,-1,1117,1108,1109,-1,
  1117,1109,1110,-1,1117,1110,1111,-1,1117,1111,1115,-1,1117,1115,1116,-1,1106,2924,1118,-1,1106,1118,1119,-1,1106,1119,1120,-1,1106,1120,1096,-1,
  1106,1101,1102,-1,1106,1102,1103,-1,1106,1103,1104,-1,1106,1104,1105,-1,1112,1113,1114,-1,1112,1114,1115,-1,1112,1115,1111,-1,1121,1122,2932,-1,
  1121,2932,1132,-1,1121,1132,1133,-1,1121,1133,1134,-1,1121,1134,1135,-1,1121,1135,1136,-1,1121,1136,1137,-1,1131,2932,1122,-1,1131,1122,1123,-1,
  1131,1123,1124,-1,1131,1124,1125,-1,1131,1125,1126,-1,1131,1126,1127,-1,1131,1127,1128,-1,1131,1128,1129,-1,1131,1129,1130,-1,1143,2936,2938,-1,
  2938,2936,1138,-1,2938,1138,1142,-1,1142,1138,1139,-1,1142,1139,1140,-1,1144,1145,2927,-1,1144,2927,1153,-1,1144,1153,1154,-1,1144,1154,1155,-1,
  1144,1155,1156,-1,1152,2927,1145,-1,1152,1145,1146,-1,1152,1146,1147,-1,1152,1147,1148,-1,1152,1148,1149,-1,1152,1149,1150,-1,1152,1150,1151,-1,
  1274,1262,1273,-1,1273,1262,1263,-1,1273,1263,1272,-1,1272,1263,1264,-1,1272,1264,1271,-1,1271,1264,1265,-1,1271,1265,1270,-1,1270,1265,1266,-1,
  1270,1266,1269,-1,1269,1266,1267,-1,1269,1267,1268,-1,1165,1157,2940,-1,2940,1157,1158,-1,2940,1158,1164,-1,1164,1158,1159,-1,1164,1159,1163,-1,
  1163,1159,2943,-1,1163,2943,1161,-1,1196,1197,1181,-1,1181,1197,1166,-1,1181,1166,1172,-1,1172,1166,1167,-1,1172,1167,1171,-1,1171,1167,1168,-1,
  1171,1168,1169,-1,1194,1195,1182,-1,1194,1182,1183,-1,1194,1183,1184,-1,1194,1184,1185,-1,1194,1185,1186,-1,1194,1186,1187,-1,1194,1187,1188,-1,
  1194,1188,1189,-1,1194,1189,1190,-1,1194,1190,1191,-1,1194,1191,1192,-1,1194,1192,1193,-1,1195,1196,1181,-1,1195,1181,1182,-1,1181,1172,1173,-1,
  1181,1173,1174,-1,1181,1174,1175,-1,1181,1175,1176,-1,1181,1176,1177,-1,1181,1177,1178,-1,1181,1178,1179,-1,1181,1179,1180,-1,1203,2944,1202,-1,
  1202,2944,1198,-1,1202,1198,1201,-1,1201,1198,2914,-1,1201,2914,1199,-1,1210,2945,2943,-1,2943,2945,1205,-1,2943,1205,1209,-1,1209,1205,1206,-1,
  1209,1206,1207,-1,1227,1211,2916,-1,2916,1211,1212,-1,2916,1212,1226,-1,1226,1212,1213,-1,1226,1213,1225,-1,1225,1213,1214,-1,1225,1214,1224,-1,
  1224,1214,1215,-1,1224,1215,1223,-1,1223,1215,1216,-1,1223,1216,1222,-1,1222,1216,1217,-1,1222,1217,1221,-1,1221,1217,1218,-1,1221,1218,1219,-1,
  1244,1228,2922,-1,2922,1228,1229,-1,2922,1229,1243,-1,1243,1229,1230,-1,1243,1230,1242,-1,1242,1230,1231,-1,1242,1231,1241,-1,1241,1231,1232,-1,
  1241,1232,1240,-1,1240,1232,1233,-1,1240,1233,1239,-1,1239,1233,1234,-1,1239,1234,1238,-1,1238,1234,1235,-1,1238,1235,1236,-1,1261,1245,2937,-1,
  2937,1245,1246,-1,2937,1246,1260,-1,1260,1246,1247,-1,1260,1247,1259,-1,1259,1247,1248,-1,1259,1248,1258,-1,1258,1248,1249,-1,1258,1249,1257,-1,
  1257,1249,1250,-1,1257,1250,1256,-1,1256,1250,1251,-1,1256,1251,1255,-1,1255,1251,1252,-1,1255,1252,1253,-1,1282,1275,1281,-1,1281,1275,1276,-1,
  1281,1276,1280,-1,1280,1276,1277,-1,1280,1277,1278,-1,1294,1295,1303,-1,1303,1295,1296,-1,1303,1296,1302,-1,1302,1296,1283,-1,1302,1283,1306,-1,
  1306,1283,1284,-1,1306,1284,1305,-1,1305,1284,1292,-1,1305,1292,1293,-1,1300,1301,1296,-1,1300,1296,1297,-1,1300,1297,1298,-1,1300,1298,1299,-1,
  1293,1294,1303,-1,1293,1303,1304,-1,1293,1304,1305,-1,1287,1290,1286,-1,1286,1290,1291,-1,1286,1291,1285,-1,1285,1291,1292,-1,1285,1292,1284,-1,
  1288,1289,1290,-1,1288,1290,1287,-1,1353,1354,1349,-1,1353,1349,1351,-1,1327,1328,1349,-1,1349,1328,1339,-1,1349,1339,1348,-1,1348,1339,1340,-1,
  1348,1340,1347,-1,1347,1340,1341,-1,1347,1341,1346,-1,1346,1341,1342,-1,1346,1342,1345,-1,1345,1342,1343,-1,1345,1343,1344,-1,1349,1354,1355,-1,
  1349,1355,1356,-1,1349,1356,1357,-1,1349,1357,1358,-1,1349,1358,1359,-1,1349,1359,1360,-1,1349,1360,1361,-1,1349,1361,1362,-1,1349,1362,1363,-1,
  1349,1363,1364,-1,1349,1364,1365,-1,1349,1365,1366,-1,1349,1366,1367,-1,1349,1367,1368,-1,1349,1368,1369,-1,1349,1369,1370,-1,1349,1370,1371,-1,
  1349,1371,1372,-1,1349,1372,1373,-1,1349,1373,1374,-1,1349,1374,1375,-1,1349,1375,1376,-1,1349,1376,1377,-1,1349,1377,1378,-1,1349,1379,1307,-1,
  1349,1307,1327,-1,1333,1335,1332,-1,1332,1335,1336,-1,1332,1336,1331,-1,1331,1336,1337,-1,1331,1337,1330,-1,1330,1337,1338,-1,1330,1338,1329,-1,
  1329,1338,1339,-1,1329,1339,1328,-1,1307,1308,1320,-1,1307,1320,1321,-1,1307,1321,1322,-1,1307,1322,1323,-1,1307,1323,1324,-1,1307,1324,1325,-1,
  1307,1325,1326,-1,1307,1326,1327,-1,1317,1318,1309,-1,1309,1318,1319,-1,1309,1319,1308,-1,1308,1319,1320,-1,1313,1314,1312,-1,1312,1314,1315,-1,
  1312,1315,1311,-1,1311,1315,1316,-1,1311,1316,1310,-1,1310,1316,1317,-1,1310,1317,1309,-1,1391,1392,1400,-1,1400,1392,1393,-1,1400,1393,1399,-1,
  1399,1393,1380,-1,1399,1380,1403,-1,1403,1380,1381,-1,1403,1381,1402,-1,1402,1381,1389,-1,1402,1389,1390,-1,1397,1398,1393,-1,1397,1393,1394,-1,
  1397,1394,1395,-1,1397,1395,1396,-1,1390,1391,1400,-1,1390,1400,1401,-1,1390,1401,1402,-1,1384,1387,1383,-1,1383,1387,1388,-1,1383,1388,1382,-1,
  1382,1388,1389,-1,1382,1389,1381,-1,1385,1386,1387,-1,1385,1387,1384,-1,1404,1405,1416,-1,1404,1416,1417,-1,1404,1417,1418,-1,1404,1418,1419,-1,
  1404,1419,1420,-1,1404,1420,1421,-1,1404,1421,1422,-1,1404,1422,1423,-1,1415,1416,1405,-1,1415,1405,2946,-1,1415,2946,1407,-1,1415,1407,1408,-1,
  1415,1408,1409,-1,1415,1409,1410,-1,1415,1410,1411,-1,1415,1411,1412,-1,1415,1412,1413,-1,1415,1413,2947,-1,1468,2947,1467,-1,1467,2947,1469,-1,
  1467,1469,1466,-1,1466,1469,1470,-1,1466,1470,1465,-1,1465,1470,1471,-1,1465,1471,1464,-1,1464,1471,1472,-1,1464,1472,1463,-1,1463,1472,1473,-1,
  1463,1473,1462,-1,1462,1473,1424,-1,1462,1424,1461,-1,1461,1424,1445,-1,1461,1445,1446,-1,1431,1432,1445,-1,1445,1432,1433,-1,1445,1433,1444,-1,
  1444,1433,1434,-1,1444,1434,1443,-1,1443,1434,1435,-1,1443,1435,1442,-1,1442,1435,1436,-1,1442,1436,1441,-1,1441,1436,1437,-1,1441,1437,1440,-1,
  1440,1437,2946,-1,1440,2946,1439,-1,1439,2946,1438,-1,1445,1424,1425,-1,1445,1425,1426,-1,1445,1426,1427,-1,1445,1427,1428,-1,1445,1428,1429,-1,
  1445,1429,1430,-1,1445,1430,1431,-1,1460,1461,1446,-1,1460,1446,1447,-1,1460,1447,1448,-1,1460,1448,1449,-1,1460,1449,1450,-1,1460,1450,1451,-1,
  1460,1451,1452,-1,1460,1452,1453,-1,1460,1453,1454,-1,1460,1454,1455,-1,1460,1455,1456,-1,1460,1456,1457,-1,1460,1457,1458,-1,1460,1458,1459,-1,
  1512,1513,1493,-1,1493,1513,1474,-1,1493,1474,1480,-1,1480,1474,1475,-1,1480,1475,1479,-1,1479,1475,1476,-1,1479,1476,1477,-1,1510,1511,1494,-1,
  1510,1494,1500,-1,1510,1500,1501,-1,1510,1501,1502,-1,1510,1502,1503,-1,1510,1503,1504,-1,1510,1504,1505,-1,1510,1505,1506,-1,1510,1506,1507,-1,
  1510,1507,1508,-1,1510,1508,1509,-1,1511,1512,1493,-1,1511,1493,1494,-1,1493,1480,1481,-1,1493,1481,1482,-1,1493,1482,1483,-1,1493,1483,1484,-1,
  1493,1484,1485,-1,1493,1485,1486,-1,1493,1486,1492,-1,1487,1488,1491,-1,1487,1491,1492,-1,1487,1492,1486,-1,1489,1490,1491,-1,1489,1491,1488,-1,
  1497,1498,1496,-1,1496,1498,1499,-1,1496,1499,1495,-1,1495,1499,1500,-1,1495,1500,1494,-1,1541,1542,1555,-1,1555,1542,1543,-1,1555,1543,1554,-1,
  1554,1543,1544,-1,1554,1544,1553,-1,1553,1544,1545,-1,1553,1545,1552,-1,1552,1545,1546,-1,1552,1546,1551,-1,1551,1546,1547,-1,1551,1547,1550,-1,
  1550,1547,2948,-1,1550,2948,1549,-1,1549,2948,1548,-1,1555,1556,1571,-1,1555,1571,1534,-1,1555,1534,1535,-1,1555,1535,1536,-1,1555,1536,1537,-1,
  1555,1537,1538,-1,1555,1538,1539,-1,1555,1539,1540,-1,1555,1540,1541,-1,1570,1571,1556,-1,1570,1556,1557,-1,1570,1557,1558,-1,1570,1558,1559,-1,
  1570,1559,1560,-1,1570,1560,1561,-1,1570,1561,1562,-1,1570,1562,1563,-1,1570,1563,1564,-1,1570,1564,1565,-1,1570,1565,1566,-1,1570,1566,1567,-1,
  1570,1567,1568,-1,1570,1568,1569,-1,1514,1515,1526,-1,1514,1526,1527,-1,1514,1527,1528,-1,1514,1528,1529,-1,1514,1529,1530,-1,1514,1530,1531,-1,
  1514,1531,1532,-1,1514,1532,1533,-1,1525,1526,1515,-1,1525,1515,2948,-1,1525,2948,1517,-1,1525,1517,1518,-1,1525,1518,1519,-1,1525,1519,1520,-1,
  1525,1520,1521,-1,1525,1521,1522,-1,1525,1522,1523,-1,1525,1523,2949,-1,1578,2949,1577,-1,1577,2949,1579,-1,1577,1579,1576,-1,1576,1579,1580,-1,
  1576,1580,1575,-1,1575,1580,1581,-1,1575,1581,1574,-1,1574,1581,1582,-1,1574,1582,1573,-1,1573,1582,1583,-1,1573,1583,1572,-1,1572,1583,1534,-1,
  1572,1534,1571,-1,1591,1584,1590,-1,1590,1584,1585,-1,1590,1585,1589,-1,1589,1585,2950,-1,1589,2950,1587,-1,1598,2951,1597,-1,1597,2951,1592,-1,
  1597,1592,1596,-1,1596,1592,1593,-1,1596,1593,1594,-1,1605,2952,1604,-1,1604,2952,1599,-1,1604,1599,1603,-1,1603,1599,1600,-1,1603,1600,1601,-1,
  1609,1614,1608,-1,1608,1614,1615,-1,1608,1615,2953,-1,2953,1615,1606,-1,2953,1606,1607,-1,1614,1609,1610,-1,1614,1610,1611,-1,1614,1611,1612,-1,
  1614,1612,1613,-1,1622,1623,1621,-1,1621,1623,1624,-1,1621,1624,1620,-1,1620,1624,1625,-1,1620,1625,1619,-1,1619,1625,1626,-1,1619,1626,1618,-1,
  1618,1626,1627,-1,1618,1627,1617,-1,1617,1627,1628,-1,1617,1628,1616,-1,1616,1628,1606,-1,1616,1606,1615,-1,1639,1629,2950,-1,2950,1629,1630,-1,
  2950,1630,1638,-1,1638,1630,1631,-1,1638,1631,1637,-1,1637,1631,1632,-1,1637,1632,1636,-1,1636,1632,1633,-1,1636,1633,1634,-1,1646,2954,1645,-1,
  1645,2954,1640,-1,1645,1640,1644,-1,1644,1640,1641,-1,1644,1641,1642,-1,1647,1648,1655,-1,1647,1655,1656,-1,1647,1656,1657,-1,1647,1657,1658,-1,
  1654,1655,1648,-1,1654,1648,2955,-1,1654,2955,1650,-1,1654,1650,1651,-1,1654,1651,1652,-1,1654,1652,2956,-1,1675,2956,1674,-1,1674,2956,1659,-1,
  1674,1659,1673,-1,1673,1659,1660,-1,1673,1660,1672,-1,1672,1660,1661,-1,1672,1661,1671,-1,1671,1661,1662,-1,1671,1662,1670,-1,1670,1662,1663,-1,
  1670,1663,1669,-1,1669,1663,1664,-1,1669,1664,1668,-1,1668,1664,1665,-1,1668,1665,1666,-1,1692,1693,1708,-1,1692,1708,1709,-1,1692,1709,1710,-1,
  1692,1710,1684,-1,1692,1684,1685,-1,1692,1685,1686,-1,1692,1686,1687,-1,1692,1687,1688,-1,1692,1688,1689,-1,1692,1689,1690,-1,1692,1690,1691,-1,
  1707,1708,1693,-1,1707,1693,1694,-1,1707,1694,1695,-1,1707,1695,1696,-1,1707,1696,1697,-1,1707,1697,1698,-1,1707,1698,1699,-1,1707,1699,1700,-1,
  1707,1700,1701,-1,1707,1701,1702,-1,1707,1702,1703,-1,1707,1703,1704,-1,1707,1704,1705,-1,1707,1705,1706,-1,1683,1676,2957,-1,2957,1676,1677,-1,
  2957,1677,1681,-1,1681,1677,1678,-1,1681,1678,1679,-1,1713,2958,1712,-1,1712,2958,1714,-1,1712,1714,1711,-1,1711,1714,1684,-1,1711,1684,1710,-1,
  1744,1745,1723,-1,1723,1745,1715,-1,1723,1715,1720,-1,1720,1715,1716,-1,1720,1716,1719,-1,1719,1716,2957,-1,1719,2957,1717,-1,1736,1737,1724,-1,
  1736,1724,1725,-1,1736,1725,1726,-1,1736,1726,1727,-1,1736,1727,1728,-1,1736,1728,1729,-1,1736,1729,1730,-1,1736,1730,1731,-1,1736,1731,1732,-1,
  1736,1732,1733,-1,1736,1733,1734,-1,1736,1734,1735,-1,1723,1724,1737,-1,1723,1737,1738,-1,1723,1738,1739,-1,1723,1739,1740,-1,1723,1740,1741,-1,
  1723,1741,1742,-1,1723,1742,1743,-1,1723,1743,1744,-1,1721,1722,1723,-1,1721,1723,1720,-1,2959,1752,1747,-1,1747,1752,1753,-1,1747,1753,1746,-1,
  1746,1753,1754,-1,1746,1754,1755,-1,1752,2959,1749,-1,1752,1749,1750,-1,1752,1750,2960,-1,2961,1762,1757,-1,1757,1762,1763,-1,1757,1763,1756,-1,
  1756,1763,1764,-1,1756,1764,1765,-1,1762,2961,1759,-1,1762,1759,1760,-1,1762,1760,2962,-1,1776,1766,2959,-1,2959,1766,1767,-1,2959,1767,1775,-1,
  1775,1767,1768,-1,1775,1768,1774,-1,1774,1768,1769,-1,1774,1769,1773,-1,1773,1769,1770,-1,1773,1770,1771,-1,1787,2962,1786,-1,1786,2962,1777,-1,
  1786,1777,1785,-1,1785,1777,1778,-1,1785,1778,1784,-1,1784,1778,1779,-1,1784,1779,1783,-1,1783,1779,2963,-1,1783,2963,1781,-1,1788,1789,1796,-1,
  1788,1796,1797,-1,1788,1797,1798,-1,1788,1798,1799,-1,1795,1796,1789,-1,1795,1789,2964,-1,1795,2964,1791,-1,1795,1791,1792,-1,1795,1792,1793,-1,
  1795,1793,2965,-1,1816,2965,1815,-1,1815,2965,1800,-1,1815,1800,1814,-1,1814,1800,1801,-1,1814,1801,1813,-1,1813,1801,1802,-1,1813,1802,1812,-1,
  1812,1802,1803,-1,1812,1803,1811,-1,1811,1803,1804,-1,1811,1804,1810,-1,1810,1804,1805,-1,1810,1805,1809,-1,1809,1805,1806,-1,1809,1806,1807,-1,
  1847,1848,1826,-1,1826,1848,1817,-1,1826,1817,1823,-1,1823,1817,1818,-1,1823,1818,1822,-1,1822,1818,2966,-1,1822,2966,1820,-1,1839,1840,1827,-1,
  1839,1827,1828,-1,1839,1828,1829,-1,1839,1829,1830,-1,1839,1830,1831,-1,1839,1831,1832,-1,1839,1832,1833,-1,1839,1833,1834,-1,1839,1834,1835,-1,
  1839,1835,1836,-1,1839,1836,1837,-1,1839,1837,1838,-1,1826,1827,1840,-1,1826,1840,1841,-1,1826,1841,1842,-1,1826,1842,1843,-1,1826,1843,1844,-1,
  1826,1844,1845,-1,1826,1845,1846,-1,1826,1846,1847,-1,1824,1825,1826,-1,1824,1826,1823,-1,1904,2967,1903,-1,1903,2967,1899,-1,1903,1899,1902,-1,
  1902,1899,1900,-1,1902,1900,1901,-1,1867,1872,1866,-1,1866,1872,1873,-1,1866,1873,2968,-1,2968,1873,1863,-1,2968,1863,1864,-1,1872,1867,1868,-1,
  1872,1868,1869,-1,1872,1869,1870,-1,1872,1870,1871,-1,1857,1858,1880,-1,1880,1858,1859,-1,1880,1859,1877,-1,1877,1859,1860,-1,1877,1860,1876,-1,
  1876,1860,1861,-1,1876,1861,1875,-1,1875,1861,1862,-1,1875,1862,1874,-1,1874,1862,1863,-1,1874,1863,1873,-1,1897,1898,1880,-1,1880,1898,1849,-1,
  1880,1849,1855,-1,1855,1849,1850,-1,1855,1850,1854,-1,1854,1850,1851,-1,1854,1851,1852,-1,1895,1896,1881,-1,1895,1881,1882,-1,1895,1882,1883,-1,
  1895,1883,1887,-1,1895,1887,1888,-1,1895,1888,1889,-1,1895,1889,1890,-1,1895,1890,1891,-1,1895,1891,1892,-1,1895,1892,1893,-1,1895,1893,1894,-1,
  1896,1897,1880,-1,1896,1880,1881,-1,1856,1857,1880,-1,1856,1880,1855,-1,1878,1879,1880,-1,1878,1880,1877,-1,1884,1885,1886,-1,1884,1886,1887,-1,
  1884,1887,1883,-1,1911,1905,2963,-1,2963,1905,1906,-1,2963,1906,1910,-1,1910,1906,1907,-1,1910,1907,1908,-1,1927,1928,1943,-1,1927,1943,1944,-1,
  1927,1944,1945,-1,1927,1945,1919,-1,1927,1919,1920,-1,1927,1920,1921,-1,1927,1921,1922,-1,1927,1922,1923,-1,1927,1923,1924,-1,1927,1924,1925,-1,
  1927,1925,1926,-1,1942,1943,1928,-1,1942,1928,1929,-1,1942,1929,1930,-1,1942,1930,1931,-1,1942,1931,1932,-1,1942,1932,1933,-1,1942,1933,1934,-1,
  1942,1934,1935,-1,1942,1935,1936,-1,1942,1936,1937,-1,1942,1937,1938,-1,1942,1938,1939,-1,1942,1939,1940,-1,1942,1940,1941,-1,1918,1912,2966,-1,
  2966,1912,1913,-1,2966,1913,1917,-1,1917,1913,1914,-1,1917,1914,1915,-1,1948,2969,1947,-1,1947,2969,1949,-1,1947,1949,1946,-1,1946,1949,1919,-1,
  1946,1919,1945,-1,1955,2960,2961,-1,2961,2960,1950,-1,2961,1950,1954,-1,1954,1950,1951,-1,1954,1951,1952,-1,1973,1956,1972,-1,1972,1956,1957,-1,
  1972,1957,1971,-1,1971,1957,1958,-1,1971,1958,1970,-1,1970,1958,1959,-1,1970,1959,1969,-1,1969,1959,1960,-1,1969,1960,1968,-1,1968,1960,1961,-1,
  1968,1961,1967,-1,1967,1961,1962,-1,1967,1962,1966,-1,1966,1962,1963,-1,1966,1963,1964,-1,1986,1974,2955,-1,2955,1974,1975,-1,2955,1975,1985,-1,
  1985,1975,1976,-1,1985,1976,1984,-1,1984,1976,1977,-1,1984,1977,1983,-1,1983,1977,1978,-1,1983,1978,1982,-1,1982,1978,2970,-1,1982,2970,1980,-1,
  2004,1987,2003,-1,2003,1987,1988,-1,2003,1988,2002,-1,2002,1988,1989,-1,2002,1989,2001,-1,2001,1989,1990,-1,2001,1990,2000,-1,2000,1990,1991,-1,
  2000,1991,1999,-1,1999,1991,1992,-1,1999,1992,1998,-1,1998,1992,1993,-1,1998,1993,1997,-1,1997,1993,1994,-1,1997,1994,1995,-1,2017,2005,2964,-1,
  2964,2005,2006,-1,2964,2006,2016,-1,2016,2006,2007,-1,2016,2007,2015,-1,2015,2007,2008,-1,2015,2008,2014,-1,2014,2008,2009,-1,2014,2009,2013,-1,
  2013,2009,2971,-1,2013,2971,2011,-1,2023,2972,2970,-1,2970,2972,2018,-1,2970,2018,2022,-1,2022,2018,2019,-1,2022,2019,2020,-1,2030,2973,2029,-1,
  2029,2973,2024,-1,2029,2024,2028,-1,2028,2024,2025,-1,2028,2025,2026,-1,2036,2974,2971,-1,2971,2974,2031,-1,2971,2031,2035,-1,2035,2031,2032,-1,
  2035,2032,2033,-1,2391,2975,2976,-1,2976,2975,2386,-1,2976,2386,2389,-1,2389,2386,2977,-1,2389,2977,2388,-1,2044,2978,2043,-1,2043,2978,2038,-1,
  2043,2038,2042,-1,2042,2038,2039,-1,2042,2039,2040,-1,2979,2045,2052,-1,2979,2052,2053,-1,2979,2053,2054,-1,2979,2054,2055,-1,2051,2052,2045,-1,
  2051,2045,2046,-1,2051,2046,2047,-1,2051,2047,2048,-1,2051,2048,2049,-1,2051,2049,2050,-1,2056,2057,2064,-1,2056,2064,2065,-1,2056,2065,2066,-1,
  2056,2066,2067,-1,2063,2064,2057,-1,2063,2057,2980,-1,2063,2980,2059,-1,2063,2059,2060,-1,2063,2060,2061,-1,2063,2061,2062,-1,2068,2069,2081,-1,
  2068,2081,2082,-1,2068,2082,2083,-1,2068,2083,2084,-1,2068,2084,2085,-1,2068,2085,2086,-1,2068,2086,2087,-1,2068,2087,2088,-1,2068,2088,2089,-1,
  2080,2081,2069,-1,2080,2069,2070,-1,2080,2070,2071,-1,2080,2071,2072,-1,2080,2072,2073,-1,2080,2073,2074,-1,2080,2074,2075,-1,2080,2075,2076,-1,
  2080,2076,2077,-1,2080,2077,2078,-1,2080,2078,2079,-1,2098,2099,2108,-1,2098,2108,2090,-1,2098,2090,2091,-1,2098,2091,2092,-1,2098,2092,2093,-1,
  2098,2093,2094,-1,2098,2094,2095,-1,2098,2095,2096,-1,2098,2096,2981,-1,2116,2117,2109,-1,2116,2109,2110,-1,2116,2110,2111,-1,2116,2111,2112,-1,
  2116,2112,2113,-1,2116,2113,2114,-1,2116,2114,2115,-1,2108,2109,2117,-1,2108,2117,2982,-1,2108,2982,2090,-1,2099,2983,2103,-1,2099,2103,2104,-1,
  2099,2104,2105,-1,2099,2105,2106,-1,2099,2106,2107,-1,2099,2107,2108,-1,2101,2102,2103,-1,2101,2103,2983,-1,2297,2298,2304,-1,2297,2304,2305,-1,
  2297,2305,2306,-1,2297,2306,2307,-1,2297,2307,2308,-1,2303,2304,2298,-1,2303,2298,2984,-1,2303,2984,2299,-1,2303,2299,2300,-1,2303,2300,2301,-1,
  2303,2301,2302,-1,2303,2302,2985,-1,2130,2119,2984,-1,2984,2119,2120,-1,2984,2120,2128,-1,2128,2120,2121,-1,2128,2121,2127,-1,2127,2121,2122,-1,
  2127,2122,2126,-1,2126,2122,2123,-1,2126,2123,2124,-1,2142,2985,2141,-1,2141,2985,2132,-1,2141,2132,2140,-1,2140,2132,2133,-1,2140,2133,2139,-1,
  2139,2133,2134,-1,2139,2134,2138,-1,2138,2134,2986,-1,2138,2986,2136,-1,2148,2149,2164,-1,2148,2164,2165,-1,2148,2165,2166,-1,2148,2166,2167,-1,
  2148,2167,2168,-1,2148,2168,2169,-1,2148,2169,2143,-1,2148,2143,2144,-1,2148,2144,2145,-1,2148,2145,2146,-1,2148,2146,2147,-1,2163,2164,2149,-1,
  2163,2149,2150,-1,2163,2150,2151,-1,2163,2151,2152,-1,2163,2152,2153,-1,2163,2153,2154,-1,2163,2154,2155,-1,2163,2155,2156,-1,2163,2156,2157,-1,
  2163,2157,2158,-1,2163,2158,2159,-1,2163,2159,2160,-1,2163,2160,2161,-1,2163,2161,2162,-1,2199,2200,2181,-1,2181,2200,2201,-1,2181,2201,2175,-1,
  2175,2201,2202,-1,2175,2202,2174,-1,2174,2202,2203,-1,2174,2203,2173,-1,2173,2203,2204,-1,2173,2204,2172,-1,2172,2204,2205,-1,2172,2205,2171,-1,
  2171,2205,2206,-1,2171,2206,2170,-1,2170,2206,2143,-1,2170,2143,2169,-1,2194,2195,2182,-1,2194,2182,2183,-1,2194,2183,2184,-1,2194,2184,2185,-1,
  2194,2185,2186,-1,2194,2186,2187,-1,2194,2187,2188,-1,2194,2188,2189,-1,2194,2189,2190,-1,2194,2190,2191,-1,2194,2191,2192,-1,2194,2192,2193,-1,
  2181,2182,2195,-1,2181,2195,2196,-1,2181,2196,2197,-1,2181,2197,2198,-1,2181,2198,2199,-1,2181,2175,2176,-1,2181,2176,2177,-1,2181,2177,2178,-1,
  2181,2178,2179,-1,2181,2179,2180,-1,2209,2221,2208,-1,2208,2221,2222,-1,2208,2222,2207,-1,2207,2222,2223,-1,2207,2223,2224,-1,2987,2217,2213,-1,
  2213,2217,2218,-1,2213,2218,2212,-1,2212,2218,2219,-1,2212,2219,2211,-1,2211,2219,2220,-1,2211,2220,2210,-1,2210,2220,2221,-1,2210,2221,2209,-1,
  2215,2216,2217,-1,2215,2217,2987,-1,2226,2227,2239,-1,2226,2239,2240,-1,2226,2240,2241,-1,2226,2241,2242,-1,2226,2242,2243,-1,2226,2243,2244,-1,
  2226,2244,2245,-1,2226,2245,2225,-1,2238,2239,2227,-1,2238,2227,2228,-1,2238,2228,2229,-1,2238,2229,2230,-1,2238,2230,2231,-1,2238,2231,2232,-1,
  2238,2232,2233,-1,2238,2233,2234,-1,2238,2234,2235,-1,2238,2235,2236,-1,2238,2236,2237,-1,2253,2254,2252,-1,2252,2254,2255,-1,2252,2255,2250,-1,
  2250,2255,2256,-1,2250,2256,2257,-1,2250,2257,2249,-1,2249,2257,2258,-1,2249,2258,2248,-1,2248,2258,2259,-1,2248,2259,2260,-1,2260,2225,2246,-1,
  2260,2246,2247,-1,2260,2247,2248,-1,2263,2275,2262,-1,2262,2275,2276,-1,2262,2276,2261,-1,2261,2276,2277,-1,2261,2277,2278,-1,2988,2271,2267,-1,
  2267,2271,2272,-1,2267,2272,2266,-1,2266,2272,2273,-1,2266,2273,2265,-1,2265,2273,2274,-1,2265,2274,2264,-1,2264,2274,2275,-1,2264,2275,2263,-1,
  2269,2270,2271,-1,2269,2271,2988,-1,2284,2981,2983,-1,2983,2981,2279,-1,2983,2279,2283,-1,2283,2279,2280,-1,2283,2280,2281,-1,2989,2285,2986,-1,
  2989,2986,2293,-1,2989,2293,2294,-1,2989,2294,2295,-1,2989,2295,2296,-1,2292,2986,2285,-1,2292,2285,2286,-1,2292,2286,2287,-1,2292,2287,2288,-1,
  2292,2288,2289,-1,2292,2289,2290,-1,2292,2290,2291,-1,2313,2316,2312,-1,2312,2316,2317,-1,2312,2317,2311,-1,2311,2317,2318,-1,2311,2318,2310,-1,
  2310,2318,2319,-1,2310,2319,2309,-1,2309,2319,2340,-1,2309,2340,2346,-1,2346,2340,2341,-1,2346,2341,2345,-1,2345,2341,2342,-1,2345,2342,2343,-1,
  2314,2990,2316,-1,2314,2316,2313,-1,2320,2321,2338,-1,2320,2338,2339,-1,2320,2339,2340,-1,2320,2340,2319,-1,2987,2333,2990,-1,2990,2333,2334,-1,
  2990,2334,2324,-1,2324,2334,2335,-1,2324,2335,2323,-1,2323,2335,2336,-1,2323,2336,2322,-1,2322,2336,2337,-1,2322,2337,2321,-1,2321,2337,2338,-1,
  2325,2326,2332,-1,2325,2332,2987,-1,2325,2987,2990,-1,2332,2326,2327,-1,2332,2327,2328,-1,2332,2328,2329,-1,2332,2329,2330,-1,2332,2330,2331,-1,
  2351,2354,2350,-1,2350,2354,2355,-1,2350,2355,2349,-1,2349,2355,2356,-1,2349,2356,2348,-1,2348,2356,2357,-1,2348,2357,2347,-1,2347,2357,2378,-1,
  2347,2378,2384,-1,2384,2378,2379,-1,2384,2379,2383,-1,2383,2379,2380,-1,2383,2380,2381,-1,2352,2991,2354,-1,2352,2354,2351,-1,2358,2359,2376,-1,
  2358,2376,2377,-1,2358,2377,2378,-1,2358,2378,2357,-1,2988,2371,2991,-1,2991,2371,2372,-1,2991,2372,2362,-1,2362,2372,2373,-1,2362,2373,2361,-1,
  2361,2373,2374,-1,2361,2374,2360,-1,2360,2374,2375,-1,2360,2375,2359,-1,2359,2375,2376,-1,2363,2364,2370,-1,2363,2370,2988,-1,2363,2988,2991,-1,
  2370,2364,2365,-1,2370,2365,2366,-1,2370,2366,2367,-1,2370,2367,2368,-1,2370,2368,2369,-1,2398,2992,2397,-1,2397,2992,2393,-1,2397,2393,2396,-1,
  2396,2393,2394,-1,2396,2394,2395,-1,2404,2399,2980,-1,2980,2399,2400,-1,2980,2400,2403,-1,2403,2400,2976,-1,2403,2976,2401,-1,2421,2405,2982,-1,
  2982,2405,2406,-1,2982,2406,2420,-1,2420,2406,2407,-1,2420,2407,2419,-1,2419,2407,2408,-1,2419,2408,2418,-1,2418,2408,2409,-1,2418,2409,2417,-1,
  2417,2409,2410,-1,2417,2410,2416,-1,2416,2410,2411,-1,2416,2411,2415,-1,2415,2411,2412,-1,2415,2412,2413,-1,2428,2422,2977,-1,2977,2422,2423,-1,
  2977,2423,2427,-1,2427,2423,2993,-1,2427,2993,2425,-1,2435,2429,2993,-1,2993,2429,2430,-1,2993,2430,2434,-1,2434,2430,2431,-1,2434,2431,2432,-1,
  2442,2436,2441,-1,2441,2436,2437,-1,2441,2437,2440,-1,2440,2437,2438,-1,2440,2438,2439,-1,2450,2443,2449,-1,2449,2443,2444,-1,2449,2444,2448,-1,
  2448,2444,2445,-1,2448,2445,2446,-1,2462,2464,2461,-1,2461,2464,2465,-1,2461,2465,2460,-1,2460,2465,2466,-1,2460,2466,2459,-1,2459,2466,2467,-1,
  2459,2467,2458,-1,2458,2467,2468,-1,2458,2468,2457,-1,2457,2468,2469,-1,2457,2469,2456,-1,2456,2469,2470,-1,2456,2470,2455,-1,2455,2470,2471,-1,
  2455,2471,2454,-1,2454,2471,2472,-1,2454,2472,2453,-1,2453,2472,2473,-1,2453,2473,2452,-1,2452,2473,2474,-1,2452,2474,2451,-1,2492,2475,2482,-1,
  2482,2475,2476,-1,2482,2476,2481,-1,2481,2476,2477,-1,2481,2477,2480,-1,2480,2477,2478,-1,2480,2478,2479,-1,2492,2482,2495,-1,2495,2482,2483,-1,
  2495,2483,2494,-1,2494,2483,2491,-1,2494,2491,2475,-1,2493,2494,2475,-1,2493,2475,2492,-1,2486,2489,2485,-1,2485,2489,2490,-1,2485,2490,2484,-1,
  2484,2490,2491,-1,2484,2491,2483,-1,2487,2488,2489,-1,2487,2489,2486,-1,2513,2496,2503,-1,2503,2496,2497,-1,2503,2497,2502,-1,2502,2497,2498,-1,
  2502,2498,2501,-1,2501,2498,2499,-1,2501,2499,2500,-1,2513,2503,2516,-1,2516,2503,2504,-1,2516,2504,2515,-1,2515,2504,2512,-1,2515,2512,2496,-1,
  2514,2515,2496,-1,2514,2496,2513,-1,2507,2510,2506,-1,2506,2510,2511,-1,2506,2511,2505,-1,2505,2511,2512,-1,2505,2512,2504,-1,2508,2509,2510,-1,
  2508,2510,2507,-1,2534,2994,2533,-1,2533,2994,2518,-1,2533,2518,2532,-1,2532,2518,2519,-1,2532,2519,2531,-1,2531,2519,2520,-1,2531,2520,2530,-1,
  2530,2520,2521,-1,2530,2521,2529,-1,2529,2521,2522,-1,2529,2522,2528,-1,2528,2522,2523,-1,2528,2523,2527,-1,2527,2523,2524,-1,2527,2524,2525,-1,
  2551,2552,2567,-1,2551,2567,2568,-1,2551,2568,2569,-1,2551,2569,2543,-1,2551,2543,2544,-1,2551,2544,2545,-1,2551,2545,2546,-1,2551,2546,2547,-1,
  2551,2547,2548,-1,2551,2548,2549,-1,2551,2549,2550,-1,2566,2567,2552,-1,2566,2552,2553,-1,2566,2553,2554,-1,2566,2554,2555,-1,2566,2555,2556,-1,
  2566,2556,2557,-1,2566,2557,2558,-1,2566,2558,2559,-1,2566,2559,2560,-1,2566,2560,2561,-1,2566,2561,2562,-1,2566,2562,2563,-1,2566,2563,2564,-1,
  2566,2564,2565,-1,2542,2535,2995,-1,2995,2535,2536,-1,2995,2536,2540,-1,2540,2536,2537,-1,2540,2537,2538,-1,2572,2996,2571,-1,2571,2996,2573,-1,
  2571,2573,2570,-1,2570,2573,2543,-1,2570,2543,2569,-1,2603,2604,2582,-1,2582,2604,2574,-1,2582,2574,2579,-1,2579,2574,2575,-1,2579,2575,2578,-1,
  2578,2575,2995,-1,2578,2995,2576,-1,2595,2596,2583,-1,2595,2583,2584,-1,2595,2584,2585,-1,2595,2585,2586,-1,2595,2586,2587,-1,2595,2587,2588,-1,
  2595,2588,2589,-1,2595,2589,2590,-1,2595,2590,2591,-1,2595,2591,2592,-1,2595,2592,2593,-1,2595,2593,2594,-1,2582,2583,2596,-1,2582,2596,2597,-1,
  2582,2597,2598,-1,2582,2598,2599,-1,2582,2599,2600,-1,2582,2600,2601,-1,2582,2601,2602,-1,2582,2602,2603,-1,2580,2581,2582,-1,2580,2582,2579,-1,
  2643,2644,2624,-1,2624,2644,2605,-1,2624,2605,2611,-1,2611,2605,2606,-1,2611,2606,2610,-1,2610,2606,2607,-1,2610,2607,2608,-1,2641,2642,2625,-1,
  2641,2625,2631,-1,2641,2631,2632,-1,2641,2632,2633,-1,2641,2633,2634,-1,2641,2634,2635,-1,2641,2635,2636,-1,2641,2636,2637,-1,2641,2637,2638,-1,
  2641,2638,2639,-1,2641,2639,2640,-1,2642,2643,2624,-1,2642,2624,2625,-1,2624,2611,2612,-1,2624,2612,2613,-1,2624,2613,2614,-1,2624,2614,2615,-1,
  2624,2615,2616,-1,2624,2616,2617,-1,2624,2617,2623,-1,2618,2619,2622,-1,2618,2622,2623,-1,2618,2623,2617,-1,2620,2621,2622,-1,2620,2622,2619,-1,
  2628,2629,2627,-1,2627,2629,2630,-1,2627,2630,2626,-1,2626,2630,2631,-1,2626,2631,2625,-1,2645,2646,2653,-1,2645,2653,2654,-1,2645,2654,2655,-1,
  2645,2655,2656,-1,2652,2653,2646,-1,2652,2646,2997,-1,2652,2997,2648,-1,2652,2648,2649,-1,2652,2649,2650,-1,2652,2650,2998,-1,2673,2998,2672,-1,
  2672,2998,2657,-1,2672,2657,2671,-1,2671,2657,2658,-1,2671,2658,2670,-1,2670,2658,2659,-1,2670,2659,2669,-1,2669,2659,2660,-1,2669,2660,2668,-1,
  2668,2660,2661,-1,2668,2661,2667,-1,2667,2661,2662,-1,2667,2662,2666,-1,2666,2662,2663,-1,2666,2663,2664,-1,2704,2705,2683,-1,2683,2705,2674,-1,
  2683,2674,2680,-1,2680,2674,2675,-1,2680,2675,2679,-1,2679,2675,2999,-1,2679,2999,2677,-1,2696,2697,2684,-1,2696,2684,2685,-1,2696,2685,2686,-1,
  2696,2686,2687,-1,2696,2687,2688,-1,2696,2688,2689,-1,2696,2689,2690,-1,2696,2690,2691,-1,2696,2691,2692,-1,2696,2692,2693,-1,2696,2693,2694,-1,
  2696,2694,2695,-1,2683,2684,2697,-1,2683,2697,2698,-1,2683,2698,2699,-1,2683,2699,2700,-1,2683,2700,2701,-1,2683,2701,2702,-1,2683,2702,2703,-1,
  2683,2703,2704,-1,2681,2682,2683,-1,2681,2683,2680,-1,2713,2706,2712,-1,2712,2706,2707,-1,2712,2707,2711,-1,2711,2707,3000,-1,2711,3000,2709,-1,
  2720,3001,2719,-1,2719,3001,2714,-1,2719,2714,2718,-1,2718,2714,2715,-1,2718,2715,2716,-1,2727,3002,2726,-1,2726,3002,2721,-1,2726,2721,2725,-1,
  2725,2721,2722,-1,2725,2722,2723,-1,2731,2736,2730,-1,2730,2736,2737,-1,2730,2737,3003,-1,3003,2737,2728,-1,3003,2728,2729,-1,2736,2731,2732,-1,
  2736,2732,2733,-1,2736,2733,2734,-1,2736,2734,2735,-1,2744,2745,2743,-1,2743,2745,2746,-1,2743,2746,2742,-1,2742,2746,2747,-1,2742,2747,2741,-1,
  2741,2747,2748,-1,2741,2748,2740,-1,2740,2748,2749,-1,2740,2749,2739,-1,2739,2749,2750,-1,2739,2750,2738,-1,2738,2750,2728,-1,2738,2728,2737,-1,
  2751,2752,2758,-1,2751,2758,2759,-1,2751,2759,2760,-1,2751,2760,2761,-1,2757,2758,2752,-1,2757,2752,3004,-1,2757,3004,2754,-1,2757,2754,2755,-1,
  2757,2755,2756,-1,2757,2756,2994,-1,2777,2778,2793,-1,2777,2793,2794,-1,2777,2794,2795,-1,2777,2795,2769,-1,2777,2769,2770,-1,2777,2770,2771,-1,
  2777,2771,2772,-1,2777,2772,2773,-1,2777,2773,2774,-1,2777,2774,2775,-1,2777,2775,2776,-1,2792,2793,2778,-1,2792,2778,2779,-1,2792,2779,2780,-1,
  2792,2780,2781,-1,2792,2781,2782,-1,2792,2782,2783,-1,2792,2783,2784,-1,2792,2784,2785,-1,2792,2785,2786,-1,2792,2786,2787,-1,2792,2787,2788,-1,
  2792,2788,2789,-1,2792,2789,2790,-1,2792,2790,2791,-1,2768,2762,2999,-1,2999,2762,2763,-1,2999,2763,2767,-1,2767,2763,2764,-1,2767,2764,2765,-1,
  2798,3005,2797,-1,2797,3005,2799,-1,2797,2799,2796,-1,2796,2799,2769,-1,2796,2769,2795,-1,2817,2800,2816,-1,2816,2800,2801,-1,2816,2801,2815,-1,
  2815,2801,2802,-1,2815,2802,2814,-1,2814,2802,2803,-1,2814,2803,2813,-1,2813,2803,2804,-1,2813,2804,2812,-1,2812,2804,2805,-1,2812,2805,2811,-1,
  2811,2805,2806,-1,2811,2806,2810,-1,2810,2806,2807,-1,2810,2807,2808,-1,2830,2818,3004,-1,3004,2818,2819,-1,3004,2819,2829,-1,2829,2819,2820,-1,
  2829,2820,2828,-1,2828,2820,2821,-1,2828,2821,2827,-1,2827,2821,2822,-1,2827,2822,2826,-1,2826,2822,3006,-1,2826,3006,2824,-1,2891,2875,2890,-1,
  2890,2875,2876,-1,2890,2876,2889,-1,2889,2876,2877,-1,2889,2877,2888,-1,2888,2877,2878,-1,2888,2878,2887,-1,2887,2878,2879,-1,2887,2879,2886,-1,
  2886,2879,2880,-1,2886,2880,2885,-1,2885,2880,2881,-1,2885,2881,2884,-1,2884,2881,2882,-1,2884,2882,2883,-1,2843,2831,2997,-1,2997,2831,2832,-1,
  2997,2832,2842,-1,2842,2832,2833,-1,2842,2833,2841,-1,2841,2833,2834,-1,2841,2834,2840,-1,2840,2834,2835,-1,2840,2835,2839,-1,2839,2835,3007,-1,
  2839,3007,2837,-1,2849,3008,3006,-1,3006,3008,2844,-1,3006,2844,2848,-1,2848,2844,2845,-1,2848,2845,2846,-1,2856,3009,3007,-1,3007,3009,2851,-1,
  3007,2851,2855,-1,2855,2851,2852,-1,2855,2852,2853,-1,2867,2857,3000,-1,3000,2857,2858,-1,3000,2858,2866,-1,2866,2858,2859,-1,2866,2859,2865,-1,
  2865,2859,2860,-1,2865,2860,2864,-1,2864,2860,2861,-1,2864,2861,2862,-1,2874,3010,2873,-1,2873,3010,2868,-1,2873,2868,2872,-1,2872,2868,2869,-1,
  2872,2869,2870,-1,2907,2908,2895,-1,2895,2908,2909,-1,2895,2909,2894,-1,2894,2909,2910,-1,2894,2910,2893,-1,2893,2910,2911,-1,2893,2911,2892,-1,
  2895,2896,2903,-1,2895,2903,2904,-1,2895,2904,2905,-1,2895,2905,2906,-1,2895,2906,2907,-1,2899,2901,2898,-1,2898,2901,2902,-1,2898,2902,2897,-1,
  2897,2902,2903,-1,2897,2903,2896,-1,2901,2899,2900,-1,2872,2870,2871,-1,2864,2862,3010,-1,2855,2853,2854,-1,2848,2846,2847,-1,2839,2837,2838,-1,
  2884,2883,3009,-1,2826,2824,2825,-1,2810,2808,3008,-1,2767,2765,3005,-1,2725,2723,3003,-1,2718,2716,3002,-1,2711,2709,3001,-1,2679,2677,2678,-1,
  2666,2664,2665,-1,2610,2608,2609,-1,2578,2576,2577,-1,2540,2538,2996,-1,2527,2525,2526,-1,2464,2462,2463,-1,2448,2446,2447,-1,2440,2439,2992,-1,
  2434,2432,2433,-1,2427,2425,2426,-1,2415,2413,2414,-1,2403,2401,2402,-1,2396,2395,2975,-1,2383,2381,2382,-1,2345,2343,2344,-1,2283,2281,2282,-1,
  2246,2225,2245,-1,2252,2250,2251,-1,2138,2136,2137,-1,2126,2124,2989,-1,2042,2040,2979,-1,2389,2388,2978,-1,2035,2033,2034,-1,2028,2026,2027,-1,
  2022,2020,2021,-1,2013,2011,2012,-1,1997,1995,2974,-1,1982,1980,1981,-1,1966,1964,2972,-1,1954,1952,1953,-1,1917,1915,2969,-1,1910,1908,1909,-1,
  1854,1852,2967,-1,1902,1901,2968,-1,1822,1820,1821,-1,1809,1807,1808,-1,1783,1781,1782,-1,1773,1771,2973,-1,1719,1717,1718,-1,1681,1679,2958,-1,
  1668,1666,1667,-1,1644,1642,1643,-1,1636,1634,2954,-1,1603,1601,2953,-1,1596,1594,2952,-1,1589,1587,2951,-1,1479,1477,1478,-1,1380,1393,1398,-1,
  1335,1333,1334,-1,1350,1351,1349,-1,1283,1296,1301,-1,1280,1278,1279,-1,1255,1253,1254,-1,1238,1236,1237,-1,1221,1219,1220,-1,1209,1207,1208,-1,
  1201,1199,1200,-1,1171,1169,2944,-1,1163,1161,1162,-1,1269,1268,2945,-1,1142,1140,1141,-1,1094,1092,1093,-1,1088,1086,1087,-1,1050,1048,1049,-1,
  1040,1038,1039,-1,1030,1028,2941,-1,909,907,2935,-1,814,870,871,-1,764,858,763,-1,551,549,550,-1,514,515,513,-1,413,411,2926,-1,
  405,403,404,-1,385,364,384,-1,391,389,390,-1,130,128,2918,-1,55,53,54,-1]
  normalPerVertex TRUE
  normal DEF NORM_8 Normal { vector [
  0 0 1,0 0 1,
  0 0 1,0 0 1,
  0 0 1,0 0 1,
  0 0 1,0 0 1,
  0 0 1,0 0 1,
  0 0 1,0 0 1,
  0 0 1,0 0 1,
  0 0 1,0 0 1,
  0 0 1,0 0 1,
  0 0 1,0 0 1,
  0 0 1,0 0 1,
  0 0 1,0 0 1,
  0 0 1,0 0 1,
  0 0 1,0 0 1,
  0 0 1,0 0 1,
  0 0 1,0 0 1,
  0 0 1,0 0 1,
  0 0 1,0 0 1,
  0 0 1,0 0 1,
  0 0 1,0 0 1,
  0 0 1,0 0 1,
  0 0 1,0 0 1,
  0 0 1,0 0 1,
  0 0 1,0 0 1,
  0 0 1,0 0 1,
  0 0 1,0 0 1,
  0 0 1,0 0 1,
  0 0 1,0 0 1,
  0 0 1,0 0 1,
  0 0 1,0 0 1,
  0 0 1,0 0 1,
  0 0 1,0 0 1,
  0 0 1,0 0 1,
  0 0 1,0 0 1,
  0 0 1,0 0 1,
  0 0 1,0 0 1,
  0 0 1,0 0 1,
  0 0 1,0 0 1,
  0 0 1,0 0 1,
  0 0 1,0 0 1,
  0 0 1,0 0 1,
  0 0 1,0 0 1,
  0 0 1,0 0 1,
  0 0 1,0 0 1,
  0 0 1,0 0 1,
  0 0 1,0 0 1,
  0 0 1,0 0 1,
  0 0 1,0 0 1,
  0 0 1,0 0 1,
  0 0 1,0 0 1,
  0 0 1,0 0 1,
  0 0 1,0 0 1,
  0 0 1,0 0 1,
  0 0 1,0 0 1,
  0 0 1,0 0 1,
  0 0 1,0 0 1,
  0 0 1,0 0 1,
  0 0 1,0 0 1,
  0 0 1,0 0 1,
  0 0 1,0 0 1,
  0 0 1,0 0 1,
  0 0 1,0 0 1,
  0 0 1,0 0 1,
  0 0 1,0 0 1,
  0 0 1,0 0 1,
  0 0 1,0 0 1,
  0 0 1,0 0 1,
  0 0 1,0 0 1,
  0 0 1,0 0 1,
  0 0 1,0 0 1,
  0 0 1,0 0 1,
  0 0 1,0 0 1,
  0 0 1,0 0 1,
  0 0 1,0 0 1,
  0 0 1,0 0 1,
  0 0 1,0 0 1,
  0 0 1,0 0 1,
  0 0 1,0 0 1,
  0 0 1,0 0 1,
  0 0 1,0 0 1,
  0 0 1,0 0 1,
  0 0 1,0 0 1,
  0 0 1,0 0 1,
  0 0 1,0 0 1,
  0 0 1,0 0 1,
  0 0 1,0 0 1,
  0 0 1,0 0 1,
  0 0 1,0 0 1,
  0 0 1,0 0 1,
  0 0 1,0 0 1,
  0 0 1,0 0 1,
  0 0 1,0 0 1,
  0 0 1,0 0 1,
  0 0 1,0 0 1,
  0 0 1,0 0 1,
  0 0 1,0 0 1,
  0 0 1,0 0 1,
  0 0 1,0 0 1,
  0 0 1,0 0 1,
  0 0 1,0 0 1,
  0 0 1,0 0 1,
  0 0 1,0 0 1,
  0 0 1,0 0 1,
  0 0 1,0 0 1,
  0 0 1,0 0 1,
  0 0 1,0 0 1,
  0 0 1,0 0 1,
  0 0 1,0 0 1,
  0 0 1,0 0 1,
  0 0 1,0 0 1,
  0 0 1,0 0 1,
  0 0 1,0 0 1,
  0 0 1,0 0 1,
  0 0 1,0 0 1,
  0 0 1,0 0 1,
  0 0 1,0 0 1,
  0 0 1,0 0 1,
  0 0 1,0 0 1,
  0 0 1,0 0 1,
  0 0 1,0 0 1,
  0 0 1,0 0 1,
  0 0 1,0 0 1,
  0 0 1,0 0 1,
  0 0 1,0 0 1,
  0 0 1,0 0 1,
  0 0 1,0 0 1,
  0 0 1,0 0 1,
  0 0 1,0 0 1,
  0 0 1,0 0 1,
  0 0 1,0 0 1,
  0 0 1,0 0 1,
  0 0 1,0 0 1,
  0 0 1,0 0 1,
  0 0 1,0 0 1,
  0 0 1,0 0 1,
  0 0 1,0 0 1,
  0 0 1,0 0 1,
  0 0 1,0 0 1,
  0 0 1,0 0 1,
  0 0 1,0 0 1,
  0 0 1,0 0 1,
  0 0 1,0 0 1,
  0 0 1,0 0 1,
  0 0 1,0 0 1,
  0 0 1,0 0 1,
  0 0 1,0 0 1,
  0 0 1,0 0 1,
  0 0 1,0 0 1,
  0 0 1,0 0 1,
  0 0 1,0 0 1,
  0 0 1,0 0 1,
  0 0 1,0 0 1,
  0 0 1,0 0 1,
  0 0 1,0 0 1,
  0 0 1,0 0 1,
  0 0 1,0 0 1,
  0 0 1,0 0 1,
  0 0 1,0 0 1,
  0 0 1,0 0 1,
  0 0 1,0 0 1,
  0 0 1,0 0 1,
  0 0 1,0 0 1,
  0 0 1,0 0 1,
  0 0 1,0 0 1,
  0 0 1,0 0 1,
  0 0 1,0 0 1,
  0 0 1,0 0 1,
  0 0 1,0 0 1,
  0 0 1,0 0 1,
  0 0 1,0 0 1,
  0 0 1,0 0 1,
  0 0 1,0 0 1,
  0 0 1,0 0 1,
  0 0 1,0 0 1,
  0 0 1,0 0 1,
  0 0 1,0 0 1,
  0 0 1,0 0 1,
  0 0 1,0 0 1,
  0 0 1,0 0 1,
  0 0 1,0 0 1,
  0 0 1,0 0 1,
  0 0 1,0 0 1,
  0 0 1,0 0 1,
  0 0 1,0 0 1,
  0 0 1,0 0 1,
  0 0 1,0 0 1,
  0 0 1,0 0 1,
  0 0 1,0 0 1,
  0 0 1,0 0 1,
  0 0 1,0 0 1,
  0 0 1,0 0 1,
  0 0 1,0 0 1,
  0 0 1,0 0 1,
  0 0 1,0 0 1,
  0 0 1,0 0 1,
  0 0 1,0 0 1,
  0 0 1,0 0 1,
  0 0 1,0 0 1,
  0 0 1,0 0 1,
  0 0 1,0 0 1,
  0 0 1,0 0 1,
  0 0 1,0 0 1,
  0 0 1,0 0 1,
  0 0 1,0 0 1,
  0 0 1,0 0 1,
  0 0 1,0 0 1,
  0 0 1,0 0 1,
  0 0 1,0 0 1,
  0 0 1,0 0 1,
  0 0 1,0 0 1,
  0 0 1,0 0 1,
  0 0 1,0 0 1,
  0 0 1,0 0 1,
  0 0 1,0 0 1,
  0 0 1,0 0 1,
  0 0 1,0 0 1,
  0 0 1,0 0 1,
  0 0 1,0 0 1,
  0 0 1,0 0 1,
  0 0 1,0 0 1,
  0 0 1,0 0 1,
  0 0 1,0 0 1,
  0 0 1,0 0 1,
  0 0 1,0 0 1,
  0 0 1,0 0 1,
  0 0 1,0 0 1,
  0 0 1,0 0 1,
  0 0 1,0 0 1,
  0 0 1,0 0 1,
  0 0 1,0 0 1,
  0 0 1,0 0 1,
  0 0 1,0 0 1,
  0 0 1,0 0 1,
  0 0 1,0 0 1,
  0 0 1,0 0 1,
  0 0 1,0 0 1,
  0 0 1,0 0 1,
  0 0 1,0 0 1,
  0 0 1,0 0 1,
  0 0 1,0 0 1,
  0 0 1,0 0 1,
  0 0 1,0 0 1,
  0 0 1,0 0 1,
  0 0 1,0 0 1,
  0 0 1,0 0 1,
  0 0 1,0 0 1,
  0 0 1,0 0 1,
  0 0 1,0 0 1,
  0 0 1,0 0 1,
  0 0 1,0 0 1,
  0 0 1,0 0 1,
  0 0 1,0 0 1,
  0 0 1,0 0 1,
  0 0 1,0 0 1,
  0 0 1,0 0 1,
  0 0 1,0 0 1,
  0 0 1,0 0 1,
  0 0 1,0 0 1,
  0 0 1,0 0 1,
  0 0 1,0 0 1,
  0 0 1,0 0 1,
  0 0 1,0 0 1,
  0 0 1,0 0 1,
  0 0 1,0 0 1,
  0 0 1,0 0 1,
  0 0 1,0 0 1,
  0 0 1,0 0 1,
  0 0 1,0 0 1,
  0 0 1,0 0 1,
  0 0 1,0 0 1,
  0 0 1,0 0 1,
  0 0 1,0 0 1,
  0 0 1,0 0 1,
  0 0 1,0 0 1,
  0 0 1,0 0 1,
  0 0 1,0 0 1,
  0 0 1,0 0 1,
  0 0 1,0 0 1,
  0 0 1,0 0 1,
  0 0 1,0 0 1,
  0 0 1,0 0 1,
  0 0 1,0 0 1,
  0 0 1,0 0 1,
  0 0 1,0 0 1,
  0 0 1,0 0 1,
  0 0 1,0 0 1,
  0 0 1,0 0 1,
  0 0 1,0 0 1,
  0 0 1,0 0 1,
  0 0 1,0 0 1,
  0 0 1,0 0 1,
  0 0 1,0 0 1,
  0 0 1,0 0 1,
  0 0 1,0 0 1,
  0 0 1,0 0 1,
  0 0 1,0 0 1,
  0 0 1,0 0 1,
  0 0 1,0 0 1,
  0 0 1,0 0 1,
  0 0 1,0 0 1,
  0 0 1,0 0 1,
  0 0 1,0 0 1,
  0 0 1,0 0 1,
  0 0 1,0 0 1,
  0 0 1,0 0 1,
  0 0 1,0 0 1,
  0 0 1,0 0 1,
  0 0 1,0 0 1,
  0 0 1,0 0 1,
  0 0 1,0 0 1,
  0 0 1,0 0 1,
  0 0 1,0 0 1,
  0 0 1,0 0 1,
  0 0 1,0 0 1,
  0 0 1,0 0 1,
  0 0 1,0 0 1,
  0 0 1,0 0 1,
  0 0 1,0 0 1,
  0 0 1,0 0 1,
  0 0 1,0 0 1,
  0 0 1,0 0 1,
  0 0 1,0 0 1,
  0 0 1,0 0 1,
  0 0 1,0 0 1,
  0 0 1,0 0 1,
  0 0 1,0 0 1,
  0 0 1,0 0 1,
  0 0 1,0 0 1,
  0 0 1,0 0 1,
  0 0 1,0 0 1,
  0 0 1,0 0 1,
  0 0 1,0 0 1,
  0 0 1,0 0 1,
  0 0 1,0 0 1,
  0 0 1,0 0 1,
  0 0 1,0 0 1,
  0 0 1,0 0 1,
  0 0 1,0 0 1,
  0 0 1,0 0 1,
  0 0 1,0 0 1,
  0 0 1,0 0 1,
  0 0 1,0 0 1,
  0 0 1,0 0 1,
  0 0 1,0 0 1,
  0 0 1,0 0 1,
  0 0 1,0 0 1,
  0 0 1,0 0 1,
  0 0 1,0 0 1,
  0 0 1,0 0 1,
  0 0 1,0 0 1,
  0 0 1,0 0 1,
  0 0 1,0 0 1,
  0 0 1,0 0 1,
  0 0 1,0 0 1,
  0 0 1,0 0 1,
  0 0 1,0 0 1,
  0 0 1,0 0 1,
  0 0 1,0 0 1,
  0 0 1,0 0 1,
  0 0 1,0 0 1,
  0 0 1,0 0 1,
  0 0 1,0 0 1,
  0 0 1,0 0 1,
  0 0 1,0 0 1,
  0 0 1,0 0 1,
  0 0 1,0 0 1,
  0 0 1,0 0 1,
  0 0 1,0 0 1,
  0 0 1,0 0 1,
  0 0 1,0 0 1,
  0 0 1,0 0 1,
  0 0 1,0 0 1,
  0 0 1,0 0 1,
  0 0 1,0 0 1,
  0 0 1,0 0 1,
  0 0 1,0 0 1,
  0 0 1,0 0 1,
  0 0 1,0 0 1,
  0 0 1,0 0 1,
  0 0 1,0 0 1,
  0 0 1,0 0 1,
  0 0 1,0 0 1,
  0 0 1,0 0 1,
  0 0 1,0 0 1,
  0 0 1,0 0 1,
  0 0 1,0 0 1,
  0 0 1,0 0 1,
  0 0 1,0 0 1,
  0 0 1,0 0 1,
  0 0 1,0 0 1,
  0 0 1,0 0 1,
  0 0 1,0 0 1,
  0 0 1,0 0 1,
  0 0 1,0 0 1,
  0 0 1,0 0 1,
  0 0 1,0 0 1,
  0 0 1,0 0 1,
  0 0 1,0 0 1,
  0 0 1,0 0 1,
  0 0 1,0 0 1,
  0 0 1,0 0 1,
  0 0 1,0 0 1,
  0 0 1,0 0 1,
  0 0 1,0 0 1,
  0 0 1,0 0 1,
  0 0 1,0 0 1,
  0 0 1,0 0 1,
  0 0 1,0 0 1,
  0 0 1,0 0 1,
  0 0 1,0 0 1,
  0 0 1,0 0 1,
  0 0 1,0 0 1,
  0 0 1,0 0 1,
  0 0 1,0 0 1,
  0 0 1,0 0 1,
  0 0 1,0 0 1,
  0 0 1,0 0 1,
  0 0 1,0 0 1,
  0 0 1,0 0 1,
  0 0 1,0 0 1,
  0 0 1,0 0 1,
  0 0 1,0 0 1,
  0 0 1,0 0 1,
  0 0 1,0 0 1,
  0 0 1,0 0 1,
  0 0 1,0 0 1,
  0 0 1,0 0 1,
  0 0 1,0 0 1,
  0 0 1,0 0 1,
  0 0 1,0 0 1,
  0 0 1,0 0 1,
  0 0 1,0 0 1,
  0 0 1,0 0 1,
  0 0 1,0 0 1,
  0 0 1,0 0 1,
  0 0 1,0 0 1,
  0 0 1,0 0 1,
  0 0 1,0 0 1,
  0 0 1,0 0 1,
  0 0 1,0 0 1,
  0 0 1,0 0 1,
  0 0 1,0 0 1,
  0 0 1,0 0 1,
  0 0 1,0 0 1,
  0 0 1,0 0 1,
  0 0 1,0 0 1,
  0 0 1,0 0 1,
  0 0 1,0 0 1,
  0 0 1,0 0 1,
  0 0 1,0 0 1,
  0 0 1,0 0 1,
  0 0 1,0 0 1,
  0 0 1,0 0 1,
  0 0 1,0 0 1,
  0 0 1,0 0 1,
  0 0 1,0 0 1,
  0 0 1,0 0 1,
  0 0 1,0 0 1,
  0 0 1,0 0 1,
  0 0 1,0 0 1,
  0 0 1,0 0 1,
  0 0 1,0 0 1,
  0 0 1,0 0 1,
  0 0 1,0 0 1,
  0 0 1,0 0 1,
  0 0 1,0 0 1,
  0 0 1,0 0 1,
  0 0 1,0 0 1,
  0 0 1,0 0 1,
  0 0 1,0 0 1,
  0 0 1,0 0 1,
  0 0 1,0 0 1,
  0 0 1,0 0 1,
  0 0 1,0 0 1,
  0 0 1,0 0 1,
  0 0 1,0 0 1,
  0 0 1,0 0 1,
  0 0 1,0 0 1,
  0 0 1,0 0 1,
  0 0 1,0 0 1,
  0 0 1,0 0 1,
  0 0 1,0 0 1,
  0 0 1,0 0 1,
  0 0 1,0 0 1,
  0 0 1,0 0 1,
  0 0 1,0 0 1,
  0 0 1,0 0 1,
  0 0 1,0 0 1,
  0 0 1,0 0 1,
  0 0 1,0 0 1,
  0 0 1,0 0 1,
  0 0 1,0 0 1,
  0 0 1,0 0 1,
  0 0 1,0 0 1,
  0 0 1,0 0 1,
  0 0 1,0 0 1,
  0 0 1,0 0 1,
  0 0 1,0 0 1,
  0 0 1,0 0 1,
  0 0 1,0 0 1,
  0 0 1,0 0 1,
  0 0 1,0 0 1,
  0 0 1,0 0 1,
  0 0 1,0 0 1,
  0 0 1,0 0 1,
  0 0 1,0 0 1,
  0 0 1,0 0 1,
  0 0 1,0 0 1,
  0 0 1,0 0 1,
  0 0 1,0 0 1,
  0 0 1,0 0 1,
  0 0 1,0 0 1,
  0 0 1,0 0 1,
  0 0 1,0 0 1,
  0 0 1,0 0 1,
  0 0 1,0 0 1,
  0 0 1,0 0 1,
  0 0 1,0 0 1,
  0 0 1,0 0 1,
  0 0 1,0 0 1,
  0 0 1,0 0 1,
  0 0 1,0 0 1,
  0 0 1,0 0 1,
  0 0 1,0 0 1,
  0 0 1,0 0 1,
  0 0 1,0 0 1,
  0 0 1,0 0 1,
  0 0 1,0 0 1,
  0 0 1,0 0 1,
  0 0 1,0 0 1,
  0 0 1,0 0 1,
  0 0 1,0 0 1,
  0 0 1,0 0 1,
  0 0 1,0 0 1,
  0 0 1,0 0 1,
  0 0 1,0 0 1,
  0 0 1,0 0 1,
  0 0 1,0 0 1,
  0 0 1,0 0 1,
  0 0 1,0 0 1,
  0 0 1,0 0 1,
  0 0 1,0 0 1,
  0 0 1,0 0 1,
  0 0 1,0 0 1,
  0 0 1,0 0 1,
  0 0 1,0 0 1,
  0 0 1,0 0 1,
  0 0 1,0 0 1,
  0 0 1,0 0 1,
  0 0 1,0 0 1,
  0 0 1,0 0 1,
  0 0 1,0 0 1,
  0 0 1,0 0 1,
  0 0 1,0 0 1,
  0 0 1,0 0 1,
  0 0 1,0 0 1,
  0 0 1,0 0 1,
  0 0 1,0 0 1,
  0 0 1,0 0 1,
  0 0 1,0 0 1,
  0 0 1,0 0 1,
  0 0 1,0 0 1,
  0 0 1,0 0 1,
  0 0 1,0 0 1,
  0 0 1,0 0 1,
  0 0 1,0 0 1,
  0 0 1,0 0 1,
  0 0 1,0 0 1,
  0 0 1,0 0 1,
  0 0 1,0 0 1,
  0 0 1,0 0 1,
  0 0 1,0 0 1,
  0 0 1,0 0 1,
  0 0 1,0 0 1,
  0 0 1,0 0 1,
  0 0 1,0 0 1,
  0 0 1,0 0 1,
  0 0 1,0 0 1,
  0 0 1,0 0 1,
  0 0 1,0 0 1,
  0 0 1,0 0 1,
  0 0 1,0 0 1,
  0 0 1,0 0 1,
  0 0 1,0 0 1,
  0 0 1,0 0 1,
  0 0 1,0 0 1,
  0 0 1,0 0 1,
  0 0 1,0 0 1,
  0 0 1,0 0 1,
  0 0 1,0 0 1,
  0 0 1,0 0 1,
  0 0 1,0 0 1,
  0 0 1,0 0 1,
  0 0 1,0 0 1,
  0 0 1,0 0 1,
  0 0 1,0 0 1,
  0 0 1,0 0 1,
  0 0 1,0 0 1,
  0 0 1,0 0 1,
  0 0 1,0 0 1,
  0 0 1,0 0 1,
  0 0 1,0 0 1,
  0 0 1,0 0 1,
  0 0 1,0 0 1,
  0 0 1,0 0 1,
  0 0 1,0 0 1,
  0 0 1,0 0 1,
  0 0 1,0 0 1,
  0 0 1,0 0 1,
  0 0 1,0 0 1,
  0 0 1,0 0 1,
  0 0 1,0 0 1,
  0 0 1,0 0 1,
  0 0 1,0 0 1,
  0 0 1,0 0 1,
  0 0 1,0 0 1,
  0 0 1,0 0 1,
  0 0 1,0 0 1,
  0 0 1,0 0 1,
  0 0 1,0 0 1,
  0 0 1,0 0 1,
  0 0 1,0 0 1,
  0 0 1,0 0 1,
  0 0 1,0 0 1,
  0 0 1,0 0 1,
  0 0 1,0 0 1,
  0 0 1,0 0 1,
  0 0 1,0 0 1,
  0 0 1,0 0 1,
  0 0 1,0 0 1,
  0 0 1,0 0 1,
  0 0 1,0 0 1,
  0 0 1,0 0 1,
  0 0 1,0 0 1,
  0 0 1,0 0 1,
  0 0 1,0 0 1,
  0 0 1,0 0 1,
  0 0 1,0 0 1,
  0 0 1,0 0 1,
  0 0 1,0 0 1,
  0 0 1,0 0 1,
  0 0 1,0 0 1,
  0 0 1,0 0 1,
  0 0 1,0 0 1,
  0 0 1,0 0 1,
  0 0 1,0 0 1,
  0 0 1,0 0 1,
  0 0 1,0 0 1,
  0 0 1,0 0 1,
  0 0 1,0 0 1,
  0 0 1,0 0 1,
  0 0 1,0 0 1,
  0 0 1,0 0 1,
  0 0 1,0 0 1,
  0 0 1,0 0 1,
  0 0 1,0 0 1,
  0 0 1,0 0 1,
  0 0 1,0 0 1,
  0 0 1,0 0 1,
  0 0 1,0 0 1,
  0 0 1,0 0 1,
  0 0 1,0 0 1,
  0 0 1,0 0 1,
  0 0 1,0 0 1,
  0 0 1,0 0 1,
  0 0 1,0 0 1,
  0 0 1,0 0 1,
  0 0 1,0 0 1,
  0 0 1,0 0 1,
  0 0 1,0 0 1,
  0 0 1,0 0 1,
  0 0 1,0 0 1,
  0 0 1,0 0 1,
  0 0 1,0 0 1,
  0 0 1,0 0 1,
  0 0 1,0 0 1,
  0 0 1,0 0 1,
  0 0 1,0 0 1,
  0 0 1,0 0 1,
  0 0 1,0 0 1,
  0 0 1,0 0 1,
  0 0 1,0 0 1,
  0 0 1,0 0 1,
  0 0 1,0 0 1,
  0 0 1,0 0 1,
  0 0 1,0 0 1,
  0 0 1,0 0 1,
  0 0 1,0 0 1,
  0 0 1,0 0 1,
  0 0 1,0 0 1,
  0 0 1,0 0 1,
  0 0 1,0 0 1,
  0 0 1,0 0 1,
  0 0 1,0 0 1,
  0 0 1,0 0 1,
  0 0 1,0 0 1,
  0 0 1,0 0 1,
  0 0 1,0 0 1,
  0 0 1,0 0 1,
  0 0 1,0 0 1,
  0 0 1,0 0 1,
  0 0 1,0 0 1,
  0 0 1,0 0 1,
  0 0 1,0 0 1,
  0 0 1,0 0 1,
  0 0 1,0 0 1,
  0 0 1,0 0 1,
  0 0 1,0 0 1,
  0 0 1,0 0 1,
  0 0 1,0 0 1,
  0 0 1,0 0 1,
  0 0 1,0 0 1,
  0 0 1,0 0 1,
  0 0 1,0 0 1,
  0 0 1,0 0 1,
  0 0 1,0 0 1,
  0 0 1,0 0 1,
  0 0 1,0 0 1,
  0 0 1,0 0 1,
  0 0 1,0 0 1,
  0 0 1,0 0 1,
  0 0 1,0 0 1,
  0 0 1,0 0 1,
  0 0 1,0 0 1,
  0 0 1,0 0 1,
  0 0 1,0 0 1,
  0 0 1,0 0 1,
  0 0 1,0 0 1,
  0 0 1,0 0 1,
  0 0 1,0 0 1,
  0 0 1,0 0 1,
  0 0 1,0 0 1,
  0 0 1,0 0 1,
  0 0 1,0 0 1,
  0 0 1,0 0 1,
  0 0 1,0 0 1,
  0 0 1,0 0 1,
  0 0 1,0 0 1,
  0 0 1,0 0 1,
  0 0 1,0 0 1,
  0 0 1,0 0 1,
  0 0 1,0 0 1,
  0 0 1,0 0 1,
  0 0 1,0 0 1,
  0 0 1,0 0 1,
  0 0 1,0 0 1,
  0 0 1,0 0 1,
  0 0 1,0 0 1,
  0 0 1,0 0 1,
  0 0 1,0 0 1,
  0 0 1,0 0 1,
  0 0 1,0 0 1,
  0 0 1,0 0 1,
  0 0 1,0 0 1,
  0 0 1,0 0 1,
  0 0 1,0 0 1,
  0 0 1,0 0 1,
  0 0 1,0 0 1,
  0 0 1,0 0 1,
  0 0 1,0 0 1,
  0 0 1,0 0 1,
  0 0 1,0 0 1,
  0 0 1,0 0 1,
  0 0 1,0 0 1,
  0 0 1,0 0 1,
  0 0 1,0 0 1,
  0 0 1,0 0 1,
  0 0 1,0 0 1,
  0 0 1,0 0 1,
  0 0 1,0 0 1,
  0 0 1,0 0 1,
  0 0 1,0 0 1,
  0 0 1,0 0 1,
  0 0 1,0 0 1,
  0 0 1,0 0 1,
  0 0 1,0 0 1,
  0 0 1,0 0 1,
  0 0 1,0 0 1,
  0 0 1,0 0 1,
  0 0 1,0 0 1,
  0 0 1,0 0 1,
  0 0 1,0 0 1,
  0 0 1,0 0 1,
  0 0 1,0 0 1,
  0 0 1,0 0 1,
  0 0 1,0 0 1,
  0 0 1,0 0 1,
  0 0 1,0 0 1,
  0 0 1,0 0 1,
  0 0 1,0 0 1,
  0 0 1,0 0 1,
  0 0 1,0 0 1,
  0 0 1,0 0 1,
  0 0 1,0 0 1,
  0 0 1,0 0 1,
  0 0 1,0 0 1,
  0 0 1,0 0 1,
  0 0 1,0 0 1,
  0 0 1,0 0 1,
  0 0 1,0 0 1,
  0 0 1,0 0 1,
  0 0 1,0 0 1,
  0 0 1,0 0 1,
  0 0 1,0 0 1,
  0 0 1,0 0 1,
  0 0 1,0 0 1,
  0 0 1,0 0 1,
  0 0 1,0 0 1,
  0 0 1,0 0 1,
  0 0 1,0 0 1,
  0 0 1,0 0 1,
  0 0 1,0 0 1,
  0 0 1,0 0 1,
  0 0 1,0 0 1,
  0 0 1,0 0 1,
  0 0 1,0 0 1,
  0 0 1,0 0 1,
  0 0 1,0 0 1,
  0 0 1,0 0 1,
  0 0 1,0 0 1,
  0 0 1,0 0 1,
  0 0 1,0 0 1,
  0 0 1,0 0 1,
  0 0 1,0 0 1,
  0 0 1,0 0 1,
  0 0 1,0 0 1,
  0 0 1,0 0 1,
  0 0 1,0 0 1,
  0 0 1,0 0 1,
  0 0 1,0 0 1,
  0 0 1,0 0 1,
  0 0 1,0 0 1,
  0 0 1,0 0 1,
  0 0 1,0 0 1,
  0 0 1,0 0 1,
  0 0 1,0 0 1,
  0 0 1,0 0 1,
  0 0 1,0 0 1,
  0 0 1,0 0 1,
  0 0 1,0 0 1,
  0 0 1,0 0 1,
  0 0 1,0 0 1,
  0 0 1,0 0 1,
  0 0 1,0 0 1,
  0 0 1,0 0 1,
  0 0 1,0 0 1,
  0 0 1,0 0 1,
  0 0 1,0 0 1,
  0 0 1,0 0 1,
  0 0 1,0 0 1,
  0 0 1,0 0 1,
  0 0 1,0 0 1,
  0 0 1,0 0 1,
  0 0 1,0 0 1,
  0 0 1,0 0 1,
  0 0 1,0 0 1,
  0 0 1,0 0 1,
  0 0 1,0 0 1,
  0 0 1,0 0 1,
  0 0 1,0 0 1,
  0 0 1,0 0 1,
  0 0 1,0 0 1,
  0 0 1,0 0 1,
  0 0 1,0 0 1,
  0 0 1,0 0 1,
  0 0 1,0 0 1,
  0 0 1,0 0 1,
  0 0 1,0 0 1,
  0 0 1,0 0 1,
  0 0 1,0 0 1,
  0 0 1,0 0 1,
  0 0 1,0 0 1,
  0 0 1,0 0 1,
  0 0 1,0 0 1,
  0 0 1,0 0 1,
  0 0 1,0 0 1,
  0 0 1,0 0 1,
  0 0 1,0 0 1,
  0 0 1,0 0 1,
  0 0 1,0 0 1,
  0 0 1,0 0 1,
  0 0 1,0 0 1,
  0 0 1,0 0 1,
  0 0 1,0 0 1,
  0 0 1,0 0 1,
  0 0 1,0 0 1,
  0 0 1,0 0 1,
  0 0 1,0 0 1,
  0 0 1,0 0 1,
  0 0 1,0 0 1,
  0 0 1,0 0 1,
  0 0 1,0 0 1,
  0 0 1,0 0 1,
  0 0 1,0 0 1,
  0 0 1,0 0 1,
  0 0 1,0 0 1,
  0 0 1,0 0 1,
  0 0 1,0 0 1,
  0 0 1,0 0 1,
  0 0 1,0 0 1,
  0 0 1,0 0 1,
  0 0 1,0 0 1,
  0 0 1,0 0 1,
  0 0 1,0 0 1,
  0 0 1,0 0 1,
  0 0 1,0 0 1,
  0 0 1,0 0 1,
  0 0 1,0 0 1,
  0 0 1,0 0 1,
  0 0 1,0 0 1,
  0 0 1,0 0 1,
  0 0 1,0 0 1,
  0 0 1,0 0 1,
  0 0 1,0 0 1,
  0 0 1,0 0 1,
  0 0 1,0 0 1,
  0 0 1,0 0 1,
  0 0 1,0 0 1,
  0 0 1,0 0 1,
  0 0 1,0 0 1,
  0 0 1,0 0 1,
  0 0 1,0 0 1,
  0 0 1,0 0 1,
  0 0 1,0 0 1,
  0 0 1,0 0 1,
  0 0 1,0 0 1,
  0 0 1,0 0 1,
  0 0 1,0 0 1,
  0 0 1,0 0 1,
  0 0 1,0 0 1,
  0 0 1,0 0 1,
  0 0 1,0 0 1,
  0 0 1,0 0 1,
  0 0 1,0 0 1,
  0 0 1,0 0 1,
  0 0 1,0 0 1,
  0 0 1,0 0 1,
  0 0 1,0 0 1,
  0 0 1,0 0 1,
  0 0 1,0 0 1,
  0 0 1,0 0 1,
  0 0 1,0 0 1,
  0 0 1,0 0 1,
  0 0 1,0 0 1,
  0 0 1,0 0 1,
  0 0 1,0 0 1,
  0 0 1,0 0 1,
  0 0 1,0 0 1,
  0 0 1,0 0 1,
  0 0 1,0 0 1,
  0 0 1,0 0 1,
  0 0 1,0 0 1,
  0 0 1,0 0 1,
  0 0 1,0 0 1,
  0 0 1,0 0 1,
  0 0 1,0 0 1,
  0 0 1,0 0 1,
  0 0 1,0 0 1,
  0 0 1,0 0 1,
  0 0 1,0 0 1,
  0 0 1,0 0 1,
  0 0 1,0 0 1,
  0 0 1,0 0 1,
  0 0 1,0 0 1,
  0 0 1,0 0 1,
  0 0 1,0 0 1,
  0 0 1,0 0 1,
  0 0 1,0 0 1,
  0 0 1,0 0 1,
  0 0 1,0 0 1,
  0 0 1,0 0 1,
  0 0 1,0 0 1,
  0 0 1,0 0 1,
  0 0 1,0 0 1,
  0 0 1,0 0 1,
  0 0 1,0 0 1,
  0 0 1,0 0 1,
  0 0 1,0 0 1,
  0 0 1,0 0 1,
  0 0 1,0 0 1,
  0 0 1,0 0 1,
  0 0 1,0 0 1,
  0 0 1,0 0 1,
  0 0 1,0 0 1,
  0 0 1,0 0 1,
  0 0 1,0 0 1,
  0 0 1,0 0 1,
  0 0 1,0 0 1,
  0 0 1,0 0 1,
  0 0 1,0 0 1,
  0 0 1,0 0 1,
  0 0 1,0 0 1,
  0 0 1,0 0 1,
  0 0 1,0 0 1,
  0 0 1,0 0 1,
  0 0 1,0 0 1,
  0 0 1,0 0 1,
  0 0 1,0 0 1,
  0 0 1,0 0 1,
  0 0 1,0 0 1,
  0 0 1,0 0 1,
  0 0 1,0 0 1,
  0 0 1,0 0 1,
  0 0 1,0 0 1,
  0 0 1,0 0 1,
  0 0 1,0 0 1,
  0 0 1,0 0 1,
  0 0 1,0 0 1,
  0 0 1,0 0 1,
  0 0 1,0 0 1,
  0 0 1,0 0 1,
  0 0 1,0 0 1,
  0 0 1,0 0 1,
  0 0 1,0 0 1,
  0 0 1,0 0 1,
  0 0 1,0 0 1,
  0 0 1,0 0 1,
  0 0 1,0 0 1,
  0 0 1,0 0 1,
  0 0 1,0 0 1,
  0 0 1,0 0 1,
  0 0 1,0 0 1,
  0 0 1,0 0 1,
  0 0 1,0 0 1,
  0 0 1,0 0 1,
  0 0 1,0 0 1,
  0 0 1,0 0 1,
  0 0 1,0 0 1,
  0 0 1,0 0 1,
  0 0 1,0 0 1,
  0 0 1,0 0 1,
  0 0 1,0 0 1,
  0 0 1,0 0 1,
  0 0 1,0 0 1,
  0 0 1,0 0 1,
  0 0 1,0 0 1,
  0 0 1,0 0 1,
  0 0 1,0 0 1,
  0 0 1,0 0 1,
  0 0 1,0 0 1,
  0 0 1,0 0 1,
  0 0 1,0 0 1,
  0 0 1,0 0 1,
  0 0 1,0 0 1,
  0 0 1,0 0 1,
  0 0 1,0 0 1,
  0 0 1,0 0 1,
  0 0 1,0 0 1,
  0 0 1,0 0 1,
  0 0 1,0 0 1,
  0 0 1,0 0 1,
  0 0 1,0 0 1,
  0 0 1,0 0 1,
  0 0 1,0 0 1,
  0 0 1,0 0 1,
  0 0 1,0 0 1,
  0 0 1,0 0 1,
  0 0 1,0 0 1,
  0 0 1,0 0 1,
  0 0 1,0 0 1,
  0 0 1,0 0 1,
  0 0 1,0 0 1,
  0 0 1,0 0 1,
  0 0 1,0 0 1,
  0 0 1,0 0 1,
  0 0 1,0 0 1,
  0 0 1,0 0 1,
  0 0 1,0 0 1,
  0 0 1,0 0 1,
  0 0 1,0 0 1,
  0 0 1,0 0 1,
  0 0 1,0 0 1,
  0 0 1,0 0 1,
  0 0 1,0 0 1,
  0 0 1,0 0 1,
  0 0 1,0 0 1,
  0 0 1,0 0 1,
  0 0 1,0 0 1,
  0 0 1,0 0 1,
  0 0 1,0 0 1,
  0 0 1,0 0 1,
  0 0 1,0 0 1,
  0 0 1,0 0 1,
  0 0 1,0 0 1,
  0 0 1,0 0 1,
  0 0 1,0 0 1,
  0 0 1,0 0 1,
  0 0 1,0 0 1,
  0 0 1,0 0 1,
  0 0 1,0 0 1,
  0 0 1,0 0 1,
  0 0 1,0 0 1,
  0 0 1,0 0 1,
  0 0 1,0 0 1,
  0 0 1,0 0 1,
  0 0 1,0 0 1,
  0 0 1,0 0 1,
  0 0 1,0 0 1,
  0 0 1,0 0 1,
  0 0 1,0 0 1,
  0 0 1,0 0 1,
  0 0 1,0 0 1,
  0 0 1,0 0 1,
  0 0 1,0 0 1,
  0 0 1,0 0 1,
  0 0 1,0 0 1,
  0 0 1,0 0 1,
  0 0 1,0 0 1,
  0 0 1,0 0 1,
  0 0 1,0 0 1,
  0 0 1,0 0 1,
  0 0 1,0 0 1,
  0 0 1,0 0 1,
  0 0 1,0 0 1,
  0 0 1,0 0 1,
  0 0 1,0 0 1,
  0 0 1,0 0 1,
  0 0 1,0 0 1,
  0 0 1,0 0 1,
  0 0 1,0 0 1,
  0 0 1,0 0 1,
  0 0 1,0 0 1,
  0 0 1,0 0 1,
  0 0 1,0 0 1,
  0 0 1,0 0 1,
  0 0 1,0 0 1,
  0 0 1,0 0 1,
  0 0 1,0 0 1,
  0 0 1,0 0 1,
  0 0 1,0 0 1,
  0 0 1,0 0 1,
  0 0 1,0 0 1,
  0 0 1,0 0 1,
  0 0 1,0 0 1,
  0 0 1,0 0 1,
  0 0 1,0 0 1,
  0 0 1,0 0 1,
  0 0 1,0 0 1,
  0 0 1,0 0 1,
  0 0 1,0 0 1,
  0 0 1,0 0 1,
  0 0 1,0 0 1,
  0 0 1,0 0 1,
  0 0 1,0 0 1,
  0 0 1,0 0 1,
  0 0 1,0 0 1,
  0 0 1,0 0 1,
  0 0 1,0 0 1,
  0 0 1,0 0 1,
  0 0 1,0 0 1,
  0 0 1,0 0 1,
  0 0 1,0 0 1,
  0 0 1,0 0 1,
  0 0 1,0 0 1,
  0 0 1,0 0 1,
  0 0 1,0 0 1,
  0 0 1,0 0 1,
  0 0 1,0 0 1,
  0 0 1,0 0 1,
  0 0 1,0 0 1,
  0 0 1,0 0 1,
  0 0 1,0 0 1,
  0 0 1,0 0 1,
  0 0 1,0 0 1,
  0 0 1,0 0 1,
  0 0 1,0 0 1,
  0 0 1,0 0 1,
  0 0 1,0 0 1,
  0 0 1,0 0 1,
  0 0 1,0 0 1,
  0 0 1,0 0 1,
  0 0 1,0 0 1,
  0 0 1,0 0 1,
  0 0 1,0 0 1,
  0 0 1,0 0 1,
  0 0 1,0 0 1,
  0 0 1,0 0 1,
  0 0 1,0 0 1,
  0 0 1,0 0 1,
  0 0 1,0 0 1,
  0 0 1,0 0 1,
  0 0 1,0 0 1,
  0 0 1,0 0 1,
  0 0 1,0 0 1,
  0 0 1,0 0 1,
  0 0 1,0 0 1,
  0 0 1,0 0 1,
  0 0 1,0 0 1,
  0 0 1,0 0 1,
  0 0 1,0 0 1,
  0 0 1,0 0 1,
  0 0 1,0 0 1,
  0 0 1,0 0 1,
  0 0 1,0 0 1,
  0 0 1,0 0 1,
  0 0 1,0 0 1,
  0 0 1,0 0 1,
  0 0 1,0 0 1,
  0 0 1,0 0 1,
  0 0 1,0 0 1,
  0 0 1,0 0 1,
  0 0 1,0 0 1,
  0 0 1,0 0 1,
  0 0 1,0 0 1,
  0 0 1,0 0 1,
  0 0 1,0 0 1,
  0 0 1,0 0 1,
  0 0 1,0 0 1,
  0 0 1,0 0 1,
  0 0 1,0 0 1,
  0 0 1,0 0 1,
  0 0 1,0 0 1,
  0 0 1,0 0 1,
  0 0 1,0 0 1,
  0 0 1,0 0 1,
  0 0 1,0 0 1,
  0 0 1,0 0 1,
  0 0 1,0 0 1,
  0 0 1,0 0 1,
  0 0 1,0 0 1,
  0 0 1,0 0 1,
  0 0 1,0 0 1,
  0 0 1,0 0 1,
  0 0 1,0 0 1,
  0 0 1,0 0 1,
  0 0 1,0 0 1,
  0 0 1,0 0 1,
  0 0 1,0 0 1,
  0 0 1,0 0 1,
  0 0 1,0 0 1,
  0 0 1,0 0 1,
  0 0 1,0 0 1,
  0 0 1,0 0 1,
  0 0 1,0 0 1,
  0 0 1,0 0 1,
  0 0 1,0 0 1,
  0 0 1,0 0 1,
  0 0 1,0 0 1,
  0 0 1,0 0 1,
  0 0 1,0 0 1,
  0 0 1,0 0 1,
  0 0 1,0 0 1,
  0 0 1,0 0 1,
  0 0 1,0 0 1,
  0 0 1,0 0 1,
  0 0 1,0 0 1,
  0 0 1,0 0 1,
  0 0 1,0 0 1,
  0 0 1,0 0 1,
  0 0 1,0 0 1,
  0 0 1,0 0 1,
  0 0 1,0 0 1,
  0 0 1,0 0 1,
  0 0 1,0 0 1,
  0 0 1,0 0 1,
  0 0 1,0 0 1,
  0 0 1,0 0 1,
  0 0 1,0 0 1,
  0 0 1,0 0 1,
  0 0 1,0 0 1,
  0 0 1,0 0 1,
  0 0 1,0 0 1,
  0 0 1,0 0 1,
  0 0 1,0 0 1,
  0 0 1,0 0 1,
  0 0 1,0 0 1,
  0 0 1,0 0 1,
  0 0 1,0 0 1,
  0 0 1,0 0 1,
  0 0 1,0 0 1,
  0 0 1,0 0 1,
  0 0 1,0 0 1,
  0 0 1,0 0 1,
  0 0 1,0 0 1,
  0 0 1,0 0 1,
  0 0 1,0 0 1,
  0 0 1,0 0 1,
  0 0 1,0 0 1,
  0 0 1,0 0 1,
  0 0 1,0 0 1,
  0 0 1,0 0 1,
  0 0 1,0 0 1,
  0 0 1,0 0 1,
  0 0 1,0 0 1,
  0 0 1,0 0 1,
  0 0 1,0 0 1,
  0 0 1,0 0 1,
  0 0 1,0 0 1,
  0 0 1,0 0 1,
  0 0 1,0 0 1,
  0 0 1,0 0 1,
  0 0 1,0 0 1,
  0 0 1,0 0 1,
  0 0 1,0 0 1,
  0 0 1,0 0 1,
  0 0 1,0 0 1,
  0 0 1,0 0 1,
  0 0 1,0 0 1,
  0 0 1,0 0 1,
  0 0 1,0 0 1,
  0 0 1,0 0 1,
  0 0 1,0 0 1,
  0 0 1,0 0 1,
  0 0 1,0 0 1,
  0 0 1,0 0 1,
  0 0 1,0 0 1,
  0 0 1,0 0 1,
  0 0 1,0 0 1,
  0 0 1,0 0 1,
  0 0 1,0 0 1,
  0 0 1,0 0 1,
  0 0 1,0 0 1,
  0 0 1,0 0 1,
  0 0 1,0 0 1,
  0 0 1,0 0 1,
  0 0 1,0 0 1,
  0 0 1,0 0 1,
  0 0 1,0 0 1,
  0 0 1,0 0 1,
  0 0 1,0 0 1,
  0 0 1,0 0 1,
  0 0 1,0 0 1,
  0 0 1,0 0 1,
  0 0 1,0 0 1,
  0 0 1,0 0 1,
  0 0 1,0 0 1,
  0 0 1,0 0 1,
  0 0 1,0 0 1,
  0 0 1,0 0 1,
  0 0 1,0 0 1,
  0 0 1,0 0 1,
  0 0 1,0 0 1,
  0 0 1,0 0 1,
  0 0 1,0 0 1,
  0 0 1,0 0 1,
  0 0 1,0 0 1,
  0 0 1,0 0 1,
  0 0 1,0 0 1,
  0 0 1,0 0 1,
  0 0 1,0 0 1,
  0 0 1,0 0 1,
  0 0 1,0 0 1,
  0 0 1,0 0 1,
  0 0 1,0 0 1,
  0 0 1,0 0 1,
  0 0 1,0 0 1,
  0 0 1,0 0 1,
  0 0 1,0 0 1,
  0 0 1,0 0 1,
  0 0 1,0 0 1,
  0 0 1,0 0 1,
  0 0 1,0 0 1,
  0 0 1,0 0 1,
  0 0 1,0 0 1,
  0 0 1,0 0 1,
  0 0 1,0 0 1,
  0 0 1,0 0 1,
  0 0 1,0 0 1,
  0 0 1,0 0 1,
  0 0 1,0 0 1,
  0 0 1,0 0 1,
  0 0 1,0 0 1,
  0 0 1,0 0 1,
  0 0 1,0 0 1,
  0 0 1,0 0 1,
  0 0 1,0 0 1,
  0 0 1,0 0 1,
  0 0 1,0 0 1,
  0 0 1,0 0 1,
  0 0 1,0 0 1,
  0 0 1,0 0 1,
  0 0 1,0 0 1,
  0 0 1,0 0 1,
  0 0 1,0 0 1,
  0 0 1,0 0 1,
  0 0 1,0 0 1,
  0 0 1,0 0 1,
  0 0 1,0 0 1,
  0 0 1,0 0 1,
  0 0 1,0 0 1,
  0 0 1,0 0 1,
  0 0 1,0 0 1,
  0 0 1,0 0 1,
  0 0 1,0 0 1,
  0 0 1,0 0 1,
  0 0 1,0 0 1,
  0 0 1,0 0 1,
  0 0 1,0 0 1,
  0 0 1,0 0 1,
  0 0 1,0 0 1,
  0 0 1,0 0 1,
  0 0 1,0 0 1,
  0 0 1,0 0 1,
  0 0 1,0 0 1,
  0 0 1,0 0 1,
  0 0 1,0 0 1,
  0 0 1,0 0 1,
  0 0 1,0 0 1,
  0 0 1,0 0 1,
  0 0 1,0 0 1,
  0 0 1,0 0 1,
  0 0 1,0 0 1,
  0 0 1,0 0 1,
  0 0 1,0 0 1,
  0 0 1,0 0 1,
  0 0 1,0 0 1,
  0 0 1,0 0 1,
  0 0 1,0 0 1,
  0 0 1,0 0 1,
  0 0 1,0 0 1,
  0 0 1,0 0 1,
  0 0 1,0 0 1,
  0 0 1,0 0 1,
  0 0 1,0 0 1,
  0 0 1,0 0 1,
  0 0 1,0 0 1,
  0 0 1,0 0 1,
  0 0 1,0 0 1,
  0 0 1,0 0 1,
  0 0 1,0 0 1,
  0 0 1,0 0 1,
  0 0 1,0 0 1,
  0 0 1,0 0 1,
  0 0 1,0 0 1,
  0 0 1,0 0 1,
  0 0 1,0 0 1,
  0 0 1,0 0 1,
  0 0 1,0 0 1,
  0 0 1,0 0 1,
  0 0 1,0 0 1,
  0 0 1,0 0 1,
  0 0 1,0 0 1,
  0 0 1,0 0 1,
  0 0 1,0 0 1,
  0 0 1,0 0 1,
  0 0 1,0 0 1,
  0 0 1,0 0 1,
  0 0 1,0 0 1,
  0 0 1,0 0 1,
  0 0 1,0 0 1,
  0 0 1,0 0 1,
  0 0 1,0 0 1,
  0 0 1,0 0 1,
  0 0 1,0 0 1,
  0 0 1,0 0 1,
  0 0 1,0 0 1,
  0 0 1,0 0 1,
  0 0 1,0 0 1,
  0 0 1,0 0 1,
  0 0 1,0 0 1,
  0 0 1,0 0 1,
  0 0 1,0 0 1,
  0 0 1,0 0 1,
  0 0 1,0 0 1,
  0 0 1,0 0 1,
  0 0 1,0 0 1,
  0 0 1,0 0 1,
  0 0 1,0 0 1,
  0 0 1,0 0 1,
  0 0 1,0 0 1,
  0 0 1,0 0 1,
  0 0 1,0 0 1,
  0 0 1,0 0 1,
  0 0 1,0 0 1,
  0 0 1,0 0 1,
  0 0 1,0 0 1,
  0 0 1,0 0 1,
  0 0 1,0 0 1,
  0 0 1,0 0 1,
  0 0 1,0 0 1,
  0 0 1,0 0 1,
  0 0 1,0 0 1,
  0 0 1,0 0 1,
  0 0 1,0 0 1,
  0 0 1,0 0 1,
  0 0 1,0 0 1,
  0 0 1,0 0 1,
  0 0 1,0 0 1,
  0 0 1,0 0 1,
  0 0 1,0 0 1,
  0 0 1,0 0 1,
  0 0 1,0 0 1,
  0 0 1,0 0 1,
  0 0 1,0 0 1,
  0 0 1,0 0 1,
  0 0 1,0 0 1,
  0 0 1,0 0 1,
  0 0 1,0 0 1,
  0 0 1,0 0 1,
  0 0 1,0 0 1,
  0 0 1,0 0 1,
  0 0 1,0 0 1,
  0 0 1,0 0 1,
  0 0 1,0 0 1,
  0 0 1,0 0 1,
  0 0 1,0 0 1,
  0 0 1,0 0 1,
  0 0 1,0 0 1,
  0 0 1,0 0 1,
  0 0 1,0 0 1,
  0 0 1,0 0 1,
  0 0 1,0 0 1,
  0 0 1,0 0 1,
  0 0 1,0 0 1,
  0 0 1,0 0 1,
  0 0 1] }
}
}
] }
] }
