ISO-10303-21;
HEADER;
/* Generated by software containing ST-Developer
 * from STEP Tools, Inc. (www.steptools.com) 
 */

FILE_DESCRIPTION(
/* description */ (''),
/* implementation_level */ '2;1');

FILE_NAME(
/* name */ 'Hack pad DOWN.step',
/* time_stamp */ '2026-02-19T20:17:57-06:00',
/* author */ (''),
/* organization */ (''),
/* preprocessor_version */ 'ST-DEVELOPER v20.1',
/* originating_system */ 'Autodesk Translation Framework v14.21.0.0',
/* authorisation */ '');

FILE_SCHEMA (('AUTOMOTIVE_DESIGN { 1 0 10303 214 3 1 1 }'));
ENDSEC;

DATA;
#10=MECHANICAL_DESIGN_GEOMETRIC_PRESENTATION_REPRESENTATION('',(#163,#164,
#165),#4469);
#11=ITEM_DEFINED_TRANSFORMATION($,$,#2758,#2913);
#12=ITEM_DEFINED_TRANSFORMATION($,$,#2749,#2956);
#13=ITEM_DEFINED_TRANSFORMATION($,$,#2756,#2957);
#14=ITEM_DEFINED_TRANSFORMATION($,$,#2757,#2958);
#15=(
REPRESENTATION_RELATIONSHIP($,$,#4492,#4491)
REPRESENTATION_RELATIONSHIP_WITH_TRANSFORMATION(#11)
SHAPE_REPRESENTATION_RELATIONSHIP()
);
#16=(
REPRESENTATION_RELATIONSHIP($,$,#4489,#4488)
REPRESENTATION_RELATIONSHIP_WITH_TRANSFORMATION(#12)
SHAPE_REPRESENTATION_RELATIONSHIP()
);
#17=(
REPRESENTATION_RELATIONSHIP($,$,#4490,#4488)
REPRESENTATION_RELATIONSHIP_WITH_TRANSFORMATION(#13)
SHAPE_REPRESENTATION_RELATIONSHIP()
);
#18=(
REPRESENTATION_RELATIONSHIP($,$,#4491,#4488)
REPRESENTATION_RELATIONSHIP_WITH_TRANSFORMATION(#14)
SHAPE_REPRESENTATION_RELATIONSHIP()
);
#19=CONTEXT_DEPENDENT_SHAPE_REPRESENTATION(#15,#4484);
#20=CONTEXT_DEPENDENT_SHAPE_REPRESENTATION(#16,#4485);
#21=CONTEXT_DEPENDENT_SHAPE_REPRESENTATION(#17,#4486);
#22=CONTEXT_DEPENDENT_SHAPE_REPRESENTATION(#18,#4487);
#23=NEXT_ASSEMBLY_USAGE_OCCURRENCE('Component1:1','Component1:1',
'Component1:1',#4497,#4498,'Component1:1');
#24=NEXT_ASSEMBLY_USAGE_OCCURRENCE('Component1:1','Component1:1',
'Component1:1',#4494,#4495,'Component1:1');
#25=NEXT_ASSEMBLY_USAGE_OCCURRENCE('External1:1','External1:1',
'External1:1',#4494,#4496,'External1:1');
#26=NEXT_ASSEMBLY_USAGE_OCCURRENCE('Hack Pad UP:1','Hack Pad UP:1',
'Hack Pad UP:1',#4494,#4497,'Hack Pad UP:1');
#27=FACE_BOUND('',#364,.T.);
#28=FACE_BOUND('',#365,.T.);
#29=FACE_BOUND('',#366,.T.);
#30=FACE_BOUND('',#367,.T.);
#31=FACE_BOUND('',#368,.T.);
#32=FACE_BOUND('',#369,.T.);
#33=FACE_BOUND('',#370,.T.);
#34=FACE_BOUND('',#371,.T.);
#35=FACE_BOUND('',#372,.T.);
#36=FACE_BOUND('',#373,.T.);
#37=FACE_BOUND('',#374,.T.);
#38=FACE_BOUND('',#375,.T.);
#39=FACE_BOUND('',#376,.T.);
#40=FACE_BOUND('',#377,.T.);
#41=FACE_BOUND('',#378,.T.);
#42=FACE_BOUND('',#379,.T.);
#43=FACE_BOUND('',#435,.T.);
#44=FACE_BOUND('',#436,.T.);
#45=FACE_BOUND('',#437,.T.);
#46=FACE_BOUND('',#438,.T.);
#47=FACE_BOUND('',#439,.T.);
#48=FACE_BOUND('',#440,.T.);
#49=FACE_BOUND('',#441,.T.);
#50=FACE_BOUND('',#442,.T.);
#51=FACE_BOUND('',#443,.T.);
#52=FACE_BOUND('',#444,.T.);
#53=FACE_BOUND('',#454,.T.);
#54=FACE_BOUND('',#455,.T.);
#55=FACE_BOUND('',#456,.T.);
#56=FACE_BOUND('',#457,.T.);
#57=FACE_BOUND('',#461,.T.);
#58=FACE_BOUND('',#462,.T.);
#59=FACE_BOUND('',#463,.T.);
#60=FACE_BOUND('',#464,.T.);
#61=CIRCLE('',#2808,5.);
#62=CIRCLE('',#2809,5.);
#63=CIRCLE('',#2812,5.);
#64=CIRCLE('',#2813,5.);
#65=CIRCLE('',#2814,5.);
#66=CIRCLE('',#2815,0.499999999999998);
#67=CIRCLE('',#2816,0.5);
#68=CIRCLE('',#2817,0.500000000000003);
#69=CIRCLE('',#2818,0.499999999999998);
#70=CIRCLE('',#2819,1.7);
#71=CIRCLE('',#2820,1.7);
#72=CIRCLE('',#2821,1.7);
#73=CIRCLE('',#2822,0.5);
#74=CIRCLE('',#2823,0.5);
#75=CIRCLE('',#2824,0.499999999999998);
#76=CIRCLE('',#2825,0.499999999999998);
#77=CIRCLE('',#2826,1.7);
#78=CIRCLE('',#2827,0.499999999999998);
#79=CIRCLE('',#2828,0.499999999999998);
#80=CIRCLE('',#2829,0.500000000000003);
#81=CIRCLE('',#2830,0.500000000000003);
#82=CIRCLE('',#2831,0.5);
#83=CIRCLE('',#2832,0.499999999999998);
#84=CIRCLE('',#2833,0.499999999999998);
#85=CIRCLE('',#2834,0.500000000000003);
#86=CIRCLE('',#2836,5.);
#87=CIRCLE('',#2839,5.);
#88=CIRCLE('',#2842,5.);
#89=CIRCLE('',#2849,0.499999999999998);
#90=CIRCLE('',#2852,0.499999999999998);
#91=CIRCLE('',#2855,0.500000000000003);
#92=CIRCLE('',#2858,0.5);
#93=CIRCLE('',#2861,0.499999999999998);
#94=CIRCLE('',#2864,0.500000000000003);
#95=CIRCLE('',#2867,0.500000000000003);
#96=CIRCLE('',#2870,0.499999999999998);
#97=CIRCLE('',#2876,1.7);
#98=CIRCLE('',#2879,0.5);
#99=CIRCLE('',#2882,0.499999999999998);
#100=CIRCLE('',#2885,0.499999999999998);
#101=CIRCLE('',#2888,0.5);
#102=CIRCLE('',#2890,1.7);
#103=CIRCLE('',#2892,1.7);
#104=CIRCLE('',#2894,1.7);
#105=CIRCLE('',#2897,0.5);
#106=CIRCLE('',#2900,0.500000000000003);
#107=CIRCLE('',#2903,0.499999999999998);
#108=CIRCLE('',#2906,0.499999999999998);
#109=CIRCLE('',#2921,5.);
#110=CIRCLE('',#2922,5.);
#111=CIRCLE('',#2925,5.);
#112=CIRCLE('',#2926,5.);
#113=CIRCLE('',#2927,5.);
#114=CIRCLE('',#2928,3.);
#115=CIRCLE('',#2929,3.);
#116=CIRCLE('',#2930,3.);
#117=CIRCLE('',#2931,3.);
#118=CIRCLE('',#2933,5.);
#119=CIRCLE('',#2936,5.);
#120=CIRCLE('',#2937,5.);
#121=CIRCLE('',#2938,3.);
#122=CIRCLE('',#2939,3.);
#123=CIRCLE('',#2940,3.);
#124=CIRCLE('',#2941,3.);
#125=CYLINDRICAL_SURFACE('',#2807,5.);
#126=CYLINDRICAL_SURFACE('',#2835,5.);
#127=CYLINDRICAL_SURFACE('',#2838,5.);
#128=CYLINDRICAL_SURFACE('',#2841,5.);
#129=CYLINDRICAL_SURFACE('',#2848,0.499999999999998);
#130=CYLINDRICAL_SURFACE('',#2851,0.499999999999998);
#131=CYLINDRICAL_SURFACE('',#2854,0.500000000000003);
#132=CYLINDRICAL_SURFACE('',#2857,0.5);
#133=CYLINDRICAL_SURFACE('',#2860,0.499999999999998);
#134=CYLINDRICAL_SURFACE('',#2863,0.500000000000003);
#135=CYLINDRICAL_SURFACE('',#2866,0.500000000000003);
#136=CYLINDRICAL_SURFACE('',#2869,0.499999999999998);
#137=CYLINDRICAL_SURFACE('',#2875,1.7);
#138=CYLINDRICAL_SURFACE('',#2878,0.5);
#139=CYLINDRICAL_SURFACE('',#2881,0.499999999999998);
#140=CYLINDRICAL_SURFACE('',#2884,0.499999999999998);
#141=CYLINDRICAL_SURFACE('',#2887,0.5);
#142=CYLINDRICAL_SURFACE('',#2889,1.7);
#143=CYLINDRICAL_SURFACE('',#2891,1.7);
#144=CYLINDRICAL_SURFACE('',#2893,1.7);
#145=CYLINDRICAL_SURFACE('',#2896,0.5);
#146=CYLINDRICAL_SURFACE('',#2899,0.500000000000003);
#147=CYLINDRICAL_SURFACE('',#2902,0.499999999999998);
#148=CYLINDRICAL_SURFACE('',#2905,0.499999999999998);
#149=CYLINDRICAL_SURFACE('',#2920,5.);
#150=CYLINDRICAL_SURFACE('',#2932,5.);
#151=CYLINDRICAL_SURFACE('',#2942,5.);
#152=CYLINDRICAL_SURFACE('',#2944,5.);
#153=CYLINDRICAL_SURFACE('',#2951,3.);
#154=CYLINDRICAL_SURFACE('',#2952,3.);
#155=CYLINDRICAL_SURFACE('',#2953,3.);
#156=CYLINDRICAL_SURFACE('',#2954,3.);
#157=SHAPE_REPRESENTATION_RELATIONSHIP('SRR','None',#4489,#160);
#158=SHAPE_REPRESENTATION_RELATIONSHIP('SRR','None',#4492,#161);
#159=SHAPE_REPRESENTATION_RELATIONSHIP('SRR','None',#4488,#162);
#160=ADVANCED_BREP_SHAPE_REPRESENTATION('',(#166),#4465);
#161=ADVANCED_BREP_SHAPE_REPRESENTATION('',(#167),#4468);
#162=ADVANCED_BREP_SHAPE_REPRESENTATION('',(#168),#4464);
#163=STYLED_ITEM('',(#4518),#166);
#164=STYLED_ITEM('',(#4519),#167);
#165=STYLED_ITEM('',(#4517),#168);
#166=MANIFOLD_SOLID_BREP('Body1',#2711);
#167=MANIFOLD_SOLID_BREP('Body1',#2712);
#168=MANIFOLD_SOLID_BREP('Body1',#2713);
#169=FACE_OUTER_BOUND('',#307,.T.);
#170=FACE_OUTER_BOUND('',#308,.T.);
#171=FACE_OUTER_BOUND('',#309,.T.);
#172=FACE_OUTER_BOUND('',#310,.T.);
#173=FACE_OUTER_BOUND('',#311,.T.);
#174=FACE_OUTER_BOUND('',#312,.T.);
#175=FACE_OUTER_BOUND('',#313,.T.);
#176=FACE_OUTER_BOUND('',#314,.T.);
#177=FACE_OUTER_BOUND('',#315,.T.);
#178=FACE_OUTER_BOUND('',#316,.T.);
#179=FACE_OUTER_BOUND('',#317,.T.);
#180=FACE_OUTER_BOUND('',#318,.T.);
#181=FACE_OUTER_BOUND('',#319,.T.);
#182=FACE_OUTER_BOUND('',#320,.T.);
#183=FACE_OUTER_BOUND('',#321,.T.);
#184=FACE_OUTER_BOUND('',#322,.T.);
#185=FACE_OUTER_BOUND('',#323,.T.);
#186=FACE_OUTER_BOUND('',#324,.T.);
#187=FACE_OUTER_BOUND('',#325,.T.);
#188=FACE_OUTER_BOUND('',#326,.T.);
#189=FACE_OUTER_BOUND('',#327,.T.);
#190=FACE_OUTER_BOUND('',#328,.T.);
#191=FACE_OUTER_BOUND('',#329,.T.);
#192=FACE_OUTER_BOUND('',#330,.T.);
#193=FACE_OUTER_BOUND('',#331,.T.);
#194=FACE_OUTER_BOUND('',#332,.T.);
#195=FACE_OUTER_BOUND('',#333,.T.);
#196=FACE_OUTER_BOUND('',#334,.T.);
#197=FACE_OUTER_BOUND('',#335,.T.);
#198=FACE_OUTER_BOUND('',#336,.T.);
#199=FACE_OUTER_BOUND('',#337,.T.);
#200=FACE_OUTER_BOUND('',#338,.T.);
#201=FACE_OUTER_BOUND('',#339,.T.);
#202=FACE_OUTER_BOUND('',#340,.T.);
#203=FACE_OUTER_BOUND('',#341,.T.);
#204=FACE_OUTER_BOUND('',#342,.T.);
#205=FACE_OUTER_BOUND('',#343,.T.);
#206=FACE_OUTER_BOUND('',#344,.T.);
#207=FACE_OUTER_BOUND('',#345,.T.);
#208=FACE_OUTER_BOUND('',#346,.T.);
#209=FACE_OUTER_BOUND('',#347,.T.);
#210=FACE_OUTER_BOUND('',#348,.T.);
#211=FACE_OUTER_BOUND('',#349,.T.);
#212=FACE_OUTER_BOUND('',#350,.T.);
#213=FACE_OUTER_BOUND('',#351,.T.);
#214=FACE_OUTER_BOUND('',#352,.T.);
#215=FACE_OUTER_BOUND('',#353,.T.);
#216=FACE_OUTER_BOUND('',#354,.T.);
#217=FACE_OUTER_BOUND('',#355,.T.);
#218=FACE_OUTER_BOUND('',#356,.T.);
#219=FACE_OUTER_BOUND('',#357,.T.);
#220=FACE_OUTER_BOUND('',#358,.T.);
#221=FACE_OUTER_BOUND('',#359,.T.);
#222=FACE_OUTER_BOUND('',#360,.T.);
#223=FACE_OUTER_BOUND('',#361,.T.);
#224=FACE_OUTER_BOUND('',#362,.T.);
#225=FACE_OUTER_BOUND('',#363,.T.);
#226=FACE_OUTER_BOUND('',#380,.T.);
#227=FACE_OUTER_BOUND('',#381,.T.);
#228=FACE_OUTER_BOUND('',#382,.T.);
#229=FACE_OUTER_BOUND('',#383,.T.);
#230=FACE_OUTER_BOUND('',#384,.T.);
#231=FACE_OUTER_BOUND('',#385,.T.);
#232=FACE_OUTER_BOUND('',#386,.T.);
#233=FACE_OUTER_BOUND('',#387,.T.);
#234=FACE_OUTER_BOUND('',#388,.T.);
#235=FACE_OUTER_BOUND('',#389,.T.);
#236=FACE_OUTER_BOUND('',#390,.T.);
#237=FACE_OUTER_BOUND('',#391,.T.);
#238=FACE_OUTER_BOUND('',#392,.T.);
#239=FACE_OUTER_BOUND('',#393,.T.);
#240=FACE_OUTER_BOUND('',#394,.T.);
#241=FACE_OUTER_BOUND('',#395,.T.);
#242=FACE_OUTER_BOUND('',#396,.T.);
#243=FACE_OUTER_BOUND('',#397,.T.);
#244=FACE_OUTER_BOUND('',#398,.T.);
#245=FACE_OUTER_BOUND('',#399,.T.);
#246=FACE_OUTER_BOUND('',#400,.T.);
#247=FACE_OUTER_BOUND('',#401,.T.);
#248=FACE_OUTER_BOUND('',#402,.T.);
#249=FACE_OUTER_BOUND('',#403,.T.);
#250=FACE_OUTER_BOUND('',#404,.T.);
#251=FACE_OUTER_BOUND('',#405,.T.);
#252=FACE_OUTER_BOUND('',#406,.T.);
#253=FACE_OUTER_BOUND('',#407,.T.);
#254=FACE_OUTER_BOUND('',#408,.T.);
#255=FACE_OUTER_BOUND('',#409,.T.);
#256=FACE_OUTER_BOUND('',#410,.T.);
#257=FACE_OUTER_BOUND('',#411,.T.);
#258=FACE_OUTER_BOUND('',#412,.T.);
#259=FACE_OUTER_BOUND('',#413,.T.);
#260=FACE_OUTER_BOUND('',#414,.T.);
#261=FACE_OUTER_BOUND('',#415,.T.);
#262=FACE_OUTER_BOUND('',#416,.T.);
#263=FACE_OUTER_BOUND('',#417,.T.);
#264=FACE_OUTER_BOUND('',#418,.T.);
#265=FACE_OUTER_BOUND('',#419,.T.);
#266=FACE_OUTER_BOUND('',#420,.T.);
#267=FACE_OUTER_BOUND('',#421,.T.);
#268=FACE_OUTER_BOUND('',#422,.T.);
#269=FACE_OUTER_BOUND('',#423,.T.);
#270=FACE_OUTER_BOUND('',#424,.T.);
#271=FACE_OUTER_BOUND('',#425,.T.);
#272=FACE_OUTER_BOUND('',#426,.T.);
#273=FACE_OUTER_BOUND('',#427,.T.);
#274=FACE_OUTER_BOUND('',#428,.T.);
#275=FACE_OUTER_BOUND('',#429,.T.);
#276=FACE_OUTER_BOUND('',#430,.T.);
#277=FACE_OUTER_BOUND('',#431,.T.);
#278=FACE_OUTER_BOUND('',#432,.T.);
#279=FACE_OUTER_BOUND('',#433,.T.);
#280=FACE_OUTER_BOUND('',#434,.T.);
#281=FACE_OUTER_BOUND('',#445,.T.);
#282=FACE_OUTER_BOUND('',#446,.T.);
#283=FACE_OUTER_BOUND('',#447,.T.);
#284=FACE_OUTER_BOUND('',#448,.T.);
#285=FACE_OUTER_BOUND('',#449,.T.);
#286=FACE_OUTER_BOUND('',#450,.T.);
#287=FACE_OUTER_BOUND('',#451,.T.);
#288=FACE_OUTER_BOUND('',#452,.T.);
#289=FACE_OUTER_BOUND('',#453,.T.);
#290=FACE_OUTER_BOUND('',#458,.T.);
#291=FACE_OUTER_BOUND('',#459,.T.);
#292=FACE_OUTER_BOUND('',#460,.T.);
#293=FACE_OUTER_BOUND('',#465,.T.);
#294=FACE_OUTER_BOUND('',#466,.T.);
#295=FACE_OUTER_BOUND('',#467,.T.);
#296=FACE_OUTER_BOUND('',#468,.T.);
#297=FACE_OUTER_BOUND('',#469,.T.);
#298=FACE_OUTER_BOUND('',#470,.T.);
#299=FACE_OUTER_BOUND('',#471,.T.);
#300=FACE_OUTER_BOUND('',#472,.T.);
#301=FACE_OUTER_BOUND('',#473,.T.);
#302=FACE_OUTER_BOUND('',#474,.T.);
#303=FACE_OUTER_BOUND('',#475,.T.);
#304=FACE_OUTER_BOUND('',#476,.T.);
#305=FACE_OUTER_BOUND('',#477,.T.);
#306=FACE_OUTER_BOUND('',#478,.T.);
#307=EDGE_LOOP('',(#1719,#1720,#1721,#1722));
#308=EDGE_LOOP('',(#1723,#1724,#1725,#1726));
#309=EDGE_LOOP('',(#1727,#1728,#1729,#1730));
#310=EDGE_LOOP('',(#1731,#1732,#1733,#1734));
#311=EDGE_LOOP('',(#1735,#1736,#1737,#1738));
#312=EDGE_LOOP('',(#1739,#1740,#1741,#1742));
#313=EDGE_LOOP('',(#1743,#1744,#1745,#1746));
#314=EDGE_LOOP('',(#1747,#1748,#1749,#1750));
#315=EDGE_LOOP('',(#1751,#1752,#1753,#1754));
#316=EDGE_LOOP('',(#1755,#1756,#1757,#1758));
#317=EDGE_LOOP('',(#1759,#1760,#1761,#1762));
#318=EDGE_LOOP('',(#1763,#1764,#1765,#1766));
#319=EDGE_LOOP('',(#1767,#1768,#1769,#1770));
#320=EDGE_LOOP('',(#1771,#1772,#1773,#1774));
#321=EDGE_LOOP('',(#1775,#1776,#1777,#1778));
#322=EDGE_LOOP('',(#1779,#1780,#1781,#1782));
#323=EDGE_LOOP('',(#1783,#1784,#1785,#1786));
#324=EDGE_LOOP('',(#1787,#1788,#1789,#1790));
#325=EDGE_LOOP('',(#1791,#1792,#1793,#1794));
#326=EDGE_LOOP('',(#1795,#1796,#1797,#1798));
#327=EDGE_LOOP('',(#1799,#1800,#1801,#1802));
#328=EDGE_LOOP('',(#1803,#1804,#1805,#1806));
#329=EDGE_LOOP('',(#1807,#1808,#1809,#1810));
#330=EDGE_LOOP('',(#1811,#1812,#1813,#1814));
#331=EDGE_LOOP('',(#1815,#1816,#1817,#1818));
#332=EDGE_LOOP('',(#1819,#1820,#1821,#1822));
#333=EDGE_LOOP('',(#1823,#1824,#1825,#1826));
#334=EDGE_LOOP('',(#1827,#1828,#1829,#1830));
#335=EDGE_LOOP('',(#1831,#1832,#1833,#1834));
#336=EDGE_LOOP('',(#1835,#1836,#1837,#1838));
#337=EDGE_LOOP('',(#1839,#1840,#1841,#1842));
#338=EDGE_LOOP('',(#1843,#1844,#1845,#1846));
#339=EDGE_LOOP('',(#1847,#1848,#1849,#1850));
#340=EDGE_LOOP('',(#1851,#1852,#1853,#1854));
#341=EDGE_LOOP('',(#1855,#1856,#1857,#1858));
#342=EDGE_LOOP('',(#1859,#1860,#1861,#1862));
#343=EDGE_LOOP('',(#1863,#1864,#1865,#1866));
#344=EDGE_LOOP('',(#1867,#1868,#1869,#1870));
#345=EDGE_LOOP('',(#1871,#1872,#1873,#1874));
#346=EDGE_LOOP('',(#1875,#1876,#1877,#1878));
#347=EDGE_LOOP('',(#1879,#1880,#1881,#1882));
#348=EDGE_LOOP('',(#1883,#1884,#1885,#1886));
#349=EDGE_LOOP('',(#1887,#1888,#1889,#1890));
#350=EDGE_LOOP('',(#1891,#1892,#1893,#1894));
#351=EDGE_LOOP('',(#1895,#1896,#1897,#1898));
#352=EDGE_LOOP('',(#1899,#1900,#1901,#1902));
#353=EDGE_LOOP('',(#1903,#1904,#1905,#1906));
#354=EDGE_LOOP('',(#1907,#1908,#1909,#1910));
#355=EDGE_LOOP('',(#1911,#1912,#1913,#1914));
#356=EDGE_LOOP('',(#1915,#1916,#1917,#1918));
#357=EDGE_LOOP('',(#1919,#1920,#1921,#1922));
#358=EDGE_LOOP('',(#1923,#1924,#1925,#1926));
#359=EDGE_LOOP('',(#1927,#1928,#1929,#1930));
#360=EDGE_LOOP('',(#1931,#1932,#1933,#1934,#1935,#1936,#1937,#1938,#1939,
#1940,#1941,#1942));
#361=EDGE_LOOP('',(#1943,#1944,#1945,#1946));
#362=EDGE_LOOP('',(#1947,#1948,#1949,#1950));
#363=EDGE_LOOP('',(#1951,#1952,#1953,#1954,#1955,#1956,#1957,#1958,#1959,
#1960,#1961,#1962));
#364=EDGE_LOOP('',(#1963,#1964,#1965,#1966));
#365=EDGE_LOOP('',(#1967,#1968,#1969,#1970,#1971,#1972,#1973,#1974,#1975,
#1976,#1977,#1978));
#366=EDGE_LOOP('',(#1979,#1980,#1981,#1982));
#367=EDGE_LOOP('',(#1983,#1984,#1985,#1986));
#368=EDGE_LOOP('',(#1987,#1988,#1989,#1990));
#369=EDGE_LOOP('',(#1991,#1992,#1993,#1994,#1995,#1996,#1997,#1998,#1999,
#2000,#2001,#2002));
#370=EDGE_LOOP('',(#2003,#2004,#2005,#2006,#2007,#2008,#2009,#2010));
#371=EDGE_LOOP('',(#2011));
#372=EDGE_LOOP('',(#2012));
#373=EDGE_LOOP('',(#2013));
#374=EDGE_LOOP('',(#2014,#2015,#2016,#2017,#2018,#2019,#2020,#2021));
#375=EDGE_LOOP('',(#2022));
#376=EDGE_LOOP('',(#2023,#2024,#2025,#2026));
#377=EDGE_LOOP('',(#2027,#2028,#2029,#2030,#2031,#2032,#2033,#2034));
#378=EDGE_LOOP('',(#2035,#2036,#2037,#2038,#2039,#2040,#2041,#2042));
#379=EDGE_LOOP('',(#2043,#2044,#2045,#2046));
#380=EDGE_LOOP('',(#2047,#2048,#2049,#2050));
#381=EDGE_LOOP('',(#2051,#2052,#2053,#2054));
#382=EDGE_LOOP('',(#2055,#2056,#2057,#2058));
#383=EDGE_LOOP('',(#2059,#2060,#2061,#2062));
#384=EDGE_LOOP('',(#2063,#2064,#2065,#2066));
#385=EDGE_LOOP('',(#2067,#2068,#2069,#2070));
#386=EDGE_LOOP('',(#2071,#2072,#2073,#2074));
#387=EDGE_LOOP('',(#2075,#2076,#2077,#2078));
#388=EDGE_LOOP('',(#2079,#2080,#2081,#2082));
#389=EDGE_LOOP('',(#2083,#2084,#2085,#2086));
#390=EDGE_LOOP('',(#2087,#2088,#2089,#2090));
#391=EDGE_LOOP('',(#2091,#2092,#2093,#2094));
#392=EDGE_LOOP('',(#2095,#2096,#2097,#2098));
#393=EDGE_LOOP('',(#2099,#2100,#2101,#2102));
#394=EDGE_LOOP('',(#2103,#2104,#2105,#2106));
#395=EDGE_LOOP('',(#2107,#2108,#2109,#2110));
#396=EDGE_LOOP('',(#2111,#2112,#2113,#2114));
#397=EDGE_LOOP('',(#2115,#2116,#2117,#2118));
#398=EDGE_LOOP('',(#2119,#2120,#2121,#2122));
#399=EDGE_LOOP('',(#2123,#2124,#2125,#2126));
#400=EDGE_LOOP('',(#2127,#2128,#2129,#2130));
#401=EDGE_LOOP('',(#2131,#2132,#2133,#2134));
#402=EDGE_LOOP('',(#2135,#2136,#2137,#2138));
#403=EDGE_LOOP('',(#2139,#2140,#2141,#2142));
#404=EDGE_LOOP('',(#2143,#2144,#2145,#2146));
#405=EDGE_LOOP('',(#2147,#2148,#2149,#2150));
#406=EDGE_LOOP('',(#2151,#2152,#2153,#2154));
#407=EDGE_LOOP('',(#2155,#2156,#2157,#2158));
#408=EDGE_LOOP('',(#2159,#2160,#2161,#2162));
#409=EDGE_LOOP('',(#2163,#2164,#2165,#2166));
#410=EDGE_LOOP('',(#2167,#2168,#2169,#2170));
#411=EDGE_LOOP('',(#2171,#2172,#2173,#2174));
#412=EDGE_LOOP('',(#2175,#2176,#2177,#2178));
#413=EDGE_LOOP('',(#2179,#2180,#2181,#2182));
#414=EDGE_LOOP('',(#2183,#2184,#2185,#2186));
#415=EDGE_LOOP('',(#2187,#2188,#2189,#2190));
#416=EDGE_LOOP('',(#2191,#2192,#2193,#2194));
#417=EDGE_LOOP('',(#2195,#2196,#2197,#2198));
#418=EDGE_LOOP('',(#2199,#2200,#2201,#2202));
#419=EDGE_LOOP('',(#2203,#2204,#2205,#2206));
#420=EDGE_LOOP('',(#2207,#2208,#2209,#2210));
#421=EDGE_LOOP('',(#2211,#2212,#2213,#2214));
#422=EDGE_LOOP('',(#2215,#2216,#2217,#2218));
#423=EDGE_LOOP('',(#2219,#2220,#2221,#2222));
#424=EDGE_LOOP('',(#2223,#2224,#2225,#2226));
#425=EDGE_LOOP('',(#2227,#2228,#2229,#2230));
#426=EDGE_LOOP('',(#2231,#2232,#2233,#2234));
#427=EDGE_LOOP('',(#2235,#2236,#2237,#2238));
#428=EDGE_LOOP('',(#2239,#2240,#2241,#2242));
#429=EDGE_LOOP('',(#2243,#2244,#2245,#2246));
#430=EDGE_LOOP('',(#2247,#2248,#2249,#2250));
#431=EDGE_LOOP('',(#2251,#2252,#2253,#2254));
#432=EDGE_LOOP('',(#2255,#2256,#2257,#2258));
#433=EDGE_LOOP('',(#2259,#2260,#2261,#2262));
#434=EDGE_LOOP('',(#2263,#2264,#2265,#2266,#2267,#2268,#2269,#2270,#2271,
#2272,#2273,#2274));
#435=EDGE_LOOP('',(#2275,#2276,#2277,#2278,#2279,#2280,#2281,#2282));
#436=EDGE_LOOP('',(#2283));
#437=EDGE_LOOP('',(#2284));
#438=EDGE_LOOP('',(#2285));
#439=EDGE_LOOP('',(#2286,#2287,#2288,#2289,#2290,#2291,#2292,#2293));
#440=EDGE_LOOP('',(#2294));
#441=EDGE_LOOP('',(#2295,#2296,#2297,#2298));
#442=EDGE_LOOP('',(#2299,#2300,#2301,#2302,#2303,#2304,#2305,#2306));
#443=EDGE_LOOP('',(#2307,#2308,#2309,#2310,#2311,#2312,#2313,#2314));
#444=EDGE_LOOP('',(#2315,#2316,#2317,#2318));
#445=EDGE_LOOP('',(#2319,#2320,#2321,#2322));
#446=EDGE_LOOP('',(#2323,#2324,#2325,#2326));
#447=EDGE_LOOP('',(#2327,#2328,#2329,#2330));
#448=EDGE_LOOP('',(#2331,#2332,#2333,#2334,#2335,#2336,#2337,#2338,#2339));
#449=EDGE_LOOP('',(#2340,#2341,#2342,#2343,#2344,#2345));
#450=EDGE_LOOP('',(#2346,#2347,#2348,#2349,#2350,#2351));
#451=EDGE_LOOP('',(#2352,#2353,#2354,#2355));
#452=EDGE_LOOP('',(#2356,#2357,#2358,#2359,#2360,#2361,#2362,#2363,#2364,
#2365,#2366));
#453=EDGE_LOOP('',(#2367,#2368,#2369,#2370,#2371,#2372,#2373,#2374));
#454=EDGE_LOOP('',(#2375));
#455=EDGE_LOOP('',(#2376));
#456=EDGE_LOOP('',(#2377));
#457=EDGE_LOOP('',(#2378));
#458=EDGE_LOOP('',(#2379,#2380,#2381,#2382));
#459=EDGE_LOOP('',(#2383,#2384,#2385,#2386));
#460=EDGE_LOOP('',(#2387,#2388,#2389,#2390,#2391,#2392,#2393,#2394,#2395,
#2396,#2397,#2398,#2399,#2400,#2401,#2402));
#461=EDGE_LOOP('',(#2403));
#462=EDGE_LOOP('',(#2404));
#463=EDGE_LOOP('',(#2405));
#464=EDGE_LOOP('',(#2406));
#465=EDGE_LOOP('',(#2407,#2408,#2409,#2410));
#466=EDGE_LOOP('',(#2411,#2412,#2413,#2414));
#467=EDGE_LOOP('',(#2415,#2416,#2417,#2418));
#468=EDGE_LOOP('',(#2419,#2420,#2421,#2422,#2423,#2424,#2425,#2426));
#469=EDGE_LOOP('',(#2427,#2428,#2429,#2430));
#470=EDGE_LOOP('',(#2431,#2432,#2433,#2434));
#471=EDGE_LOOP('',(#2435,#2436,#2437,#2438));
#472=EDGE_LOOP('',(#2439,#2440,#2441,#2442));
#473=EDGE_LOOP('',(#2443,#2444,#2445,#2446));
#474=EDGE_LOOP('',(#2447,#2448,#2449,#2450));
#475=EDGE_LOOP('',(#2451,#2452,#2453,#2454));
#476=EDGE_LOOP('',(#2455,#2456,#2457,#2458));
#477=EDGE_LOOP('',(#2459,#2460,#2461,#2462));
#478=EDGE_LOOP('',(#2463,#2464,#2465,#2466));
#479=LINE('',#3696,#789);
#480=LINE('',#3698,#790);
#481=LINE('',#3700,#791);
#482=LINE('',#3701,#792);
#483=LINE('',#3704,#793);
#484=LINE('',#3706,#794);
#485=LINE('',#3707,#795);
#486=LINE('',#3710,#796);
#487=LINE('',#3712,#797);
#488=LINE('',#3713,#798);
#489=LINE('',#3715,#799);
#490=LINE('',#3716,#800);
#491=LINE('',#3725,#801);
#492=LINE('',#3727,#802);
#493=LINE('',#3729,#803);
#494=LINE('',#3730,#804);
#495=LINE('',#3733,#805);
#496=LINE('',#3735,#806);
#497=LINE('',#3736,#807);
#498=LINE('',#3739,#808);
#499=LINE('',#3741,#809);
#500=LINE('',#3742,#810);
#501=LINE('',#3744,#811);
#502=LINE('',#3745,#812);
#503=LINE('',#3750,#813);
#504=LINE('',#3752,#814);
#505=LINE('',#3754,#815);
#506=LINE('',#3755,#816);
#507=LINE('',#3758,#817);
#508=LINE('',#3760,#818);
#509=LINE('',#3761,#819);
#510=LINE('',#3764,#820);
#511=LINE('',#3766,#821);
#512=LINE('',#3767,#822);
#513=LINE('',#3769,#823);
#514=LINE('',#3770,#824);
#515=LINE('',#3771,#825);
#516=LINE('',#3772,#826);
#517=LINE('',#3777,#827);
#518=LINE('',#3779,#828);
#519=LINE('',#3781,#829);
#520=LINE('',#3782,#830);
#521=LINE('',#3785,#831);
#522=LINE('',#3787,#832);
#523=LINE('',#3788,#833);
#524=LINE('',#3790,#834);
#525=LINE('',#3791,#835);
#526=LINE('',#3793,#836);
#527=LINE('',#3794,#837);
#528=LINE('',#3799,#838);
#529=LINE('',#3801,#839);
#530=LINE('',#3803,#840);
#531=LINE('',#3804,#841);
#532=LINE('',#3807,#842);
#533=LINE('',#3809,#843);
#534=LINE('',#3810,#844);
#535=LINE('',#3812,#845);
#536=LINE('',#3813,#846);
#537=LINE('',#3815,#847);
#538=LINE('',#3816,#848);
#539=LINE('',#3821,#849);
#540=LINE('',#3823,#850);
#541=LINE('',#3825,#851);
#542=LINE('',#3826,#852);
#543=LINE('',#3829,#853);
#544=LINE('',#3831,#854);
#545=LINE('',#3832,#855);
#546=LINE('',#3835,#856);
#547=LINE('',#3837,#857);
#548=LINE('',#3838,#858);
#549=LINE('',#3840,#859);
#550=LINE('',#3841,#860);
#551=LINE('',#3846,#861);
#552=LINE('',#3848,#862);
#553=LINE('',#3850,#863);
#554=LINE('',#3851,#864);
#555=LINE('',#3854,#865);
#556=LINE('',#3856,#866);
#557=LINE('',#3857,#867);
#558=LINE('',#3860,#868);
#559=LINE('',#3862,#869);
#560=LINE('',#3863,#870);
#561=LINE('',#3865,#871);
#562=LINE('',#3866,#872);
#563=LINE('',#3871,#873);
#564=LINE('',#3873,#874);
#565=LINE('',#3875,#875);
#566=LINE('',#3876,#876);
#567=LINE('',#3879,#877);
#568=LINE('',#3881,#878);
#569=LINE('',#3882,#879);
#570=LINE('',#3885,#880);
#571=LINE('',#3887,#881);
#572=LINE('',#3888,#882);
#573=LINE('',#3890,#883);
#574=LINE('',#3891,#884);
#575=LINE('',#3896,#885);
#576=LINE('',#3898,#886);
#577=LINE('',#3900,#887);
#578=LINE('',#3901,#888);
#579=LINE('',#3904,#889);
#580=LINE('',#3906,#890);
#581=LINE('',#3907,#891);
#582=LINE('',#3910,#892);
#583=LINE('',#3912,#893);
#584=LINE('',#3913,#894);
#585=LINE('',#3916,#895);
#586=LINE('',#3918,#896);
#587=LINE('',#3919,#897);
#588=LINE('',#3922,#898);
#589=LINE('',#3924,#899);
#590=LINE('',#3925,#900);
#591=LINE('',#3928,#901);
#592=LINE('',#3930,#902);
#593=LINE('',#3931,#903);
#594=LINE('',#3934,#904);
#595=LINE('',#3936,#905);
#596=LINE('',#3937,#906);
#597=LINE('',#3940,#907);
#598=LINE('',#3942,#908);
#599=LINE('',#3943,#909);
#600=LINE('',#3946,#910);
#601=LINE('',#3948,#911);
#602=LINE('',#3949,#912);
#603=LINE('',#3952,#913);
#604=LINE('',#3954,#914);
#605=LINE('',#3955,#915);
#606=LINE('',#3958,#916);
#607=LINE('',#3960,#917);
#608=LINE('',#3961,#918);
#609=LINE('',#3963,#919);
#610=LINE('',#3964,#920);
#611=LINE('',#3971,#921);
#612=LINE('',#3974,#922);
#613=LINE('',#3977,#923);
#614=LINE('',#3979,#924);
#615=LINE('',#3980,#925);
#616=LINE('',#3983,#926);
#617=LINE('',#3987,#927);
#618=LINE('',#3991,#928);
#619=LINE('',#3995,#929);
#620=LINE('',#3997,#930);
#621=LINE('',#3999,#931);
#622=LINE('',#4000,#932);
#623=LINE('',#4005,#933);
#624=LINE('',#4009,#934);
#625=LINE('',#4013,#935);
#626=LINE('',#4016,#936);
#627=LINE('',#4027,#937);
#628=LINE('',#4031,#938);
#629=LINE('',#4035,#939);
#630=LINE('',#4038,#940);
#631=LINE('',#4043,#941);
#632=LINE('',#4045,#942);
#633=LINE('',#4047,#943);
#634=LINE('',#4048,#944);
#635=LINE('',#4053,#945);
#636=LINE('',#4057,#946);
#637=LINE('',#4061,#947);
#638=LINE('',#4064,#948);
#639=LINE('',#4069,#949);
#640=LINE('',#4073,#950);
#641=LINE('',#4077,#951);
#642=LINE('',#4080,#952);
#643=LINE('',#4083,#953);
#644=LINE('',#4085,#954);
#645=LINE('',#4087,#955);
#646=LINE('',#4088,#956);
#647=LINE('',#4093,#957);
#648=LINE('',#4094,#958);
#649=LINE('',#4097,#959);
#650=LINE('',#4098,#960);
#651=LINE('',#4102,#961);
#652=LINE('',#4105,#962);
#653=LINE('',#4106,#963);
#654=LINE('',#4110,#964);
#655=LINE('',#4113,#965);
#656=LINE('',#4115,#966);
#657=LINE('',#4116,#967);
#658=LINE('',#4119,#968);
#659=LINE('',#4120,#969);
#660=LINE('',#4123,#970);
#661=LINE('',#4124,#971);
#662=LINE('',#4126,#972);
#663=LINE('',#4129,#973);
#664=LINE('',#4131,#974);
#665=LINE('',#4132,#975);
#666=LINE('',#4136,#976);
#667=LINE('',#4139,#977);
#668=LINE('',#4140,#978);
#669=LINE('',#4144,#979);
#670=LINE('',#4147,#980);
#671=LINE('',#4148,#981);
#672=LINE('',#4152,#982);
#673=LINE('',#4155,#983);
#674=LINE('',#4156,#984);
#675=LINE('',#4161,#985);
#676=LINE('',#4163,#986);
#677=LINE('',#4164,#987);
#678=LINE('',#4168,#988);
#679=LINE('',#4171,#989);
#680=LINE('',#4172,#990);
#681=LINE('',#4176,#991);
#682=LINE('',#4179,#992);
#683=LINE('',#4180,#993);
#684=LINE('',#4184,#994);
#685=LINE('',#4187,#995);
#686=LINE('',#4188,#996);
#687=LINE('',#4193,#997);
#688=LINE('',#4195,#998);
#689=LINE('',#4196,#999);
#690=LINE('',#4199,#1000);
#691=LINE('',#4200,#1001);
#692=LINE('',#4203,#1002);
#693=LINE('',#4204,#1003);
#694=LINE('',#4206,#1004);
#695=LINE('',#4209,#1005);
#696=LINE('',#4213,#1006);
#697=LINE('',#4215,#1007);
#698=LINE('',#4216,#1008);
#699=LINE('',#4220,#1009);
#700=LINE('',#4223,#1010);
#701=LINE('',#4224,#1011);
#702=LINE('',#4228,#1012);
#703=LINE('',#4231,#1013);
#704=LINE('',#4232,#1014);
#705=LINE('',#4236,#1015);
#706=LINE('',#4239,#1016);
#707=LINE('',#4240,#1017);
#708=LINE('',#4245,#1018);
#709=LINE('',#4249,#1019);
#710=LINE('',#4253,#1020);
#711=LINE('',#4257,#1021);
#712=LINE('',#4259,#1022);
#713=LINE('',#4260,#1023);
#714=LINE('',#4264,#1024);
#715=LINE('',#4267,#1025);
#716=LINE('',#4268,#1026);
#717=LINE('',#4272,#1027);
#718=LINE('',#4275,#1028);
#719=LINE('',#4276,#1029);
#720=LINE('',#4280,#1030);
#721=LINE('',#4283,#1031);
#722=LINE('',#4284,#1032);
#723=LINE('',#4289,#1033);
#724=LINE('',#4291,#1034);
#725=LINE('',#4292,#1035);
#726=LINE('',#4295,#1036);
#727=LINE('',#4296,#1037);
#728=LINE('',#4298,#1038);
#729=LINE('',#4300,#1039);
#730=LINE('',#4302,#1040);
#731=LINE('',#4308,#1041);
#732=LINE('',#4310,#1042);
#733=LINE('',#4312,#1043);
#734=LINE('',#4313,#1044);
#735=LINE('',#4317,#1045);
#736=LINE('',#4319,#1046);
#737=LINE('',#4321,#1047);
#738=LINE('',#4322,#1048);
#739=LINE('',#4325,#1049);
#740=LINE('',#4327,#1050);
#741=LINE('',#4328,#1051);
#742=LINE('',#4331,#1052);
#743=LINE('',#4333,#1053);
#744=LINE('',#4335,#1054);
#745=LINE('',#4337,#1055);
#746=LINE('',#4338,#1056);
#747=LINE('',#4340,#1057);
#748=LINE('',#4341,#1058);
#749=LINE('',#4345,#1059);
#750=LINE('',#4347,#1060);
#751=LINE('',#4348,#1061);
#752=LINE('',#4349,#1062);
#753=LINE('',#4353,#1063);
#754=LINE('',#4354,#1064);
#755=LINE('',#4355,#1065);
#756=LINE('',#4361,#1066);
#757=LINE('',#4364,#1067);
#758=LINE('',#4367,#1068);
#759=LINE('',#4369,#1069);
#760=LINE('',#4370,#1070);
#761=LINE('',#4372,#1071);
#762=LINE('',#4374,#1072);
#763=LINE('',#4375,#1073);
#764=LINE('',#4376,#1074);
#765=LINE('',#4379,#1075);
#766=LINE('',#4383,#1076);
#767=LINE('',#4387,#1077);
#768=LINE('',#4401,#1078);
#769=LINE('',#4402,#1079);
#770=LINE('',#4405,#1080);
#771=LINE('',#4406,#1081);
#772=LINE('',#4411,#1082);
#773=LINE('',#4413,#1083);
#774=LINE('',#4415,#1084);
#775=LINE('',#4417,#1085);
#776=LINE('',#4418,#1086);
#777=LINE('',#4428,#1087);
#778=LINE('',#4430,#1088);
#779=LINE('',#4433,#1089);
#780=LINE('',#4438,#1090);
#781=LINE('',#4439,#1091);
#782=LINE('',#4440,#1092);
#783=LINE('',#4442,#1093);
#784=LINE('',#4444,#1094);
#785=LINE('',#4447,#1095);
#786=LINE('',#4449,#1096);
#787=LINE('',#4451,#1097);
#788=LINE('',#4453,#1098);
#789=VECTOR('',#2965,10.);
#790=VECTOR('',#2966,10.);
#791=VECTOR('',#2967,10.);
#792=VECTOR('',#2968,10.);
#793=VECTOR('',#2971,10.);
#794=VECTOR('',#2972,10.);
#795=VECTOR('',#2973,10.);
#796=VECTOR('',#2976,10.);
#797=VECTOR('',#2977,10.);
#798=VECTOR('',#2978,10.);
#799=VECTOR('',#2981,10.);
#800=VECTOR('',#2982,10.);
#801=VECTOR('',#2995,10.);
#802=VECTOR('',#2996,10.);
#803=VECTOR('',#2997,10.);
#804=VECTOR('',#2998,10.);
#805=VECTOR('',#3001,10.);
#806=VECTOR('',#3002,10.);
#807=VECTOR('',#3003,10.);
#808=VECTOR('',#3006,10.);
#809=VECTOR('',#3007,10.);
#810=VECTOR('',#3008,10.);
#811=VECTOR('',#3011,10.);
#812=VECTOR('',#3012,10.);
#813=VECTOR('',#3017,10.);
#814=VECTOR('',#3018,10.);
#815=VECTOR('',#3019,10.);
#816=VECTOR('',#3020,10.);
#817=VECTOR('',#3023,10.);
#818=VECTOR('',#3024,10.);
#819=VECTOR('',#3025,10.);
#820=VECTOR('',#3028,10.);
#821=VECTOR('',#3029,10.);
#822=VECTOR('',#3030,10.);
#823=VECTOR('',#3033,10.);
#824=VECTOR('',#3034,10.);
#825=VECTOR('',#3035,10.);
#826=VECTOR('',#3036,10.);
#827=VECTOR('',#3041,10.);
#828=VECTOR('',#3042,10.);
#829=VECTOR('',#3043,10.);
#830=VECTOR('',#3044,10.);
#831=VECTOR('',#3047,10.);
#832=VECTOR('',#3048,10.);
#833=VECTOR('',#3049,10.);
#834=VECTOR('',#3052,10.);
#835=VECTOR('',#3053,10.);
#836=VECTOR('',#3056,10.);
#837=VECTOR('',#3057,10.);
#838=VECTOR('',#3062,10.);
#839=VECTOR('',#3063,10.);
#840=VECTOR('',#3064,10.);
#841=VECTOR('',#3065,10.);
#842=VECTOR('',#3068,10.);
#843=VECTOR('',#3069,10.);
#844=VECTOR('',#3070,10.);
#845=VECTOR('',#3073,10.);
#846=VECTOR('',#3074,10.);
#847=VECTOR('',#3077,10.);
#848=VECTOR('',#3078,10.);
#849=VECTOR('',#3083,10.);
#850=VECTOR('',#3084,10.);
#851=VECTOR('',#3085,10.);
#852=VECTOR('',#3086,10.);
#853=VECTOR('',#3089,10.);
#854=VECTOR('',#3090,10.);
#855=VECTOR('',#3091,10.);
#856=VECTOR('',#3094,10.);
#857=VECTOR('',#3095,10.);
#858=VECTOR('',#3096,10.);
#859=VECTOR('',#3099,10.);
#860=VECTOR('',#3100,10.);
#861=VECTOR('',#3105,10.);
#862=VECTOR('',#3106,10.);
#863=VECTOR('',#3107,10.);
#864=VECTOR('',#3108,10.);
#865=VECTOR('',#3111,10.);
#866=VECTOR('',#3112,10.);
#867=VECTOR('',#3113,10.);
#868=VECTOR('',#3116,10.);
#869=VECTOR('',#3117,10.);
#870=VECTOR('',#3118,10.);
#871=VECTOR('',#3121,10.);
#872=VECTOR('',#3122,10.);
#873=VECTOR('',#3127,10.);
#874=VECTOR('',#3128,10.);
#875=VECTOR('',#3129,10.);
#876=VECTOR('',#3130,10.);
#877=VECTOR('',#3133,10.);
#878=VECTOR('',#3134,10.);
#879=VECTOR('',#3135,10.);
#880=VECTOR('',#3138,10.);
#881=VECTOR('',#3139,10.);
#882=VECTOR('',#3140,10.);
#883=VECTOR('',#3143,10.);
#884=VECTOR('',#3144,10.);
#885=VECTOR('',#3149,10.);
#886=VECTOR('',#3150,10.);
#887=VECTOR('',#3151,10.);
#888=VECTOR('',#3152,10.);
#889=VECTOR('',#3155,10.);
#890=VECTOR('',#3156,10.);
#891=VECTOR('',#3157,10.);
#892=VECTOR('',#3160,10.);
#893=VECTOR('',#3161,10.);
#894=VECTOR('',#3162,10.);
#895=VECTOR('',#3165,10.);
#896=VECTOR('',#3166,10.);
#897=VECTOR('',#3167,10.);
#898=VECTOR('',#3170,10.);
#899=VECTOR('',#3171,10.);
#900=VECTOR('',#3172,10.);
#901=VECTOR('',#3175,10.);
#902=VECTOR('',#3176,10.);
#903=VECTOR('',#3177,10.);
#904=VECTOR('',#3180,10.);
#905=VECTOR('',#3181,10.);
#906=VECTOR('',#3182,10.);
#907=VECTOR('',#3185,10.);
#908=VECTOR('',#3186,10.);
#909=VECTOR('',#3187,10.);
#910=VECTOR('',#3190,10.);
#911=VECTOR('',#3191,10.);
#912=VECTOR('',#3192,10.);
#913=VECTOR('',#3195,10.);
#914=VECTOR('',#3196,10.);
#915=VECTOR('',#3197,10.);
#916=VECTOR('',#3200,10.);
#917=VECTOR('',#3201,10.);
#918=VECTOR('',#3202,10.);
#919=VECTOR('',#3205,10.);
#920=VECTOR('',#3206,10.);
#921=VECTOR('',#3213,10.);
#922=VECTOR('',#3216,10.);
#923=VECTOR('',#3219,10.);
#924=VECTOR('',#3220,10.);
#925=VECTOR('',#3221,10.);
#926=VECTOR('',#3224,10.);
#927=VECTOR('',#3227,10.);
#928=VECTOR('',#3230,10.);
#929=VECTOR('',#3233,10.);
#930=VECTOR('',#3234,10.);
#931=VECTOR('',#3235,10.);
#932=VECTOR('',#3236,10.);
#933=VECTOR('',#3239,10.);
#934=VECTOR('',#3242,10.);
#935=VECTOR('',#3245,10.);
#936=VECTOR('',#3248,10.);
#937=VECTOR('',#3257,10.);
#938=VECTOR('',#3260,10.);
#939=VECTOR('',#3263,10.);
#940=VECTOR('',#3266,10.);
#941=VECTOR('',#3269,10.);
#942=VECTOR('',#3270,10.);
#943=VECTOR('',#3271,10.);
#944=VECTOR('',#3272,10.);
#945=VECTOR('',#3275,10.);
#946=VECTOR('',#3278,10.);
#947=VECTOR('',#3281,10.);
#948=VECTOR('',#3284,10.);
#949=VECTOR('',#3287,10.);
#950=VECTOR('',#3290,10.);
#951=VECTOR('',#3293,10.);
#952=VECTOR('',#3296,10.);
#953=VECTOR('',#3297,10.);
#954=VECTOR('',#3298,10.);
#955=VECTOR('',#3299,10.);
#956=VECTOR('',#3300,10.);
#957=VECTOR('',#3305,10.);
#958=VECTOR('',#3306,10.);
#959=VECTOR('',#3309,10.);
#960=VECTOR('',#3310,10.);
#961=VECTOR('',#3315,10.);
#962=VECTOR('',#3318,10.);
#963=VECTOR('',#3319,10.);
#964=VECTOR('',#3324,10.);
#965=VECTOR('',#3327,10.);
#966=VECTOR('',#3328,10.);
#967=VECTOR('',#3329,10.);
#968=VECTOR('',#3332,10.);
#969=VECTOR('',#3333,10.);
#970=VECTOR('',#3336,10.);
#971=VECTOR('',#3337,10.);
#972=VECTOR('',#3340,10.);
#973=VECTOR('',#3343,10.);
#974=VECTOR('',#3344,10.);
#975=VECTOR('',#3345,10.);
#976=VECTOR('',#3350,10.);
#977=VECTOR('',#3353,10.);
#978=VECTOR('',#3354,10.);
#979=VECTOR('',#3359,10.);
#980=VECTOR('',#3362,10.);
#981=VECTOR('',#3363,10.);
#982=VECTOR('',#3368,10.);
#983=VECTOR('',#3371,10.);
#984=VECTOR('',#3372,10.);
#985=VECTOR('',#3379,10.);
#986=VECTOR('',#3380,10.);
#987=VECTOR('',#3381,10.);
#988=VECTOR('',#3386,10.);
#989=VECTOR('',#3389,10.);
#990=VECTOR('',#3390,10.);
#991=VECTOR('',#3395,10.);
#992=VECTOR('',#3398,10.);
#993=VECTOR('',#3399,10.);
#994=VECTOR('',#3404,10.);
#995=VECTOR('',#3407,10.);
#996=VECTOR('',#3408,10.);
#997=VECTOR('',#3415,10.);
#998=VECTOR('',#3416,10.);
#999=VECTOR('',#3417,10.);
#1000=VECTOR('',#3420,10.);
#1001=VECTOR('',#3421,10.);
#1002=VECTOR('',#3424,10.);
#1003=VECTOR('',#3425,10.);
#1004=VECTOR('',#3428,10.);
#1005=VECTOR('',#3431,1.7);
#1006=VECTOR('',#3436,10.);
#1007=VECTOR('',#3437,10.);
#1008=VECTOR('',#3438,10.);
#1009=VECTOR('',#3443,10.);
#1010=VECTOR('',#3446,10.);
#1011=VECTOR('',#3447,10.);
#1012=VECTOR('',#3452,10.);
#1013=VECTOR('',#3455,10.);
#1014=VECTOR('',#3456,10.);
#1015=VECTOR('',#3461,10.);
#1016=VECTOR('',#3464,10.);
#1017=VECTOR('',#3465,10.);
#1018=VECTOR('',#3472,1.7);
#1019=VECTOR('',#3477,1.7);
#1020=VECTOR('',#3482,1.7);
#1021=VECTOR('',#3487,10.);
#1022=VECTOR('',#3488,10.);
#1023=VECTOR('',#3489,10.);
#1024=VECTOR('',#3494,10.);
#1025=VECTOR('',#3497,10.);
#1026=VECTOR('',#3498,10.);
#1027=VECTOR('',#3503,10.);
#1028=VECTOR('',#3506,10.);
#1029=VECTOR('',#3507,10.);
#1030=VECTOR('',#3512,10.);
#1031=VECTOR('',#3515,10.);
#1032=VECTOR('',#3516,10.);
#1033=VECTOR('',#3523,10.);
#1034=VECTOR('',#3524,10.);
#1035=VECTOR('',#3525,10.);
#1036=VECTOR('',#3528,10.);
#1037=VECTOR('',#3529,10.);
#1038=VECTOR('',#3532,10.);
#1039=VECTOR('',#3535,10.);
#1040=VECTOR('',#3538,10.);
#1041=VECTOR('',#3545,10.);
#1042=VECTOR('',#3546,10.);
#1043=VECTOR('',#3547,10.);
#1044=VECTOR('',#3548,10.);
#1045=VECTOR('',#3551,10.);
#1046=VECTOR('',#3552,10.);
#1047=VECTOR('',#3553,10.);
#1048=VECTOR('',#3554,10.);
#1049=VECTOR('',#3557,10.);
#1050=VECTOR('',#3558,10.);
#1051=VECTOR('',#3559,10.);
#1052=VECTOR('',#3562,10.);
#1053=VECTOR('',#3563,10.);
#1054=VECTOR('',#3564,10.);
#1055=VECTOR('',#3565,10.);
#1056=VECTOR('',#3566,10.);
#1057=VECTOR('',#3567,10.);
#1058=VECTOR('',#3568,10.);
#1059=VECTOR('',#3571,10.);
#1060=VECTOR('',#3572,10.);
#1061=VECTOR('',#3573,10.);
#1062=VECTOR('',#3574,10.);
#1063=VECTOR('',#3577,10.);
#1064=VECTOR('',#3578,10.);
#1065=VECTOR('',#3579,10.);
#1066=VECTOR('',#3584,10.);
#1067=VECTOR('',#3587,10.);
#1068=VECTOR('',#3590,10.);
#1069=VECTOR('',#3591,10.);
#1070=VECTOR('',#3592,10.);
#1071=VECTOR('',#3593,10.);
#1072=VECTOR('',#3594,10.);
#1073=VECTOR('',#3595,10.);
#1074=VECTOR('',#3596,10.);
#1075=VECTOR('',#3599,10.);
#1076=VECTOR('',#3602,10.);
#1077=VECTOR('',#3605,10.);
#1078=VECTOR('',#3620,10.);
#1079=VECTOR('',#3621,10.);
#1080=VECTOR('',#3624,10.);
#1081=VECTOR('',#3625,10.);
#1082=VECTOR('',#3630,10.);
#1083=VECTOR('',#3633,10.);
#1084=VECTOR('',#3634,10.);
#1085=VECTOR('',#3635,10.);
#1086=VECTOR('',#3636,10.);
#1087=VECTOR('',#3647,10.);
#1088=VECTOR('',#3650,10.);
#1089=VECTOR('',#3655,10.);
#1090=VECTOR('',#3660,10.);
#1091=VECTOR('',#3661,10.);
#1092=VECTOR('',#3662,10.);
#1093=VECTOR('',#3665,10.);
#1094=VECTOR('',#3668,10.);
#1095=VECTOR('',#3673,3.);
#1096=VECTOR('',#3676,3.);
#1097=VECTOR('',#3679,3.);
#1098=VECTOR('',#3682,3.);
#1099=VERTEX_POINT('',#3694);
#1100=VERTEX_POINT('',#3695);
#1101=VERTEX_POINT('',#3697);
#1102=VERTEX_POINT('',#3699);
#1103=VERTEX_POINT('',#3703);
#1104=VERTEX_POINT('',#3705);
#1105=VERTEX_POINT('',#3709);
#1106=VERTEX_POINT('',#3711);
#1107=VERTEX_POINT('',#3723);
#1108=VERTEX_POINT('',#3724);
#1109=VERTEX_POINT('',#3726);
#1110=VERTEX_POINT('',#3728);
#1111=VERTEX_POINT('',#3732);
#1112=VERTEX_POINT('',#3734);
#1113=VERTEX_POINT('',#3738);
#1114=VERTEX_POINT('',#3740);
#1115=VERTEX_POINT('',#3748);
#1116=VERTEX_POINT('',#3749);
#1117=VERTEX_POINT('',#3751);
#1118=VERTEX_POINT('',#3753);
#1119=VERTEX_POINT('',#3757);
#1120=VERTEX_POINT('',#3759);
#1121=VERTEX_POINT('',#3763);
#1122=VERTEX_POINT('',#3765);
#1123=VERTEX_POINT('',#3775);
#1124=VERTEX_POINT('',#3776);
#1125=VERTEX_POINT('',#3778);
#1126=VERTEX_POINT('',#3780);
#1127=VERTEX_POINT('',#3784);
#1128=VERTEX_POINT('',#3786);
#1129=VERTEX_POINT('',#3797);
#1130=VERTEX_POINT('',#3798);
#1131=VERTEX_POINT('',#3800);
#1132=VERTEX_POINT('',#3802);
#1133=VERTEX_POINT('',#3806);
#1134=VERTEX_POINT('',#3808);
#1135=VERTEX_POINT('',#3819);
#1136=VERTEX_POINT('',#3820);
#1137=VERTEX_POINT('',#3822);
#1138=VERTEX_POINT('',#3824);
#1139=VERTEX_POINT('',#3828);
#1140=VERTEX_POINT('',#3830);
#1141=VERTEX_POINT('',#3834);
#1142=VERTEX_POINT('',#3836);
#1143=VERTEX_POINT('',#3844);
#1144=VERTEX_POINT('',#3845);
#1145=VERTEX_POINT('',#3847);
#1146=VERTEX_POINT('',#3849);
#1147=VERTEX_POINT('',#3853);
#1148=VERTEX_POINT('',#3855);
#1149=VERTEX_POINT('',#3859);
#1150=VERTEX_POINT('',#3861);
#1151=VERTEX_POINT('',#3869);
#1152=VERTEX_POINT('',#3870);
#1153=VERTEX_POINT('',#3872);
#1154=VERTEX_POINT('',#3874);
#1155=VERTEX_POINT('',#3878);
#1156=VERTEX_POINT('',#3880);
#1157=VERTEX_POINT('',#3884);
#1158=VERTEX_POINT('',#3886);
#1159=VERTEX_POINT('',#3894);
#1160=VERTEX_POINT('',#3895);
#1161=VERTEX_POINT('',#3897);
#1162=VERTEX_POINT('',#3899);
#1163=VERTEX_POINT('',#3903);
#1164=VERTEX_POINT('',#3905);
#1165=VERTEX_POINT('',#3909);
#1166=VERTEX_POINT('',#3911);
#1167=VERTEX_POINT('',#3915);
#1168=VERTEX_POINT('',#3917);
#1169=VERTEX_POINT('',#3921);
#1170=VERTEX_POINT('',#3923);
#1171=VERTEX_POINT('',#3927);
#1172=VERTEX_POINT('',#3929);
#1173=VERTEX_POINT('',#3933);
#1174=VERTEX_POINT('',#3935);
#1175=VERTEX_POINT('',#3939);
#1176=VERTEX_POINT('',#3941);
#1177=VERTEX_POINT('',#3945);
#1178=VERTEX_POINT('',#3947);
#1179=VERTEX_POINT('',#3951);
#1180=VERTEX_POINT('',#3953);
#1181=VERTEX_POINT('',#3957);
#1182=VERTEX_POINT('',#3959);
#1183=VERTEX_POINT('',#3967);
#1184=VERTEX_POINT('',#3968);
#1185=VERTEX_POINT('',#3970);
#1186=VERTEX_POINT('',#3972);
#1187=VERTEX_POINT('',#3976);
#1188=VERTEX_POINT('',#3978);
#1189=VERTEX_POINT('',#3982);
#1190=VERTEX_POINT('',#3984);
#1191=VERTEX_POINT('',#3986);
#1192=VERTEX_POINT('',#3988);
#1193=VERTEX_POINT('',#3990);
#1194=VERTEX_POINT('',#3992);
#1195=VERTEX_POINT('',#3994);
#1196=VERTEX_POINT('',#3996);
#1197=VERTEX_POINT('',#3998);
#1198=VERTEX_POINT('',#4001);
#1199=VERTEX_POINT('',#4002);
#1200=VERTEX_POINT('',#4004);
#1201=VERTEX_POINT('',#4006);
#1202=VERTEX_POINT('',#4008);
#1203=VERTEX_POINT('',#4010);
#1204=VERTEX_POINT('',#4012);
#1205=VERTEX_POINT('',#4014);
#1206=VERTEX_POINT('',#4017);
#1207=VERTEX_POINT('',#4019);
#1208=VERTEX_POINT('',#4021);
#1209=VERTEX_POINT('',#4023);
#1210=VERTEX_POINT('',#4024);
#1211=VERTEX_POINT('',#4026);
#1212=VERTEX_POINT('',#4028);
#1213=VERTEX_POINT('',#4030);
#1214=VERTEX_POINT('',#4032);
#1215=VERTEX_POINT('',#4034);
#1216=VERTEX_POINT('',#4036);
#1217=VERTEX_POINT('',#4039);
#1218=VERTEX_POINT('',#4041);
#1219=VERTEX_POINT('',#4042);
#1220=VERTEX_POINT('',#4044);
#1221=VERTEX_POINT('',#4046);
#1222=VERTEX_POINT('',#4049);
#1223=VERTEX_POINT('',#4050);
#1224=VERTEX_POINT('',#4052);
#1225=VERTEX_POINT('',#4054);
#1226=VERTEX_POINT('',#4056);
#1227=VERTEX_POINT('',#4058);
#1228=VERTEX_POINT('',#4060);
#1229=VERTEX_POINT('',#4062);
#1230=VERTEX_POINT('',#4065);
#1231=VERTEX_POINT('',#4066);
#1232=VERTEX_POINT('',#4068);
#1233=VERTEX_POINT('',#4070);
#1234=VERTEX_POINT('',#4072);
#1235=VERTEX_POINT('',#4074);
#1236=VERTEX_POINT('',#4076);
#1237=VERTEX_POINT('',#4078);
#1238=VERTEX_POINT('',#4081);
#1239=VERTEX_POINT('',#4082);
#1240=VERTEX_POINT('',#4084);
#1241=VERTEX_POINT('',#4086);
#1242=VERTEX_POINT('',#4090);
#1243=VERTEX_POINT('',#4091);
#1244=VERTEX_POINT('',#4096);
#1245=VERTEX_POINT('',#4100);
#1246=VERTEX_POINT('',#4104);
#1247=VERTEX_POINT('',#4108);
#1248=VERTEX_POINT('',#4112);
#1249=VERTEX_POINT('',#4114);
#1250=VERTEX_POINT('',#4118);
#1251=VERTEX_POINT('',#4122);
#1252=VERTEX_POINT('',#4128);
#1253=VERTEX_POINT('',#4130);
#1254=VERTEX_POINT('',#4134);
#1255=VERTEX_POINT('',#4138);
#1256=VERTEX_POINT('',#4142);
#1257=VERTEX_POINT('',#4146);
#1258=VERTEX_POINT('',#4150);
#1259=VERTEX_POINT('',#4154);
#1260=VERTEX_POINT('',#4160);
#1261=VERTEX_POINT('',#4162);
#1262=VERTEX_POINT('',#4166);
#1263=VERTEX_POINT('',#4170);
#1264=VERTEX_POINT('',#4174);
#1265=VERTEX_POINT('',#4178);
#1266=VERTEX_POINT('',#4182);
#1267=VERTEX_POINT('',#4186);
#1268=VERTEX_POINT('',#4192);
#1269=VERTEX_POINT('',#4194);
#1270=VERTEX_POINT('',#4198);
#1271=VERTEX_POINT('',#4202);
#1272=VERTEX_POINT('',#4208);
#1273=VERTEX_POINT('',#4212);
#1274=VERTEX_POINT('',#4214);
#1275=VERTEX_POINT('',#4218);
#1276=VERTEX_POINT('',#4222);
#1277=VERTEX_POINT('',#4226);
#1278=VERTEX_POINT('',#4230);
#1279=VERTEX_POINT('',#4234);
#1280=VERTEX_POINT('',#4238);
#1281=VERTEX_POINT('',#4244);
#1282=VERTEX_POINT('',#4248);
#1283=VERTEX_POINT('',#4252);
#1284=VERTEX_POINT('',#4256);
#1285=VERTEX_POINT('',#4258);
#1286=VERTEX_POINT('',#4262);
#1287=VERTEX_POINT('',#4266);
#1288=VERTEX_POINT('',#4270);
#1289=VERTEX_POINT('',#4274);
#1290=VERTEX_POINT('',#4278);
#1291=VERTEX_POINT('',#4282);
#1292=VERTEX_POINT('',#4288);
#1293=VERTEX_POINT('',#4290);
#1294=VERTEX_POINT('',#4294);
#1295=VERTEX_POINT('',#4306);
#1296=VERTEX_POINT('',#4307);
#1297=VERTEX_POINT('',#4309);
#1298=VERTEX_POINT('',#4311);
#1299=VERTEX_POINT('',#4315);
#1300=VERTEX_POINT('',#4316);
#1301=VERTEX_POINT('',#4318);
#1302=VERTEX_POINT('',#4320);
#1303=VERTEX_POINT('',#4324);
#1304=VERTEX_POINT('',#4326);
#1305=VERTEX_POINT('',#4330);
#1306=VERTEX_POINT('',#4332);
#1307=VERTEX_POINT('',#4334);
#1308=VERTEX_POINT('',#4336);
#1309=VERTEX_POINT('',#4339);
#1310=VERTEX_POINT('',#4343);
#1311=VERTEX_POINT('',#4344);
#1312=VERTEX_POINT('',#4346);
#1313=VERTEX_POINT('',#4351);
#1314=VERTEX_POINT('',#4352);
#1315=VERTEX_POINT('',#4357);
#1316=VERTEX_POINT('',#4358);
#1317=VERTEX_POINT('',#4360);
#1318=VERTEX_POINT('',#4362);
#1319=VERTEX_POINT('',#4366);
#1320=VERTEX_POINT('',#4368);
#1321=VERTEX_POINT('',#4371);
#1322=VERTEX_POINT('',#4373);
#1323=VERTEX_POINT('',#4378);
#1324=VERTEX_POINT('',#4380);
#1325=VERTEX_POINT('',#4382);
#1326=VERTEX_POINT('',#4384);
#1327=VERTEX_POINT('',#4386);
#1328=VERTEX_POINT('',#4389);
#1329=VERTEX_POINT('',#4391);
#1330=VERTEX_POINT('',#4393);
#1331=VERTEX_POINT('',#4395);
#1332=VERTEX_POINT('',#4398);
#1333=VERTEX_POINT('',#4399);
#1334=VERTEX_POINT('',#4404);
#1335=VERTEX_POINT('',#4408);
#1336=VERTEX_POINT('',#4410);
#1337=VERTEX_POINT('',#4414);
#1338=VERTEX_POINT('',#4416);
#1339=VERTEX_POINT('',#4419);
#1340=VERTEX_POINT('',#4421);
#1341=VERTEX_POINT('',#4423);
#1342=VERTEX_POINT('',#4425);
#1343=VERTEX_POINT('',#4436);
#1344=VERTEX_POINT('',#4437);
#1345=EDGE_CURVE('',#1099,#1100,#479,.T.);
#1346=EDGE_CURVE('',#1099,#1101,#480,.T.);
#1347=EDGE_CURVE('',#1102,#1101,#481,.T.);
#1348=EDGE_CURVE('',#1100,#1102,#482,.T.);
#1349=EDGE_CURVE('',#1100,#1103,#483,.T.);
#1350=EDGE_CURVE('',#1104,#1102,#484,.T.);
#1351=EDGE_CURVE('',#1103,#1104,#485,.T.);
#1352=EDGE_CURVE('',#1103,#1105,#486,.T.);
#1353=EDGE_CURVE('',#1106,#1104,#487,.T.);
#1354=EDGE_CURVE('',#1105,#1106,#488,.T.);
#1355=EDGE_CURVE('',#1105,#1099,#489,.T.);
#1356=EDGE_CURVE('',#1101,#1106,#490,.T.);
#1357=EDGE_CURVE('',#1107,#1108,#491,.T.);
#1358=EDGE_CURVE('',#1107,#1109,#492,.T.);
#1359=EDGE_CURVE('',#1109,#1110,#493,.T.);
#1360=EDGE_CURVE('',#1108,#1110,#494,.T.);
#1361=EDGE_CURVE('',#1111,#1107,#495,.T.);
#1362=EDGE_CURVE('',#1111,#1112,#496,.T.);
#1363=EDGE_CURVE('',#1112,#1109,#497,.T.);
#1364=EDGE_CURVE('',#1113,#1111,#498,.T.);
#1365=EDGE_CURVE('',#1113,#1114,#499,.T.);
#1366=EDGE_CURVE('',#1114,#1112,#500,.T.);
#1367=EDGE_CURVE('',#1108,#1113,#501,.T.);
#1368=EDGE_CURVE('',#1110,#1114,#502,.T.);
#1369=EDGE_CURVE('',#1115,#1116,#503,.T.);
#1370=EDGE_CURVE('',#1115,#1117,#504,.T.);
#1371=EDGE_CURVE('',#1117,#1118,#505,.T.);
#1372=EDGE_CURVE('',#1116,#1118,#506,.T.);
#1373=EDGE_CURVE('',#1119,#1115,#507,.T.);
#1374=EDGE_CURVE('',#1119,#1120,#508,.T.);
#1375=EDGE_CURVE('',#1120,#1117,#509,.T.);
#1376=EDGE_CURVE('',#1121,#1119,#510,.T.);
#1377=EDGE_CURVE('',#1121,#1122,#511,.T.);
#1378=EDGE_CURVE('',#1122,#1120,#512,.T.);
#1379=EDGE_CURVE('',#1116,#1121,#513,.T.);
#1380=EDGE_CURVE('',#1116,#1118,#514,.T.);
#1381=EDGE_CURVE('',#1118,#1122,#515,.T.);
#1382=EDGE_CURVE('',#1121,#1122,#516,.T.);
#1383=EDGE_CURVE('',#1123,#1124,#517,.T.);
#1384=EDGE_CURVE('',#1123,#1125,#518,.T.);
#1385=EDGE_CURVE('',#1125,#1126,#519,.T.);
#1386=EDGE_CURVE('',#1124,#1126,#520,.T.);
#1387=EDGE_CURVE('',#1127,#1123,#521,.T.);
#1388=EDGE_CURVE('',#1127,#1128,#522,.T.);
#1389=EDGE_CURVE('',#1128,#1125,#523,.T.);
#1390=EDGE_CURVE('',#1116,#1127,#524,.T.);
#1391=EDGE_CURVE('',#1118,#1128,#525,.T.);
#1392=EDGE_CURVE('',#1124,#1116,#526,.T.);
#1393=EDGE_CURVE('',#1126,#1118,#527,.T.);
#1394=EDGE_CURVE('',#1129,#1130,#528,.T.);
#1395=EDGE_CURVE('',#1129,#1131,#529,.T.);
#1396=EDGE_CURVE('',#1131,#1132,#530,.T.);
#1397=EDGE_CURVE('',#1130,#1132,#531,.T.);
#1398=EDGE_CURVE('',#1133,#1129,#532,.T.);
#1399=EDGE_CURVE('',#1133,#1134,#533,.T.);
#1400=EDGE_CURVE('',#1134,#1131,#534,.T.);
#1401=EDGE_CURVE('',#1121,#1133,#535,.T.);
#1402=EDGE_CURVE('',#1122,#1134,#536,.T.);
#1403=EDGE_CURVE('',#1130,#1121,#537,.T.);
#1404=EDGE_CURVE('',#1132,#1122,#538,.T.);
#1405=EDGE_CURVE('',#1135,#1136,#539,.T.);
#1406=EDGE_CURVE('',#1135,#1137,#540,.T.);
#1407=EDGE_CURVE('',#1137,#1138,#541,.T.);
#1408=EDGE_CURVE('',#1136,#1138,#542,.T.);
#1409=EDGE_CURVE('',#1139,#1135,#543,.T.);
#1410=EDGE_CURVE('',#1139,#1140,#544,.T.);
#1411=EDGE_CURVE('',#1140,#1137,#545,.T.);
#1412=EDGE_CURVE('',#1141,#1139,#546,.T.);
#1413=EDGE_CURVE('',#1141,#1142,#547,.T.);
#1414=EDGE_CURVE('',#1142,#1140,#548,.T.);
#1415=EDGE_CURVE('',#1136,#1141,#549,.T.);
#1416=EDGE_CURVE('',#1138,#1142,#550,.T.);
#1417=EDGE_CURVE('',#1143,#1144,#551,.T.);
#1418=EDGE_CURVE('',#1143,#1145,#552,.T.);
#1419=EDGE_CURVE('',#1145,#1146,#553,.T.);
#1420=EDGE_CURVE('',#1144,#1146,#554,.T.);
#1421=EDGE_CURVE('',#1147,#1143,#555,.T.);
#1422=EDGE_CURVE('',#1147,#1148,#556,.T.);
#1423=EDGE_CURVE('',#1148,#1145,#557,.T.);
#1424=EDGE_CURVE('',#1149,#1147,#558,.T.);
#1425=EDGE_CURVE('',#1149,#1150,#559,.T.);
#1426=EDGE_CURVE('',#1150,#1148,#560,.T.);
#1427=EDGE_CURVE('',#1144,#1149,#561,.T.);
#1428=EDGE_CURVE('',#1146,#1150,#562,.T.);
#1429=EDGE_CURVE('',#1151,#1152,#563,.T.);
#1430=EDGE_CURVE('',#1151,#1153,#564,.T.);
#1431=EDGE_CURVE('',#1153,#1154,#565,.T.);
#1432=EDGE_CURVE('',#1152,#1154,#566,.T.);
#1433=EDGE_CURVE('',#1155,#1151,#567,.T.);
#1434=EDGE_CURVE('',#1155,#1156,#568,.T.);
#1435=EDGE_CURVE('',#1156,#1153,#569,.T.);
#1436=EDGE_CURVE('',#1157,#1155,#570,.T.);
#1437=EDGE_CURVE('',#1157,#1158,#571,.T.);
#1438=EDGE_CURVE('',#1158,#1156,#572,.T.);
#1439=EDGE_CURVE('',#1152,#1157,#573,.T.);
#1440=EDGE_CURVE('',#1154,#1158,#574,.T.);
#1441=EDGE_CURVE('',#1159,#1160,#575,.T.);
#1442=EDGE_CURVE('',#1159,#1161,#576,.T.);
#1443=EDGE_CURVE('',#1161,#1162,#577,.T.);
#1444=EDGE_CURVE('',#1160,#1162,#578,.T.);
#1445=EDGE_CURVE('',#1163,#1159,#579,.T.);
#1446=EDGE_CURVE('',#1163,#1164,#580,.T.);
#1447=EDGE_CURVE('',#1164,#1161,#581,.T.);
#1448=EDGE_CURVE('',#1165,#1163,#582,.T.);
#1449=EDGE_CURVE('',#1165,#1166,#583,.T.);
#1450=EDGE_CURVE('',#1166,#1164,#584,.T.);
#1451=EDGE_CURVE('',#1167,#1165,#585,.T.);
#1452=EDGE_CURVE('',#1167,#1168,#586,.T.);
#1453=EDGE_CURVE('',#1168,#1166,#587,.T.);
#1454=EDGE_CURVE('',#1169,#1167,#588,.T.);
#1455=EDGE_CURVE('',#1169,#1170,#589,.T.);
#1456=EDGE_CURVE('',#1170,#1168,#590,.T.);
#1457=EDGE_CURVE('',#1171,#1169,#591,.T.);
#1458=EDGE_CURVE('',#1171,#1172,#592,.T.);
#1459=EDGE_CURVE('',#1172,#1170,#593,.T.);
#1460=EDGE_CURVE('',#1173,#1171,#594,.T.);
#1461=EDGE_CURVE('',#1173,#1174,#595,.T.);
#1462=EDGE_CURVE('',#1174,#1172,#596,.T.);
#1463=EDGE_CURVE('',#1175,#1173,#597,.T.);
#1464=EDGE_CURVE('',#1175,#1176,#598,.T.);
#1465=EDGE_CURVE('',#1176,#1174,#599,.T.);
#1466=EDGE_CURVE('',#1177,#1175,#600,.T.);
#1467=EDGE_CURVE('',#1177,#1178,#601,.T.);
#1468=EDGE_CURVE('',#1178,#1176,#602,.T.);
#1469=EDGE_CURVE('',#1179,#1177,#603,.T.);
#1470=EDGE_CURVE('',#1179,#1180,#604,.T.);
#1471=EDGE_CURVE('',#1180,#1178,#605,.T.);
#1472=EDGE_CURVE('',#1181,#1179,#606,.T.);
#1473=EDGE_CURVE('',#1181,#1182,#607,.T.);
#1474=EDGE_CURVE('',#1182,#1180,#608,.T.);
#1475=EDGE_CURVE('',#1160,#1181,#609,.T.);
#1476=EDGE_CURVE('',#1162,#1182,#610,.T.);
#1477=EDGE_CURVE('',#1183,#1184,#61,.T.);
#1478=EDGE_CURVE('',#1184,#1185,#611,.T.);
#1479=EDGE_CURVE('',#1185,#1186,#62,.T.);
#1480=EDGE_CURVE('',#1186,#1183,#612,.T.);
#1481=EDGE_CURVE('',#1187,#1186,#613,.T.);
#1482=EDGE_CURVE('',#1187,#1188,#614,.T.);
#1483=EDGE_CURVE('',#1183,#1188,#615,.T.);
#1484=EDGE_CURVE('',#1185,#1189,#616,.T.);
#1485=EDGE_CURVE('',#1190,#1189,#63,.T.);
#1486=EDGE_CURVE('',#1190,#1191,#617,.T.);
#1487=EDGE_CURVE('',#1192,#1191,#64,.T.);
#1488=EDGE_CURVE('',#1192,#1193,#618,.T.);
#1489=EDGE_CURVE('',#1194,#1193,#65,.T.);
#1490=EDGE_CURVE('',#1194,#1195,#619,.T.);
#1491=EDGE_CURVE('',#1195,#1196,#620,.T.);
#1492=EDGE_CURVE('',#1196,#1197,#621,.T.);
#1493=EDGE_CURVE('',#1197,#1187,#622,.T.);
#1494=EDGE_CURVE('',#1198,#1199,#66,.T.);
#1495=EDGE_CURVE('',#1200,#1198,#623,.T.);
#1496=EDGE_CURVE('',#1201,#1200,#67,.T.);
#1497=EDGE_CURVE('',#1202,#1201,#624,.T.);
#1498=EDGE_CURVE('',#1203,#1202,#68,.T.);
#1499=EDGE_CURVE('',#1204,#1203,#625,.T.);
#1500=EDGE_CURVE('',#1205,#1204,#69,.T.);
#1501=EDGE_CURVE('',#1199,#1205,#626,.T.);
#1502=EDGE_CURVE('',#1206,#1206,#70,.T.);
#1503=EDGE_CURVE('',#1207,#1207,#71,.T.);
#1504=EDGE_CURVE('',#1208,#1208,#72,.T.);
#1505=EDGE_CURVE('',#1209,#1210,#73,.T.);
#1506=EDGE_CURVE('',#1211,#1209,#627,.T.);
#1507=EDGE_CURVE('',#1212,#1211,#74,.T.);
#1508=EDGE_CURVE('',#1213,#1212,#628,.T.);
#1509=EDGE_CURVE('',#1214,#1213,#75,.T.);
#1510=EDGE_CURVE('',#1215,#1214,#629,.T.);
#1511=EDGE_CURVE('',#1216,#1215,#76,.T.);
#1512=EDGE_CURVE('',#1210,#1216,#630,.T.);
#1513=EDGE_CURVE('',#1217,#1217,#77,.T.);
#1514=EDGE_CURVE('',#1218,#1219,#631,.T.);
#1515=EDGE_CURVE('',#1220,#1218,#632,.T.);
#1516=EDGE_CURVE('',#1221,#1220,#633,.T.);
#1517=EDGE_CURVE('',#1219,#1221,#634,.T.);
#1518=EDGE_CURVE('',#1222,#1223,#78,.T.);
#1519=EDGE_CURVE('',#1224,#1222,#635,.T.);
#1520=EDGE_CURVE('',#1225,#1224,#79,.T.);
#1521=EDGE_CURVE('',#1226,#1225,#636,.T.);
#1522=EDGE_CURVE('',#1227,#1226,#80,.T.);
#1523=EDGE_CURVE('',#1228,#1227,#637,.T.);
#1524=EDGE_CURVE('',#1229,#1228,#81,.T.);
#1525=EDGE_CURVE('',#1223,#1229,#638,.T.);
#1526=EDGE_CURVE('',#1230,#1231,#82,.T.);
#1527=EDGE_CURVE('',#1232,#1230,#639,.T.);
#1528=EDGE_CURVE('',#1233,#1232,#83,.T.);
#1529=EDGE_CURVE('',#1234,#1233,#640,.T.);
#1530=EDGE_CURVE('',#1235,#1234,#84,.T.);
#1531=EDGE_CURVE('',#1236,#1235,#641,.T.);
#1532=EDGE_CURVE('',#1237,#1236,#85,.T.);
#1533=EDGE_CURVE('',#1231,#1237,#642,.T.);
#1534=EDGE_CURVE('',#1238,#1239,#643,.T.);
#1535=EDGE_CURVE('',#1240,#1238,#644,.T.);
#1536=EDGE_CURVE('',#1241,#1240,#645,.T.);
#1537=EDGE_CURVE('',#1239,#1241,#646,.T.);
#1538=EDGE_CURVE('',#1242,#1243,#86,.T.);
#1539=EDGE_CURVE('',#1243,#1194,#647,.T.);
#1540=EDGE_CURVE('',#1193,#1242,#648,.T.);
#1541=EDGE_CURVE('',#1244,#1192,#649,.T.);
#1542=EDGE_CURVE('',#1242,#1244,#650,.T.);
#1543=EDGE_CURVE('',#1245,#1244,#87,.T.);
#1544=EDGE_CURVE('',#1191,#1245,#651,.T.);
#1545=EDGE_CURVE('',#1246,#1190,#652,.T.);
#1546=EDGE_CURVE('',#1245,#1246,#653,.T.);
#1547=EDGE_CURVE('',#1247,#1246,#88,.T.);
#1548=EDGE_CURVE('',#1189,#1247,#654,.T.);
#1549=EDGE_CURVE('',#1238,#1248,#655,.T.);
#1550=EDGE_CURVE('',#1249,#1248,#656,.T.);
#1551=EDGE_CURVE('',#1240,#1249,#657,.T.);
#1552=EDGE_CURVE('',#1250,#1249,#658,.T.);
#1553=EDGE_CURVE('',#1241,#1250,#659,.T.);
#1554=EDGE_CURVE('',#1251,#1250,#660,.T.);
#1555=EDGE_CURVE('',#1239,#1251,#661,.T.);
#1556=EDGE_CURVE('',#1248,#1251,#662,.T.);
#1557=EDGE_CURVE('',#1230,#1252,#663,.T.);
#1558=EDGE_CURVE('',#1253,#1252,#664,.T.);
#1559=EDGE_CURVE('',#1232,#1253,#665,.T.);
#1560=EDGE_CURVE('',#1254,#1253,#89,.T.);
#1561=EDGE_CURVE('',#1233,#1254,#666,.T.);
#1562=EDGE_CURVE('',#1255,#1254,#667,.T.);
#1563=EDGE_CURVE('',#1234,#1255,#668,.T.);
#1564=EDGE_CURVE('',#1256,#1255,#90,.T.);
#1565=EDGE_CURVE('',#1235,#1256,#669,.T.);
#1566=EDGE_CURVE('',#1257,#1256,#670,.T.);
#1567=EDGE_CURVE('',#1236,#1257,#671,.T.);
#1568=EDGE_CURVE('',#1258,#1257,#91,.T.);
#1569=EDGE_CURVE('',#1237,#1258,#672,.T.);
#1570=EDGE_CURVE('',#1259,#1258,#673,.T.);
#1571=EDGE_CURVE('',#1231,#1259,#674,.T.);
#1572=EDGE_CURVE('',#1252,#1259,#92,.T.);
#1573=EDGE_CURVE('',#1222,#1260,#675,.T.);
#1574=EDGE_CURVE('',#1261,#1260,#676,.T.);
#1575=EDGE_CURVE('',#1224,#1261,#677,.T.);
#1576=EDGE_CURVE('',#1262,#1261,#93,.T.);
#1577=EDGE_CURVE('',#1225,#1262,#678,.T.);
#1578=EDGE_CURVE('',#1263,#1262,#679,.T.);
#1579=EDGE_CURVE('',#1226,#1263,#680,.T.);
#1580=EDGE_CURVE('',#1264,#1263,#94,.T.);
#1581=EDGE_CURVE('',#1227,#1264,#681,.T.);
#1582=EDGE_CURVE('',#1265,#1264,#682,.T.);
#1583=EDGE_CURVE('',#1228,#1265,#683,.T.);
#1584=EDGE_CURVE('',#1266,#1265,#95,.T.);
#1585=EDGE_CURVE('',#1229,#1266,#684,.T.);
#1586=EDGE_CURVE('',#1267,#1266,#685,.T.);
#1587=EDGE_CURVE('',#1223,#1267,#686,.T.);
#1588=EDGE_CURVE('',#1260,#1267,#96,.T.);
#1589=EDGE_CURVE('',#1218,#1268,#687,.T.);
#1590=EDGE_CURVE('',#1269,#1268,#688,.T.);
#1591=EDGE_CURVE('',#1220,#1269,#689,.T.);
#1592=EDGE_CURVE('',#1270,#1269,#690,.T.);
#1593=EDGE_CURVE('',#1221,#1270,#691,.T.);
#1594=EDGE_CURVE('',#1271,#1270,#692,.T.);
#1595=EDGE_CURVE('',#1219,#1271,#693,.T.);
#1596=EDGE_CURVE('',#1268,#1271,#694,.T.);
#1597=EDGE_CURVE('',#1217,#1272,#695,.T.);
#1598=EDGE_CURVE('',#1272,#1272,#97,.T.);
#1599=EDGE_CURVE('',#1209,#1273,#696,.T.);
#1600=EDGE_CURVE('',#1274,#1273,#697,.T.);
#1601=EDGE_CURVE('',#1211,#1274,#698,.T.);
#1602=EDGE_CURVE('',#1275,#1274,#98,.T.);
#1603=EDGE_CURVE('',#1212,#1275,#699,.T.);
#1604=EDGE_CURVE('',#1276,#1275,#700,.T.);
#1605=EDGE_CURVE('',#1213,#1276,#701,.T.);
#1606=EDGE_CURVE('',#1277,#1276,#99,.T.);
#1607=EDGE_CURVE('',#1214,#1277,#702,.T.);
#1608=EDGE_CURVE('',#1278,#1277,#703,.T.);
#1609=EDGE_CURVE('',#1215,#1278,#704,.T.);
#1610=EDGE_CURVE('',#1279,#1278,#100,.T.);
#1611=EDGE_CURVE('',#1216,#1279,#705,.T.);
#1612=EDGE_CURVE('',#1280,#1279,#706,.T.);
#1613=EDGE_CURVE('',#1210,#1280,#707,.T.);
#1614=EDGE_CURVE('',#1273,#1280,#101,.T.);
#1615=EDGE_CURVE('',#1208,#1281,#708,.T.);
#1616=EDGE_CURVE('',#1281,#1281,#102,.T.);
#1617=EDGE_CURVE('',#1207,#1282,#709,.T.);
#1618=EDGE_CURVE('',#1282,#1282,#103,.T.);
#1619=EDGE_CURVE('',#1206,#1283,#710,.T.);
#1620=EDGE_CURVE('',#1283,#1283,#104,.T.);
#1621=EDGE_CURVE('',#1198,#1284,#711,.T.);
#1622=EDGE_CURVE('',#1285,#1284,#712,.T.);
#1623=EDGE_CURVE('',#1200,#1285,#713,.T.);
#1624=EDGE_CURVE('',#1286,#1285,#105,.T.);
#1625=EDGE_CURVE('',#1201,#1286,#714,.T.);
#1626=EDGE_CURVE('',#1287,#1286,#715,.T.);
#1627=EDGE_CURVE('',#1202,#1287,#716,.T.);
#1628=EDGE_CURVE('',#1288,#1287,#106,.T.);
#1629=EDGE_CURVE('',#1203,#1288,#717,.T.);
#1630=EDGE_CURVE('',#1289,#1288,#718,.T.);
#1631=EDGE_CURVE('',#1204,#1289,#719,.T.);
#1632=EDGE_CURVE('',#1290,#1289,#107,.T.);
#1633=EDGE_CURVE('',#1205,#1290,#720,.T.);
#1634=EDGE_CURVE('',#1291,#1290,#721,.T.);
#1635=EDGE_CURVE('',#1199,#1291,#722,.T.);
#1636=EDGE_CURVE('',#1284,#1291,#108,.T.);
#1637=EDGE_CURVE('',#1195,#1292,#723,.T.);
#1638=EDGE_CURVE('',#1293,#1292,#724,.T.);
#1639=EDGE_CURVE('',#1196,#1293,#725,.T.);
#1640=EDGE_CURVE('',#1294,#1293,#726,.T.);
#1641=EDGE_CURVE('',#1197,#1294,#727,.T.);
#1642=EDGE_CURVE('',#1188,#1294,#728,.T.);
#1643=EDGE_CURVE('',#1247,#1184,#729,.T.);
#1644=EDGE_CURVE('',#1292,#1243,#730,.T.);
#1645=EDGE_CURVE('',#1295,#1296,#731,.T.);
#1646=EDGE_CURVE('',#1295,#1297,#732,.T.);
#1647=EDGE_CURVE('',#1298,#1297,#733,.T.);
#1648=EDGE_CURVE('',#1296,#1298,#734,.T.);
#1649=EDGE_CURVE('',#1299,#1300,#735,.T.);
#1650=EDGE_CURVE('',#1299,#1301,#736,.T.);
#1651=EDGE_CURVE('',#1302,#1301,#737,.T.);
#1652=EDGE_CURVE('',#1300,#1302,#738,.T.);
#1653=EDGE_CURVE('',#1303,#1299,#739,.T.);
#1654=EDGE_CURVE('',#1304,#1303,#740,.T.);
#1655=EDGE_CURVE('',#1301,#1304,#741,.T.);
#1656=EDGE_CURVE('',#1305,#1303,#742,.T.);
#1657=EDGE_CURVE('',#1306,#1305,#743,.T.);
#1658=EDGE_CURVE('',#1306,#1307,#744,.T.);
#1659=EDGE_CURVE('',#1307,#1308,#745,.T.);
#1660=EDGE_CURVE('',#1298,#1308,#746,.T.);
#1661=EDGE_CURVE('',#1297,#1309,#747,.T.);
#1662=EDGE_CURVE('',#1309,#1304,#748,.T.);
#1663=EDGE_CURVE('',#1310,#1311,#749,.T.);
#1664=EDGE_CURVE('',#1311,#1312,#750,.T.);
#1665=EDGE_CURVE('',#1303,#1312,#751,.T.);
#1666=EDGE_CURVE('',#1300,#1310,#752,.T.);
#1667=EDGE_CURVE('',#1313,#1314,#753,.T.);
#1668=EDGE_CURVE('',#1311,#1313,#754,.T.);
#1669=EDGE_CURVE('',#1314,#1302,#755,.T.);
#1670=EDGE_CURVE('',#1315,#1316,#109,.T.);
#1671=EDGE_CURVE('',#1316,#1317,#756,.T.);
#1672=EDGE_CURVE('',#1317,#1318,#110,.T.);
#1673=EDGE_CURVE('',#1318,#1315,#757,.T.);
#1674=EDGE_CURVE('',#1319,#1318,#758,.T.);
#1675=EDGE_CURVE('',#1320,#1319,#759,.T.);
#1676=EDGE_CURVE('',#1312,#1320,#760,.T.);
#1677=EDGE_CURVE('',#1313,#1321,#761,.T.);
#1678=EDGE_CURVE('',#1321,#1322,#762,.T.);
#1679=EDGE_CURVE('',#1322,#1295,#763,.T.);
#1680=EDGE_CURVE('',#1315,#1296,#764,.T.);
#1681=EDGE_CURVE('',#1317,#1323,#765,.T.);
#1682=EDGE_CURVE('',#1324,#1323,#111,.T.);
#1683=EDGE_CURVE('',#1324,#1325,#766,.T.);
#1684=EDGE_CURVE('',#1326,#1325,#112,.T.);
#1685=EDGE_CURVE('',#1326,#1327,#767,.T.);
#1686=EDGE_CURVE('',#1319,#1327,#113,.T.);
#1687=EDGE_CURVE('',#1328,#1328,#114,.T.);
#1688=EDGE_CURVE('',#1329,#1329,#115,.T.);
#1689=EDGE_CURVE('',#1330,#1330,#116,.T.);
#1690=EDGE_CURVE('',#1331,#1331,#117,.T.);
#1691=EDGE_CURVE('',#1332,#1333,#118,.T.);
#1692=EDGE_CURVE('',#1333,#1324,#768,.T.);
#1693=EDGE_CURVE('',#1323,#1332,#769,.T.);
#1694=EDGE_CURVE('',#1334,#1333,#770,.T.);
#1695=EDGE_CURVE('',#1325,#1334,#771,.T.);
#1696=EDGE_CURVE('',#1335,#1320,#119,.T.);
#1697=EDGE_CURVE('',#1335,#1336,#772,.T.);
#1698=EDGE_CURVE('',#1334,#1336,#120,.T.);
#1699=EDGE_CURVE('',#1332,#1316,#773,.T.);
#1700=EDGE_CURVE('',#1308,#1337,#774,.T.);
#1701=EDGE_CURVE('',#1337,#1338,#775,.T.);
#1702=EDGE_CURVE('',#1338,#1305,#776,.T.);
#1703=EDGE_CURVE('',#1339,#1339,#121,.T.);
#1704=EDGE_CURVE('',#1340,#1340,#122,.T.);
#1705=EDGE_CURVE('',#1341,#1341,#123,.T.);
#1706=EDGE_CURVE('',#1342,#1342,#124,.T.);
#1707=EDGE_CURVE('',#1336,#1326,#777,.T.);
#1708=EDGE_CURVE('',#1327,#1335,#778,.T.);
#1709=EDGE_CURVE('',#1309,#1322,#779,.T.);
#1710=EDGE_CURVE('',#1343,#1344,#780,.T.);
#1711=EDGE_CURVE('',#1307,#1343,#781,.T.);
#1712=EDGE_CURVE('',#1344,#1306,#782,.T.);
#1713=EDGE_CURVE('',#1343,#1337,#783,.T.);
#1714=EDGE_CURVE('',#1344,#1338,#784,.T.);
#1715=EDGE_CURVE('',#1342,#1330,#785,.T.);
#1716=EDGE_CURVE('',#1341,#1329,#786,.T.);
#1717=EDGE_CURVE('',#1340,#1331,#787,.T.);
#1718=EDGE_CURVE('',#1339,#1328,#788,.T.);
#1719=ORIENTED_EDGE('',*,*,#1345,.F.);
#1720=ORIENTED_EDGE('',*,*,#1346,.T.);
#1721=ORIENTED_EDGE('',*,*,#1347,.F.);
#1722=ORIENTED_EDGE('',*,*,#1348,.F.);
#1723=ORIENTED_EDGE('',*,*,#1349,.F.);
#1724=ORIENTED_EDGE('',*,*,#1348,.T.);
#1725=ORIENTED_EDGE('',*,*,#1350,.F.);
#1726=ORIENTED_EDGE('',*,*,#1351,.F.);
#1727=ORIENTED_EDGE('',*,*,#1352,.F.);
#1728=ORIENTED_EDGE('',*,*,#1351,.T.);
#1729=ORIENTED_EDGE('',*,*,#1353,.F.);
#1730=ORIENTED_EDGE('',*,*,#1354,.F.);
#1731=ORIENTED_EDGE('',*,*,#1355,.F.);
#1732=ORIENTED_EDGE('',*,*,#1354,.T.);
#1733=ORIENTED_EDGE('',*,*,#1356,.F.);
#1734=ORIENTED_EDGE('',*,*,#1346,.F.);
#1735=ORIENTED_EDGE('',*,*,#1356,.T.);
#1736=ORIENTED_EDGE('',*,*,#1353,.T.);
#1737=ORIENTED_EDGE('',*,*,#1350,.T.);
#1738=ORIENTED_EDGE('',*,*,#1347,.T.);
#1739=ORIENTED_EDGE('',*,*,#1355,.T.);
#1740=ORIENTED_EDGE('',*,*,#1345,.T.);
#1741=ORIENTED_EDGE('',*,*,#1349,.T.);
#1742=ORIENTED_EDGE('',*,*,#1352,.T.);
#1743=ORIENTED_EDGE('',*,*,#1357,.F.);
#1744=ORIENTED_EDGE('',*,*,#1358,.T.);
#1745=ORIENTED_EDGE('',*,*,#1359,.T.);
#1746=ORIENTED_EDGE('',*,*,#1360,.F.);
#1747=ORIENTED_EDGE('',*,*,#1361,.F.);
#1748=ORIENTED_EDGE('',*,*,#1362,.T.);
#1749=ORIENTED_EDGE('',*,*,#1363,.T.);
#1750=ORIENTED_EDGE('',*,*,#1358,.F.);
#1751=ORIENTED_EDGE('',*,*,#1364,.F.);
#1752=ORIENTED_EDGE('',*,*,#1365,.T.);
#1753=ORIENTED_EDGE('',*,*,#1366,.T.);
#1754=ORIENTED_EDGE('',*,*,#1362,.F.);
#1755=ORIENTED_EDGE('',*,*,#1367,.F.);
#1756=ORIENTED_EDGE('',*,*,#1360,.T.);
#1757=ORIENTED_EDGE('',*,*,#1368,.T.);
#1758=ORIENTED_EDGE('',*,*,#1365,.F.);
#1759=ORIENTED_EDGE('',*,*,#1368,.F.);
#1760=ORIENTED_EDGE('',*,*,#1359,.F.);
#1761=ORIENTED_EDGE('',*,*,#1363,.F.);
#1762=ORIENTED_EDGE('',*,*,#1366,.F.);
#1763=ORIENTED_EDGE('',*,*,#1369,.F.);
#1764=ORIENTED_EDGE('',*,*,#1370,.T.);
#1765=ORIENTED_EDGE('',*,*,#1371,.T.);
#1766=ORIENTED_EDGE('',*,*,#1372,.F.);
#1767=ORIENTED_EDGE('',*,*,#1373,.F.);
#1768=ORIENTED_EDGE('',*,*,#1374,.T.);
#1769=ORIENTED_EDGE('',*,*,#1375,.T.);
#1770=ORIENTED_EDGE('',*,*,#1370,.F.);
#1771=ORIENTED_EDGE('',*,*,#1376,.F.);
#1772=ORIENTED_EDGE('',*,*,#1377,.T.);
#1773=ORIENTED_EDGE('',*,*,#1378,.T.);
#1774=ORIENTED_EDGE('',*,*,#1374,.F.);
#1775=ORIENTED_EDGE('',*,*,#1379,.F.);
#1776=ORIENTED_EDGE('',*,*,#1380,.T.);
#1777=ORIENTED_EDGE('',*,*,#1381,.T.);
#1778=ORIENTED_EDGE('',*,*,#1382,.F.);
#1779=ORIENTED_EDGE('',*,*,#1381,.F.);
#1780=ORIENTED_EDGE('',*,*,#1371,.F.);
#1781=ORIENTED_EDGE('',*,*,#1375,.F.);
#1782=ORIENTED_EDGE('',*,*,#1378,.F.);
#1783=ORIENTED_EDGE('',*,*,#1383,.F.);
#1784=ORIENTED_EDGE('',*,*,#1384,.T.);
#1785=ORIENTED_EDGE('',*,*,#1385,.T.);
#1786=ORIENTED_EDGE('',*,*,#1386,.F.);
#1787=ORIENTED_EDGE('',*,*,#1387,.F.);
#1788=ORIENTED_EDGE('',*,*,#1388,.T.);
#1789=ORIENTED_EDGE('',*,*,#1389,.T.);
#1790=ORIENTED_EDGE('',*,*,#1384,.F.);
#1791=ORIENTED_EDGE('',*,*,#1390,.F.);
#1792=ORIENTED_EDGE('',*,*,#1372,.T.);
#1793=ORIENTED_EDGE('',*,*,#1391,.T.);
#1794=ORIENTED_EDGE('',*,*,#1388,.F.);
#1795=ORIENTED_EDGE('',*,*,#1392,.F.);
#1796=ORIENTED_EDGE('',*,*,#1386,.T.);
#1797=ORIENTED_EDGE('',*,*,#1393,.T.);
#1798=ORIENTED_EDGE('',*,*,#1380,.F.);
#1799=ORIENTED_EDGE('',*,*,#1393,.F.);
#1800=ORIENTED_EDGE('',*,*,#1385,.F.);
#1801=ORIENTED_EDGE('',*,*,#1389,.F.);
#1802=ORIENTED_EDGE('',*,*,#1391,.F.);
#1803=ORIENTED_EDGE('',*,*,#1394,.F.);
#1804=ORIENTED_EDGE('',*,*,#1395,.T.);
#1805=ORIENTED_EDGE('',*,*,#1396,.T.);
#1806=ORIENTED_EDGE('',*,*,#1397,.F.);
#1807=ORIENTED_EDGE('',*,*,#1398,.F.);
#1808=ORIENTED_EDGE('',*,*,#1399,.T.);
#1809=ORIENTED_EDGE('',*,*,#1400,.T.);
#1810=ORIENTED_EDGE('',*,*,#1395,.F.);
#1811=ORIENTED_EDGE('',*,*,#1401,.F.);
#1812=ORIENTED_EDGE('',*,*,#1382,.T.);
#1813=ORIENTED_EDGE('',*,*,#1402,.T.);
#1814=ORIENTED_EDGE('',*,*,#1399,.F.);
#1815=ORIENTED_EDGE('',*,*,#1403,.F.);
#1816=ORIENTED_EDGE('',*,*,#1397,.T.);
#1817=ORIENTED_EDGE('',*,*,#1404,.T.);
#1818=ORIENTED_EDGE('',*,*,#1377,.F.);
#1819=ORIENTED_EDGE('',*,*,#1404,.F.);
#1820=ORIENTED_EDGE('',*,*,#1396,.F.);
#1821=ORIENTED_EDGE('',*,*,#1400,.F.);
#1822=ORIENTED_EDGE('',*,*,#1402,.F.);
#1823=ORIENTED_EDGE('',*,*,#1405,.F.);
#1824=ORIENTED_EDGE('',*,*,#1406,.T.);
#1825=ORIENTED_EDGE('',*,*,#1407,.T.);
#1826=ORIENTED_EDGE('',*,*,#1408,.F.);
#1827=ORIENTED_EDGE('',*,*,#1409,.F.);
#1828=ORIENTED_EDGE('',*,*,#1410,.T.);
#1829=ORIENTED_EDGE('',*,*,#1411,.T.);
#1830=ORIENTED_EDGE('',*,*,#1406,.F.);
#1831=ORIENTED_EDGE('',*,*,#1412,.F.);
#1832=ORIENTED_EDGE('',*,*,#1413,.T.);
#1833=ORIENTED_EDGE('',*,*,#1414,.T.);
#1834=ORIENTED_EDGE('',*,*,#1410,.F.);
#1835=ORIENTED_EDGE('',*,*,#1415,.F.);
#1836=ORIENTED_EDGE('',*,*,#1408,.T.);
#1837=ORIENTED_EDGE('',*,*,#1416,.T.);
#1838=ORIENTED_EDGE('',*,*,#1413,.F.);
#1839=ORIENTED_EDGE('',*,*,#1416,.F.);
#1840=ORIENTED_EDGE('',*,*,#1407,.F.);
#1841=ORIENTED_EDGE('',*,*,#1411,.F.);
#1842=ORIENTED_EDGE('',*,*,#1414,.F.);
#1843=ORIENTED_EDGE('',*,*,#1417,.F.);
#1844=ORIENTED_EDGE('',*,*,#1418,.T.);
#1845=ORIENTED_EDGE('',*,*,#1419,.T.);
#1846=ORIENTED_EDGE('',*,*,#1420,.F.);
#1847=ORIENTED_EDGE('',*,*,#1421,.F.);
#1848=ORIENTED_EDGE('',*,*,#1422,.T.);
#1849=ORIENTED_EDGE('',*,*,#1423,.T.);
#1850=ORIENTED_EDGE('',*,*,#1418,.F.);
#1851=ORIENTED_EDGE('',*,*,#1424,.F.);
#1852=ORIENTED_EDGE('',*,*,#1425,.T.);
#1853=ORIENTED_EDGE('',*,*,#1426,.T.);
#1854=ORIENTED_EDGE('',*,*,#1422,.F.);
#1855=ORIENTED_EDGE('',*,*,#1427,.F.);
#1856=ORIENTED_EDGE('',*,*,#1420,.T.);
#1857=ORIENTED_EDGE('',*,*,#1428,.T.);
#1858=ORIENTED_EDGE('',*,*,#1425,.F.);
#1859=ORIENTED_EDGE('',*,*,#1428,.F.);
#1860=ORIENTED_EDGE('',*,*,#1419,.F.);
#1861=ORIENTED_EDGE('',*,*,#1423,.F.);
#1862=ORIENTED_EDGE('',*,*,#1426,.F.);
#1863=ORIENTED_EDGE('',*,*,#1429,.F.);
#1864=ORIENTED_EDGE('',*,*,#1430,.T.);
#1865=ORIENTED_EDGE('',*,*,#1431,.T.);
#1866=ORIENTED_EDGE('',*,*,#1432,.F.);
#1867=ORIENTED_EDGE('',*,*,#1433,.F.);
#1868=ORIENTED_EDGE('',*,*,#1434,.T.);
#1869=ORIENTED_EDGE('',*,*,#1435,.T.);
#1870=ORIENTED_EDGE('',*,*,#1430,.F.);
#1871=ORIENTED_EDGE('',*,*,#1436,.F.);
#1872=ORIENTED_EDGE('',*,*,#1437,.T.);
#1873=ORIENTED_EDGE('',*,*,#1438,.T.);
#1874=ORIENTED_EDGE('',*,*,#1434,.F.);
#1875=ORIENTED_EDGE('',*,*,#1439,.F.);
#1876=ORIENTED_EDGE('',*,*,#1432,.T.);
#1877=ORIENTED_EDGE('',*,*,#1440,.T.);
#1878=ORIENTED_EDGE('',*,*,#1437,.F.);
#1879=ORIENTED_EDGE('',*,*,#1440,.F.);
#1880=ORIENTED_EDGE('',*,*,#1431,.F.);
#1881=ORIENTED_EDGE('',*,*,#1435,.F.);
#1882=ORIENTED_EDGE('',*,*,#1438,.F.);
#1883=ORIENTED_EDGE('',*,*,#1441,.F.);
#1884=ORIENTED_EDGE('',*,*,#1442,.T.);
#1885=ORIENTED_EDGE('',*,*,#1443,.T.);
#1886=ORIENTED_EDGE('',*,*,#1444,.F.);
#1887=ORIENTED_EDGE('',*,*,#1445,.F.);
#1888=ORIENTED_EDGE('',*,*,#1446,.T.);
#1889=ORIENTED_EDGE('',*,*,#1447,.T.);
#1890=ORIENTED_EDGE('',*,*,#1442,.F.);
#1891=ORIENTED_EDGE('',*,*,#1448,.F.);
#1892=ORIENTED_EDGE('',*,*,#1449,.T.);
#1893=ORIENTED_EDGE('',*,*,#1450,.T.);
#1894=ORIENTED_EDGE('',*,*,#1446,.F.);
#1895=ORIENTED_EDGE('',*,*,#1451,.F.);
#1896=ORIENTED_EDGE('',*,*,#1452,.T.);
#1897=ORIENTED_EDGE('',*,*,#1453,.T.);
#1898=ORIENTED_EDGE('',*,*,#1449,.F.);
#1899=ORIENTED_EDGE('',*,*,#1454,.F.);
#1900=ORIENTED_EDGE('',*,*,#1455,.T.);
#1901=ORIENTED_EDGE('',*,*,#1456,.T.);
#1902=ORIENTED_EDGE('',*,*,#1452,.F.);
#1903=ORIENTED_EDGE('',*,*,#1457,.F.);
#1904=ORIENTED_EDGE('',*,*,#1458,.T.);
#1905=ORIENTED_EDGE('',*,*,#1459,.T.);
#1906=ORIENTED_EDGE('',*,*,#1455,.F.);
#1907=ORIENTED_EDGE('',*,*,#1460,.F.);
#1908=ORIENTED_EDGE('',*,*,#1461,.T.);
#1909=ORIENTED_EDGE('',*,*,#1462,.T.);
#1910=ORIENTED_EDGE('',*,*,#1458,.F.);
#1911=ORIENTED_EDGE('',*,*,#1463,.F.);
#1912=ORIENTED_EDGE('',*,*,#1464,.T.);
#1913=ORIENTED_EDGE('',*,*,#1465,.T.);
#1914=ORIENTED_EDGE('',*,*,#1461,.F.);
#1915=ORIENTED_EDGE('',*,*,#1466,.F.);
#1916=ORIENTED_EDGE('',*,*,#1467,.T.);
#1917=ORIENTED_EDGE('',*,*,#1468,.T.);
#1918=ORIENTED_EDGE('',*,*,#1464,.F.);
#1919=ORIENTED_EDGE('',*,*,#1469,.F.);
#1920=ORIENTED_EDGE('',*,*,#1470,.T.);
#1921=ORIENTED_EDGE('',*,*,#1471,.T.);
#1922=ORIENTED_EDGE('',*,*,#1467,.F.);
#1923=ORIENTED_EDGE('',*,*,#1472,.F.);
#1924=ORIENTED_EDGE('',*,*,#1473,.T.);
#1925=ORIENTED_EDGE('',*,*,#1474,.T.);
#1926=ORIENTED_EDGE('',*,*,#1470,.F.);
#1927=ORIENTED_EDGE('',*,*,#1475,.F.);
#1928=ORIENTED_EDGE('',*,*,#1444,.T.);
#1929=ORIENTED_EDGE('',*,*,#1476,.T.);
#1930=ORIENTED_EDGE('',*,*,#1473,.F.);
#1931=ORIENTED_EDGE('',*,*,#1476,.F.);
#1932=ORIENTED_EDGE('',*,*,#1443,.F.);
#1933=ORIENTED_EDGE('',*,*,#1447,.F.);
#1934=ORIENTED_EDGE('',*,*,#1450,.F.);
#1935=ORIENTED_EDGE('',*,*,#1453,.F.);
#1936=ORIENTED_EDGE('',*,*,#1456,.F.);
#1937=ORIENTED_EDGE('',*,*,#1459,.F.);
#1938=ORIENTED_EDGE('',*,*,#1462,.F.);
#1939=ORIENTED_EDGE('',*,*,#1465,.F.);
#1940=ORIENTED_EDGE('',*,*,#1468,.F.);
#1941=ORIENTED_EDGE('',*,*,#1471,.F.);
#1942=ORIENTED_EDGE('',*,*,#1474,.F.);
#1943=ORIENTED_EDGE('',*,*,#1477,.T.);
#1944=ORIENTED_EDGE('',*,*,#1478,.T.);
#1945=ORIENTED_EDGE('',*,*,#1479,.T.);
#1946=ORIENTED_EDGE('',*,*,#1480,.T.);
#1947=ORIENTED_EDGE('',*,*,#1480,.F.);
#1948=ORIENTED_EDGE('',*,*,#1481,.F.);
#1949=ORIENTED_EDGE('',*,*,#1482,.T.);
#1950=ORIENTED_EDGE('',*,*,#1483,.F.);
#1951=ORIENTED_EDGE('',*,*,#1479,.F.);
#1952=ORIENTED_EDGE('',*,*,#1484,.T.);
#1953=ORIENTED_EDGE('',*,*,#1485,.F.);
#1954=ORIENTED_EDGE('',*,*,#1486,.T.);
#1955=ORIENTED_EDGE('',*,*,#1487,.F.);
#1956=ORIENTED_EDGE('',*,*,#1488,.T.);
#1957=ORIENTED_EDGE('',*,*,#1489,.F.);
#1958=ORIENTED_EDGE('',*,*,#1490,.T.);
#1959=ORIENTED_EDGE('',*,*,#1491,.T.);
#1960=ORIENTED_EDGE('',*,*,#1492,.T.);
#1961=ORIENTED_EDGE('',*,*,#1493,.T.);
#1962=ORIENTED_EDGE('',*,*,#1481,.T.);
#1963=ORIENTED_EDGE('',*,*,#1357,.T.);
#1964=ORIENTED_EDGE('',*,*,#1367,.T.);
#1965=ORIENTED_EDGE('',*,*,#1364,.T.);
#1966=ORIENTED_EDGE('',*,*,#1361,.T.);
#1967=ORIENTED_EDGE('',*,*,#1394,.T.);
#1968=ORIENTED_EDGE('',*,*,#1403,.T.);
#1969=ORIENTED_EDGE('',*,*,#1376,.T.);
#1970=ORIENTED_EDGE('',*,*,#1373,.T.);
#1971=ORIENTED_EDGE('',*,*,#1369,.T.);
#1972=ORIENTED_EDGE('',*,*,#1390,.T.);
#1973=ORIENTED_EDGE('',*,*,#1387,.T.);
#1974=ORIENTED_EDGE('',*,*,#1383,.T.);
#1975=ORIENTED_EDGE('',*,*,#1392,.T.);
#1976=ORIENTED_EDGE('',*,*,#1379,.T.);
#1977=ORIENTED_EDGE('',*,*,#1401,.T.);
#1978=ORIENTED_EDGE('',*,*,#1398,.T.);
#1979=ORIENTED_EDGE('',*,*,#1405,.T.);
#1980=ORIENTED_EDGE('',*,*,#1415,.T.);
#1981=ORIENTED_EDGE('',*,*,#1412,.T.);
#1982=ORIENTED_EDGE('',*,*,#1409,.T.);
#1983=ORIENTED_EDGE('',*,*,#1417,.T.);
#1984=ORIENTED_EDGE('',*,*,#1427,.T.);
#1985=ORIENTED_EDGE('',*,*,#1424,.T.);
#1986=ORIENTED_EDGE('',*,*,#1421,.T.);
#1987=ORIENTED_EDGE('',*,*,#1429,.T.);
#1988=ORIENTED_EDGE('',*,*,#1439,.T.);
#1989=ORIENTED_EDGE('',*,*,#1436,.T.);
#1990=ORIENTED_EDGE('',*,*,#1433,.T.);
#1991=ORIENTED_EDGE('',*,*,#1441,.T.);
#1992=ORIENTED_EDGE('',*,*,#1475,.T.);
#1993=ORIENTED_EDGE('',*,*,#1472,.T.);
#1994=ORIENTED_EDGE('',*,*,#1469,.T.);
#1995=ORIENTED_EDGE('',*,*,#1466,.T.);
#1996=ORIENTED_EDGE('',*,*,#1463,.T.);
#1997=ORIENTED_EDGE('',*,*,#1460,.T.);
#1998=ORIENTED_EDGE('',*,*,#1457,.T.);
#1999=ORIENTED_EDGE('',*,*,#1454,.T.);
#2000=ORIENTED_EDGE('',*,*,#1451,.T.);
#2001=ORIENTED_EDGE('',*,*,#1448,.T.);
#2002=ORIENTED_EDGE('',*,*,#1445,.T.);
#2003=ORIENTED_EDGE('',*,*,#1494,.F.);
#2004=ORIENTED_EDGE('',*,*,#1495,.F.);
#2005=ORIENTED_EDGE('',*,*,#1496,.F.);
#2006=ORIENTED_EDGE('',*,*,#1497,.F.);
#2007=ORIENTED_EDGE('',*,*,#1498,.F.);
#2008=ORIENTED_EDGE('',*,*,#1499,.F.);
#2009=ORIENTED_EDGE('',*,*,#1500,.F.);
#2010=ORIENTED_EDGE('',*,*,#1501,.F.);
#2011=ORIENTED_EDGE('',*,*,#1502,.F.);
#2012=ORIENTED_EDGE('',*,*,#1503,.F.);
#2013=ORIENTED_EDGE('',*,*,#1504,.F.);
#2014=ORIENTED_EDGE('',*,*,#1505,.F.);
#2015=ORIENTED_EDGE('',*,*,#1506,.F.);
#2016=ORIENTED_EDGE('',*,*,#1507,.F.);
#2017=ORIENTED_EDGE('',*,*,#1508,.F.);
#2018=ORIENTED_EDGE('',*,*,#1509,.F.);
#2019=ORIENTED_EDGE('',*,*,#1510,.F.);
#2020=ORIENTED_EDGE('',*,*,#1511,.F.);
#2021=ORIENTED_EDGE('',*,*,#1512,.F.);
#2022=ORIENTED_EDGE('',*,*,#1513,.F.);
#2023=ORIENTED_EDGE('',*,*,#1514,.F.);
#2024=ORIENTED_EDGE('',*,*,#1515,.F.);
#2025=ORIENTED_EDGE('',*,*,#1516,.F.);
#2026=ORIENTED_EDGE('',*,*,#1517,.F.);
#2027=ORIENTED_EDGE('',*,*,#1518,.F.);
#2028=ORIENTED_EDGE('',*,*,#1519,.F.);
#2029=ORIENTED_EDGE('',*,*,#1520,.F.);
#2030=ORIENTED_EDGE('',*,*,#1521,.F.);
#2031=ORIENTED_EDGE('',*,*,#1522,.F.);
#2032=ORIENTED_EDGE('',*,*,#1523,.F.);
#2033=ORIENTED_EDGE('',*,*,#1524,.F.);
#2034=ORIENTED_EDGE('',*,*,#1525,.F.);
#2035=ORIENTED_EDGE('',*,*,#1526,.F.);
#2036=ORIENTED_EDGE('',*,*,#1527,.F.);
#2037=ORIENTED_EDGE('',*,*,#1528,.F.);
#2038=ORIENTED_EDGE('',*,*,#1529,.F.);
#2039=ORIENTED_EDGE('',*,*,#1530,.F.);
#2040=ORIENTED_EDGE('',*,*,#1531,.F.);
#2041=ORIENTED_EDGE('',*,*,#1532,.F.);
#2042=ORIENTED_EDGE('',*,*,#1533,.F.);
#2043=ORIENTED_EDGE('',*,*,#1534,.F.);
#2044=ORIENTED_EDGE('',*,*,#1535,.F.);
#2045=ORIENTED_EDGE('',*,*,#1536,.F.);
#2046=ORIENTED_EDGE('',*,*,#1537,.F.);
#2047=ORIENTED_EDGE('',*,*,#1538,.T.);
#2048=ORIENTED_EDGE('',*,*,#1539,.T.);
#2049=ORIENTED_EDGE('',*,*,#1489,.T.);
#2050=ORIENTED_EDGE('',*,*,#1540,.T.);
#2051=ORIENTED_EDGE('',*,*,#1540,.F.);
#2052=ORIENTED_EDGE('',*,*,#1488,.F.);
#2053=ORIENTED_EDGE('',*,*,#1541,.F.);
#2054=ORIENTED_EDGE('',*,*,#1542,.F.);
#2055=ORIENTED_EDGE('',*,*,#1543,.T.);
#2056=ORIENTED_EDGE('',*,*,#1541,.T.);
#2057=ORIENTED_EDGE('',*,*,#1487,.T.);
#2058=ORIENTED_EDGE('',*,*,#1544,.T.);
#2059=ORIENTED_EDGE('',*,*,#1544,.F.);
#2060=ORIENTED_EDGE('',*,*,#1486,.F.);
#2061=ORIENTED_EDGE('',*,*,#1545,.F.);
#2062=ORIENTED_EDGE('',*,*,#1546,.F.);
#2063=ORIENTED_EDGE('',*,*,#1547,.T.);
#2064=ORIENTED_EDGE('',*,*,#1545,.T.);
#2065=ORIENTED_EDGE('',*,*,#1485,.T.);
#2066=ORIENTED_EDGE('',*,*,#1548,.T.);
#2067=ORIENTED_EDGE('',*,*,#1535,.T.);
#2068=ORIENTED_EDGE('',*,*,#1549,.T.);
#2069=ORIENTED_EDGE('',*,*,#1550,.F.);
#2070=ORIENTED_EDGE('',*,*,#1551,.F.);
#2071=ORIENTED_EDGE('',*,*,#1536,.T.);
#2072=ORIENTED_EDGE('',*,*,#1551,.T.);
#2073=ORIENTED_EDGE('',*,*,#1552,.F.);
#2074=ORIENTED_EDGE('',*,*,#1553,.F.);
#2075=ORIENTED_EDGE('',*,*,#1537,.T.);
#2076=ORIENTED_EDGE('',*,*,#1553,.T.);
#2077=ORIENTED_EDGE('',*,*,#1554,.F.);
#2078=ORIENTED_EDGE('',*,*,#1555,.F.);
#2079=ORIENTED_EDGE('',*,*,#1534,.T.);
#2080=ORIENTED_EDGE('',*,*,#1555,.T.);
#2081=ORIENTED_EDGE('',*,*,#1556,.F.);
#2082=ORIENTED_EDGE('',*,*,#1549,.F.);
#2083=ORIENTED_EDGE('',*,*,#1527,.T.);
#2084=ORIENTED_EDGE('',*,*,#1557,.T.);
#2085=ORIENTED_EDGE('',*,*,#1558,.F.);
#2086=ORIENTED_EDGE('',*,*,#1559,.F.);
#2087=ORIENTED_EDGE('',*,*,#1528,.T.);
#2088=ORIENTED_EDGE('',*,*,#1559,.T.);
#2089=ORIENTED_EDGE('',*,*,#1560,.F.);
#2090=ORIENTED_EDGE('',*,*,#1561,.F.);
#2091=ORIENTED_EDGE('',*,*,#1529,.T.);
#2092=ORIENTED_EDGE('',*,*,#1561,.T.);
#2093=ORIENTED_EDGE('',*,*,#1562,.F.);
#2094=ORIENTED_EDGE('',*,*,#1563,.F.);
#2095=ORIENTED_EDGE('',*,*,#1530,.T.);
#2096=ORIENTED_EDGE('',*,*,#1563,.T.);
#2097=ORIENTED_EDGE('',*,*,#1564,.F.);
#2098=ORIENTED_EDGE('',*,*,#1565,.F.);
#2099=ORIENTED_EDGE('',*,*,#1531,.T.);
#2100=ORIENTED_EDGE('',*,*,#1565,.T.);
#2101=ORIENTED_EDGE('',*,*,#1566,.F.);
#2102=ORIENTED_EDGE('',*,*,#1567,.F.);
#2103=ORIENTED_EDGE('',*,*,#1532,.T.);
#2104=ORIENTED_EDGE('',*,*,#1567,.T.);
#2105=ORIENTED_EDGE('',*,*,#1568,.F.);
#2106=ORIENTED_EDGE('',*,*,#1569,.F.);
#2107=ORIENTED_EDGE('',*,*,#1533,.T.);
#2108=ORIENTED_EDGE('',*,*,#1569,.T.);
#2109=ORIENTED_EDGE('',*,*,#1570,.F.);
#2110=ORIENTED_EDGE('',*,*,#1571,.F.);
#2111=ORIENTED_EDGE('',*,*,#1526,.T.);
#2112=ORIENTED_EDGE('',*,*,#1571,.T.);
#2113=ORIENTED_EDGE('',*,*,#1572,.F.);
#2114=ORIENTED_EDGE('',*,*,#1557,.F.);
#2115=ORIENTED_EDGE('',*,*,#1519,.T.);
#2116=ORIENTED_EDGE('',*,*,#1573,.T.);
#2117=ORIENTED_EDGE('',*,*,#1574,.F.);
#2118=ORIENTED_EDGE('',*,*,#1575,.F.);
#2119=ORIENTED_EDGE('',*,*,#1520,.T.);
#2120=ORIENTED_EDGE('',*,*,#1575,.T.);
#2121=ORIENTED_EDGE('',*,*,#1576,.F.);
#2122=ORIENTED_EDGE('',*,*,#1577,.F.);
#2123=ORIENTED_EDGE('',*,*,#1521,.T.);
#2124=ORIENTED_EDGE('',*,*,#1577,.T.);
#2125=ORIENTED_EDGE('',*,*,#1578,.F.);
#2126=ORIENTED_EDGE('',*,*,#1579,.F.);
#2127=ORIENTED_EDGE('',*,*,#1522,.T.);
#2128=ORIENTED_EDGE('',*,*,#1579,.T.);
#2129=ORIENTED_EDGE('',*,*,#1580,.F.);
#2130=ORIENTED_EDGE('',*,*,#1581,.F.);
#2131=ORIENTED_EDGE('',*,*,#1523,.T.);
#2132=ORIENTED_EDGE('',*,*,#1581,.T.);
#2133=ORIENTED_EDGE('',*,*,#1582,.F.);
#2134=ORIENTED_EDGE('',*,*,#1583,.F.);
#2135=ORIENTED_EDGE('',*,*,#1524,.T.);
#2136=ORIENTED_EDGE('',*,*,#1583,.T.);
#2137=ORIENTED_EDGE('',*,*,#1584,.F.);
#2138=ORIENTED_EDGE('',*,*,#1585,.F.);
#2139=ORIENTED_EDGE('',*,*,#1525,.T.);
#2140=ORIENTED_EDGE('',*,*,#1585,.T.);
#2141=ORIENTED_EDGE('',*,*,#1586,.F.);
#2142=ORIENTED_EDGE('',*,*,#1587,.F.);
#2143=ORIENTED_EDGE('',*,*,#1518,.T.);
#2144=ORIENTED_EDGE('',*,*,#1587,.T.);
#2145=ORIENTED_EDGE('',*,*,#1588,.F.);
#2146=ORIENTED_EDGE('',*,*,#1573,.F.);
#2147=ORIENTED_EDGE('',*,*,#1515,.T.);
#2148=ORIENTED_EDGE('',*,*,#1589,.T.);
#2149=ORIENTED_EDGE('',*,*,#1590,.F.);
#2150=ORIENTED_EDGE('',*,*,#1591,.F.);
#2151=ORIENTED_EDGE('',*,*,#1516,.T.);
#2152=ORIENTED_EDGE('',*,*,#1591,.T.);
#2153=ORIENTED_EDGE('',*,*,#1592,.F.);
#2154=ORIENTED_EDGE('',*,*,#1593,.F.);
#2155=ORIENTED_EDGE('',*,*,#1517,.T.);
#2156=ORIENTED_EDGE('',*,*,#1593,.T.);
#2157=ORIENTED_EDGE('',*,*,#1594,.F.);
#2158=ORIENTED_EDGE('',*,*,#1595,.F.);
#2159=ORIENTED_EDGE('',*,*,#1514,.T.);
#2160=ORIENTED_EDGE('',*,*,#1595,.T.);
#2161=ORIENTED_EDGE('',*,*,#1596,.F.);
#2162=ORIENTED_EDGE('',*,*,#1589,.F.);
#2163=ORIENTED_EDGE('',*,*,#1513,.T.);
#2164=ORIENTED_EDGE('',*,*,#1597,.T.);
#2165=ORIENTED_EDGE('',*,*,#1598,.F.);
#2166=ORIENTED_EDGE('',*,*,#1597,.F.);
#2167=ORIENTED_EDGE('',*,*,#1506,.T.);
#2168=ORIENTED_EDGE('',*,*,#1599,.T.);
#2169=ORIENTED_EDGE('',*,*,#1600,.F.);
#2170=ORIENTED_EDGE('',*,*,#1601,.F.);
#2171=ORIENTED_EDGE('',*,*,#1507,.T.);
#2172=ORIENTED_EDGE('',*,*,#1601,.T.);
#2173=ORIENTED_EDGE('',*,*,#1602,.F.);
#2174=ORIENTED_EDGE('',*,*,#1603,.F.);
#2175=ORIENTED_EDGE('',*,*,#1508,.T.);
#2176=ORIENTED_EDGE('',*,*,#1603,.T.);
#2177=ORIENTED_EDGE('',*,*,#1604,.F.);
#2178=ORIENTED_EDGE('',*,*,#1605,.F.);
#2179=ORIENTED_EDGE('',*,*,#1509,.T.);
#2180=ORIENTED_EDGE('',*,*,#1605,.T.);
#2181=ORIENTED_EDGE('',*,*,#1606,.F.);
#2182=ORIENTED_EDGE('',*,*,#1607,.F.);
#2183=ORIENTED_EDGE('',*,*,#1510,.T.);
#2184=ORIENTED_EDGE('',*,*,#1607,.T.);
#2185=ORIENTED_EDGE('',*,*,#1608,.F.);
#2186=ORIENTED_EDGE('',*,*,#1609,.F.);
#2187=ORIENTED_EDGE('',*,*,#1511,.T.);
#2188=ORIENTED_EDGE('',*,*,#1609,.T.);
#2189=ORIENTED_EDGE('',*,*,#1610,.F.);
#2190=ORIENTED_EDGE('',*,*,#1611,.F.);
#2191=ORIENTED_EDGE('',*,*,#1512,.T.);
#2192=ORIENTED_EDGE('',*,*,#1611,.T.);
#2193=ORIENTED_EDGE('',*,*,#1612,.F.);
#2194=ORIENTED_EDGE('',*,*,#1613,.F.);
#2195=ORIENTED_EDGE('',*,*,#1505,.T.);
#2196=ORIENTED_EDGE('',*,*,#1613,.T.);
#2197=ORIENTED_EDGE('',*,*,#1614,.F.);
#2198=ORIENTED_EDGE('',*,*,#1599,.F.);
#2199=ORIENTED_EDGE('',*,*,#1504,.T.);
#2200=ORIENTED_EDGE('',*,*,#1615,.T.);
#2201=ORIENTED_EDGE('',*,*,#1616,.F.);
#2202=ORIENTED_EDGE('',*,*,#1615,.F.);
#2203=ORIENTED_EDGE('',*,*,#1503,.T.);
#2204=ORIENTED_EDGE('',*,*,#1617,.T.);
#2205=ORIENTED_EDGE('',*,*,#1618,.F.);
#2206=ORIENTED_EDGE('',*,*,#1617,.F.);
#2207=ORIENTED_EDGE('',*,*,#1502,.T.);
#2208=ORIENTED_EDGE('',*,*,#1619,.T.);
#2209=ORIENTED_EDGE('',*,*,#1620,.F.);
#2210=ORIENTED_EDGE('',*,*,#1619,.F.);
#2211=ORIENTED_EDGE('',*,*,#1495,.T.);
#2212=ORIENTED_EDGE('',*,*,#1621,.T.);
#2213=ORIENTED_EDGE('',*,*,#1622,.F.);
#2214=ORIENTED_EDGE('',*,*,#1623,.F.);
#2215=ORIENTED_EDGE('',*,*,#1496,.T.);
#2216=ORIENTED_EDGE('',*,*,#1623,.T.);
#2217=ORIENTED_EDGE('',*,*,#1624,.F.);
#2218=ORIENTED_EDGE('',*,*,#1625,.F.);
#2219=ORIENTED_EDGE('',*,*,#1497,.T.);
#2220=ORIENTED_EDGE('',*,*,#1625,.T.);
#2221=ORIENTED_EDGE('',*,*,#1626,.F.);
#2222=ORIENTED_EDGE('',*,*,#1627,.F.);
#2223=ORIENTED_EDGE('',*,*,#1498,.T.);
#2224=ORIENTED_EDGE('',*,*,#1627,.T.);
#2225=ORIENTED_EDGE('',*,*,#1628,.F.);
#2226=ORIENTED_EDGE('',*,*,#1629,.F.);
#2227=ORIENTED_EDGE('',*,*,#1499,.T.);
#2228=ORIENTED_EDGE('',*,*,#1629,.T.);
#2229=ORIENTED_EDGE('',*,*,#1630,.F.);
#2230=ORIENTED_EDGE('',*,*,#1631,.F.);
#2231=ORIENTED_EDGE('',*,*,#1500,.T.);
#2232=ORIENTED_EDGE('',*,*,#1631,.T.);
#2233=ORIENTED_EDGE('',*,*,#1632,.F.);
#2234=ORIENTED_EDGE('',*,*,#1633,.F.);
#2235=ORIENTED_EDGE('',*,*,#1501,.T.);
#2236=ORIENTED_EDGE('',*,*,#1633,.T.);
#2237=ORIENTED_EDGE('',*,*,#1634,.F.);
#2238=ORIENTED_EDGE('',*,*,#1635,.F.);
#2239=ORIENTED_EDGE('',*,*,#1494,.T.);
#2240=ORIENTED_EDGE('',*,*,#1635,.T.);
#2241=ORIENTED_EDGE('',*,*,#1636,.F.);
#2242=ORIENTED_EDGE('',*,*,#1621,.F.);
#2243=ORIENTED_EDGE('',*,*,#1491,.F.);
#2244=ORIENTED_EDGE('',*,*,#1637,.T.);
#2245=ORIENTED_EDGE('',*,*,#1638,.F.);
#2246=ORIENTED_EDGE('',*,*,#1639,.F.);
#2247=ORIENTED_EDGE('',*,*,#1492,.F.);
#2248=ORIENTED_EDGE('',*,*,#1639,.T.);
#2249=ORIENTED_EDGE('',*,*,#1640,.F.);
#2250=ORIENTED_EDGE('',*,*,#1641,.F.);
#2251=ORIENTED_EDGE('',*,*,#1493,.F.);
#2252=ORIENTED_EDGE('',*,*,#1641,.T.);
#2253=ORIENTED_EDGE('',*,*,#1642,.F.);
#2254=ORIENTED_EDGE('',*,*,#1482,.F.);
#2255=ORIENTED_EDGE('',*,*,#1478,.F.);
#2256=ORIENTED_EDGE('',*,*,#1643,.F.);
#2257=ORIENTED_EDGE('',*,*,#1548,.F.);
#2258=ORIENTED_EDGE('',*,*,#1484,.F.);
#2259=ORIENTED_EDGE('',*,*,#1539,.F.);
#2260=ORIENTED_EDGE('',*,*,#1644,.F.);
#2261=ORIENTED_EDGE('',*,*,#1637,.F.);
#2262=ORIENTED_EDGE('',*,*,#1490,.F.);
#2263=ORIENTED_EDGE('',*,*,#1477,.F.);
#2264=ORIENTED_EDGE('',*,*,#1483,.T.);
#2265=ORIENTED_EDGE('',*,*,#1642,.T.);
#2266=ORIENTED_EDGE('',*,*,#1640,.T.);
#2267=ORIENTED_EDGE('',*,*,#1638,.T.);
#2268=ORIENTED_EDGE('',*,*,#1644,.T.);
#2269=ORIENTED_EDGE('',*,*,#1538,.F.);
#2270=ORIENTED_EDGE('',*,*,#1542,.T.);
#2271=ORIENTED_EDGE('',*,*,#1543,.F.);
#2272=ORIENTED_EDGE('',*,*,#1546,.T.);
#2273=ORIENTED_EDGE('',*,*,#1547,.F.);
#2274=ORIENTED_EDGE('',*,*,#1643,.T.);
#2275=ORIENTED_EDGE('',*,*,#1636,.T.);
#2276=ORIENTED_EDGE('',*,*,#1634,.T.);
#2277=ORIENTED_EDGE('',*,*,#1632,.T.);
#2278=ORIENTED_EDGE('',*,*,#1630,.T.);
#2279=ORIENTED_EDGE('',*,*,#1628,.T.);
#2280=ORIENTED_EDGE('',*,*,#1626,.T.);
#2281=ORIENTED_EDGE('',*,*,#1624,.T.);
#2282=ORIENTED_EDGE('',*,*,#1622,.T.);
#2283=ORIENTED_EDGE('',*,*,#1620,.T.);
#2284=ORIENTED_EDGE('',*,*,#1618,.T.);
#2285=ORIENTED_EDGE('',*,*,#1616,.T.);
#2286=ORIENTED_EDGE('',*,*,#1614,.T.);
#2287=ORIENTED_EDGE('',*,*,#1612,.T.);
#2288=ORIENTED_EDGE('',*,*,#1610,.T.);
#2289=ORIENTED_EDGE('',*,*,#1608,.T.);
#2290=ORIENTED_EDGE('',*,*,#1606,.T.);
#2291=ORIENTED_EDGE('',*,*,#1604,.T.);
#2292=ORIENTED_EDGE('',*,*,#1602,.T.);
#2293=ORIENTED_EDGE('',*,*,#1600,.T.);
#2294=ORIENTED_EDGE('',*,*,#1598,.T.);
#2295=ORIENTED_EDGE('',*,*,#1596,.T.);
#2296=ORIENTED_EDGE('',*,*,#1594,.T.);
#2297=ORIENTED_EDGE('',*,*,#1592,.T.);
#2298=ORIENTED_EDGE('',*,*,#1590,.T.);
#2299=ORIENTED_EDGE('',*,*,#1588,.T.);
#2300=ORIENTED_EDGE('',*,*,#1586,.T.);
#2301=ORIENTED_EDGE('',*,*,#1584,.T.);
#2302=ORIENTED_EDGE('',*,*,#1582,.T.);
#2303=ORIENTED_EDGE('',*,*,#1580,.T.);
#2304=ORIENTED_EDGE('',*,*,#1578,.T.);
#2305=ORIENTED_EDGE('',*,*,#1576,.T.);
#2306=ORIENTED_EDGE('',*,*,#1574,.T.);
#2307=ORIENTED_EDGE('',*,*,#1572,.T.);
#2308=ORIENTED_EDGE('',*,*,#1570,.T.);
#2309=ORIENTED_EDGE('',*,*,#1568,.T.);
#2310=ORIENTED_EDGE('',*,*,#1566,.T.);
#2311=ORIENTED_EDGE('',*,*,#1564,.T.);
#2312=ORIENTED_EDGE('',*,*,#1562,.T.);
#2313=ORIENTED_EDGE('',*,*,#1560,.T.);
#2314=ORIENTED_EDGE('',*,*,#1558,.T.);
#2315=ORIENTED_EDGE('',*,*,#1556,.T.);
#2316=ORIENTED_EDGE('',*,*,#1554,.T.);
#2317=ORIENTED_EDGE('',*,*,#1552,.T.);
#2318=ORIENTED_EDGE('',*,*,#1550,.T.);
#2319=ORIENTED_EDGE('',*,*,#1645,.F.);
#2320=ORIENTED_EDGE('',*,*,#1646,.T.);
#2321=ORIENTED_EDGE('',*,*,#1647,.F.);
#2322=ORIENTED_EDGE('',*,*,#1648,.F.);
#2323=ORIENTED_EDGE('',*,*,#1649,.F.);
#2324=ORIENTED_EDGE('',*,*,#1650,.T.);
#2325=ORIENTED_EDGE('',*,*,#1651,.F.);
#2326=ORIENTED_EDGE('',*,*,#1652,.F.);
#2327=ORIENTED_EDGE('',*,*,#1653,.F.);
#2328=ORIENTED_EDGE('',*,*,#1654,.F.);
#2329=ORIENTED_EDGE('',*,*,#1655,.F.);
#2330=ORIENTED_EDGE('',*,*,#1650,.F.);
#2331=ORIENTED_EDGE('',*,*,#1654,.T.);
#2332=ORIENTED_EDGE('',*,*,#1656,.F.);
#2333=ORIENTED_EDGE('',*,*,#1657,.F.);
#2334=ORIENTED_EDGE('',*,*,#1658,.T.);
#2335=ORIENTED_EDGE('',*,*,#1659,.T.);
#2336=ORIENTED_EDGE('',*,*,#1660,.F.);
#2337=ORIENTED_EDGE('',*,*,#1647,.T.);
#2338=ORIENTED_EDGE('',*,*,#1661,.T.);
#2339=ORIENTED_EDGE('',*,*,#1662,.T.);
#2340=ORIENTED_EDGE('',*,*,#1663,.T.);
#2341=ORIENTED_EDGE('',*,*,#1664,.T.);
#2342=ORIENTED_EDGE('',*,*,#1665,.F.);
#2343=ORIENTED_EDGE('',*,*,#1653,.T.);
#2344=ORIENTED_EDGE('',*,*,#1649,.T.);
#2345=ORIENTED_EDGE('',*,*,#1666,.T.);
#2346=ORIENTED_EDGE('',*,*,#1667,.F.);
#2347=ORIENTED_EDGE('',*,*,#1668,.F.);
#2348=ORIENTED_EDGE('',*,*,#1663,.F.);
#2349=ORIENTED_EDGE('',*,*,#1666,.F.);
#2350=ORIENTED_EDGE('',*,*,#1652,.T.);
#2351=ORIENTED_EDGE('',*,*,#1669,.F.);
#2352=ORIENTED_EDGE('',*,*,#1670,.T.);
#2353=ORIENTED_EDGE('',*,*,#1671,.T.);
#2354=ORIENTED_EDGE('',*,*,#1672,.T.);
#2355=ORIENTED_EDGE('',*,*,#1673,.T.);
#2356=ORIENTED_EDGE('',*,*,#1673,.F.);
#2357=ORIENTED_EDGE('',*,*,#1674,.F.);
#2358=ORIENTED_EDGE('',*,*,#1675,.F.);
#2359=ORIENTED_EDGE('',*,*,#1676,.F.);
#2360=ORIENTED_EDGE('',*,*,#1664,.F.);
#2361=ORIENTED_EDGE('',*,*,#1668,.T.);
#2362=ORIENTED_EDGE('',*,*,#1677,.T.);
#2363=ORIENTED_EDGE('',*,*,#1678,.T.);
#2364=ORIENTED_EDGE('',*,*,#1679,.T.);
#2365=ORIENTED_EDGE('',*,*,#1645,.T.);
#2366=ORIENTED_EDGE('',*,*,#1680,.F.);
#2367=ORIENTED_EDGE('',*,*,#1672,.F.);
#2368=ORIENTED_EDGE('',*,*,#1681,.T.);
#2369=ORIENTED_EDGE('',*,*,#1682,.F.);
#2370=ORIENTED_EDGE('',*,*,#1683,.T.);
#2371=ORIENTED_EDGE('',*,*,#1684,.F.);
#2372=ORIENTED_EDGE('',*,*,#1685,.T.);
#2373=ORIENTED_EDGE('',*,*,#1686,.F.);
#2374=ORIENTED_EDGE('',*,*,#1674,.T.);
#2375=ORIENTED_EDGE('',*,*,#1687,.F.);
#2376=ORIENTED_EDGE('',*,*,#1688,.F.);
#2377=ORIENTED_EDGE('',*,*,#1689,.F.);
#2378=ORIENTED_EDGE('',*,*,#1690,.F.);
#2379=ORIENTED_EDGE('',*,*,#1691,.T.);
#2380=ORIENTED_EDGE('',*,*,#1692,.T.);
#2381=ORIENTED_EDGE('',*,*,#1682,.T.);
#2382=ORIENTED_EDGE('',*,*,#1693,.T.);
#2383=ORIENTED_EDGE('',*,*,#1692,.F.);
#2384=ORIENTED_EDGE('',*,*,#1694,.F.);
#2385=ORIENTED_EDGE('',*,*,#1695,.F.);
#2386=ORIENTED_EDGE('',*,*,#1683,.F.);
#2387=ORIENTED_EDGE('',*,*,#1665,.T.);
#2388=ORIENTED_EDGE('',*,*,#1676,.T.);
#2389=ORIENTED_EDGE('',*,*,#1696,.F.);
#2390=ORIENTED_EDGE('',*,*,#1697,.T.);
#2391=ORIENTED_EDGE('',*,*,#1698,.F.);
#2392=ORIENTED_EDGE('',*,*,#1694,.T.);
#2393=ORIENTED_EDGE('',*,*,#1691,.F.);
#2394=ORIENTED_EDGE('',*,*,#1699,.T.);
#2395=ORIENTED_EDGE('',*,*,#1670,.F.);
#2396=ORIENTED_EDGE('',*,*,#1680,.T.);
#2397=ORIENTED_EDGE('',*,*,#1648,.T.);
#2398=ORIENTED_EDGE('',*,*,#1660,.T.);
#2399=ORIENTED_EDGE('',*,*,#1700,.T.);
#2400=ORIENTED_EDGE('',*,*,#1701,.T.);
#2401=ORIENTED_EDGE('',*,*,#1702,.T.);
#2402=ORIENTED_EDGE('',*,*,#1656,.T.);
#2403=ORIENTED_EDGE('',*,*,#1703,.T.);
#2404=ORIENTED_EDGE('',*,*,#1704,.T.);
#2405=ORIENTED_EDGE('',*,*,#1705,.T.);
#2406=ORIENTED_EDGE('',*,*,#1706,.T.);
#2407=ORIENTED_EDGE('',*,*,#1698,.T.);
#2408=ORIENTED_EDGE('',*,*,#1707,.T.);
#2409=ORIENTED_EDGE('',*,*,#1684,.T.);
#2410=ORIENTED_EDGE('',*,*,#1695,.T.);
#2411=ORIENTED_EDGE('',*,*,#1707,.F.);
#2412=ORIENTED_EDGE('',*,*,#1697,.F.);
#2413=ORIENTED_EDGE('',*,*,#1708,.F.);
#2414=ORIENTED_EDGE('',*,*,#1685,.F.);
#2415=ORIENTED_EDGE('',*,*,#1696,.T.);
#2416=ORIENTED_EDGE('',*,*,#1675,.T.);
#2417=ORIENTED_EDGE('',*,*,#1686,.T.);
#2418=ORIENTED_EDGE('',*,*,#1708,.T.);
#2419=ORIENTED_EDGE('',*,*,#1662,.F.);
#2420=ORIENTED_EDGE('',*,*,#1709,.T.);
#2421=ORIENTED_EDGE('',*,*,#1678,.F.);
#2422=ORIENTED_EDGE('',*,*,#1677,.F.);
#2423=ORIENTED_EDGE('',*,*,#1667,.T.);
#2424=ORIENTED_EDGE('',*,*,#1669,.T.);
#2425=ORIENTED_EDGE('',*,*,#1651,.T.);
#2426=ORIENTED_EDGE('',*,*,#1655,.T.);
#2427=ORIENTED_EDGE('',*,*,#1661,.F.);
#2428=ORIENTED_EDGE('',*,*,#1646,.F.);
#2429=ORIENTED_EDGE('',*,*,#1679,.F.);
#2430=ORIENTED_EDGE('',*,*,#1709,.F.);
#2431=ORIENTED_EDGE('',*,*,#1710,.F.);
#2432=ORIENTED_EDGE('',*,*,#1711,.F.);
#2433=ORIENTED_EDGE('',*,*,#1658,.F.);
#2434=ORIENTED_EDGE('',*,*,#1712,.F.);
#2435=ORIENTED_EDGE('',*,*,#1711,.T.);
#2436=ORIENTED_EDGE('',*,*,#1713,.T.);
#2437=ORIENTED_EDGE('',*,*,#1700,.F.);
#2438=ORIENTED_EDGE('',*,*,#1659,.F.);
#2439=ORIENTED_EDGE('',*,*,#1710,.T.);
#2440=ORIENTED_EDGE('',*,*,#1714,.T.);
#2441=ORIENTED_EDGE('',*,*,#1701,.F.);
#2442=ORIENTED_EDGE('',*,*,#1713,.F.);
#2443=ORIENTED_EDGE('',*,*,#1712,.T.);
#2444=ORIENTED_EDGE('',*,*,#1657,.T.);
#2445=ORIENTED_EDGE('',*,*,#1702,.F.);
#2446=ORIENTED_EDGE('',*,*,#1714,.F.);
#2447=ORIENTED_EDGE('',*,*,#1706,.F.);
#2448=ORIENTED_EDGE('',*,*,#1715,.T.);
#2449=ORIENTED_EDGE('',*,*,#1689,.T.);
#2450=ORIENTED_EDGE('',*,*,#1715,.F.);
#2451=ORIENTED_EDGE('',*,*,#1705,.F.);
#2452=ORIENTED_EDGE('',*,*,#1716,.T.);
#2453=ORIENTED_EDGE('',*,*,#1688,.T.);
#2454=ORIENTED_EDGE('',*,*,#1716,.F.);
#2455=ORIENTED_EDGE('',*,*,#1704,.F.);
#2456=ORIENTED_EDGE('',*,*,#1717,.T.);
#2457=ORIENTED_EDGE('',*,*,#1690,.T.);
#2458=ORIENTED_EDGE('',*,*,#1717,.F.);
#2459=ORIENTED_EDGE('',*,*,#1703,.F.);
#2460=ORIENTED_EDGE('',*,*,#1718,.T.);
#2461=ORIENTED_EDGE('',*,*,#1687,.T.);
#2462=ORIENTED_EDGE('',*,*,#1718,.F.);
#2463=ORIENTED_EDGE('',*,*,#1671,.F.);
#2464=ORIENTED_EDGE('',*,*,#1699,.F.);
#2465=ORIENTED_EDGE('',*,*,#1693,.F.);
#2466=ORIENTED_EDGE('',*,*,#1681,.F.);
#2467=PLANE('',#2750);
#2468=PLANE('',#2751);
#2469=PLANE('',#2752);
#2470=PLANE('',#2753);
#2471=PLANE('',#2754);
#2472=PLANE('',#2755);
#2473=PLANE('',#2759);
#2474=PLANE('',#2760);
#2475=PLANE('',#2761);
#2476=PLANE('',#2762);
#2477=PLANE('',#2763);
#2478=PLANE('',#2764);
#2479=PLANE('',#2765);
#2480=PLANE('',#2766);
#2481=PLANE('',#2767);
#2482=PLANE('',#2768);
#2483=PLANE('',#2769);
#2484=PLANE('',#2770);
#2485=PLANE('',#2771);
#2486=PLANE('',#2772);
#2487=PLANE('',#2773);
#2488=PLANE('',#2774);
#2489=PLANE('',#2775);
#2490=PLANE('',#2776);
#2491=PLANE('',#2777);
#2492=PLANE('',#2778);
#2493=PLANE('',#2779);
#2494=PLANE('',#2780);
#2495=PLANE('',#2781);
#2496=PLANE('',#2782);
#2497=PLANE('',#2783);
#2498=PLANE('',#2784);
#2499=PLANE('',#2785);
#2500=PLANE('',#2786);
#2501=PLANE('',#2787);
#2502=PLANE('',#2788);
#2503=PLANE('',#2789);
#2504=PLANE('',#2790);
#2505=PLANE('',#2791);
#2506=PLANE('',#2792);
#2507=PLANE('',#2793);
#2508=PLANE('',#2794);
#2509=PLANE('',#2795);
#2510=PLANE('',#2796);
#2511=PLANE('',#2797);
#2512=PLANE('',#2798);
#2513=PLANE('',#2799);
#2514=PLANE('',#2800);
#2515=PLANE('',#2801);
#2516=PLANE('',#2802);
#2517=PLANE('',#2803);
#2518=PLANE('',#2804);
#2519=PLANE('',#2805);
#2520=PLANE('',#2806);
#2521=PLANE('',#2810);
#2522=PLANE('',#2811);
#2523=PLANE('',#2837);
#2524=PLANE('',#2840);
#2525=PLANE('',#2843);
#2526=PLANE('',#2844);
#2527=PLANE('',#2845);
#2528=PLANE('',#2846);
#2529=PLANE('',#2847);
#2530=PLANE('',#2850);
#2531=PLANE('',#2853);
#2532=PLANE('',#2856);
#2533=PLANE('',#2859);
#2534=PLANE('',#2862);
#2535=PLANE('',#2865);
#2536=PLANE('',#2868);
#2537=PLANE('',#2871);
#2538=PLANE('',#2872);
#2539=PLANE('',#2873);
#2540=PLANE('',#2874);
#2541=PLANE('',#2877);
#2542=PLANE('',#2880);
#2543=PLANE('',#2883);
#2544=PLANE('',#2886);
#2545=PLANE('',#2895);
#2546=PLANE('',#2898);
#2547=PLANE('',#2901);
#2548=PLANE('',#2904);
#2549=PLANE('',#2907);
#2550=PLANE('',#2908);
#2551=PLANE('',#2909);
#2552=PLANE('',#2910);
#2553=PLANE('',#2911);
#2554=PLANE('',#2912);
#2555=PLANE('',#2914);
#2556=PLANE('',#2915);
#2557=PLANE('',#2916);
#2558=PLANE('',#2917);
#2559=PLANE('',#2918);
#2560=PLANE('',#2919);
#2561=PLANE('',#2923);
#2562=PLANE('',#2924);
#2563=PLANE('',#2934);
#2564=PLANE('',#2935);
#2565=PLANE('',#2943);
#2566=PLANE('',#2945);
#2567=PLANE('',#2946);
#2568=PLANE('',#2947);
#2569=PLANE('',#2948);
#2570=PLANE('',#2949);
#2571=PLANE('',#2950);
#2572=PLANE('',#2955);
#2573=ADVANCED_FACE('',(#169),#2467,.T.);
#2574=ADVANCED_FACE('',(#170),#2468,.T.);
#2575=ADVANCED_FACE('',(#171),#2469,.T.);
#2576=ADVANCED_FACE('',(#172),#2470,.T.);
#2577=ADVANCED_FACE('',(#173),#2471,.T.);
#2578=ADVANCED_FACE('',(#174),#2472,.F.);
#2579=ADVANCED_FACE('',(#175),#2473,.F.);
#2580=ADVANCED_FACE('',(#176),#2474,.F.);
#2581=ADVANCED_FACE('',(#177),#2475,.F.);
#2582=ADVANCED_FACE('',(#178),#2476,.F.);
#2583=ADVANCED_FACE('',(#179),#2477,.F.);
#2584=ADVANCED_FACE('',(#180),#2478,.F.);
#2585=ADVANCED_FACE('',(#181),#2479,.F.);
#2586=ADVANCED_FACE('',(#182),#2480,.F.);
#2587=ADVANCED_FACE('',(#183),#2481,.F.);
#2588=ADVANCED_FACE('',(#184),#2482,.F.);
#2589=ADVANCED_FACE('',(#185),#2483,.F.);
#2590=ADVANCED_FACE('',(#186),#2484,.F.);
#2591=ADVANCED_FACE('',(#187),#2485,.F.);
#2592=ADVANCED_FACE('',(#188),#2486,.F.);
#2593=ADVANCED_FACE('',(#189),#2487,.F.);
#2594=ADVANCED_FACE('',(#190),#2488,.F.);
#2595=ADVANCED_FACE('',(#191),#2489,.F.);
#2596=ADVANCED_FACE('',(#192),#2490,.F.);
#2597=ADVANCED_FACE('',(#193),#2491,.F.);
#2598=ADVANCED_FACE('',(#194),#2492,.F.);
#2599=ADVANCED_FACE('',(#195),#2493,.F.);
#2600=ADVANCED_FACE('',(#196),#2494,.F.);
#2601=ADVANCED_FACE('',(#197),#2495,.F.);
#2602=ADVANCED_FACE('',(#198),#2496,.F.);
#2603=ADVANCED_FACE('',(#199),#2497,.F.);
#2604=ADVANCED_FACE('',(#200),#2498,.F.);
#2605=ADVANCED_FACE('',(#201),#2499,.F.);
#2606=ADVANCED_FACE('',(#202),#2500,.F.);
#2607=ADVANCED_FACE('',(#203),#2501,.F.);
#2608=ADVANCED_FACE('',(#204),#2502,.F.);
#2609=ADVANCED_FACE('',(#205),#2503,.F.);
#2610=ADVANCED_FACE('',(#206),#2504,.F.);
#2611=ADVANCED_FACE('',(#207),#2505,.F.);
#2612=ADVANCED_FACE('',(#208),#2506,.F.);
#2613=ADVANCED_FACE('',(#209),#2507,.F.);
#2614=ADVANCED_FACE('',(#210),#2508,.F.);
#2615=ADVANCED_FACE('',(#211),#2509,.F.);
#2616=ADVANCED_FACE('',(#212),#2510,.F.);
#2617=ADVANCED_FACE('',(#213),#2511,.F.);
#2618=ADVANCED_FACE('',(#214),#2512,.F.);
#2619=ADVANCED_FACE('',(#215),#2513,.F.);
#2620=ADVANCED_FACE('',(#216),#2514,.F.);
#2621=ADVANCED_FACE('',(#217),#2515,.F.);
#2622=ADVANCED_FACE('',(#218),#2516,.F.);
#2623=ADVANCED_FACE('',(#219),#2517,.F.);
#2624=ADVANCED_FACE('',(#220),#2518,.F.);
#2625=ADVANCED_FACE('',(#221),#2519,.F.);
#2626=ADVANCED_FACE('',(#222),#2520,.F.);
#2627=ADVANCED_FACE('',(#223),#125,.T.);
#2628=ADVANCED_FACE('',(#224),#2521,.T.);
#2629=ADVANCED_FACE('',(#225,#27,#28,#29,#30,#31,#32,#33,#34,#35,#36,#37,
#38,#39,#40,#41,#42),#2522,.F.);
#2630=ADVANCED_FACE('',(#226),#126,.T.);
#2631=ADVANCED_FACE('',(#227),#2523,.T.);
#2632=ADVANCED_FACE('',(#228),#127,.T.);
#2633=ADVANCED_FACE('',(#229),#2524,.T.);
#2634=ADVANCED_FACE('',(#230),#128,.T.);
#2635=ADVANCED_FACE('',(#231),#2525,.T.);
#2636=ADVANCED_FACE('',(#232),#2526,.T.);
#2637=ADVANCED_FACE('',(#233),#2527,.T.);
#2638=ADVANCED_FACE('',(#234),#2528,.T.);
#2639=ADVANCED_FACE('',(#235),#2529,.T.);
#2640=ADVANCED_FACE('',(#236),#129,.F.);
#2641=ADVANCED_FACE('',(#237),#2530,.T.);
#2642=ADVANCED_FACE('',(#238),#130,.F.);
#2643=ADVANCED_FACE('',(#239),#2531,.T.);
#2644=ADVANCED_FACE('',(#240),#131,.F.);
#2645=ADVANCED_FACE('',(#241),#2532,.T.);
#2646=ADVANCED_FACE('',(#242),#132,.F.);
#2647=ADVANCED_FACE('',(#243),#2533,.T.);
#2648=ADVANCED_FACE('',(#244),#133,.F.);
#2649=ADVANCED_FACE('',(#245),#2534,.T.);
#2650=ADVANCED_FACE('',(#246),#134,.F.);
#2651=ADVANCED_FACE('',(#247),#2535,.T.);
#2652=ADVANCED_FACE('',(#248),#135,.F.);
#2653=ADVANCED_FACE('',(#249),#2536,.T.);
#2654=ADVANCED_FACE('',(#250),#136,.F.);
#2655=ADVANCED_FACE('',(#251),#2537,.T.);
#2656=ADVANCED_FACE('',(#252),#2538,.T.);
#2657=ADVANCED_FACE('',(#253),#2539,.T.);
#2658=ADVANCED_FACE('',(#254),#2540,.T.);
#2659=ADVANCED_FACE('',(#255),#137,.F.);
#2660=ADVANCED_FACE('',(#256),#2541,.T.);
#2661=ADVANCED_FACE('',(#257),#138,.F.);
#2662=ADVANCED_FACE('',(#258),#2542,.T.);
#2663=ADVANCED_FACE('',(#259),#139,.F.);
#2664=ADVANCED_FACE('',(#260),#2543,.T.);
#2665=ADVANCED_FACE('',(#261),#140,.F.);
#2666=ADVANCED_FACE('',(#262),#2544,.T.);
#2667=ADVANCED_FACE('',(#263),#141,.F.);
#2668=ADVANCED_FACE('',(#264),#142,.F.);
#2669=ADVANCED_FACE('',(#265),#143,.F.);
#2670=ADVANCED_FACE('',(#266),#144,.F.);
#2671=ADVANCED_FACE('',(#267),#2545,.T.);
#2672=ADVANCED_FACE('',(#268),#145,.F.);
#2673=ADVANCED_FACE('',(#269),#2546,.T.);
#2674=ADVANCED_FACE('',(#270),#146,.F.);
#2675=ADVANCED_FACE('',(#271),#2547,.T.);
#2676=ADVANCED_FACE('',(#272),#147,.F.);
#2677=ADVANCED_FACE('',(#273),#2548,.T.);
#2678=ADVANCED_FACE('',(#274),#148,.F.);
#2679=ADVANCED_FACE('',(#275),#2549,.T.);
#2680=ADVANCED_FACE('',(#276),#2550,.T.);
#2681=ADVANCED_FACE('',(#277),#2551,.T.);
#2682=ADVANCED_FACE('',(#278),#2552,.T.);
#2683=ADVANCED_FACE('',(#279),#2553,.T.);
#2684=ADVANCED_FACE('',(#280,#43,#44,#45,#46,#47,#48,#49,#50,#51,#52),#2554,
 .T.);
#2685=ADVANCED_FACE('',(#281),#2555,.F.);
#2686=ADVANCED_FACE('',(#282),#2556,.T.);
#2687=ADVANCED_FACE('',(#283),#2557,.T.);
#2688=ADVANCED_FACE('',(#284),#2558,.T.);
#2689=ADVANCED_FACE('',(#285),#2559,.T.);
#2690=ADVANCED_FACE('',(#286),#2560,.T.);
#2691=ADVANCED_FACE('',(#287),#149,.T.);
#2692=ADVANCED_FACE('',(#288),#2561,.T.);
#2693=ADVANCED_FACE('',(#289,#53,#54,#55,#56),#2562,.F.);
#2694=ADVANCED_FACE('',(#290),#150,.T.);
#2695=ADVANCED_FACE('',(#291),#2563,.T.);
#2696=ADVANCED_FACE('',(#292,#57,#58,#59,#60),#2564,.T.);
#2697=ADVANCED_FACE('',(#293),#151,.T.);
#2698=ADVANCED_FACE('',(#294),#2565,.T.);
#2699=ADVANCED_FACE('',(#295),#152,.T.);
#2700=ADVANCED_FACE('',(#296),#2566,.F.);
#2701=ADVANCED_FACE('',(#297),#2567,.F.);
#2702=ADVANCED_FACE('',(#298),#2568,.T.);
#2703=ADVANCED_FACE('',(#299),#2569,.T.);
#2704=ADVANCED_FACE('',(#300),#2570,.T.);
#2705=ADVANCED_FACE('',(#301),#2571,.T.);
#2706=ADVANCED_FACE('',(#302),#153,.F.);
#2707=ADVANCED_FACE('',(#303),#154,.F.);
#2708=ADVANCED_FACE('',(#304),#155,.F.);
#2709=ADVANCED_FACE('',(#305),#156,.F.);
#2710=ADVANCED_FACE('',(#306),#2572,.T.);
#2711=CLOSED_SHELL('',(#2573,#2574,#2575,#2576,#2577,#2578));
#2712=CLOSED_SHELL('',(#2579,#2580,#2581,#2582,#2583,#2584,#2585,#2586,
#2587,#2588,#2589,#2590,#2591,#2592,#2593,#2594,#2595,#2596,#2597,#2598,
#2599,#2600,#2601,#2602,#2603,#2604,#2605,#2606,#2607,#2608,#2609,#2610,
#2611,#2612,#2613,#2614,#2615,#2616,#2617,#2618,#2619,#2620,#2621,#2622,
#2623,#2624,#2625,#2626,#2627,#2628,#2629,#2630,#2631,#2632,#2633,#2634,
#2635,#2636,#2637,#2638,#2639,#2640,#2641,#2642,#2643,#2644,#2645,#2646,
#2647,#2648,#2649,#2650,#2651,#2652,#2653,#2654,#2655,#2656,#2657,#2658,
#2659,#2660,#2661,#2662,#2663,#2664,#2665,#2666,#2667,#2668,#2669,#2670,
#2671,#2672,#2673,#2674,#2675,#2676,#2677,#2678,#2679,#2680,#2681,#2682,
#2683,#2684));
#2713=CLOSED_SHELL('',(#2685,#2686,#2687,#2688,#2689,#2690,#2691,#2692,
#2693,#2694,#2695,#2696,#2697,#2698,#2699,#2700,#2701,#2702,#2703,#2704,
#2705,#2706,#2707,#2708,#2709,#2710));
#2714=DERIVED_UNIT_ELEMENT(#2720,1.);
#2715=DERIVED_UNIT_ELEMENT(#4471,-3.);
#2716=DERIVED_UNIT_ELEMENT(#2720,1.);
#2717=DERIVED_UNIT_ELEMENT(#4471,-3.);
#2718=DERIVED_UNIT_ELEMENT(#2720,1.);
#2719=DERIVED_UNIT_ELEMENT(#4471,-3.);
#2720=(
MASS_UNIT()
NAMED_UNIT(*)
SI_UNIT(.KILO.,.GRAM.)
);
#2721=DERIVED_UNIT((#2714,#2715));
#2722=DERIVED_UNIT((#2716,#2717));
#2723=DERIVED_UNIT((#2718,#2719));
#2724=MEASURE_REPRESENTATION_ITEM('density measure',
POSITIVE_RATIO_MEASURE(7850.),#2721);
#2725=MEASURE_REPRESENTATION_ITEM('density measure',
POSITIVE_RATIO_MEASURE(7850.),#2722);
#2726=MEASURE_REPRESENTATION_ITEM('density measure',
POSITIVE_RATIO_MEASURE(7850.),#2723);
#2727=PROPERTY_DEFINITION_REPRESENTATION(#2742,#2733);
#2728=PROPERTY_DEFINITION_REPRESENTATION(#2743,#2734);
#2729=PROPERTY_DEFINITION_REPRESENTATION(#2744,#2735);
#2730=PROPERTY_DEFINITION_REPRESENTATION(#2745,#2736);
#2731=PROPERTY_DEFINITION_REPRESENTATION(#2746,#2737);
#2732=PROPERTY_DEFINITION_REPRESENTATION(#2747,#2738);
#2733=REPRESENTATION('material name',(#2739),#4465);
#2734=REPRESENTATION('density',(#2724),#4465);
#2735=REPRESENTATION('material name',(#2740),#4466);
#2736=REPRESENTATION('density',(#2725),#4466);
#2737=REPRESENTATION('material name',(#2741),#4468);
#2738=REPRESENTATION('density',(#2726),#4468);
#2739=DESCRIPTIVE_REPRESENTATION_ITEM('Steel','Steel');
#2740=DESCRIPTIVE_REPRESENTATION_ITEM('Steel','Steel');
#2741=DESCRIPTIVE_REPRESENTATION_ITEM('Steel','Steel');
#2742=PROPERTY_DEFINITION('material property','material name',#4495);
#2743=PROPERTY_DEFINITION('material property','density of part',#4495);
#2744=PROPERTY_DEFINITION('material property','material name',#4496);
#2745=PROPERTY_DEFINITION('material property','density of part',#4496);
#2746=PROPERTY_DEFINITION('material property','material name',#4498);
#2747=PROPERTY_DEFINITION('material property','density of part',#4498);
#2748=AXIS2_PLACEMENT_3D('',#3691,#2959,#2960);
#2749=AXIS2_PLACEMENT_3D('',#3692,#2961,#2962);
#2750=AXIS2_PLACEMENT_3D('',#3693,#2963,#2964);
#2751=AXIS2_PLACEMENT_3D('',#3702,#2969,#2970);
#2752=AXIS2_PLACEMENT_3D('',#3708,#2974,#2975);
#2753=AXIS2_PLACEMENT_3D('',#3714,#2979,#2980);
#2754=AXIS2_PLACEMENT_3D('',#3717,#2983,#2984);
#2755=AXIS2_PLACEMENT_3D('',#3718,#2985,#2986);
#2756=AXIS2_PLACEMENT_3D('',#3719,#2987,#2988);
#2757=AXIS2_PLACEMENT_3D('',#3720,#2989,#2990);
#2758=AXIS2_PLACEMENT_3D('',#3721,#2991,#2992);
#2759=AXIS2_PLACEMENT_3D('',#3722,#2993,#2994);
#2760=AXIS2_PLACEMENT_3D('',#3731,#2999,#3000);
#2761=AXIS2_PLACEMENT_3D('',#3737,#3004,#3005);
#2762=AXIS2_PLACEMENT_3D('',#3743,#3009,#3010);
#2763=AXIS2_PLACEMENT_3D('',#3746,#3013,#3014);
#2764=AXIS2_PLACEMENT_3D('',#3747,#3015,#3016);
#2765=AXIS2_PLACEMENT_3D('',#3756,#3021,#3022);
#2766=AXIS2_PLACEMENT_3D('',#3762,#3026,#3027);
#2767=AXIS2_PLACEMENT_3D('',#3768,#3031,#3032);
#2768=AXIS2_PLACEMENT_3D('',#3773,#3037,#3038);
#2769=AXIS2_PLACEMENT_3D('',#3774,#3039,#3040);
#2770=AXIS2_PLACEMENT_3D('',#3783,#3045,#3046);
#2771=AXIS2_PLACEMENT_3D('',#3789,#3050,#3051);
#2772=AXIS2_PLACEMENT_3D('',#3792,#3054,#3055);
#2773=AXIS2_PLACEMENT_3D('',#3795,#3058,#3059);
#2774=AXIS2_PLACEMENT_3D('',#3796,#3060,#3061);
#2775=AXIS2_PLACEMENT_3D('',#3805,#3066,#3067);
#2776=AXIS2_PLACEMENT_3D('',#3811,#3071,#3072);
#2777=AXIS2_PLACEMENT_3D('',#3814,#3075,#3076);
#2778=AXIS2_PLACEMENT_3D('',#3817,#3079,#3080);
#2779=AXIS2_PLACEMENT_3D('',#3818,#3081,#3082);
#2780=AXIS2_PLACEMENT_3D('',#3827,#3087,#3088);
#2781=AXIS2_PLACEMENT_3D('',#3833,#3092,#3093);
#2782=AXIS2_PLACEMENT_3D('',#3839,#3097,#3098);
#2783=AXIS2_PLACEMENT_3D('',#3842,#3101,#3102);
#2784=AXIS2_PLACEMENT_3D('',#3843,#3103,#3104);
#2785=AXIS2_PLACEMENT_3D('',#3852,#3109,#3110);
#2786=AXIS2_PLACEMENT_3D('',#3858,#3114,#3115);
#2787=AXIS2_PLACEMENT_3D('',#3864,#3119,#3120);
#2788=AXIS2_PLACEMENT_3D('',#3867,#3123,#3124);
#2789=AXIS2_PLACEMENT_3D('',#3868,#3125,#3126);
#2790=AXIS2_PLACEMENT_3D('',#3877,#3131,#3132);
#2791=AXIS2_PLACEMENT_3D('',#3883,#3136,#3137);
#2792=AXIS2_PLACEMENT_3D('',#3889,#3141,#3142);
#2793=AXIS2_PLACEMENT_3D('',#3892,#3145,#3146);
#2794=AXIS2_PLACEMENT_3D('',#3893,#3147,#3148);
#2795=AXIS2_PLACEMENT_3D('',#3902,#3153,#3154);
#2796=AXIS2_PLACEMENT_3D('',#3908,#3158,#3159);
#2797=AXIS2_PLACEMENT_3D('',#3914,#3163,#3164);
#2798=AXIS2_PLACEMENT_3D('',#3920,#3168,#3169);
#2799=AXIS2_PLACEMENT_3D('',#3926,#3173,#3174);
#2800=AXIS2_PLACEMENT_3D('',#3932,#3178,#3179);
#2801=AXIS2_PLACEMENT_3D('',#3938,#3183,#3184);
#2802=AXIS2_PLACEMENT_3D('',#3944,#3188,#3189);
#2803=AXIS2_PLACEMENT_3D('',#3950,#3193,#3194);
#2804=AXIS2_PLACEMENT_3D('',#3956,#3198,#3199);
#2805=AXIS2_PLACEMENT_3D('',#3962,#3203,#3204);
#2806=AXIS2_PLACEMENT_3D('',#3965,#3207,#3208);
#2807=AXIS2_PLACEMENT_3D('',#3966,#3209,#3210);
#2808=AXIS2_PLACEMENT_3D('',#3969,#3211,#3212);
#2809=AXIS2_PLACEMENT_3D('',#3973,#3214,#3215);
#2810=AXIS2_PLACEMENT_3D('',#3975,#3217,#3218);
#2811=AXIS2_PLACEMENT_3D('',#3981,#3222,#3223);
#2812=AXIS2_PLACEMENT_3D('',#3985,#3225,#3226);
#2813=AXIS2_PLACEMENT_3D('',#3989,#3228,#3229);
#2814=AXIS2_PLACEMENT_3D('',#3993,#3231,#3232);
#2815=AXIS2_PLACEMENT_3D('',#4003,#3237,#3238);
#2816=AXIS2_PLACEMENT_3D('',#4007,#3240,#3241);
#2817=AXIS2_PLACEMENT_3D('',#4011,#3243,#3244);
#2818=AXIS2_PLACEMENT_3D('',#4015,#3246,#3247);
#2819=AXIS2_PLACEMENT_3D('',#4018,#3249,#3250);
#2820=AXIS2_PLACEMENT_3D('',#4020,#3251,#3252);
#2821=AXIS2_PLACEMENT_3D('',#4022,#3253,#3254);
#2822=AXIS2_PLACEMENT_3D('',#4025,#3255,#3256);
#2823=AXIS2_PLACEMENT_3D('',#4029,#3258,#3259);
#2824=AXIS2_PLACEMENT_3D('',#4033,#3261,#3262);
#2825=AXIS2_PLACEMENT_3D('',#4037,#3264,#3265);
#2826=AXIS2_PLACEMENT_3D('',#4040,#3267,#3268);
#2827=AXIS2_PLACEMENT_3D('',#4051,#3273,#3274);
#2828=AXIS2_PLACEMENT_3D('',#4055,#3276,#3277);
#2829=AXIS2_PLACEMENT_3D('',#4059,#3279,#3280);
#2830=AXIS2_PLACEMENT_3D('',#4063,#3282,#3283);
#2831=AXIS2_PLACEMENT_3D('',#4067,#3285,#3286);
#2832=AXIS2_PLACEMENT_3D('',#4071,#3288,#3289);
#2833=AXIS2_PLACEMENT_3D('',#4075,#3291,#3292);
#2834=AXIS2_PLACEMENT_3D('',#4079,#3294,#3295);
#2835=AXIS2_PLACEMENT_3D('',#4089,#3301,#3302);
#2836=AXIS2_PLACEMENT_3D('',#4092,#3303,#3304);
#2837=AXIS2_PLACEMENT_3D('',#4095,#3307,#3308);
#2838=AXIS2_PLACEMENT_3D('',#4099,#3311,#3312);
#2839=AXIS2_PLACEMENT_3D('',#4101,#3313,#3314);
#2840=AXIS2_PLACEMENT_3D('',#4103,#3316,#3317);
#2841=AXIS2_PLACEMENT_3D('',#4107,#3320,#3321);
#2842=AXIS2_PLACEMENT_3D('',#4109,#3322,#3323);
#2843=AXIS2_PLACEMENT_3D('',#4111,#3325,#3326);
#2844=AXIS2_PLACEMENT_3D('',#4117,#3330,#3331);
#2845=AXIS2_PLACEMENT_3D('',#4121,#3334,#3335);
#2846=AXIS2_PLACEMENT_3D('',#4125,#3338,#3339);
#2847=AXIS2_PLACEMENT_3D('',#4127,#3341,#3342);
#2848=AXIS2_PLACEMENT_3D('',#4133,#3346,#3347);
#2849=AXIS2_PLACEMENT_3D('',#4135,#3348,#3349);
#2850=AXIS2_PLACEMENT_3D('',#4137,#3351,#3352);
#2851=AXIS2_PLACEMENT_3D('',#4141,#3355,#3356);
#2852=AXIS2_PLACEMENT_3D('',#4143,#3357,#3358);
#2853=AXIS2_PLACEMENT_3D('',#4145,#3360,#3361);
#2854=AXIS2_PLACEMENT_3D('',#4149,#3364,#3365);
#2855=AXIS2_PLACEMENT_3D('',#4151,#3366,#3367);
#2856=AXIS2_PLACEMENT_3D('',#4153,#3369,#3370);
#2857=AXIS2_PLACEMENT_3D('',#4157,#3373,#3374);
#2858=AXIS2_PLACEMENT_3D('',#4158,#3375,#3376);
#2859=AXIS2_PLACEMENT_3D('',#4159,#3377,#3378);
#2860=AXIS2_PLACEMENT_3D('',#4165,#3382,#3383);
#2861=AXIS2_PLACEMENT_3D('',#4167,#3384,#3385);
#2862=AXIS2_PLACEMENT_3D('',#4169,#3387,#3388);
#2863=AXIS2_PLACEMENT_3D('',#4173,#3391,#3392);
#2864=AXIS2_PLACEMENT_3D('',#4175,#3393,#3394);
#2865=AXIS2_PLACEMENT_3D('',#4177,#3396,#3397);
#2866=AXIS2_PLACEMENT_3D('',#4181,#3400,#3401);
#2867=AXIS2_PLACEMENT_3D('',#4183,#3402,#3403);
#2868=AXIS2_PLACEMENT_3D('',#4185,#3405,#3406);
#2869=AXIS2_PLACEMENT_3D('',#4189,#3409,#3410);
#2870=AXIS2_PLACEMENT_3D('',#4190,#3411,#3412);
#2871=AXIS2_PLACEMENT_3D('',#4191,#3413,#3414);
#2872=AXIS2_PLACEMENT_3D('',#4197,#3418,#3419);
#2873=AXIS2_PLACEMENT_3D('',#4201,#3422,#3423);
#2874=AXIS2_PLACEMENT_3D('',#4205,#3426,#3427);
#2875=AXIS2_PLACEMENT_3D('',#4207,#3429,#3430);
#2876=AXIS2_PLACEMENT_3D('',#4210,#3432,#3433);
#2877=AXIS2_PLACEMENT_3D('',#4211,#3434,#3435);
#2878=AXIS2_PLACEMENT_3D('',#4217,#3439,#3440);
#2879=AXIS2_PLACEMENT_3D('',#4219,#3441,#3442);
#2880=AXIS2_PLACEMENT_3D('',#4221,#3444,#3445);
#2881=AXIS2_PLACEMENT_3D('',#4225,#3448,#3449);
#2882=AXIS2_PLACEMENT_3D('',#4227,#3450,#3451);
#2883=AXIS2_PLACEMENT_3D('',#4229,#3453,#3454);
#2884=AXIS2_PLACEMENT_3D('',#4233,#3457,#3458);
#2885=AXIS2_PLACEMENT_3D('',#4235,#3459,#3460);
#2886=AXIS2_PLACEMENT_3D('',#4237,#3462,#3463);
#2887=AXIS2_PLACEMENT_3D('',#4241,#3466,#3467);
#2888=AXIS2_PLACEMENT_3D('',#4242,#3468,#3469);
#2889=AXIS2_PLACEMENT_3D('',#4243,#3470,#3471);
#2890=AXIS2_PLACEMENT_3D('',#4246,#3473,#3474);
#2891=AXIS2_PLACEMENT_3D('',#4247,#3475,#3476);
#2892=AXIS2_PLACEMENT_3D('',#4250,#3478,#3479);
#2893=AXIS2_PLACEMENT_3D('',#4251,#3480,#3481);
#2894=AXIS2_PLACEMENT_3D('',#4254,#3483,#3484);
#2895=AXIS2_PLACEMENT_3D('',#4255,#3485,#3486);
#2896=AXIS2_PLACEMENT_3D('',#4261,#3490,#3491);
#2897=AXIS2_PLACEMENT_3D('',#4263,#3492,#3493);
#2898=AXIS2_PLACEMENT_3D('',#4265,#3495,#3496);
#2899=AXIS2_PLACEMENT_3D('',#4269,#3499,#3500);
#2900=AXIS2_PLACEMENT_3D('',#4271,#3501,#3502);
#2901=AXIS2_PLACEMENT_3D('',#4273,#3504,#3505);
#2902=AXIS2_PLACEMENT_3D('',#4277,#3508,#3509);
#2903=AXIS2_PLACEMENT_3D('',#4279,#3510,#3511);
#2904=AXIS2_PLACEMENT_3D('',#4281,#3513,#3514);
#2905=AXIS2_PLACEMENT_3D('',#4285,#3517,#3518);
#2906=AXIS2_PLACEMENT_3D('',#4286,#3519,#3520);
#2907=AXIS2_PLACEMENT_3D('',#4287,#3521,#3522);
#2908=AXIS2_PLACEMENT_3D('',#4293,#3526,#3527);
#2909=AXIS2_PLACEMENT_3D('',#4297,#3530,#3531);
#2910=AXIS2_PLACEMENT_3D('',#4299,#3533,#3534);
#2911=AXIS2_PLACEMENT_3D('',#4301,#3536,#3537);
#2912=AXIS2_PLACEMENT_3D('',#4303,#3539,#3540);
#2913=AXIS2_PLACEMENT_3D('',#4304,#3541,#3542);
#2914=AXIS2_PLACEMENT_3D('',#4305,#3543,#3544);
#2915=AXIS2_PLACEMENT_3D('',#4314,#3549,#3550);
#2916=AXIS2_PLACEMENT_3D('',#4323,#3555,#3556);
#2917=AXIS2_PLACEMENT_3D('',#4329,#3560,#3561);
#2918=AXIS2_PLACEMENT_3D('',#4342,#3569,#3570);
#2919=AXIS2_PLACEMENT_3D('',#4350,#3575,#3576);
#2920=AXIS2_PLACEMENT_3D('',#4356,#3580,#3581);
#2921=AXIS2_PLACEMENT_3D('',#4359,#3582,#3583);
#2922=AXIS2_PLACEMENT_3D('',#4363,#3585,#3586);
#2923=AXIS2_PLACEMENT_3D('',#4365,#3588,#3589);
#2924=AXIS2_PLACEMENT_3D('',#4377,#3597,#3598);
#2925=AXIS2_PLACEMENT_3D('',#4381,#3600,#3601);
#2926=AXIS2_PLACEMENT_3D('',#4385,#3603,#3604);
#2927=AXIS2_PLACEMENT_3D('',#4388,#3606,#3607);
#2928=AXIS2_PLACEMENT_3D('',#4390,#3608,#3609);
#2929=AXIS2_PLACEMENT_3D('',#4392,#3610,#3611);
#2930=AXIS2_PLACEMENT_3D('',#4394,#3612,#3613);
#2931=AXIS2_PLACEMENT_3D('',#4396,#3614,#3615);
#2932=AXIS2_PLACEMENT_3D('',#4397,#3616,#3617);
#2933=AXIS2_PLACEMENT_3D('',#4400,#3618,#3619);
#2934=AXIS2_PLACEMENT_3D('',#4403,#3622,#3623);
#2935=AXIS2_PLACEMENT_3D('',#4407,#3626,#3627);
#2936=AXIS2_PLACEMENT_3D('',#4409,#3628,#3629);
#2937=AXIS2_PLACEMENT_3D('',#4412,#3631,#3632);
#2938=AXIS2_PLACEMENT_3D('',#4420,#3637,#3638);
#2939=AXIS2_PLACEMENT_3D('',#4422,#3639,#3640);
#2940=AXIS2_PLACEMENT_3D('',#4424,#3641,#3642);
#2941=AXIS2_PLACEMENT_3D('',#4426,#3643,#3644);
#2942=AXIS2_PLACEMENT_3D('',#4427,#3645,#3646);
#2943=AXIS2_PLACEMENT_3D('',#4429,#3648,#3649);
#2944=AXIS2_PLACEMENT_3D('',#4431,#3651,#3652);
#2945=AXIS2_PLACEMENT_3D('',#4432,#3653,#3654);
#2946=AXIS2_PLACEMENT_3D('',#4434,#3656,#3657);
#2947=AXIS2_PLACEMENT_3D('',#4435,#3658,#3659);
#2948=AXIS2_PLACEMENT_3D('',#4441,#3663,#3664);
#2949=AXIS2_PLACEMENT_3D('',#4443,#3666,#3667);
#2950=AXIS2_PLACEMENT_3D('',#4445,#3669,#3670);
#2951=AXIS2_PLACEMENT_3D('',#4446,#3671,#3672);
#2952=AXIS2_PLACEMENT_3D('',#4448,#3674,#3675);
#2953=AXIS2_PLACEMENT_3D('',#4450,#3677,#3678);
#2954=AXIS2_PLACEMENT_3D('',#4452,#3680,#3681);
#2955=AXIS2_PLACEMENT_3D('',#4454,#3683,#3684);
#2956=AXIS2_PLACEMENT_3D('',#4455,#3685,#3686);
#2957=AXIS2_PLACEMENT_3D('',#4456,#3687,#3688);
#2958=AXIS2_PLACEMENT_3D('',#4457,#3689,#3690);
#2959=DIRECTION('axis',(0.,0.,1.));
#2960=DIRECTION('refdir',(1.,0.,0.));
#2961=DIRECTION('axis',(0.,0.,1.));
#2962=DIRECTION('refdir',(1.,0.,0.));
#2963=DIRECTION('center_axis',(-1.,0.,0.));
#2964=DIRECTION('ref_axis',(0.,-1.,0.));
#2965=DIRECTION('',(0.,1.,0.));
#2966=DIRECTION('',(0.,0.,1.));
#2967=DIRECTION('',(0.,-1.,0.));
#2968=DIRECTION('',(0.,0.,1.));
#2969=DIRECTION('center_axis',(0.,1.,0.));
#2970=DIRECTION('ref_axis',(-1.,0.,0.));
#2971=DIRECTION('',(1.,0.,0.));
#2972=DIRECTION('',(-1.,0.,0.));
#2973=DIRECTION('',(0.,0.,1.));
#2974=DIRECTION('center_axis',(1.,0.,0.));
#2975=DIRECTION('ref_axis',(0.,1.,0.));
#2976=DIRECTION('',(0.,-1.,0.));
#2977=DIRECTION('',(0.,1.,0.));
#2978=DIRECTION('',(0.,0.,1.));
#2979=DIRECTION('center_axis',(0.,-1.,0.));
#2980=DIRECTION('ref_axis',(1.,0.,0.));
#2981=DIRECTION('',(-1.,0.,0.));
#2982=DIRECTION('',(1.,0.,0.));
#2983=DIRECTION('center_axis',(0.,0.,1.));
#2984=DIRECTION('ref_axis',(1.,0.,0.));
#2985=DIRECTION('center_axis',(0.,0.,1.));
#2986=DIRECTION('ref_axis',(1.,0.,0.));
#2987=DIRECTION('axis',(0.,0.,1.));
#2988=DIRECTION('refdir',(1.,0.,0.));
#2989=DIRECTION('axis',(0.,0.,1.));
#2990=DIRECTION('refdir',(1.,0.,0.));
#2991=DIRECTION('axis',(0.,0.,1.));
#2992=DIRECTION('refdir',(1.,0.,0.));
#2993=DIRECTION('center_axis',(1.,0.,0.));
#2994=DIRECTION('ref_axis',(0.,1.,0.));
#2995=DIRECTION('',(0.,1.,0.));
#2996=DIRECTION('',(0.,0.,1.));
#2997=DIRECTION('',(0.,1.,0.));
#2998=DIRECTION('',(0.,0.,1.));
#2999=DIRECTION('center_axis',(0.,-1.,0.));
#3000=DIRECTION('ref_axis',(1.,0.,0.));
#3001=DIRECTION('',(1.,0.,0.));
#3002=DIRECTION('',(0.,0.,1.));
#3003=DIRECTION('',(1.,0.,0.));
#3004=DIRECTION('center_axis',(-1.,0.,0.));
#3005=DIRECTION('ref_axis',(0.,-1.,0.));
#3006=DIRECTION('',(0.,-1.,0.));
#3007=DIRECTION('',(0.,0.,1.));
#3008=DIRECTION('',(0.,-1.,0.));
#3009=DIRECTION('center_axis',(0.,1.,0.));
#3010=DIRECTION('ref_axis',(-1.,0.,0.));
#3011=DIRECTION('',(-1.,0.,0.));
#3012=DIRECTION('',(-1.,0.,0.));
#3013=DIRECTION('center_axis',(0.,0.,1.));
#3014=DIRECTION('ref_axis',(1.,0.,0.));
#3015=DIRECTION('center_axis',(0.,1.,0.));
#3016=DIRECTION('ref_axis',(-1.,0.,0.));
#3017=DIRECTION('',(-1.,0.,0.));
#3018=DIRECTION('',(0.,0.,1.));
#3019=DIRECTION('',(-1.,0.,0.));
#3020=DIRECTION('',(0.,0.,1.));
#3021=DIRECTION('center_axis',(1.,0.,0.));
#3022=DIRECTION('ref_axis',(0.,1.,0.));
#3023=DIRECTION('',(0.,1.,0.));
#3024=DIRECTION('',(0.,0.,1.));
#3025=DIRECTION('',(0.,1.,0.));
#3026=DIRECTION('center_axis',(0.,-1.,0.));
#3027=DIRECTION('ref_axis',(1.,0.,0.));
#3028=DIRECTION('',(1.,0.,0.));
#3029=DIRECTION('',(0.,0.,1.));
#3030=DIRECTION('',(1.,0.,0.));
#3031=DIRECTION('center_axis',(-1.,0.,0.));
#3032=DIRECTION('ref_axis',(0.,-1.,0.));
#3033=DIRECTION('',(0.,-1.,0.));
#3034=DIRECTION('',(0.,0.,1.));
#3035=DIRECTION('',(0.,-1.,0.));
#3036=DIRECTION('',(0.,0.,1.));
#3037=DIRECTION('center_axis',(0.,0.,1.));
#3038=DIRECTION('ref_axis',(1.,0.,0.));
#3039=DIRECTION('center_axis',(-1.,0.,0.));
#3040=DIRECTION('ref_axis',(0.,-1.,0.));
#3041=DIRECTION('',(0.,-1.,0.));
#3042=DIRECTION('',(0.,0.,1.));
#3043=DIRECTION('',(0.,-1.,0.));
#3044=DIRECTION('',(0.,0.,1.));
#3045=DIRECTION('center_axis',(0.,1.,0.));
#3046=DIRECTION('ref_axis',(-1.,0.,0.));
#3047=DIRECTION('',(-1.,0.,0.));
#3048=DIRECTION('',(0.,0.,1.));
#3049=DIRECTION('',(-1.,0.,0.));
#3050=DIRECTION('center_axis',(1.,0.,0.));
#3051=DIRECTION('ref_axis',(0.,1.,0.));
#3052=DIRECTION('',(0.,1.,0.));
#3053=DIRECTION('',(0.,1.,0.));
#3054=DIRECTION('center_axis',(0.,-1.,0.));
#3055=DIRECTION('ref_axis',(1.,0.,0.));
#3056=DIRECTION('',(1.,0.,0.));
#3057=DIRECTION('',(1.,0.,0.));
#3058=DIRECTION('center_axis',(0.,0.,1.));
#3059=DIRECTION('ref_axis',(1.,0.,0.));
#3060=DIRECTION('center_axis',(0.,-1.,0.));
#3061=DIRECTION('ref_axis',(1.,0.,0.));
#3062=DIRECTION('',(1.,0.,0.));
#3063=DIRECTION('',(0.,0.,1.));
#3064=DIRECTION('',(1.,0.,0.));
#3065=DIRECTION('',(0.,0.,1.));
#3066=DIRECTION('center_axis',(-1.,0.,0.));
#3067=DIRECTION('ref_axis',(0.,-1.,0.));
#3068=DIRECTION('',(0.,-1.,0.));
#3069=DIRECTION('',(0.,0.,1.));
#3070=DIRECTION('',(0.,-1.,0.));
#3071=DIRECTION('center_axis',(0.,1.,0.));
#3072=DIRECTION('ref_axis',(-1.,0.,0.));
#3073=DIRECTION('',(-1.,0.,0.));
#3074=DIRECTION('',(-1.,0.,0.));
#3075=DIRECTION('center_axis',(1.,0.,0.));
#3076=DIRECTION('ref_axis',(0.,1.,0.));
#3077=DIRECTION('',(0.,1.,0.));
#3078=DIRECTION('',(0.,1.,0.));
#3079=DIRECTION('center_axis',(0.,0.,1.));
#3080=DIRECTION('ref_axis',(1.,0.,0.));
#3081=DIRECTION('center_axis',(1.,0.,0.));
#3082=DIRECTION('ref_axis',(0.,1.,0.));
#3083=DIRECTION('',(0.,1.,0.));
#3084=DIRECTION('',(0.,0.,1.));
#3085=DIRECTION('',(0.,1.,0.));
#3086=DIRECTION('',(0.,0.,1.));
#3087=DIRECTION('center_axis',(0.,-1.,0.));
#3088=DIRECTION('ref_axis',(1.,0.,0.));
#3089=DIRECTION('',(1.,0.,0.));
#3090=DIRECTION('',(0.,0.,1.));
#3091=DIRECTION('',(1.,0.,0.));
#3092=DIRECTION('center_axis',(-1.,0.,0.));
#3093=DIRECTION('ref_axis',(0.,-1.,0.));
#3094=DIRECTION('',(0.,-1.,0.));
#3095=DIRECTION('',(0.,0.,1.));
#3096=DIRECTION('',(0.,-1.,0.));
#3097=DIRECTION('center_axis',(0.,1.,0.));
#3098=DIRECTION('ref_axis',(-1.,0.,0.));
#3099=DIRECTION('',(-1.,0.,0.));
#3100=DIRECTION('',(-1.,0.,0.));
#3101=DIRECTION('center_axis',(0.,0.,1.));
#3102=DIRECTION('ref_axis',(1.,0.,0.));
#3103=DIRECTION('center_axis',(1.,0.,0.));
#3104=DIRECTION('ref_axis',(0.,1.,0.));
#3105=DIRECTION('',(0.,1.,0.));
#3106=DIRECTION('',(0.,0.,1.));
#3107=DIRECTION('',(0.,1.,0.));
#3108=DIRECTION('',(0.,0.,1.));
#3109=DIRECTION('center_axis',(0.,-1.,0.));
#3110=DIRECTION('ref_axis',(1.,0.,0.));
#3111=DIRECTION('',(1.,0.,0.));
#3112=DIRECTION('',(0.,0.,1.));
#3113=DIRECTION('',(1.,0.,0.));
#3114=DIRECTION('center_axis',(-1.,0.,0.));
#3115=DIRECTION('ref_axis',(0.,-1.,0.));
#3116=DIRECTION('',(0.,-1.,0.));
#3117=DIRECTION('',(0.,0.,1.));
#3118=DIRECTION('',(0.,-1.,0.));
#3119=DIRECTION('center_axis',(0.,1.,0.));
#3120=DIRECTION('ref_axis',(-1.,0.,0.));
#3121=DIRECTION('',(-1.,0.,0.));
#3122=DIRECTION('',(-1.,0.,0.));
#3123=DIRECTION('center_axis',(0.,0.,1.));
#3124=DIRECTION('ref_axis',(1.,0.,0.));
#3125=DIRECTION('center_axis',(1.,0.,0.));
#3126=DIRECTION('ref_axis',(0.,1.,0.));
#3127=DIRECTION('',(0.,1.,0.));
#3128=DIRECTION('',(0.,0.,1.));
#3129=DIRECTION('',(0.,1.,0.));
#3130=DIRECTION('',(0.,0.,1.));
#3131=DIRECTION('center_axis',(0.,-1.,0.));
#3132=DIRECTION('ref_axis',(1.,0.,0.));
#3133=DIRECTION('',(1.,0.,0.));
#3134=DIRECTION('',(0.,0.,1.));
#3135=DIRECTION('',(1.,0.,0.));
#3136=DIRECTION('center_axis',(-1.,0.,0.));
#3137=DIRECTION('ref_axis',(0.,-1.,0.));
#3138=DIRECTION('',(0.,-1.,0.));
#3139=DIRECTION('',(0.,0.,1.));
#3140=DIRECTION('',(0.,-1.,0.));
#3141=DIRECTION('center_axis',(0.,1.,0.));
#3142=DIRECTION('ref_axis',(-1.,0.,0.));
#3143=DIRECTION('',(-1.,0.,0.));
#3144=DIRECTION('',(-1.,0.,0.));
#3145=DIRECTION('center_axis',(0.,0.,1.));
#3146=DIRECTION('ref_axis',(1.,0.,0.));
#3147=DIRECTION('center_axis',(1.,0.,0.));
#3148=DIRECTION('ref_axis',(0.,1.,0.));
#3149=DIRECTION('',(0.,1.,0.));
#3150=DIRECTION('',(0.,0.,1.));
#3151=DIRECTION('',(0.,1.,0.));
#3152=DIRECTION('',(0.,0.,1.));
#3153=DIRECTION('center_axis',(0.,-1.,0.));
#3154=DIRECTION('ref_axis',(1.,0.,0.));
#3155=DIRECTION('',(1.,0.,0.));
#3156=DIRECTION('',(0.,0.,1.));
#3157=DIRECTION('',(1.,0.,0.));
#3158=DIRECTION('center_axis',(-1.,0.,0.));
#3159=DIRECTION('ref_axis',(0.,-1.,0.));
#3160=DIRECTION('',(0.,-1.,0.));
#3161=DIRECTION('',(0.,0.,1.));
#3162=DIRECTION('',(0.,-1.,0.));
#3163=DIRECTION('center_axis',(0.,-1.,0.));
#3164=DIRECTION('ref_axis',(1.,0.,0.));
#3165=DIRECTION('',(1.,0.,0.));
#3166=DIRECTION('',(0.,0.,1.));
#3167=DIRECTION('',(1.,0.,0.));
#3168=DIRECTION('center_axis',(1.,0.,0.));
#3169=DIRECTION('ref_axis',(0.,1.,0.));
#3170=DIRECTION('',(0.,1.,0.));
#3171=DIRECTION('',(0.,0.,1.));
#3172=DIRECTION('',(0.,1.,0.));
#3173=DIRECTION('center_axis',(0.,-1.,0.));
#3174=DIRECTION('ref_axis',(1.,0.,0.));
#3175=DIRECTION('',(1.,0.,0.));
#3176=DIRECTION('',(0.,0.,1.));
#3177=DIRECTION('',(1.,0.,0.));
#3178=DIRECTION('center_axis',(-1.,0.,0.));
#3179=DIRECTION('ref_axis',(0.,-1.,0.));
#3180=DIRECTION('',(0.,-1.,0.));
#3181=DIRECTION('',(0.,0.,1.));
#3182=DIRECTION('',(0.,-1.,0.));
#3183=DIRECTION('center_axis',(0.,1.,0.));
#3184=DIRECTION('ref_axis',(-1.,0.,0.));
#3185=DIRECTION('',(-1.,0.,0.));
#3186=DIRECTION('',(0.,0.,1.));
#3187=DIRECTION('',(-1.,0.,0.));
#3188=DIRECTION('center_axis',(1.,0.,0.));
#3189=DIRECTION('ref_axis',(0.,1.,0.));
#3190=DIRECTION('',(0.,1.,0.));
#3191=DIRECTION('',(0.,0.,1.));
#3192=DIRECTION('',(0.,1.,0.));
#3193=DIRECTION('center_axis',(0.,1.,0.));
#3194=DIRECTION('ref_axis',(-1.,0.,0.));
#3195=DIRECTION('',(-1.,0.,0.));
#3196=DIRECTION('',(0.,0.,1.));
#3197=DIRECTION('',(-1.,0.,0.));
#3198=DIRECTION('center_axis',(-1.,0.,0.));
#3199=DIRECTION('ref_axis',(0.,-1.,0.));
#3200=DIRECTION('',(0.,-1.,0.));
#3201=DIRECTION('',(0.,0.,1.));
#3202=DIRECTION('',(0.,-1.,0.));
#3203=DIRECTION('center_axis',(0.,1.,0.));
#3204=DIRECTION('ref_axis',(-1.,0.,0.));
#3205=DIRECTION('',(-1.,0.,0.));
#3206=DIRECTION('',(-1.,0.,0.));
#3207=DIRECTION('center_axis',(0.,0.,1.));
#3208=DIRECTION('ref_axis',(1.,0.,0.));
#3209=DIRECTION('center_axis',(0.,0.,1.));
#3210=DIRECTION('ref_axis',(-0.707106781186547,-0.707106781186548,0.));
#3211=DIRECTION('center_axis',(0.,0.,-1.));
#3212=DIRECTION('ref_axis',(-0.707106781186547,-0.707106781186548,0.));
#3213=DIRECTION('',(0.,0.,-1.));
#3214=DIRECTION('center_axis',(0.,0.,1.));
#3215=DIRECTION('ref_axis',(-0.707106781186547,-0.707106781186548,0.));
#3216=DIRECTION('',(0.,0.,1.));
#3217=DIRECTION('center_axis',(0.,-1.,0.));
#3218=DIRECTION('ref_axis',(1.,0.,0.));
#3219=DIRECTION('',(-1.,0.,0.));
#3220=DIRECTION('',(0.,0.,1.));
#3221=DIRECTION('',(1.,0.,0.));
#3222=DIRECTION('center_axis',(0.,0.,1.));
#3223=DIRECTION('ref_axis',(1.,0.,0.));
#3224=DIRECTION('',(0.,1.,0.));
#3225=DIRECTION('center_axis',(0.,0.,1.));
#3226=DIRECTION('ref_axis',(-0.707106781186548,0.707106781186548,0.));
#3227=DIRECTION('',(1.,0.,0.));
#3228=DIRECTION('center_axis',(0.,0.,1.));
#3229=DIRECTION('ref_axis',(0.707106781186548,0.707106781186548,0.));
#3230=DIRECTION('',(0.,-1.,0.));
#3231=DIRECTION('center_axis',(0.,0.,1.));
#3232=DIRECTION('ref_axis',(0.707106781186548,-0.707106781186548,0.));
#3233=DIRECTION('',(-1.,0.,0.));
#3234=DIRECTION('',(0.,1.,0.));
#3235=DIRECTION('',(-1.,0.,0.));
#3236=DIRECTION('',(0.,-1.,0.));
#3237=DIRECTION('center_axis',(0.,0.,-1.));
#3238=DIRECTION('ref_axis',(0.,1.,0.));
#3239=DIRECTION('',(0.,1.,0.));
#3240=DIRECTION('center_axis',(0.,0.,-1.));
#3241=DIRECTION('ref_axis',(-1.,0.,0.));
#3242=DIRECTION('',(-1.,0.,0.));
#3243=DIRECTION('center_axis',(0.,0.,-1.));
#3244=DIRECTION('ref_axis',(0.,-1.,0.));
#3245=DIRECTION('',(0.,-1.,0.));
#3246=DIRECTION('center_axis',(0.,0.,-1.));
#3247=DIRECTION('ref_axis',(1.,0.,0.));
#3248=DIRECTION('',(1.,0.,0.));
#3249=DIRECTION('center_axis',(0.,0.,-1.));
#3250=DIRECTION('ref_axis',(1.,0.,0.));
#3251=DIRECTION('center_axis',(0.,0.,-1.));
#3252=DIRECTION('ref_axis',(1.,0.,0.));
#3253=DIRECTION('center_axis',(0.,0.,-1.));
#3254=DIRECTION('ref_axis',(1.,0.,0.));
#3255=DIRECTION('center_axis',(0.,0.,-1.));
#3256=DIRECTION('ref_axis',(0.,1.,0.));
#3257=DIRECTION('',(0.,1.,0.));
#3258=DIRECTION('center_axis',(0.,0.,-1.));
#3259=DIRECTION('ref_axis',(-1.,0.,0.));
#3260=DIRECTION('',(-1.,0.,0.));
#3261=DIRECTION('center_axis',(0.,0.,-1.));
#3262=DIRECTION('ref_axis',(0.,-1.,0.));
#3263=DIRECTION('',(0.,-1.,0.));
#3264=DIRECTION('center_axis',(0.,0.,-1.));
#3265=DIRECTION('ref_axis',(1.,0.,0.));
#3266=DIRECTION('',(1.,0.,0.));
#3267=DIRECTION('center_axis',(0.,0.,-1.));
#3268=DIRECTION('ref_axis',(1.,0.,0.));
#3269=DIRECTION('',(-1.,0.,0.));
#3270=DIRECTION('',(0.,-1.,0.));
#3271=DIRECTION('',(1.,0.,0.));
#3272=DIRECTION('',(0.,1.,0.));
#3273=DIRECTION('center_axis',(0.,0.,-1.));
#3274=DIRECTION('ref_axis',(0.,1.,0.));
#3275=DIRECTION('',(0.,1.,0.));
#3276=DIRECTION('center_axis',(0.,0.,-1.));
#3277=DIRECTION('ref_axis',(-1.,0.,0.));
#3278=DIRECTION('',(-1.,0.,0.));
#3279=DIRECTION('center_axis',(0.,0.,-1.));
#3280=DIRECTION('ref_axis',(0.,-1.,0.));
#3281=DIRECTION('',(0.,-1.,0.));
#3282=DIRECTION('center_axis',(0.,0.,-1.));
#3283=DIRECTION('ref_axis',(1.,0.,0.));
#3284=DIRECTION('',(1.,0.,0.));
#3285=DIRECTION('center_axis',(0.,0.,-1.));
#3286=DIRECTION('ref_axis',(0.,1.,0.));
#3287=DIRECTION('',(0.,1.,0.));
#3288=DIRECTION('center_axis',(0.,0.,-1.));
#3289=DIRECTION('ref_axis',(-1.,0.,0.));
#3290=DIRECTION('',(-1.,0.,0.));
#3291=DIRECTION('center_axis',(0.,0.,-1.));
#3292=DIRECTION('ref_axis',(0.,-1.,0.));
#3293=DIRECTION('',(0.,-1.,0.));
#3294=DIRECTION('center_axis',(0.,0.,-1.));
#3295=DIRECTION('ref_axis',(1.,0.,0.));
#3296=DIRECTION('',(1.,0.,0.));
#3297=DIRECTION('',(-1.,0.,0.));
#3298=DIRECTION('',(0.,-1.,0.));
#3299=DIRECTION('',(1.,0.,0.));
#3300=DIRECTION('',(0.,1.,0.));
#3301=DIRECTION('center_axis',(0.,0.,1.));
#3302=DIRECTION('ref_axis',(0.707106781186548,-0.707106781186548,0.));
#3303=DIRECTION('center_axis',(0.,0.,-1.));
#3304=DIRECTION('ref_axis',(0.707106781186548,-0.707106781186548,0.));
#3305=DIRECTION('',(0.,0.,-1.));
#3306=DIRECTION('',(0.,0.,1.));
#3307=DIRECTION('center_axis',(1.,0.,0.));
#3308=DIRECTION('ref_axis',(0.,1.,0.));
#3309=DIRECTION('',(0.,0.,-1.));
#3310=DIRECTION('',(0.,1.,0.));
#3311=DIRECTION('center_axis',(0.,0.,1.));
#3312=DIRECTION('ref_axis',(0.707106781186548,0.707106781186548,0.));
#3313=DIRECTION('center_axis',(0.,0.,-1.));
#3314=DIRECTION('ref_axis',(0.707106781186548,0.707106781186548,0.));
#3315=DIRECTION('',(0.,0.,1.));
#3316=DIRECTION('center_axis',(0.,1.,0.));
#3317=DIRECTION('ref_axis',(-1.,0.,0.));
#3318=DIRECTION('',(0.,0.,-1.));
#3319=DIRECTION('',(-1.,0.,0.));
#3320=DIRECTION('center_axis',(0.,0.,1.));
#3321=DIRECTION('ref_axis',(-0.707106781186548,0.707106781186548,0.));
#3322=DIRECTION('center_axis',(0.,0.,-1.));
#3323=DIRECTION('ref_axis',(-0.707106781186548,0.707106781186548,0.));
#3324=DIRECTION('',(0.,0.,1.));
#3325=DIRECTION('center_axis',(-1.,0.,0.));
#3326=DIRECTION('ref_axis',(0.,-1.,0.));
#3327=DIRECTION('',(0.,0.,1.));
#3328=DIRECTION('',(0.,-1.,0.));
#3329=DIRECTION('',(0.,0.,1.));
#3330=DIRECTION('center_axis',(0.,-1.,0.));
#3331=DIRECTION('ref_axis',(1.,0.,0.));
#3332=DIRECTION('',(1.,0.,0.));
#3333=DIRECTION('',(0.,0.,1.));
#3334=DIRECTION('center_axis',(1.,0.,0.));
#3335=DIRECTION('ref_axis',(0.,1.,0.));
#3336=DIRECTION('',(0.,1.,0.));
#3337=DIRECTION('',(0.,0.,1.));
#3338=DIRECTION('center_axis',(0.,1.,0.));
#3339=DIRECTION('ref_axis',(-1.,0.,0.));
#3340=DIRECTION('',(-1.,0.,0.));
#3341=DIRECTION('center_axis',(1.,0.,0.));
#3342=DIRECTION('ref_axis',(0.,1.,0.));
#3343=DIRECTION('',(0.,0.,1.));
#3344=DIRECTION('',(0.,1.,0.));
#3345=DIRECTION('',(0.,0.,1.));
#3346=DIRECTION('center_axis',(0.,0.,1.));
#3347=DIRECTION('ref_axis',(-1.,0.,0.));
#3348=DIRECTION('center_axis',(0.,0.,-1.));
#3349=DIRECTION('ref_axis',(-1.,0.,0.));
#3350=DIRECTION('',(0.,0.,1.));
#3351=DIRECTION('center_axis',(0.,1.,0.));
#3352=DIRECTION('ref_axis',(-1.,0.,0.));
#3353=DIRECTION('',(-1.,0.,0.));
#3354=DIRECTION('',(0.,0.,1.));
#3355=DIRECTION('center_axis',(0.,0.,1.));
#3356=DIRECTION('ref_axis',(0.,-1.,0.));
#3357=DIRECTION('center_axis',(0.,0.,-1.));
#3358=DIRECTION('ref_axis',(0.,-1.,0.));
#3359=DIRECTION('',(0.,0.,1.));
#3360=DIRECTION('center_axis',(-1.,0.,0.));
#3361=DIRECTION('ref_axis',(0.,-1.,0.));
#3362=DIRECTION('',(0.,-1.,0.));
#3363=DIRECTION('',(0.,0.,1.));
#3364=DIRECTION('center_axis',(0.,0.,1.));
#3365=DIRECTION('ref_axis',(1.,0.,0.));
#3366=DIRECTION('center_axis',(0.,0.,-1.));
#3367=DIRECTION('ref_axis',(1.,0.,0.));
#3368=DIRECTION('',(0.,0.,1.));
#3369=DIRECTION('center_axis',(0.,-1.,0.));
#3370=DIRECTION('ref_axis',(1.,0.,0.));
#3371=DIRECTION('',(1.,0.,0.));
#3372=DIRECTION('',(0.,0.,1.));
#3373=DIRECTION('center_axis',(0.,0.,1.));
#3374=DIRECTION('ref_axis',(0.,1.,0.));
#3375=DIRECTION('center_axis',(0.,0.,-1.));
#3376=DIRECTION('ref_axis',(0.,1.,0.));
#3377=DIRECTION('center_axis',(1.,0.,0.));
#3378=DIRECTION('ref_axis',(0.,1.,0.));
#3379=DIRECTION('',(0.,0.,1.));
#3380=DIRECTION('',(0.,1.,0.));
#3381=DIRECTION('',(0.,0.,1.));
#3382=DIRECTION('center_axis',(0.,0.,1.));
#3383=DIRECTION('ref_axis',(-1.,0.,0.));
#3384=DIRECTION('center_axis',(0.,0.,-1.));
#3385=DIRECTION('ref_axis',(-1.,0.,0.));
#3386=DIRECTION('',(0.,0.,1.));
#3387=DIRECTION('center_axis',(0.,1.,0.));
#3388=DIRECTION('ref_axis',(-1.,0.,0.));
#3389=DIRECTION('',(-1.,0.,0.));
#3390=DIRECTION('',(0.,0.,1.));
#3391=DIRECTION('center_axis',(0.,0.,1.));
#3392=DIRECTION('ref_axis',(0.,-1.,0.));
#3393=DIRECTION('center_axis',(0.,0.,-1.));
#3394=DIRECTION('ref_axis',(0.,-1.,0.));
#3395=DIRECTION('',(0.,0.,1.));
#3396=DIRECTION('center_axis',(-1.,0.,0.));
#3397=DIRECTION('ref_axis',(0.,-1.,0.));
#3398=DIRECTION('',(0.,-1.,0.));
#3399=DIRECTION('',(0.,0.,1.));
#3400=DIRECTION('center_axis',(0.,0.,1.));
#3401=DIRECTION('ref_axis',(1.,0.,0.));
#3402=DIRECTION('center_axis',(0.,0.,-1.));
#3403=DIRECTION('ref_axis',(1.,0.,0.));
#3404=DIRECTION('',(0.,0.,1.));
#3405=DIRECTION('center_axis',(0.,-1.,0.));
#3406=DIRECTION('ref_axis',(1.,0.,0.));
#3407=DIRECTION('',(1.,0.,0.));
#3408=DIRECTION('',(0.,0.,1.));
#3409=DIRECTION('center_axis',(0.,0.,1.));
#3410=DIRECTION('ref_axis',(0.,1.,0.));
#3411=DIRECTION('center_axis',(0.,0.,-1.));
#3412=DIRECTION('ref_axis',(0.,1.,0.));
#3413=DIRECTION('center_axis',(-1.,0.,0.));
#3414=DIRECTION('ref_axis',(0.,-1.,0.));
#3415=DIRECTION('',(0.,0.,1.));
#3416=DIRECTION('',(0.,-1.,0.));
#3417=DIRECTION('',(0.,0.,1.));
#3418=DIRECTION('center_axis',(0.,-1.,0.));
#3419=DIRECTION('ref_axis',(1.,0.,0.));
#3420=DIRECTION('',(1.,0.,0.));
#3421=DIRECTION('',(0.,0.,1.));
#3422=DIRECTION('center_axis',(1.,0.,0.));
#3423=DIRECTION('ref_axis',(0.,1.,0.));
#3424=DIRECTION('',(0.,1.,0.));
#3425=DIRECTION('',(0.,0.,1.));
#3426=DIRECTION('center_axis',(0.,1.,0.));
#3427=DIRECTION('ref_axis',(-1.,0.,0.));
#3428=DIRECTION('',(-1.,0.,0.));
#3429=DIRECTION('center_axis',(0.,0.,1.));
#3430=DIRECTION('ref_axis',(1.,0.,0.));
#3431=DIRECTION('',(0.,0.,1.));
#3432=DIRECTION('center_axis',(0.,0.,-1.));
#3433=DIRECTION('ref_axis',(1.,0.,0.));
#3434=DIRECTION('center_axis',(1.,0.,0.));
#3435=DIRECTION('ref_axis',(0.,1.,0.));
#3436=DIRECTION('',(0.,0.,1.));
#3437=DIRECTION('',(0.,1.,0.));
#3438=DIRECTION('',(0.,0.,1.));
#3439=DIRECTION('center_axis',(0.,0.,1.));
#3440=DIRECTION('ref_axis',(-1.,0.,0.));
#3441=DIRECTION('center_axis',(0.,0.,-1.));
#3442=DIRECTION('ref_axis',(-1.,0.,0.));
#3443=DIRECTION('',(0.,0.,1.));
#3444=DIRECTION('center_axis',(0.,1.,0.));
#3445=DIRECTION('ref_axis',(-1.,0.,0.));
#3446=DIRECTION('',(-1.,0.,0.));
#3447=DIRECTION('',(0.,0.,1.));
#3448=DIRECTION('center_axis',(0.,0.,1.));
#3449=DIRECTION('ref_axis',(0.,-1.,0.));
#3450=DIRECTION('center_axis',(0.,0.,-1.));
#3451=DIRECTION('ref_axis',(0.,-1.,0.));
#3452=DIRECTION('',(0.,0.,1.));
#3453=DIRECTION('center_axis',(-1.,0.,0.));
#3454=DIRECTION('ref_axis',(0.,-1.,0.));
#3455=DIRECTION('',(0.,-1.,0.));
#3456=DIRECTION('',(0.,0.,1.));
#3457=DIRECTION('center_axis',(0.,0.,1.));
#3458=DIRECTION('ref_axis',(1.,0.,0.));
#3459=DIRECTION('center_axis',(0.,0.,-1.));
#3460=DIRECTION('ref_axis',(1.,0.,0.));
#3461=DIRECTION('',(0.,0.,1.));
#3462=DIRECTION('center_axis',(0.,-1.,0.));
#3463=DIRECTION('ref_axis',(1.,0.,0.));
#3464=DIRECTION('',(1.,0.,0.));
#3465=DIRECTION('',(0.,0.,1.));
#3466=DIRECTION('center_axis',(0.,0.,1.));
#3467=DIRECTION('ref_axis',(0.,1.,0.));
#3468=DIRECTION('center_axis',(0.,0.,-1.));
#3469=DIRECTION('ref_axis',(0.,1.,0.));
#3470=DIRECTION('center_axis',(0.,0.,1.));
#3471=DIRECTION('ref_axis',(1.,0.,0.));
#3472=DIRECTION('',(0.,0.,1.));
#3473=DIRECTION('center_axis',(0.,0.,-1.));
#3474=DIRECTION('ref_axis',(1.,0.,0.));
#3475=DIRECTION('center_axis',(0.,0.,1.));
#3476=DIRECTION('ref_axis',(1.,0.,0.));
#3477=DIRECTION('',(0.,0.,1.));
#3478=DIRECTION('center_axis',(0.,0.,-1.));
#3479=DIRECTION('ref_axis',(1.,0.,0.));
#3480=DIRECTION('center_axis',(0.,0.,1.));
#3481=DIRECTION('ref_axis',(1.,0.,0.));
#3482=DIRECTION('',(0.,0.,1.));
#3483=DIRECTION('center_axis',(0.,0.,-1.));
#3484=DIRECTION('ref_axis',(1.,0.,0.));
#3485=DIRECTION('center_axis',(1.,0.,0.));
#3486=DIRECTION('ref_axis',(0.,1.,0.));
#3487=DIRECTION('',(0.,0.,1.));
#3488=DIRECTION('',(0.,1.,0.));
#3489=DIRECTION('',(0.,0.,1.));
#3490=DIRECTION('center_axis',(0.,0.,1.));
#3491=DIRECTION('ref_axis',(-1.,0.,0.));
#3492=DIRECTION('center_axis',(0.,0.,-1.));
#3493=DIRECTION('ref_axis',(-1.,0.,0.));
#3494=DIRECTION('',(0.,0.,1.));
#3495=DIRECTION('center_axis',(0.,1.,0.));
#3496=DIRECTION('ref_axis',(-1.,0.,0.));
#3497=DIRECTION('',(-1.,0.,0.));
#3498=DIRECTION('',(0.,0.,1.));
#3499=DIRECTION('center_axis',(0.,0.,1.));
#3500=DIRECTION('ref_axis',(0.,-1.,0.));
#3501=DIRECTION('center_axis',(0.,0.,-1.));
#3502=DIRECTION('ref_axis',(0.,-1.,0.));
#3503=DIRECTION('',(0.,0.,1.));
#3504=DIRECTION('center_axis',(-1.,0.,0.));
#3505=DIRECTION('ref_axis',(0.,-1.,0.));
#3506=DIRECTION('',(0.,-1.,0.));
#3507=DIRECTION('',(0.,0.,1.));
#3508=DIRECTION('center_axis',(0.,0.,1.));
#3509=DIRECTION('ref_axis',(1.,0.,0.));
#3510=DIRECTION('center_axis',(0.,0.,-1.));
#3511=DIRECTION('ref_axis',(1.,0.,0.));
#3512=DIRECTION('',(0.,0.,1.));
#3513=DIRECTION('center_axis',(0.,-1.,0.));
#3514=DIRECTION('ref_axis',(1.,0.,0.));
#3515=DIRECTION('',(1.,0.,0.));
#3516=DIRECTION('',(0.,0.,1.));
#3517=DIRECTION('center_axis',(0.,0.,1.));
#3518=DIRECTION('ref_axis',(0.,1.,0.));
#3519=DIRECTION('center_axis',(0.,0.,-1.));
#3520=DIRECTION('ref_axis',(0.,1.,0.));
#3521=DIRECTION('center_axis',(-1.,0.,0.));
#3522=DIRECTION('ref_axis',(0.,-1.,0.));
#3523=DIRECTION('',(0.,0.,1.));
#3524=DIRECTION('',(0.,-1.,0.));
#3525=DIRECTION('',(0.,0.,1.));
#3526=DIRECTION('center_axis',(0.,-1.,0.));
#3527=DIRECTION('ref_axis',(1.,0.,0.));
#3528=DIRECTION('',(1.,0.,0.));
#3529=DIRECTION('',(0.,0.,1.));
#3530=DIRECTION('center_axis',(1.,0.,0.));
#3531=DIRECTION('ref_axis',(0.,1.,0.));
#3532=DIRECTION('',(0.,1.,0.));
#3533=DIRECTION('center_axis',(-1.,0.,0.));
#3534=DIRECTION('ref_axis',(0.,-1.,0.));
#3535=DIRECTION('',(0.,-1.,0.));
#3536=DIRECTION('center_axis',(0.,-1.,0.));
#3537=DIRECTION('ref_axis',(1.,0.,0.));
#3538=DIRECTION('',(1.,0.,0.));
#3539=DIRECTION('center_axis',(0.,0.,1.));
#3540=DIRECTION('ref_axis',(1.,0.,0.));
#3541=DIRECTION('',(0.,-1.23259516440783E-32,1.));
#3542=DIRECTION('',(1.,-4.62223186652904E-33,0.));
#3543=DIRECTION('center_axis',(1.,0.,0.));
#3544=DIRECTION('ref_axis',(0.,-1.,0.));
#3545=DIRECTION('',(0.,0.,1.));
#3546=DIRECTION('',(0.,-1.,0.));
#3547=DIRECTION('',(0.,0.,-1.));
#3548=DIRECTION('',(0.,-1.,0.));
#3549=DIRECTION('center_axis',(0.,-1.,-2.34783791929856E-30));
#3550=DIRECTION('ref_axis',(-1.53580912675475E-15,2.34783791929856E-30,
-1.));
#3551=DIRECTION('',(1.53580912675475E-15,-2.34783791929856E-30,1.));
#3552=DIRECTION('',(1.,0.,0.));
#3553=DIRECTION('',(-1.53580912675475E-15,2.34783791929856E-30,-1.));
#3554=DIRECTION('',(1.,0.,0.));
#3555=DIRECTION('center_axis',(0.,2.46519032881566E-32,-1.));
#3556=DIRECTION('ref_axis',(1.51267887105178E-15,1.,2.46519032881566E-32));
#3557=DIRECTION('',(-1.51267887105178E-15,-1.,-2.46519032881566E-32));
#3558=DIRECTION('',(-1.,0.,0.));
#3559=DIRECTION('',(1.51267887105178E-15,1.,2.46519032881566E-32));
#3560=DIRECTION('center_axis',(0.,-1.,0.));
#3561=DIRECTION('ref_axis',(1.,0.,0.));
#3562=DIRECTION('',(1.,0.,0.));
#3563=DIRECTION('',(0.,0.,1.));
#3564=DIRECTION('',(1.,0.,0.));
#3565=DIRECTION('',(0.,0.,1.));
#3566=DIRECTION('',(1.,0.,0.));
#3567=DIRECTION('',(-1.,0.,0.));
#3568=DIRECTION('',(0.,0.,1.));
#3569=DIRECTION('center_axis',(-1.,4.62223186652902E-33,0.));
#3570=DIRECTION('ref_axis',(4.62223186652902E-33,1.,8.32667268468845E-17));
#3571=DIRECTION('',(4.62223186652902E-33,1.,8.32667268468845E-17));
#3572=DIRECTION('',(0.,0.,-1.));
#3573=DIRECTION('',(4.62223186652902E-33,1.,0.));
#3574=DIRECTION('',(1.40436444217288E-15,1.,3.066456193018E-32));
#3575=DIRECTION('center_axis',(5.55111512312585E-17,-8.32667268468846E-17,
1.));
#3576=DIRECTION('ref_axis',(-1.,-2.71765185189637E-46,5.55111512312585E-17));
#3577=DIRECTION('',(-4.62223186652903E-33,-1.,-8.32667268468846E-17));
#3578=DIRECTION('',(1.,2.71765185189637E-46,-5.55111512312585E-17));
#3579=DIRECTION('',(-1.40436444217288E-15,-1.,-3.066456193018E-32));
#3580=DIRECTION('center_axis',(0.,0.,1.));
#3581=DIRECTION('ref_axis',(0.707106781186547,0.707106781186547,0.));
#3582=DIRECTION('center_axis',(0.,0.,-1.));
#3583=DIRECTION('ref_axis',(0.707106781186547,0.707106781186547,0.));
#3584=DIRECTION('',(0.,0.,-1.));
#3585=DIRECTION('center_axis',(0.,0.,1.));
#3586=DIRECTION('ref_axis',(0.707106781186547,0.707106781186547,0.));
#3587=DIRECTION('',(0.,0.,1.));
#3588=DIRECTION('center_axis',(0.,1.,0.));
#3589=DIRECTION('ref_axis',(-1.,0.,0.));
#3590=DIRECTION('',(1.,0.,0.));
#3591=DIRECTION('',(0.,0.,-1.));
#3592=DIRECTION('',(-1.,0.,0.));
#3593=DIRECTION('',(0.,0.,-1.));
#3594=DIRECTION('',(0.,0.,-1.));
#3595=DIRECTION('',(1.,0.,0.));
#3596=DIRECTION('',(-1.,0.,0.));
#3597=DIRECTION('center_axis',(0.,0.,1.));
#3598=DIRECTION('ref_axis',(1.,0.,0.));
#3599=DIRECTION('',(0.,-1.,0.));
#3600=DIRECTION('center_axis',(0.,0.,1.));
#3601=DIRECTION('ref_axis',(0.707106781186547,-0.707106781186547,0.));
#3602=DIRECTION('',(-1.,0.,0.));
#3603=DIRECTION('center_axis',(0.,0.,1.));
#3604=DIRECTION('ref_axis',(-0.707106781186548,-0.707106781186547,0.));
#3605=DIRECTION('',(0.,1.,0.));
#3606=DIRECTION('center_axis',(0.,0.,1.));
#3607=DIRECTION('ref_axis',(-0.707106781186547,0.707106781186547,0.));
#3608=DIRECTION('center_axis',(0.,0.,-1.));
#3609=DIRECTION('ref_axis',(1.,0.,0.));
#3610=DIRECTION('center_axis',(0.,0.,-1.));
#3611=DIRECTION('ref_axis',(1.,0.,0.));
#3612=DIRECTION('center_axis',(0.,0.,-1.));
#3613=DIRECTION('ref_axis',(1.,0.,0.));
#3614=DIRECTION('center_axis',(0.,0.,-1.));
#3615=DIRECTION('ref_axis',(1.,0.,0.));
#3616=DIRECTION('center_axis',(0.,0.,1.));
#3617=DIRECTION('ref_axis',(0.707106781186547,-0.707106781186547,0.));
#3618=DIRECTION('center_axis',(0.,0.,-1.));
#3619=DIRECTION('ref_axis',(0.707106781186547,-0.707106781186547,0.));
#3620=DIRECTION('',(0.,0.,-1.));
#3621=DIRECTION('',(0.,0.,1.));
#3622=DIRECTION('center_axis',(0.,-1.,0.));
#3623=DIRECTION('ref_axis',(1.,0.,0.));
#3624=DIRECTION('',(1.,0.,0.));
#3625=DIRECTION('',(0.,0.,1.));
#3626=DIRECTION('center_axis',(0.,0.,1.));
#3627=DIRECTION('ref_axis',(1.,0.,0.));
#3628=DIRECTION('center_axis',(0.,0.,-1.));
#3629=DIRECTION('ref_axis',(-0.707106781186547,0.707106781186547,0.));
#3630=DIRECTION('',(0.,-1.,0.));
#3631=DIRECTION('center_axis',(0.,0.,-1.));
#3632=DIRECTION('ref_axis',(-0.707106781186548,-0.707106781186547,0.));
#3633=DIRECTION('',(0.,1.,0.));
#3634=DIRECTION('',(0.,-1.,0.));
#3635=DIRECTION('',(-1.,0.,0.));
#3636=DIRECTION('',(0.,1.,0.));
#3637=DIRECTION('center_axis',(0.,0.,-1.));
#3638=DIRECTION('ref_axis',(1.,0.,0.));
#3639=DIRECTION('center_axis',(0.,0.,-1.));
#3640=DIRECTION('ref_axis',(1.,0.,0.));
#3641=DIRECTION('center_axis',(0.,0.,-1.));
#3642=DIRECTION('ref_axis',(1.,0.,0.));
#3643=DIRECTION('center_axis',(0.,0.,-1.));
#3644=DIRECTION('ref_axis',(1.,0.,0.));
#3645=DIRECTION('center_axis',(0.,0.,1.));
#3646=DIRECTION('ref_axis',(-0.707106781186548,-0.707106781186547,0.));
#3647=DIRECTION('',(0.,0.,-1.));
#3648=DIRECTION('center_axis',(-1.,0.,0.));
#3649=DIRECTION('ref_axis',(0.,-1.,0.));
#3650=DIRECTION('',(0.,0.,1.));
#3651=DIRECTION('center_axis',(0.,0.,1.));
#3652=DIRECTION('ref_axis',(-0.707106781186547,0.707106781186547,0.));
#3653=DIRECTION('center_axis',(-1.,0.,0.));
#3654=DIRECTION('ref_axis',(0.,1.,0.));
#3655=DIRECTION('',(0.,1.,0.));
#3656=DIRECTION('center_axis',(0.,0.,-1.));
#3657=DIRECTION('ref_axis',(-1.,0.,0.));
#3658=DIRECTION('center_axis',(0.,0.,1.));
#3659=DIRECTION('ref_axis',(1.,0.,0.));
#3660=DIRECTION('',(-1.,0.,0.));
#3661=DIRECTION('',(0.,-1.,0.));
#3662=DIRECTION('',(0.,1.,0.));
#3663=DIRECTION('center_axis',(-1.,0.,0.));
#3664=DIRECTION('ref_axis',(0.,-1.,0.));
#3665=DIRECTION('',(0.,0.,1.));
#3666=DIRECTION('center_axis',(0.,1.,0.));
#3667=DIRECTION('ref_axis',(-1.,0.,0.));
#3668=DIRECTION('',(0.,0.,1.));
#3669=DIRECTION('center_axis',(1.,0.,0.));
#3670=DIRECTION('ref_axis',(0.,1.,0.));
#3671=DIRECTION('center_axis',(0.,0.,1.));
#3672=DIRECTION('ref_axis',(1.,0.,0.));
#3673=DIRECTION('',(0.,0.,-1.));
#3674=DIRECTION('center_axis',(0.,0.,1.));
#3675=DIRECTION('ref_axis',(1.,0.,0.));
#3676=DIRECTION('',(0.,0.,-1.));
#3677=DIRECTION('center_axis',(0.,0.,1.));
#3678=DIRECTION('ref_axis',(1.,0.,0.));
#3679=DIRECTION('',(0.,0.,-1.));
#3680=DIRECTION('center_axis',(0.,0.,1.));
#3681=DIRECTION('ref_axis',(1.,0.,0.));
#3682=DIRECTION('',(0.,0.,-1.));
#3683=DIRECTION('center_axis',(1.,0.,0.));
#3684=DIRECTION('ref_axis',(0.,1.,0.));
#3685=DIRECTION('',(0.,0.,1.));
#3686=DIRECTION('',(1.,0.,0.));
#3687=DIRECTION('',(0.,0.,1.));
#3688=DIRECTION('',(1.,0.,0.));
#3689=DIRECTION('',(5.55111512312607E-17,-8.32667268468846E-17,0.999999999999999));
#3690=DIRECTION('',(-1.,1.51267887105178E-15,5.55111512312553E-17));
#3691=CARTESIAN_POINT('',(0.,0.,0.));
#3692=CARTESIAN_POINT('',(0.,0.,0.));
#3693=CARTESIAN_POINT('Origin',(-17.675,50.,3.));
#3694=CARTESIAN_POINT('',(-17.675,6.13799999999999,3.));
#3695=CARTESIAN_POINT('',(-17.675,50.,3.));
#3696=CARTESIAN_POINT('',(-17.675,17.1035,3.));
#3697=CARTESIAN_POINT('',(-17.675,6.13799999999999,6.));
#3698=CARTESIAN_POINT('',(-17.675,6.13799999999999,3.));
#3699=CARTESIAN_POINT('',(-17.675,50.,6.));
#3700=CARTESIAN_POINT('',(-17.675,17.1035,6.));
#3701=CARTESIAN_POINT('',(-17.675,50.,3.));
#3702=CARTESIAN_POINT('Origin',(50.,50.,3.));
#3703=CARTESIAN_POINT('',(50.,50.,3.));
#3704=CARTESIAN_POINT('',(-0.756250000000001,50.,3.));
#3705=CARTESIAN_POINT('',(50.,50.,6.));
#3706=CARTESIAN_POINT('',(-0.756250000000001,50.,6.));
#3707=CARTESIAN_POINT('',(50.,50.,3.));
#3708=CARTESIAN_POINT('Origin',(50.,6.13799999999999,3.));
#3709=CARTESIAN_POINT('',(50.,6.13799999999999,3.));
#3710=CARTESIAN_POINT('',(50.,39.0345,3.));
#3711=CARTESIAN_POINT('',(50.,6.13799999999999,6.));
#3712=CARTESIAN_POINT('',(50.,39.0345,6.));
#3713=CARTESIAN_POINT('',(50.,6.13799999999999,3.));
#3714=CARTESIAN_POINT('Origin',(-17.675,6.13799999999999,3.));
#3715=CARTESIAN_POINT('',(33.08125,6.13799999999999,3.));
#3716=CARTESIAN_POINT('',(33.08125,6.13799999999999,6.));
#3717=CARTESIAN_POINT('Origin',(16.1625,28.069,6.));
#3718=CARTESIAN_POINT('Origin',(16.1625,28.069,3.));
#3719=CARTESIAN_POINT('',(0.,0.,0.));
#3720=CARTESIAN_POINT('',(0.,0.,0.));
#3721=CARTESIAN_POINT('',(0.,0.,0.));
#3722=CARTESIAN_POINT('Origin',(51.8867452789032,-8.15001940037091,0.));
#3723=CARTESIAN_POINT('',(51.8867452789032,-8.15001940037091,0.));
#3724=CARTESIAN_POINT('',(51.8867452789032,-4.40001940037091,0.));
#3725=CARTESIAN_POINT('',(51.8867452789032,-14.2510097001855,0.));
#3726=CARTESIAN_POINT('',(51.8867452789032,-8.15001940037091,0.2));
#3727=CARTESIAN_POINT('',(51.8867452789032,-8.15001940037091,0.));
#3728=CARTESIAN_POINT('',(51.8867452789032,-4.40001940037091,0.2));
#3729=CARTESIAN_POINT('',(51.8867452789032,-4.8166859676965,0.2));
#3730=CARTESIAN_POINT('',(51.8867452789032,-4.40001940037091,0.));
#3731=CARTESIAN_POINT('Origin',(51.0534115482056,-8.15001940037091,0.));
#3732=CARTESIAN_POINT('',(51.0534115482056,-8.15001940037091,0.));
#3733=CARTESIAN_POINT('',(40.9179557741028,-8.15001940037091,0.));
#3734=CARTESIAN_POINT('',(51.0534115482056,-8.15001940037091,0.2));
#3735=CARTESIAN_POINT('',(51.0534115482056,-8.15001940037091,0.));
#3736=CARTESIAN_POINT('',(51.470077817508,-8.15001940037091,0.2));
#3737=CARTESIAN_POINT('Origin',(51.0534115482056,-4.40001940037091,0.));
#3738=CARTESIAN_POINT('',(51.0534115482056,-4.40001940037091,0.));
#3739=CARTESIAN_POINT('',(51.0534115482056,-12.3760097001855,0.));
#3740=CARTESIAN_POINT('',(51.0534115482056,-4.40001940037091,0.2));
#3741=CARTESIAN_POINT('',(51.0534115482056,-4.40001940037091,0.));
#3742=CARTESIAN_POINT('',(51.0534115482056,-7.73335283304531,0.2));
#3743=CARTESIAN_POINT('Origin',(51.8867452789032,-4.40001940037091,0.));
#3744=CARTESIAN_POINT('',(41.3346226394516,-4.40001940037091,0.));
#3745=CARTESIAN_POINT('',(51.8867452789032,-4.40001940037091,0.2));
#3746=CARTESIAN_POINT('Origin',(49.1784115482056,-3.56668566967328,0.2));
#3747=CARTESIAN_POINT('Origin',(51.2617452789032,1.43331433032672,0.));
#3748=CARTESIAN_POINT('',(51.2617452789032,1.43331433032672,0.));
#3749=CARTESIAN_POINT('',(50.4284115482056,1.43331433032672,0.));
#3750=CARTESIAN_POINT('',(41.0221226394516,1.43331433032672,0.));
#3751=CARTESIAN_POINT('',(51.2617452789032,1.43331433032672,0.2));
#3752=CARTESIAN_POINT('',(51.2617452789032,1.43331433032672,0.));
#3753=CARTESIAN_POINT('',(50.4284115482056,1.43331433032672,0.2));
#3754=CARTESIAN_POINT('',(50.845077817508,1.43331433032672,0.2));
#3755=CARTESIAN_POINT('',(50.4284115482056,1.43331433032672,0.));
#3756=CARTESIAN_POINT('Origin',(51.2617452789032,-1.90001880432446,0.));
#3757=CARTESIAN_POINT('',(51.2617452789032,-1.90001880432446,0.));
#3758=CARTESIAN_POINT('',(51.2617452789032,-11.1260094021622,0.));
#3759=CARTESIAN_POINT('',(51.2617452789032,-1.90001880432446,0.2));
#3760=CARTESIAN_POINT('',(51.2617452789032,-1.90001880432446,0.));
#3761=CARTESIAN_POINT('',(51.2617452789032,1.01664806102436,0.2));
#3762=CARTESIAN_POINT('Origin',(50.4284115482056,-1.90001880432446,0.));
#3763=CARTESIAN_POINT('',(50.4284115482056,-1.90001880432446,0.));
#3764=CARTESIAN_POINT('',(40.6054557741028,-1.90001880432446,0.));
#3765=CARTESIAN_POINT('',(50.4284115482056,-1.90001880432446,0.2));
#3766=CARTESIAN_POINT('',(50.4284115482056,-1.90001880432446,0.));
#3767=CARTESIAN_POINT('',(50.845077817508,-1.90001880432446,0.2));
#3768=CARTESIAN_POINT('Origin',(50.4284115482056,1.43331433032672,0.));
#3769=CARTESIAN_POINT('',(50.4284115482056,-9.45934283483664,0.));
#3770=CARTESIAN_POINT('',(50.4284115482056,1.43331433032672,0.));
#3771=CARTESIAN_POINT('',(50.4284115482056,-1.48335193897564,0.2));
#3772=CARTESIAN_POINT('',(50.4284115482056,-1.90001880432446,0.));
#3773=CARTESIAN_POINT('Origin',(49.1784115482056,-3.56668566967328,0.2));
#3774=CARTESIAN_POINT('Origin',(48.7617440868103,2.26664806102436,0.));
#3775=CARTESIAN_POINT('',(48.7617440868103,2.26664806102436,0.));
#3776=CARTESIAN_POINT('',(48.7617440868103,1.43331433032672,0.));
#3777=CARTESIAN_POINT('',(48.7617440868103,-9.04267596948783,0.));
#3778=CARTESIAN_POINT('',(48.7617440868103,2.26664806102436,0.2));
#3779=CARTESIAN_POINT('',(48.7617440868103,2.26664806102436,0.));
#3780=CARTESIAN_POINT('',(48.7617440868103,1.43331433032672,0.2));
#3781=CARTESIAN_POINT('',(48.7617440868103,1.84998179172199,0.2));
#3782=CARTESIAN_POINT('',(48.7617440868103,1.43331433032672,0.));
#3783=CARTESIAN_POINT('Origin',(50.4284115482056,2.26664806102436,0.));
#3784=CARTESIAN_POINT('',(50.4284115482056,2.26664806102436,0.));
#3785=CARTESIAN_POINT('',(40.6054557741028,2.26664806102435,0.));
#3786=CARTESIAN_POINT('',(50.4284115482056,2.26664806102436,0.2));
#3787=CARTESIAN_POINT('',(50.4284115482056,2.26664806102436,0.));
#3788=CARTESIAN_POINT('',(49.1784115482056,2.26664806102436,0.2));
#3789=CARTESIAN_POINT('Origin',(50.4284115482056,1.43331433032672,0.));
#3790=CARTESIAN_POINT('',(50.4284115482056,-9.45934283483664,0.));
#3791=CARTESIAN_POINT('',(50.4284115482056,1.84998179172199,0.2));
#3792=CARTESIAN_POINT('Origin',(48.7617440868103,1.43331433032672,0.));
#3793=CARTESIAN_POINT('',(39.7721220434052,1.43331433032672,0.));
#3794=CARTESIAN_POINT('',(50.0117452789032,1.43331433032672,0.2));
#3795=CARTESIAN_POINT('Origin',(49.1784115482056,-3.56668566967328,0.2));
#3796=CARTESIAN_POINT('Origin',(48.7617440868103,-2.73335193897564,0.));
#3797=CARTESIAN_POINT('',(48.7617440868103,-2.73335193897564,0.));
#3798=CARTESIAN_POINT('',(50.4284115482056,-2.73335193897564,0.));
#3799=CARTESIAN_POINT('',(39.7721220434052,-2.73335193897564,0.));
#3800=CARTESIAN_POINT('',(48.7617440868103,-2.73335193897564,0.2));
#3801=CARTESIAN_POINT('',(48.7617440868103,-2.73335193897564,0.));
#3802=CARTESIAN_POINT('',(50.4284115482056,-2.73335193897564,0.2));
#3803=CARTESIAN_POINT('',(50.0117452789032,-2.73335193897564,0.2));
#3804=CARTESIAN_POINT('',(50.4284115482056,-2.73335193897564,0.));
#3805=CARTESIAN_POINT('Origin',(48.7617440868103,-1.90001880432446,0.));
#3806=CARTESIAN_POINT('',(48.7617440868103,-1.90001880432446,0.));
#3807=CARTESIAN_POINT('',(48.7617440868103,-11.1260094021622,0.));
#3808=CARTESIAN_POINT('',(48.7617440868103,-1.90001880432446,0.2));
#3809=CARTESIAN_POINT('',(48.7617440868103,-1.90001880432446,0.));
#3810=CARTESIAN_POINT('',(48.7617440868103,-2.31668566967328,0.2));
#3811=CARTESIAN_POINT('Origin',(50.4284115482056,-1.90001880432446,0.));
#3812=CARTESIAN_POINT('',(40.6054557741028,-1.90001880432446,0.));
#3813=CARTESIAN_POINT('',(49.1784115482056,-1.90001880432446,0.2));
#3814=CARTESIAN_POINT('Origin',(50.4284115482056,-2.73335193897564,0.));
#3815=CARTESIAN_POINT('',(50.4284115482056,-11.5426759694878,0.));
#3816=CARTESIAN_POINT('',(50.4284115482056,-2.73335193897564,0.2));
#3817=CARTESIAN_POINT('Origin',(49.1784115482056,-3.56668566967328,0.2));
#3818=CARTESIAN_POINT('Origin',(48.345077817508,-1.48335193897564,0.));
#3819=CARTESIAN_POINT('',(48.345077817508,-1.48335193897564,0.));
#3820=CARTESIAN_POINT('',(48.345077817508,-0.65001880432446,0.));
#3821=CARTESIAN_POINT('',(48.345077817508,-10.9176759694878,0.));
#3822=CARTESIAN_POINT('',(48.345077817508,-1.48335193897564,0.2));
#3823=CARTESIAN_POINT('',(48.345077817508,-1.48335193897564,0.));
#3824=CARTESIAN_POINT('',(48.345077817508,-0.65001880432446,0.2));
#3825=CARTESIAN_POINT('',(48.345077817508,-1.06668566967328,0.2));
#3826=CARTESIAN_POINT('',(48.345077817508,-0.65001880432446,0.));
#3827=CARTESIAN_POINT('Origin',(47.5117440868103,-1.48335193897564,0.));
#3828=CARTESIAN_POINT('',(47.5117440868103,-1.48335193897564,0.));
#3829=CARTESIAN_POINT('',(39.1471220434052,-1.48335193897565,0.));
#3830=CARTESIAN_POINT('',(47.5117440868103,-1.48335193897564,0.2));
#3831=CARTESIAN_POINT('',(47.5117440868103,-1.48335193897564,0.));
#3832=CARTESIAN_POINT('',(47.9284115482056,-1.48335193897564,0.2));
#3833=CARTESIAN_POINT('Origin',(47.5117440868103,-0.65001880432446,0.));
#3834=CARTESIAN_POINT('',(47.5117440868103,-0.65001880432446,0.));
#3835=CARTESIAN_POINT('',(47.5117440868103,-10.5010094021622,0.));
#3836=CARTESIAN_POINT('',(47.5117440868103,-0.65001880432446,0.2));
#3837=CARTESIAN_POINT('',(47.5117440868103,-0.65001880432446,0.));
#3838=CARTESIAN_POINT('',(47.5117440868103,-1.06668566967328,0.2));
#3839=CARTESIAN_POINT('Origin',(48.345077817508,-0.65001880432446,0.));
#3840=CARTESIAN_POINT('',(39.563788908754,-0.650018804324461,0.));
#3841=CARTESIAN_POINT('',(48.345077817508,-0.65001880432446,0.2));
#3842=CARTESIAN_POINT('Origin',(49.1784115482056,-3.56668566967328,0.2));
#3843=CARTESIAN_POINT('Origin',(48.345077817508,1.43331433032672,0.));
#3844=CARTESIAN_POINT('',(48.345077817508,1.43331433032672,0.));
#3845=CARTESIAN_POINT('',(48.345077817508,2.26664806102436,0.));
#3846=CARTESIAN_POINT('',(48.345077817508,-9.45934283483664,0.));
#3847=CARTESIAN_POINT('',(48.345077817508,1.43331433032672,0.2));
#3848=CARTESIAN_POINT('',(48.345077817508,1.43331433032672,0.));
#3849=CARTESIAN_POINT('',(48.345077817508,2.26664806102436,0.2));
#3850=CARTESIAN_POINT('',(48.345077817508,1.84998179172199,0.2));
#3851=CARTESIAN_POINT('',(48.345077817508,2.26664806102436,0.));
#3852=CARTESIAN_POINT('Origin',(47.5117440868103,1.43331433032672,0.));
#3853=CARTESIAN_POINT('',(47.5117440868103,1.43331433032672,0.));
#3854=CARTESIAN_POINT('',(39.1471220434052,1.43331433032672,0.));
#3855=CARTESIAN_POINT('',(47.5117440868103,1.43331433032672,0.2));
#3856=CARTESIAN_POINT('',(47.5117440868103,1.43331433032672,0.));
#3857=CARTESIAN_POINT('',(47.9284115482056,1.43331433032672,0.2));
#3858=CARTESIAN_POINT('Origin',(47.5117440868103,2.26664806102436,0.));
#3859=CARTESIAN_POINT('',(47.5117440868103,2.26664806102436,0.));
#3860=CARTESIAN_POINT('',(47.5117440868103,-9.04267596948783,0.));
#3861=CARTESIAN_POINT('',(47.5117440868103,2.26664806102436,0.2));
#3862=CARTESIAN_POINT('',(47.5117440868103,2.26664806102436,0.));
#3863=CARTESIAN_POINT('',(47.5117440868103,1.84998179172199,0.2));
#3864=CARTESIAN_POINT('Origin',(48.345077817508,2.26664806102436,0.));
#3865=CARTESIAN_POINT('',(39.563788908754,2.26664806102435,0.));
#3866=CARTESIAN_POINT('',(48.345077817508,2.26664806102436,0.2));
#3867=CARTESIAN_POINT('Origin',(49.1784115482056,-3.56668566967328,0.2));
#3868=CARTESIAN_POINT('Origin',(51.8867452789032,-9.40001940037091,0.));
#3869=CARTESIAN_POINT('',(51.8867452789032,-9.40001940037091,0.));
#3870=CARTESIAN_POINT('',(51.8867452789032,-8.56668626571972,0.));
#3871=CARTESIAN_POINT('',(51.8867452789032,-14.8760097001855,0.));
#3872=CARTESIAN_POINT('',(51.8867452789032,-9.40001940037091,0.2));
#3873=CARTESIAN_POINT('',(51.8867452789032,-9.40001940037091,0.));
#3874=CARTESIAN_POINT('',(51.8867452789032,-8.56668626571972,0.2));
#3875=CARTESIAN_POINT('',(51.8867452789032,-8.98335283304531,0.2));
#3876=CARTESIAN_POINT('',(51.8867452789032,-8.56668626571972,0.));
#3877=CARTESIAN_POINT('Origin',(51.0534115482056,-9.40001940037091,0.));
#3878=CARTESIAN_POINT('',(51.0534115482056,-9.40001940037091,0.));
#3879=CARTESIAN_POINT('',(40.9179557741028,-9.40001940037091,0.));
#3880=CARTESIAN_POINT('',(51.0534115482056,-9.40001940037091,0.2));
#3881=CARTESIAN_POINT('',(51.0534115482056,-9.40001940037091,0.));
#3882=CARTESIAN_POINT('',(51.470077817508,-9.40001940037091,0.2));
#3883=CARTESIAN_POINT('Origin',(51.0534115482056,-8.56668626571972,0.));
#3884=CARTESIAN_POINT('',(51.0534115482056,-8.56668626571972,0.));
#3885=CARTESIAN_POINT('',(51.0534115482056,-14.4593431328599,0.));
#3886=CARTESIAN_POINT('',(51.0534115482056,-8.56668626571972,0.2));
#3887=CARTESIAN_POINT('',(51.0534115482056,-8.56668626571972,0.));
#3888=CARTESIAN_POINT('',(51.0534115482056,-8.98335283304531,0.2));
#3889=CARTESIAN_POINT('Origin',(51.8867452789032,-8.56668626571972,0.));
#3890=CARTESIAN_POINT('',(41.3346226394516,-8.56668626571972,0.));
#3891=CARTESIAN_POINT('',(51.8867452789032,-8.56668626571972,0.2));
#3892=CARTESIAN_POINT('Origin',(49.1784115482056,-3.56668566967328,0.2));
#3893=CARTESIAN_POINT('Origin',(50.6367452789032,-9.40001940037091,0.));
#3894=CARTESIAN_POINT('',(50.6367452789032,-9.40001940037091,0.));
#3895=CARTESIAN_POINT('',(50.6367452789032,-4.40001940037091,0.));
#3896=CARTESIAN_POINT('',(50.6367452789032,-14.8760097001855,0.));
#3897=CARTESIAN_POINT('',(50.6367452789032,-9.40001940037091,0.2));
#3898=CARTESIAN_POINT('',(50.6367452789032,-9.40001940037091,0.));
#3899=CARTESIAN_POINT('',(50.6367452789032,-4.40001940037091,0.2));
#3900=CARTESIAN_POINT('',(50.6367452789032,-4.8166859676965,0.2));
#3901=CARTESIAN_POINT('',(50.6367452789032,-4.40001940037091,0.));
#3902=CARTESIAN_POINT('Origin',(49.8034115482056,-9.40001940037091,0.));
#3903=CARTESIAN_POINT('',(49.8034115482056,-9.40001940037091,0.));
#3904=CARTESIAN_POINT('',(40.2929557741028,-9.40001940037091,0.));
#3905=CARTESIAN_POINT('',(49.8034115482056,-9.40001940037091,0.2));
#3906=CARTESIAN_POINT('',(49.8034115482056,-9.40001940037091,0.));
#3907=CARTESIAN_POINT('',(50.220077817508,-9.40001940037091,0.2));
#3908=CARTESIAN_POINT('Origin',(49.8034115482056,-7.31668626571972,0.));
#3909=CARTESIAN_POINT('',(49.8034115482056,-7.31668626571972,0.));
#3910=CARTESIAN_POINT('',(49.8034115482056,-13.8343431328599,0.));
#3911=CARTESIAN_POINT('',(49.8034115482056,-7.31668626571972,0.2));
#3912=CARTESIAN_POINT('',(49.8034115482056,-7.31668626571972,0.));
#3913=CARTESIAN_POINT('',(49.8034115482056,-8.98335283304531,0.2));
#3914=CARTESIAN_POINT('Origin',(47.3034115482056,-7.31668626571972,0.));
#3915=CARTESIAN_POINT('',(47.3034115482056,-7.31668626571972,0.));
#3916=CARTESIAN_POINT('',(39.0429557741028,-7.31668626571972,0.));
#3917=CARTESIAN_POINT('',(47.3034115482056,-7.31668626571972,0.2));
#3918=CARTESIAN_POINT('',(47.3034115482056,-7.31668626571972,0.));
#3919=CARTESIAN_POINT('',(49.3867452789032,-7.31668626571972,0.2));
#3920=CARTESIAN_POINT('Origin',(47.3034115482056,-9.40001940037091,0.));
#3921=CARTESIAN_POINT('',(47.3034115482056,-9.40001940037091,0.));
#3922=CARTESIAN_POINT('',(47.3034115482056,-14.8760097001855,0.));
#3923=CARTESIAN_POINT('',(47.3034115482056,-9.40001940037091,0.2));
#3924=CARTESIAN_POINT('',(47.3034115482056,-9.40001940037091,0.));
#3925=CARTESIAN_POINT('',(47.3034115482056,-7.73335283304531,0.2));
#3926=CARTESIAN_POINT('Origin',(46.470077817508,-9.40001940037091,0.));
#3927=CARTESIAN_POINT('',(46.470077817508,-9.40001940037091,0.));
#3928=CARTESIAN_POINT('',(38.626288908754,-9.40001940037091,0.));
#3929=CARTESIAN_POINT('',(46.470077817508,-9.40001940037091,0.2));
#3930=CARTESIAN_POINT('',(46.470077817508,-9.40001940037091,0.));
#3931=CARTESIAN_POINT('',(46.8867440868103,-9.40001940037091,0.2));
#3932=CARTESIAN_POINT('Origin',(46.470077817508,-4.40001940037091,0.));
#3933=CARTESIAN_POINT('',(46.470077817508,-4.40001940037091,0.));
#3934=CARTESIAN_POINT('',(46.470077817508,-12.3760097001855,0.));
#3935=CARTESIAN_POINT('',(46.470077817508,-4.40001940037091,0.2));
#3936=CARTESIAN_POINT('',(46.470077817508,-4.40001940037091,0.));
#3937=CARTESIAN_POINT('',(46.470077817508,-8.98335283304532,0.2));
#3938=CARTESIAN_POINT('Origin',(47.3034115482056,-4.40001940037091,0.));
#3939=CARTESIAN_POINT('',(47.3034115482056,-4.40001940037091,0.));
#3940=CARTESIAN_POINT('',(39.0429557741028,-4.40001940037091,0.));
#3941=CARTESIAN_POINT('',(47.3034115482056,-4.40001940037091,0.2));
#3942=CARTESIAN_POINT('',(47.3034115482056,-4.40001940037091,0.));
#3943=CARTESIAN_POINT('',(46.8867440868103,-4.40001940037091,0.2));
#3944=CARTESIAN_POINT('Origin',(47.3034115482056,-6.48335283304531,0.));
#3945=CARTESIAN_POINT('',(47.3034115482056,-6.48335283304531,0.));
#3946=CARTESIAN_POINT('',(47.3034115482056,-13.4176764165227,0.));
#3947=CARTESIAN_POINT('',(47.3034115482056,-6.48335283304531,0.2));
#3948=CARTESIAN_POINT('',(47.3034115482056,-6.48335283304531,0.));
#3949=CARTESIAN_POINT('',(47.3034115482056,-4.8166859676965,0.2));
#3950=CARTESIAN_POINT('Origin',(49.8034115482056,-6.48335283304531,0.));
#3951=CARTESIAN_POINT('',(49.8034115482056,-6.48335283304531,0.));
#3952=CARTESIAN_POINT('',(40.2929557741028,-6.48335283304531,0.));
#3953=CARTESIAN_POINT('',(49.8034115482056,-6.48335283304531,0.2));
#3954=CARTESIAN_POINT('',(49.8034115482056,-6.48335283304531,0.));
#3955=CARTESIAN_POINT('',(47.720077817508,-6.48335283304531,0.2));
#3956=CARTESIAN_POINT('Origin',(49.8034115482056,-4.40001940037091,0.));
#3957=CARTESIAN_POINT('',(49.8034115482056,-4.40001940037091,0.));
#3958=CARTESIAN_POINT('',(49.8034115482056,-12.3760097001855,0.));
#3959=CARTESIAN_POINT('',(49.8034115482056,-4.40001940037091,0.2));
#3960=CARTESIAN_POINT('',(49.8034115482056,-4.40001940037091,0.));
#3961=CARTESIAN_POINT('',(49.8034115482056,-6.06668626571972,0.2));
#3962=CARTESIAN_POINT('Origin',(50.6367452789032,-4.40001940037091,0.));
#3963=CARTESIAN_POINT('',(40.7096226394516,-4.40001940037091,0.));
#3964=CARTESIAN_POINT('',(50.6367452789032,-4.40001940037091,0.2));
#3965=CARTESIAN_POINT('Origin',(49.1784115482056,-3.56668566967328,0.2));
#3966=CARTESIAN_POINT('Origin',(-8.055,-47.283,0.));
#3967=CARTESIAN_POINT('',(-8.055,-52.283,1.5));
#3968=CARTESIAN_POINT('',(-13.055,-47.283,1.5));
#3969=CARTESIAN_POINT('Origin',(-8.055,-47.283,1.5));
#3970=CARTESIAN_POINT('',(-13.055,-47.283,0.));
#3971=CARTESIAN_POINT('',(-13.055,-47.283,0.));
#3972=CARTESIAN_POINT('',(-8.055,-52.283,0.));
#3973=CARTESIAN_POINT('Origin',(-8.055,-47.283,0.));
#3974=CARTESIAN_POINT('',(-8.055,-52.283,0.));
#3975=CARTESIAN_POINT('Origin',(-13.055,-52.283,0.));
#3976=CARTESIAN_POINT('',(41.232,-52.283,0.));
#3977=CARTESIAN_POINT('',(74.62,-52.283,0.));
#3978=CARTESIAN_POINT('',(41.232,-52.283,1.5));
#3979=CARTESIAN_POINT('',(41.232,-52.283,0.));
#3980=CARTESIAN_POINT('',(74.62,-52.283,1.5));
#3981=CARTESIAN_POINT('Origin',(30.7825,-20.352,0.));
#3982=CARTESIAN_POINT('',(-13.055,6.579,0.));
#3983=CARTESIAN_POINT('',(-13.055,-52.283,0.));
#3984=CARTESIAN_POINT('',(-8.055,11.579,0.));
#3985=CARTESIAN_POINT('Origin',(-8.055,6.579,0.));
#3986=CARTESIAN_POINT('',(69.62,11.579,0.));
#3987=CARTESIAN_POINT('',(-13.055,11.579,0.));
#3988=CARTESIAN_POINT('',(74.62,6.579,0.));
#3989=CARTESIAN_POINT('Origin',(69.62,6.579,0.));
#3990=CARTESIAN_POINT('',(74.62,-47.283,0.));
#3991=CARTESIAN_POINT('',(74.62,11.579,0.));
#3992=CARTESIAN_POINT('',(69.62,-52.283,0.));
#3993=CARTESIAN_POINT('Origin',(69.62,-47.283,0.));
#3994=CARTESIAN_POINT('',(59.732,-52.283,0.));
#3995=CARTESIAN_POINT('',(74.62,-52.283,0.));
#3996=CARTESIAN_POINT('',(59.732,-21.283,0.));
#3997=CARTESIAN_POINT('',(59.732,-52.283,0.));
#3998=CARTESIAN_POINT('',(41.232,-21.283,0.));
#3999=CARTESIAN_POINT('',(59.732,-21.283,0.));
#4000=CARTESIAN_POINT('',(41.232,-21.283,0.));
#4001=CARTESIAN_POINT('',(2.525,-22.075,0.));
#4002=CARTESIAN_POINT('',(3.025,-21.575,0.));
#4003=CARTESIAN_POINT('Origin',(3.025,-22.075,0.));
#4004=CARTESIAN_POINT('',(2.525,-35.075,0.));
#4005=CARTESIAN_POINT('',(2.525,-22.075,0.));
#4006=CARTESIAN_POINT('',(3.025,-35.575,0.));
#4007=CARTESIAN_POINT('Origin',(3.025,-35.075,0.));
#4008=CARTESIAN_POINT('',(16.025,-35.575,0.));
#4009=CARTESIAN_POINT('',(3.025,-35.575,0.));
#4010=CARTESIAN_POINT('',(16.525,-35.075,0.));
#4011=CARTESIAN_POINT('Origin',(16.025,-35.075,0.));
#4012=CARTESIAN_POINT('',(16.525,-22.075,0.));
#4013=CARTESIAN_POINT('',(16.525,-22.075,0.));
#4014=CARTESIAN_POINT('',(16.025,-21.575,0.));
#4015=CARTESIAN_POINT('Origin',(16.025,-22.075,0.));
#4016=CARTESIAN_POINT('',(3.025,-21.575,0.));
#4017=CARTESIAN_POINT('',(67.92,6.579,0.));
#4018=CARTESIAN_POINT('Origin',(69.62,6.579,0.));
#4019=CARTESIAN_POINT('',(67.92,-47.283,0.));
#4020=CARTESIAN_POINT('Origin',(69.62,-47.283,0.));
#4021=CARTESIAN_POINT('',(-9.755,-47.283,0.));
#4022=CARTESIAN_POINT('Origin',(-8.055,-47.283,0.));
#4023=CARTESIAN_POINT('',(2.525,-3.025,0.));
#4024=CARTESIAN_POINT('',(3.025,-2.525,0.));
#4025=CARTESIAN_POINT('Origin',(3.025,-3.025,0.));
#4026=CARTESIAN_POINT('',(2.525,-16.025,0.));
#4027=CARTESIAN_POINT('',(2.525,-3.025,0.));
#4028=CARTESIAN_POINT('',(3.025,-16.525,0.));
#4029=CARTESIAN_POINT('Origin',(3.025,-16.025,0.));
#4030=CARTESIAN_POINT('',(16.025,-16.525,0.));
#4031=CARTESIAN_POINT('',(3.025,-16.525,0.));
#4032=CARTESIAN_POINT('',(16.525,-16.025,0.));
#4033=CARTESIAN_POINT('Origin',(16.025,-16.025,0.));
#4034=CARTESIAN_POINT('',(16.525,-3.025,0.));
#4035=CARTESIAN_POINT('',(16.525,-3.025,0.));
#4036=CARTESIAN_POINT('',(16.025,-2.525,0.));
#4037=CARTESIAN_POINT('Origin',(16.025,-3.025,0.));
#4038=CARTESIAN_POINT('',(3.025,-2.525,0.));
#4039=CARTESIAN_POINT('',(-9.755,6.579,0.));
#4040=CARTESIAN_POINT('Origin',(-8.055,6.579,0.));
#4041=CARTESIAN_POINT('',(47.269,-16.632,0.));
#4042=CARTESIAN_POINT('',(41.669,-16.632,0.));
#4043=CARTESIAN_POINT('',(47.269,-16.632,0.));
#4044=CARTESIAN_POINT('',(47.269,-12.632,0.));
#4045=CARTESIAN_POINT('',(47.269,-12.632,0.));
#4046=CARTESIAN_POINT('',(41.669,-12.632,0.));
#4047=CARTESIAN_POINT('',(41.669,-12.632,0.));
#4048=CARTESIAN_POINT('',(41.669,-16.632,0.));
#4049=CARTESIAN_POINT('',(21.575,-22.075,0.));
#4050=CARTESIAN_POINT('',(22.075,-21.575,0.));
#4051=CARTESIAN_POINT('Origin',(22.075,-22.075,0.));
#4052=CARTESIAN_POINT('',(21.575,-35.075,0.));
#4053=CARTESIAN_POINT('',(21.575,-22.075,0.));
#4054=CARTESIAN_POINT('',(22.075,-35.575,0.));
#4055=CARTESIAN_POINT('Origin',(22.075,-35.075,0.));
#4056=CARTESIAN_POINT('',(35.075,-35.575,0.));
#4057=CARTESIAN_POINT('',(22.075,-35.575,0.));
#4058=CARTESIAN_POINT('',(35.575,-35.075,0.));
#4059=CARTESIAN_POINT('Origin',(35.075,-35.075,0.));
#4060=CARTESIAN_POINT('',(35.575,-22.075,0.));
#4061=CARTESIAN_POINT('',(35.575,-22.075,0.));
#4062=CARTESIAN_POINT('',(35.075,-21.575,0.));
#4063=CARTESIAN_POINT('Origin',(35.075,-22.075,0.));
#4064=CARTESIAN_POINT('',(22.075,-21.575,0.));
#4065=CARTESIAN_POINT('',(21.575,-3.025,0.));
#4066=CARTESIAN_POINT('',(22.075,-2.525,0.));
#4067=CARTESIAN_POINT('Origin',(22.075,-3.025,0.));
#4068=CARTESIAN_POINT('',(21.575,-16.025,0.));
#4069=CARTESIAN_POINT('',(21.575,-3.025,0.));
#4070=CARTESIAN_POINT('',(22.075,-16.525,0.));
#4071=CARTESIAN_POINT('Origin',(22.075,-16.025,0.));
#4072=CARTESIAN_POINT('',(35.075,-16.525,0.));
#4073=CARTESIAN_POINT('',(22.075,-16.525,0.));
#4074=CARTESIAN_POINT('',(35.575,-16.025,0.));
#4075=CARTESIAN_POINT('Origin',(35.075,-16.025,0.));
#4076=CARTESIAN_POINT('',(35.575,-3.025,0.));
#4077=CARTESIAN_POINT('',(35.575,-3.025,0.));
#4078=CARTESIAN_POINT('',(35.075,-2.525,0.));
#4079=CARTESIAN_POINT('Origin',(35.075,-3.025,0.));
#4080=CARTESIAN_POINT('',(22.075,-2.525,0.));
#4081=CARTESIAN_POINT('',(56.794,-16.632,0.));
#4082=CARTESIAN_POINT('',(51.194,-16.632,0.));
#4083=CARTESIAN_POINT('',(56.794,-16.632,0.));
#4084=CARTESIAN_POINT('',(56.794,-12.632,0.));
#4085=CARTESIAN_POINT('',(56.794,-12.632,0.));
#4086=CARTESIAN_POINT('',(51.194,-12.632,0.));
#4087=CARTESIAN_POINT('',(51.194,-12.632,0.));
#4088=CARTESIAN_POINT('',(51.194,-16.632,0.));
#4089=CARTESIAN_POINT('Origin',(69.62,-47.283,0.));
#4090=CARTESIAN_POINT('',(74.62,-47.283,1.5));
#4091=CARTESIAN_POINT('',(69.62,-52.283,1.5));
#4092=CARTESIAN_POINT('Origin',(69.62,-47.283,1.5));
#4093=CARTESIAN_POINT('',(69.62,-52.283,0.));
#4094=CARTESIAN_POINT('',(74.62,-47.283,0.));
#4095=CARTESIAN_POINT('Origin',(74.62,-52.283,0.));
#4096=CARTESIAN_POINT('',(74.62,6.579,1.5));
#4097=CARTESIAN_POINT('',(74.62,6.579,0.));
#4098=CARTESIAN_POINT('',(74.62,11.579,1.5));
#4099=CARTESIAN_POINT('Origin',(69.62,6.579,0.));
#4100=CARTESIAN_POINT('',(69.62,11.579,1.5));
#4101=CARTESIAN_POINT('Origin',(69.62,6.579,1.5));
#4102=CARTESIAN_POINT('',(69.62,11.579,0.));
#4103=CARTESIAN_POINT('Origin',(74.62,11.579,0.));
#4104=CARTESIAN_POINT('',(-8.055,11.579,1.5));
#4105=CARTESIAN_POINT('',(-8.055,11.579,0.));
#4106=CARTESIAN_POINT('',(-13.055,11.579,1.5));
#4107=CARTESIAN_POINT('Origin',(-8.055,6.579,0.));
#4108=CARTESIAN_POINT('',(-13.055,6.579,1.5));
#4109=CARTESIAN_POINT('Origin',(-8.055,6.579,1.5));
#4110=CARTESIAN_POINT('',(-13.055,6.579,0.));
#4111=CARTESIAN_POINT('Origin',(56.794,-12.632,0.));
#4112=CARTESIAN_POINT('',(56.794,-16.632,1.5));
#4113=CARTESIAN_POINT('',(56.794,-16.632,0.));
#4114=CARTESIAN_POINT('',(56.794,-12.632,1.5));
#4115=CARTESIAN_POINT('',(56.794,-12.632,1.5));
#4116=CARTESIAN_POINT('',(56.794,-12.632,0.));
#4117=CARTESIAN_POINT('Origin',(51.194,-12.632,0.));
#4118=CARTESIAN_POINT('',(51.194,-12.632,1.5));
#4119=CARTESIAN_POINT('',(51.194,-12.632,1.5));
#4120=CARTESIAN_POINT('',(51.194,-12.632,0.));
#4121=CARTESIAN_POINT('Origin',(51.194,-16.632,0.));
#4122=CARTESIAN_POINT('',(51.194,-16.632,1.5));
#4123=CARTESIAN_POINT('',(51.194,-16.632,1.5));
#4124=CARTESIAN_POINT('',(51.194,-16.632,0.));
#4125=CARTESIAN_POINT('Origin',(56.794,-16.632,0.));
#4126=CARTESIAN_POINT('',(56.794,-16.632,1.5));
#4127=CARTESIAN_POINT('Origin',(21.575,-16.025,0.));
#4128=CARTESIAN_POINT('',(21.575,-3.025,1.5));
#4129=CARTESIAN_POINT('',(21.575,-3.025,0.));
#4130=CARTESIAN_POINT('',(21.575,-16.025,1.5));
#4131=CARTESIAN_POINT('',(21.575,-3.025,1.5));
#4132=CARTESIAN_POINT('',(21.575,-16.025,0.));
#4133=CARTESIAN_POINT('Origin',(22.075,-16.025,0.));
#4134=CARTESIAN_POINT('',(22.075,-16.525,1.5));
#4135=CARTESIAN_POINT('Origin',(22.075,-16.025,1.5));
#4136=CARTESIAN_POINT('',(22.075,-16.525,0.));
#4137=CARTESIAN_POINT('Origin',(35.075,-16.525,0.));
#4138=CARTESIAN_POINT('',(35.075,-16.525,1.5));
#4139=CARTESIAN_POINT('',(22.075,-16.525,1.5));
#4140=CARTESIAN_POINT('',(35.075,-16.525,0.));
#4141=CARTESIAN_POINT('Origin',(35.075,-16.025,0.));
#4142=CARTESIAN_POINT('',(35.575,-16.025,1.5));
#4143=CARTESIAN_POINT('Origin',(35.075,-16.025,1.5));
#4144=CARTESIAN_POINT('',(35.575,-16.025,0.));
#4145=CARTESIAN_POINT('Origin',(35.575,-3.025,0.));
#4146=CARTESIAN_POINT('',(35.575,-3.025,1.5));
#4147=CARTESIAN_POINT('',(35.575,-3.025,1.5));
#4148=CARTESIAN_POINT('',(35.575,-3.025,0.));
#4149=CARTESIAN_POINT('Origin',(35.075,-3.025,0.));
#4150=CARTESIAN_POINT('',(35.075,-2.525,1.5));
#4151=CARTESIAN_POINT('Origin',(35.075,-3.025,1.5));
#4152=CARTESIAN_POINT('',(35.075,-2.525,0.));
#4153=CARTESIAN_POINT('Origin',(22.075,-2.525,0.));
#4154=CARTESIAN_POINT('',(22.075,-2.525,1.5));
#4155=CARTESIAN_POINT('',(22.075,-2.525,1.5));
#4156=CARTESIAN_POINT('',(22.075,-2.525,0.));
#4157=CARTESIAN_POINT('Origin',(22.075,-3.025,0.));
#4158=CARTESIAN_POINT('Origin',(22.075,-3.025,1.5));
#4159=CARTESIAN_POINT('Origin',(21.575,-35.075,0.));
#4160=CARTESIAN_POINT('',(21.575,-22.075,1.5));
#4161=CARTESIAN_POINT('',(21.575,-22.075,0.));
#4162=CARTESIAN_POINT('',(21.575,-35.075,1.5));
#4163=CARTESIAN_POINT('',(21.575,-22.075,1.5));
#4164=CARTESIAN_POINT('',(21.575,-35.075,0.));
#4165=CARTESIAN_POINT('Origin',(22.075,-35.075,0.));
#4166=CARTESIAN_POINT('',(22.075,-35.575,1.5));
#4167=CARTESIAN_POINT('Origin',(22.075,-35.075,1.5));
#4168=CARTESIAN_POINT('',(22.075,-35.575,0.));
#4169=CARTESIAN_POINT('Origin',(35.075,-35.575,0.));
#4170=CARTESIAN_POINT('',(35.075,-35.575,1.5));
#4171=CARTESIAN_POINT('',(22.075,-35.575,1.5));
#4172=CARTESIAN_POINT('',(35.075,-35.575,0.));
#4173=CARTESIAN_POINT('Origin',(35.075,-35.075,0.));
#4174=CARTESIAN_POINT('',(35.575,-35.075,1.5));
#4175=CARTESIAN_POINT('Origin',(35.075,-35.075,1.5));
#4176=CARTESIAN_POINT('',(35.575,-35.075,0.));
#4177=CARTESIAN_POINT('Origin',(35.575,-22.075,0.));
#4178=CARTESIAN_POINT('',(35.575,-22.075,1.5));
#4179=CARTESIAN_POINT('',(35.575,-22.075,1.5));
#4180=CARTESIAN_POINT('',(35.575,-22.075,0.));
#4181=CARTESIAN_POINT('Origin',(35.075,-22.075,0.));
#4182=CARTESIAN_POINT('',(35.075,-21.575,1.5));
#4183=CARTESIAN_POINT('Origin',(35.075,-22.075,1.5));
#4184=CARTESIAN_POINT('',(35.075,-21.575,0.));
#4185=CARTESIAN_POINT('Origin',(22.075,-21.575,0.));
#4186=CARTESIAN_POINT('',(22.075,-21.575,1.5));
#4187=CARTESIAN_POINT('',(22.075,-21.575,1.5));
#4188=CARTESIAN_POINT('',(22.075,-21.575,0.));
#4189=CARTESIAN_POINT('Origin',(22.075,-22.075,0.));
#4190=CARTESIAN_POINT('Origin',(22.075,-22.075,1.5));
#4191=CARTESIAN_POINT('Origin',(47.269,-12.632,0.));
#4192=CARTESIAN_POINT('',(47.269,-16.632,1.5));
#4193=CARTESIAN_POINT('',(47.269,-16.632,0.));
#4194=CARTESIAN_POINT('',(47.269,-12.632,1.5));
#4195=CARTESIAN_POINT('',(47.269,-12.632,1.5));
#4196=CARTESIAN_POINT('',(47.269,-12.632,0.));
#4197=CARTESIAN_POINT('Origin',(41.669,-12.632,0.));
#4198=CARTESIAN_POINT('',(41.669,-12.632,1.5));
#4199=CARTESIAN_POINT('',(41.669,-12.632,1.5));
#4200=CARTESIAN_POINT('',(41.669,-12.632,0.));
#4201=CARTESIAN_POINT('Origin',(41.669,-16.632,0.));
#4202=CARTESIAN_POINT('',(41.669,-16.632,1.5));
#4203=CARTESIAN_POINT('',(41.669,-16.632,1.5));
#4204=CARTESIAN_POINT('',(41.669,-16.632,0.));
#4205=CARTESIAN_POINT('Origin',(47.269,-16.632,0.));
#4206=CARTESIAN_POINT('',(47.269,-16.632,1.5));
#4207=CARTESIAN_POINT('Origin',(-8.055,6.579,0.));
#4208=CARTESIAN_POINT('',(-9.755,6.579,1.5));
#4209=CARTESIAN_POINT('',(-9.755,6.579,0.));
#4210=CARTESIAN_POINT('Origin',(-8.055,6.579,1.5));
#4211=CARTESIAN_POINT('Origin',(2.525,-16.025,0.));
#4212=CARTESIAN_POINT('',(2.525,-3.025,1.5));
#4213=CARTESIAN_POINT('',(2.525,-3.025,0.));
#4214=CARTESIAN_POINT('',(2.525,-16.025,1.5));
#4215=CARTESIAN_POINT('',(2.525,-3.025,1.5));
#4216=CARTESIAN_POINT('',(2.525,-16.025,0.));
#4217=CARTESIAN_POINT('Origin',(3.025,-16.025,0.));
#4218=CARTESIAN_POINT('',(3.025,-16.525,1.5));
#4219=CARTESIAN_POINT('Origin',(3.025,-16.025,1.5));
#4220=CARTESIAN_POINT('',(3.025,-16.525,0.));
#4221=CARTESIAN_POINT('Origin',(16.025,-16.525,0.));
#4222=CARTESIAN_POINT('',(16.025,-16.525,1.5));
#4223=CARTESIAN_POINT('',(3.025,-16.525,1.5));
#4224=CARTESIAN_POINT('',(16.025,-16.525,0.));
#4225=CARTESIAN_POINT('Origin',(16.025,-16.025,0.));
#4226=CARTESIAN_POINT('',(16.525,-16.025,1.5));
#4227=CARTESIAN_POINT('Origin',(16.025,-16.025,1.5));
#4228=CARTESIAN_POINT('',(16.525,-16.025,0.));
#4229=CARTESIAN_POINT('Origin',(16.525,-3.025,0.));
#4230=CARTESIAN_POINT('',(16.525,-3.025,1.5));
#4231=CARTESIAN_POINT('',(16.525,-3.025,1.5));
#4232=CARTESIAN_POINT('',(16.525,-3.025,0.));
#4233=CARTESIAN_POINT('Origin',(16.025,-3.025,0.));
#4234=CARTESIAN_POINT('',(16.025,-2.525,1.5));
#4235=CARTESIAN_POINT('Origin',(16.025,-3.025,1.5));
#4236=CARTESIAN_POINT('',(16.025,-2.525,0.));
#4237=CARTESIAN_POINT('Origin',(3.025,-2.525,0.));
#4238=CARTESIAN_POINT('',(3.025,-2.525,1.5));
#4239=CARTESIAN_POINT('',(3.025,-2.525,1.5));
#4240=CARTESIAN_POINT('',(3.025,-2.525,0.));
#4241=CARTESIAN_POINT('Origin',(3.025,-3.025,0.));
#4242=CARTESIAN_POINT('Origin',(3.025,-3.025,1.5));
#4243=CARTESIAN_POINT('Origin',(-8.055,-47.283,0.));
#4244=CARTESIAN_POINT('',(-9.755,-47.283,1.5));
#4245=CARTESIAN_POINT('',(-9.755,-47.283,0.));
#4246=CARTESIAN_POINT('Origin',(-8.055,-47.283,1.5));
#4247=CARTESIAN_POINT('Origin',(69.62,-47.283,0.));
#4248=CARTESIAN_POINT('',(67.92,-47.283,1.5));
#4249=CARTESIAN_POINT('',(67.92,-47.283,0.));
#4250=CARTESIAN_POINT('Origin',(69.62,-47.283,1.5));
#4251=CARTESIAN_POINT('Origin',(69.62,6.579,0.));
#4252=CARTESIAN_POINT('',(67.92,6.579,1.5));
#4253=CARTESIAN_POINT('',(67.92,6.579,0.));
#4254=CARTESIAN_POINT('Origin',(69.62,6.579,1.5));
#4255=CARTESIAN_POINT('Origin',(2.525,-35.075,0.));
#4256=CARTESIAN_POINT('',(2.525,-22.075,1.5));
#4257=CARTESIAN_POINT('',(2.525,-22.075,0.));
#4258=CARTESIAN_POINT('',(2.525,-35.075,1.5));
#4259=CARTESIAN_POINT('',(2.525,-22.075,1.5));
#4260=CARTESIAN_POINT('',(2.525,-35.075,0.));
#4261=CARTESIAN_POINT('Origin',(3.025,-35.075,0.));
#4262=CARTESIAN_POINT('',(3.025,-35.575,1.5));
#4263=CARTESIAN_POINT('Origin',(3.025,-35.075,1.5));
#4264=CARTESIAN_POINT('',(3.025,-35.575,0.));
#4265=CARTESIAN_POINT('Origin',(16.025,-35.575,0.));
#4266=CARTESIAN_POINT('',(16.025,-35.575,1.5));
#4267=CARTESIAN_POINT('',(3.025,-35.575,1.5));
#4268=CARTESIAN_POINT('',(16.025,-35.575,0.));
#4269=CARTESIAN_POINT('Origin',(16.025,-35.075,0.));
#4270=CARTESIAN_POINT('',(16.525,-35.075,1.5));
#4271=CARTESIAN_POINT('Origin',(16.025,-35.075,1.5));
#4272=CARTESIAN_POINT('',(16.525,-35.075,0.));
#4273=CARTESIAN_POINT('Origin',(16.525,-22.075,0.));
#4274=CARTESIAN_POINT('',(16.525,-22.075,1.5));
#4275=CARTESIAN_POINT('',(16.525,-22.075,1.5));
#4276=CARTESIAN_POINT('',(16.525,-22.075,0.));
#4277=CARTESIAN_POINT('Origin',(16.025,-22.075,0.));
#4278=CARTESIAN_POINT('',(16.025,-21.575,1.5));
#4279=CARTESIAN_POINT('Origin',(16.025,-22.075,1.5));
#4280=CARTESIAN_POINT('',(16.025,-21.575,0.));
#4281=CARTESIAN_POINT('Origin',(3.025,-21.575,0.));
#4282=CARTESIAN_POINT('',(3.025,-21.575,1.5));
#4283=CARTESIAN_POINT('',(3.025,-21.575,1.5));
#4284=CARTESIAN_POINT('',(3.025,-21.575,0.));
#4285=CARTESIAN_POINT('Origin',(3.025,-22.075,0.));
#4286=CARTESIAN_POINT('Origin',(3.025,-22.075,1.5));
#4287=CARTESIAN_POINT('Origin',(59.732,-21.283,0.));
#4288=CARTESIAN_POINT('',(59.732,-52.283,1.5));
#4289=CARTESIAN_POINT('',(59.732,-52.283,0.));
#4290=CARTESIAN_POINT('',(59.732,-21.283,1.5));
#4291=CARTESIAN_POINT('',(59.732,-52.283,1.5));
#4292=CARTESIAN_POINT('',(59.732,-21.283,0.));
#4293=CARTESIAN_POINT('Origin',(41.232,-21.283,0.));
#4294=CARTESIAN_POINT('',(41.232,-21.283,1.5));
#4295=CARTESIAN_POINT('',(59.732,-21.283,1.5));
#4296=CARTESIAN_POINT('',(41.232,-21.283,0.));
#4297=CARTESIAN_POINT('Origin',(41.232,-52.283,0.));
#4298=CARTESIAN_POINT('',(41.232,-21.283,1.5));
#4299=CARTESIAN_POINT('Origin',(-13.055,11.579,0.));
#4300=CARTESIAN_POINT('',(-13.055,-52.283,1.5));
#4301=CARTESIAN_POINT('Origin',(59.732,-52.283,0.));
#4302=CARTESIAN_POINT('',(74.62,-52.283,1.5));
#4303=CARTESIAN_POINT('Origin',(30.7825,-20.352,1.5));
#4304=CARTESIAN_POINT('',(0.,-1.11022302462516E-16,0.));
#4305=CARTESIAN_POINT('Origin',(6.868,60.5,13.));
#4306=CARTESIAN_POINT('',(6.868,60.5,5.5));
#4307=CARTESIAN_POINT('',(6.868,60.5,13.));
#4308=CARTESIAN_POINT('',(6.868,60.5,8.05));
#4309=CARTESIAN_POINT('',(6.868,50.,5.5));
#4310=CARTESIAN_POINT('',(6.868,60.5,5.5));
#4311=CARTESIAN_POINT('',(6.868,50.,13.));
#4312=CARTESIAN_POINT('',(6.868,50.,6.5));
#4313=CARTESIAN_POINT('',(6.868,44.5345,13.));
#4314=CARTESIAN_POINT('Origin',(-12.287,29.5000000000001,14.5));
#4315=CARTESIAN_POINT('',(-12.287,29.5000000000001,13.0000006174669));
#4316=CARTESIAN_POINT('',(-12.287,29.5000000000001,14.5));
#4317=CARTESIAN_POINT('',(-12.287,29.5000000000001,13.0000006174669));
#4318=CARTESIAN_POINT('',(-11.632,29.5000000000001,13.0000006174669));
#4319=CARTESIAN_POINT('',(-12.287,29.5000000000001,13.0000006174669));
#4320=CARTESIAN_POINT('',(-11.632,29.5000000000001,14.5));
#4321=CARTESIAN_POINT('',(-11.632,29.5000000000001,13.0000006174669));
#4322=CARTESIAN_POINT('',(-12.287,29.5000000000001,14.5));
#4323=CARTESIAN_POINT('Origin',(-12.287,29.5000000000001,13.0000006174669));
#4324=CARTESIAN_POINT('',(-12.2869999999999,49.9999654084658,13.));
#4325=CARTESIAN_POINT('',(-12.2869999999999,50.0000023748726,13.0000006174669));
#4326=CARTESIAN_POINT('',(-11.632,50.,13.));
#4327=CARTESIAN_POINT('',(-14.981,50.,13.0000006174669));
#4328=CARTESIAN_POINT('',(-11.6319999999999,50.0000023748726,13.0000006174669));
#4329=CARTESIAN_POINT('Origin',(-17.675,50.,0.));
#4330=CARTESIAN_POINT('',(-17.675,50.,13.));
#4331=CARTESIAN_POINT('',(33.33125,50.,13.));
#4332=CARTESIAN_POINT('',(-17.675,50.,3.));
#4333=CARTESIAN_POINT('',(-17.675,50.,0.));
#4334=CARTESIAN_POINT('',(50.,50.,3.));
#4335=CARTESIAN_POINT('',(-0.756250000000001,50.,3.));
#4336=CARTESIAN_POINT('',(50.,50.,13.));
#4337=CARTESIAN_POINT('',(50.,50.,0.));
#4338=CARTESIAN_POINT('',(33.33125,50.,13.));
#4339=CARTESIAN_POINT('',(-11.632,50.,5.5));
#4340=CARTESIAN_POINT('',(-10.0285,50.,5.5));
#4341=CARTESIAN_POINT('',(-11.632,50.,6.5));
#4342=CARTESIAN_POINT('Origin',(-12.2869999999999,49.9999654084658,14.5));
#4343=CARTESIAN_POINT('',(-12.2869999999999,49.9999654084658,14.5));
#4344=CARTESIAN_POINT('',(-12.2869999999999,60.5,14.5));
#4345=CARTESIAN_POINT('',(-12.2869999999999,49.9999654084658,14.5));
#4346=CARTESIAN_POINT('',(-12.2869999999999,60.5,13.));
#4347=CARTESIAN_POINT('',(-12.2869999999999,60.5,14.5));
#4348=CARTESIAN_POINT('',(-12.2869999999999,39.2844827042329,13.));
#4349=CARTESIAN_POINT('',(-12.287,29.5000000000001,14.5));
#4350=CARTESIAN_POINT('Origin',(-11.9595066456654,55.2499827042329,14.5));
#4351=CARTESIAN_POINT('',(-11.632013291331,60.5,14.5));
#4352=CARTESIAN_POINT('',(-11.632013291331,49.9999654084658,14.5));
#4353=CARTESIAN_POINT('',(-11.632013291331,60.5,14.5));
#4354=CARTESIAN_POINT('',(-12.2869999999999,60.5,14.5));
#4355=CARTESIAN_POINT('',(-11.632,29.5000000000001,14.5));
#4356=CARTESIAN_POINT('Origin',(55.5,55.5,3.1));
#4357=CARTESIAN_POINT('',(55.5,60.5,13.));
#4358=CARTESIAN_POINT('',(60.5,55.5,13.));
#4359=CARTESIAN_POINT('Origin',(55.5,55.5,13.));
#4360=CARTESIAN_POINT('',(60.5,55.5,0.));
#4361=CARTESIAN_POINT('',(60.5,55.5,3.1));
#4362=CARTESIAN_POINT('',(55.5,60.5,0.));
#4363=CARTESIAN_POINT('Origin',(55.5,55.5,0.));
#4364=CARTESIAN_POINT('',(55.5,60.5,3.1));
#4365=CARTESIAN_POINT('Origin',(60.5,60.5,3.1));
#4366=CARTESIAN_POINT('',(-22.175,60.5,0.));
#4367=CARTESIAN_POINT('',(-27.175,60.5,0.));
#4368=CARTESIAN_POINT('',(-22.175,60.5,13.));
#4369=CARTESIAN_POINT('',(-22.175,60.5,3.1));
#4370=CARTESIAN_POINT('',(-27.175,60.5,13.));
#4371=CARTESIAN_POINT('',(-11.632,60.5,13.));
#4372=CARTESIAN_POINT('',(-11.632013291331,60.5,14.5));
#4373=CARTESIAN_POINT('',(-11.632,60.5,5.5));
#4374=CARTESIAN_POINT('',(-11.632,60.5,8.05));
#4375=CARTESIAN_POINT('',(29.059,60.5,5.5));
#4376=CARTESIAN_POINT('',(-27.175,60.5,13.));
#4377=CARTESIAN_POINT('Origin',(16.6625,28.569,0.));
#4378=CARTESIAN_POINT('',(60.5,1.63799999999999,0.));
#4379=CARTESIAN_POINT('',(60.5,60.5,0.));
#4380=CARTESIAN_POINT('',(55.5,-3.36200000000001,0.));
#4381=CARTESIAN_POINT('Origin',(55.5,1.63799999999999,0.));
#4382=CARTESIAN_POINT('',(-22.175,-3.36200000000001,0.));
#4383=CARTESIAN_POINT('',(60.5,-3.36200000000001,0.));
#4384=CARTESIAN_POINT('',(-27.175,1.63799999999999,0.));
#4385=CARTESIAN_POINT('Origin',(-22.175,1.63799999999999,0.));
#4386=CARTESIAN_POINT('',(-27.175,55.5,0.));
#4387=CARTESIAN_POINT('',(-27.175,-3.36200000000001,0.));
#4388=CARTESIAN_POINT('Origin',(-22.175,55.5,0.));
#4389=CARTESIAN_POINT('',(52.5,1.63799999999999,0.));
#4390=CARTESIAN_POINT('Origin',(55.5,1.63799999999999,0.));
#4391=CARTESIAN_POINT('',(52.5,55.5,0.));
#4392=CARTESIAN_POINT('Origin',(55.5,55.5,0.));
#4393=CARTESIAN_POINT('',(-25.175,55.5,0.));
#4394=CARTESIAN_POINT('Origin',(-22.175,55.5,0.));
#4395=CARTESIAN_POINT('',(-25.175,1.63799999999999,0.));
#4396=CARTESIAN_POINT('Origin',(-22.175,1.63799999999999,0.));
#4397=CARTESIAN_POINT('Origin',(55.5,1.63799999999999,3.1));
#4398=CARTESIAN_POINT('',(60.5,1.63799999999999,13.));
#4399=CARTESIAN_POINT('',(55.5,-3.36200000000001,13.));
#4400=CARTESIAN_POINT('Origin',(55.5,1.63799999999999,13.));
#4401=CARTESIAN_POINT('',(55.5,-3.36200000000001,3.1));
#4402=CARTESIAN_POINT('',(60.5,1.63799999999999,3.1));
#4403=CARTESIAN_POINT('Origin',(-27.175,-3.36200000000001,3.1));
#4404=CARTESIAN_POINT('',(-22.175,-3.36200000000001,13.));
#4405=CARTESIAN_POINT('',(60.5,-3.36200000000001,13.));
#4406=CARTESIAN_POINT('',(-22.175,-3.36200000000001,3.1));
#4407=CARTESIAN_POINT('Origin',(16.6625,28.569,13.));
#4408=CARTESIAN_POINT('',(-27.175,55.5,13.));
#4409=CARTESIAN_POINT('Origin',(-22.175,55.5,13.));
#4410=CARTESIAN_POINT('',(-27.175,1.63799999999999,13.));
#4411=CARTESIAN_POINT('',(-27.175,-3.36200000000001,13.));
#4412=CARTESIAN_POINT('Origin',(-22.175,1.63799999999999,13.));
#4413=CARTESIAN_POINT('',(60.5,60.5,13.));
#4414=CARTESIAN_POINT('',(50.,6.13799999999999,13.));
#4415=CARTESIAN_POINT('',(50.,17.3535,13.));
#4416=CARTESIAN_POINT('',(-17.675,6.13799999999999,13.));
#4417=CARTESIAN_POINT('',(-0.506250000000001,6.13799999999999,13.));
#4418=CARTESIAN_POINT('',(-17.675,39.2845,13.));
#4419=CARTESIAN_POINT('',(52.5,1.63799999999999,13.));
#4420=CARTESIAN_POINT('Origin',(55.5,1.63799999999999,13.));
#4421=CARTESIAN_POINT('',(-25.175,1.63799999999999,13.));
#4422=CARTESIAN_POINT('Origin',(-22.175,1.63799999999999,13.));
#4423=CARTESIAN_POINT('',(52.5,55.5,13.));
#4424=CARTESIAN_POINT('Origin',(55.5,55.5,13.));
#4425=CARTESIAN_POINT('',(-25.175,55.5,13.));
#4426=CARTESIAN_POINT('Origin',(-22.175,55.5,13.));
#4427=CARTESIAN_POINT('Origin',(-22.175,1.63799999999999,3.1));
#4428=CARTESIAN_POINT('',(-27.175,1.63799999999999,3.1));
#4429=CARTESIAN_POINT('Origin',(-27.175,60.5,3.1));
#4430=CARTESIAN_POINT('',(-27.175,55.5,3.1));
#4431=CARTESIAN_POINT('Origin',(-22.175,55.5,3.1));
#4432=CARTESIAN_POINT('Origin',(-11.632,50.,13.));
#4433=CARTESIAN_POINT('',(-11.632,50.,5.5));
#4434=CARTESIAN_POINT('Origin',(-2.382,55.25,5.5));
#4435=CARTESIAN_POINT('Origin',(16.1625,28.069,3.));
#4436=CARTESIAN_POINT('',(50.,6.13799999999999,3.));
#4437=CARTESIAN_POINT('',(-17.675,6.13799999999999,3.));
#4438=CARTESIAN_POINT('',(33.08125,6.13799999999999,3.));
#4439=CARTESIAN_POINT('',(50.,39.0345,3.));
#4440=CARTESIAN_POINT('',(-17.675,17.1035,3.));
#4441=CARTESIAN_POINT('Origin',(50.,50.,0.));
#4442=CARTESIAN_POINT('',(50.,6.13799999999999,0.));
#4443=CARTESIAN_POINT('Origin',(50.,6.13799999999999,0.));
#4444=CARTESIAN_POINT('',(-17.675,6.13799999999999,0.));
#4445=CARTESIAN_POINT('Origin',(-17.675,6.13799999999999,0.));
#4446=CARTESIAN_POINT('Origin',(-22.175,55.5,3.1));
#4447=CARTESIAN_POINT('',(-25.175,55.5,3.1));
#4448=CARTESIAN_POINT('Origin',(55.5,55.5,3.1));
#4449=CARTESIAN_POINT('',(52.5,55.5,3.1));
#4450=CARTESIAN_POINT('Origin',(-22.175,1.63799999999999,3.1));
#4451=CARTESIAN_POINT('',(-25.175,1.63799999999999,3.1));
#4452=CARTESIAN_POINT('Origin',(55.5,1.63799999999999,3.1));
#4453=CARTESIAN_POINT('',(52.5,1.63799999999999,3.1));
#4454=CARTESIAN_POINT('Origin',(60.5,-3.36200000000001,3.1));
#4455=CARTESIAN_POINT('',(0.,0.,0.));
#4456=CARTESIAN_POINT('',(0.,0.,0.));
#4457=CARTESIAN_POINT('',(47.445,8.217,13.));
#4458=UNCERTAINTY_MEASURE_WITH_UNIT(LENGTH_MEASURE(0.01),#4470,
'DISTANCE_ACCURACY_VALUE',
'Maximum model space distance between geometric entities at asserted c
onnectivities');
#4459=UNCERTAINTY_MEASURE_WITH_UNIT(LENGTH_MEASURE(0.01),#4470,
'DISTANCE_ACCURACY_VALUE',
'Maximum model space distance between geometric entities at asserted c
onnectivities');
#4460=UNCERTAINTY_MEASURE_WITH_UNIT(LENGTH_MEASURE(0.01),#4470,
'DISTANCE_ACCURACY_VALUE',
'Maximum model space distance between geometric entities at asserted c
onnectivities');
#4461=UNCERTAINTY_MEASURE_WITH_UNIT(LENGTH_MEASURE(0.01),#4470,
'DISTANCE_ACCURACY_VALUE',
'Maximum model space distance between geometric entities at asserted c
onnectivities');
#4462=UNCERTAINTY_MEASURE_WITH_UNIT(LENGTH_MEASURE(0.01),#4470,
'DISTANCE_ACCURACY_VALUE',
'Maximum model space distance between geometric entities at asserted c
onnectivities');
#4463=UNCERTAINTY_MEASURE_WITH_UNIT(LENGTH_MEASURE(0.01),#4470,
'DISTANCE_ACCURACY_VALUE',
'Maximum model space distance between geometric entities at asserted c
onnectivities');
#4464=(
GEOMETRIC_REPRESENTATION_CONTEXT(3)
GLOBAL_UNCERTAINTY_ASSIGNED_CONTEXT((#4458))
GLOBAL_UNIT_ASSIGNED_CONTEXT((#4470,#4472,#4473))
REPRESENTATION_CONTEXT('','3D')
);
#4465=(
GEOMETRIC_REPRESENTATION_CONTEXT(3)
GLOBAL_UNCERTAINTY_ASSIGNED_CONTEXT((#4459))
GLOBAL_UNIT_ASSIGNED_CONTEXT((#4470,#4472,#4473))
REPRESENTATION_CONTEXT('','3D')
);
#4466=(
GEOMETRIC_REPRESENTATION_CONTEXT(3)
GLOBAL_UNCERTAINTY_ASSIGNED_CONTEXT((#4460))
GLOBAL_UNIT_ASSIGNED_CONTEXT((#4470,#4472,#4473))
REPRESENTATION_CONTEXT('','3D')
);
#4467=(
GEOMETRIC_REPRESENTATION_CONTEXT(3)
GLOBAL_UNCERTAINTY_ASSIGNED_CONTEXT((#4461))
GLOBAL_UNIT_ASSIGNED_CONTEXT((#4470,#4472,#4473))
REPRESENTATION_CONTEXT('','3D')
);
#4468=(
GEOMETRIC_REPRESENTATION_CONTEXT(3)
GLOBAL_UNCERTAINTY_ASSIGNED_CONTEXT((#4462))
GLOBAL_UNIT_ASSIGNED_CONTEXT((#4470,#4472,#4473))
REPRESENTATION_CONTEXT('','3D')
);
#4469=(
GEOMETRIC_REPRESENTATION_CONTEXT(3)
GLOBAL_UNCERTAINTY_ASSIGNED_CONTEXT((#4463))
GLOBAL_UNIT_ASSIGNED_CONTEXT((#4470,#4472,#4473))
REPRESENTATION_CONTEXT('','3D')
);
#4470=(
LENGTH_UNIT()
NAMED_UNIT(*)
SI_UNIT(.MILLI.,.METRE.)
);
#4471=(
LENGTH_UNIT()
NAMED_UNIT(*)
SI_UNIT($,.METRE.)
);
#4472=(
NAMED_UNIT(*)
PLANE_ANGLE_UNIT()
SI_UNIT($,.RADIAN.)
);
#4473=(
NAMED_UNIT(*)
SI_UNIT($,.STERADIAN.)
SOLID_ANGLE_UNIT()
);
#4474=SHAPE_DEFINITION_REPRESENTATION(#4479,#4488);
#4475=SHAPE_DEFINITION_REPRESENTATION(#4480,#4489);
#4476=SHAPE_DEFINITION_REPRESENTATION(#4481,#4490);
#4477=SHAPE_DEFINITION_REPRESENTATION(#4482,#4491);
#4478=SHAPE_DEFINITION_REPRESENTATION(#4483,#4492);
#4479=PRODUCT_DEFINITION_SHAPE('',$,#4494);
#4480=PRODUCT_DEFINITION_SHAPE('',$,#4495);
#4481=PRODUCT_DEFINITION_SHAPE('',$,#4496);
#4482=PRODUCT_DEFINITION_SHAPE('',$,#4497);
#4483=PRODUCT_DEFINITION_SHAPE('',$,#4498);
#4484=PRODUCT_DEFINITION_SHAPE($,$,#23);
#4485=PRODUCT_DEFINITION_SHAPE($,$,#24);
#4486=PRODUCT_DEFINITION_SHAPE($,$,#25);
#4487=PRODUCT_DEFINITION_SHAPE($,$,#26);
#4488=SHAPE_REPRESENTATION('',(#2748,#2956,#2957,#2958),#4464);
#4489=SHAPE_REPRESENTATION('',(#2749),#4465);
#4490=SHAPE_REPRESENTATION('',(#2756),#4466);
#4491=SHAPE_REPRESENTATION('',(#2757,#2913),#4467);
#4492=SHAPE_REPRESENTATION('',(#2758),#4468);
#4493=PRODUCT_DEFINITION_CONTEXT('part definition',#4510,'design');
#4494=PRODUCT_DEFINITION('2026-01-10-15-11-51-221','Hack pad DOWN',#4499,
#4493);
#4495=PRODUCT_DEFINITION('2026-01-10-15-31-52-095','Component1',#4500,#4493);
#4496=PRODUCT_DEFINITION('2026-01-30-12-56-16-178','External1',#4501,#4493);
#4497=PRODUCT_DEFINITION('2026-01-30-19-03-02-991','Hack Pad UP',#4502,
#4493);
#4498=PRODUCT_DEFINITION('2026-01-30-19-03-02-992','Component1',#4503,#4493);
#4499=PRODUCT_DEFINITION_FORMATION('',$,#4512);
#4500=PRODUCT_DEFINITION_FORMATION('',$,#4513);
#4501=PRODUCT_DEFINITION_FORMATION('',$,#4514);
#4502=PRODUCT_DEFINITION_FORMATION('',$,#4515);
#4503=PRODUCT_DEFINITION_FORMATION('',$,#4516);
#4504=PRODUCT_RELATED_PRODUCT_CATEGORY('Hack pad DOWN','Hack pad DOWN',
(#4512));
#4505=PRODUCT_RELATED_PRODUCT_CATEGORY('Component1','Component1',(#4513));
#4506=PRODUCT_RELATED_PRODUCT_CATEGORY('External1','External1',(#4514));
#4507=PRODUCT_RELATED_PRODUCT_CATEGORY('Hack Pad UP','Hack Pad UP',(#4515));
#4508=PRODUCT_RELATED_PRODUCT_CATEGORY('Component1','Component1',(#4516));
#4509=APPLICATION_PROTOCOL_DEFINITION('international standard',
'automotive_design',2009,#4510);
#4510=APPLICATION_CONTEXT(
'Core Data for Automotive Mechanical Design Process');
#4511=PRODUCT_CONTEXT('part definition',#4510,'mechanical');
#4512=PRODUCT('2026-01-10-15-11-51-221','Hack pad DOWN',$,(#4511));
#4513=PRODUCT('2026-01-10-15-31-52-095','Component1',$,(#4511));
#4514=PRODUCT('2026-01-30-12-56-16-178','External1',$,(#4511));
#4515=PRODUCT('2026-01-30-19-03-02-991','Hack Pad UP',$,(#4511));
#4516=PRODUCT('2026-01-30-19-03-02-992','Component1',$,(#4511));
#4517=PRESENTATION_STYLE_ASSIGNMENT((#4520));
#4518=PRESENTATION_STYLE_ASSIGNMENT((#4521));
#4519=PRESENTATION_STYLE_ASSIGNMENT((#4522));
#4520=SURFACE_STYLE_USAGE(.BOTH.,#4523);
#4521=SURFACE_STYLE_USAGE(.BOTH.,#4524);
#4522=SURFACE_STYLE_USAGE(.BOTH.,#4525);
#4523=SURFACE_SIDE_STYLE('',(#4526));
#4524=SURFACE_SIDE_STYLE('',(#4527));
#4525=SURFACE_SIDE_STYLE('',(#4528));
#4526=SURFACE_STYLE_FILL_AREA(#4529);
#4527=SURFACE_STYLE_FILL_AREA(#4530);
#4528=SURFACE_STYLE_FILL_AREA(#4531);
#4529=FILL_AREA_STYLE('Steel - Satin',(#4532));
#4530=FILL_AREA_STYLE('LED (Green)',(#4533));
#4531=FILL_AREA_STYLE('Opaque(160,160,160)',(#4534));
#4532=FILL_AREA_STYLE_COLOUR('Steel - Satin',#4535);
#4533=FILL_AREA_STYLE_COLOUR('LED (Green)',#4536);
#4534=FILL_AREA_STYLE_COLOUR('Opaque(160,160,160)',#4537);
#4535=COLOUR_RGB('Steel - Satin',0.627450980392157,0.627450980392157,0.627450980392157);
#4536=COLOUR_RGB('LED (Green)',0.266666666666667,0.588235294117647,0.282352941176471);
#4537=COLOUR_RGB('Opaque(160,160,160)',0.627450980392157,0.627450980392157,
0.627450980392157);
ENDSEC;
END-ISO-10303-21;
