ISO-10303-21;
HEADER;
/* Generated by software containing ST-Developer
 * from STEP Tools, Inc. (www.steptools.com) 
 */

FILE_DESCRIPTION(
/* description */ (''),
/* implementation_level */ '2;1');

FILE_NAME(
/* name */ 'Hack Pad UP.step',
/* time_stamp */ '2026-01-10T21:41:43-06:00',
/* author */ (''),
/* organization */ (''),
/* preprocessor_version */ 'ST-DEVELOPER v20.1',
/* originating_system */ 'Autodesk Translation Framework v14.21.0.0',
/* authorisation */ '');

FILE_SCHEMA (('AUTOMOTIVE_DESIGN { 1 0 10303 214 3 1 1 }'));
ENDSEC;

DATA;
#10=MECHANICAL_DESIGN_GEOMETRIC_PRESENTATION_REPRESENTATION('',(#17),#3389);
#11=ITEM_DEFINED_TRANSFORMATION($,$,#2089,#2244);
#12=(
REPRESENTATION_RELATIONSHIP($,$,#3400,#3399)
REPRESENTATION_RELATIONSHIP_WITH_TRANSFORMATION(#11)
SHAPE_REPRESENTATION_RELATIONSHIP()
);
#13=CONTEXT_DEPENDENT_SHAPE_REPRESENTATION(#12,#3398);
#14=NEXT_ASSEMBLY_USAGE_OCCURRENCE('Component1:1','Component1:1',
'Component1:1',#3402,#3403,'Component1:1');
#15=SHAPE_REPRESENTATION_RELATIONSHIP('SRR','None',#3400,#16);
#16=ADVANCED_BREP_SHAPE_REPRESENTATION('',(#18),#3388);
#17=STYLED_ITEM('',(#3413),#18);
#18=MANIFOLD_SOLID_BREP('Body1',#2075);
#19=FACE_BOUND('',#274,.T.);
#20=FACE_BOUND('',#275,.T.);
#21=FACE_BOUND('',#276,.T.);
#22=FACE_BOUND('',#277,.T.);
#23=FACE_BOUND('',#278,.T.);
#24=FACE_BOUND('',#279,.T.);
#25=FACE_BOUND('',#280,.T.);
#26=FACE_BOUND('',#281,.T.);
#27=FACE_BOUND('',#282,.T.);
#28=FACE_BOUND('',#283,.T.);
#29=FACE_BOUND('',#284,.T.);
#30=FACE_BOUND('',#285,.T.);
#31=FACE_BOUND('',#286,.T.);
#32=FACE_BOUND('',#287,.T.);
#33=FACE_BOUND('',#288,.T.);
#34=FACE_BOUND('',#289,.T.);
#35=FACE_BOUND('',#345,.T.);
#36=FACE_BOUND('',#346,.T.);
#37=FACE_BOUND('',#347,.T.);
#38=FACE_BOUND('',#348,.T.);
#39=FACE_BOUND('',#349,.T.);
#40=FACE_BOUND('',#350,.T.);
#41=FACE_BOUND('',#351,.T.);
#42=FACE_BOUND('',#352,.T.);
#43=FACE_BOUND('',#353,.T.);
#44=FACE_BOUND('',#354,.T.);
#45=CIRCLE('',#2139,5.);
#46=CIRCLE('',#2140,5.);
#47=CIRCLE('',#2143,5.);
#48=CIRCLE('',#2144,5.);
#49=CIRCLE('',#2145,5.);
#50=CIRCLE('',#2146,0.499999999999998);
#51=CIRCLE('',#2147,0.5);
#52=CIRCLE('',#2148,0.500000000000003);
#53=CIRCLE('',#2149,0.499999999999998);
#54=CIRCLE('',#2150,1.7);
#55=CIRCLE('',#2151,1.7);
#56=CIRCLE('',#2152,1.7);
#57=CIRCLE('',#2153,0.5);
#58=CIRCLE('',#2154,0.5);
#59=CIRCLE('',#2155,0.499999999999998);
#60=CIRCLE('',#2156,0.499999999999998);
#61=CIRCLE('',#2157,1.7);
#62=CIRCLE('',#2158,0.499999999999998);
#63=CIRCLE('',#2159,0.499999999999998);
#64=CIRCLE('',#2160,0.500000000000003);
#65=CIRCLE('',#2161,0.500000000000003);
#66=CIRCLE('',#2162,0.5);
#67=CIRCLE('',#2163,0.499999999999998);
#68=CIRCLE('',#2164,0.499999999999998);
#69=CIRCLE('',#2165,0.500000000000003);
#70=CIRCLE('',#2167,5.);
#71=CIRCLE('',#2170,5.);
#72=CIRCLE('',#2173,5.);
#73=CIRCLE('',#2180,0.499999999999998);
#74=CIRCLE('',#2183,0.499999999999998);
#75=CIRCLE('',#2186,0.500000000000003);
#76=CIRCLE('',#2189,0.5);
#77=CIRCLE('',#2192,0.499999999999998);
#78=CIRCLE('',#2195,0.500000000000003);
#79=CIRCLE('',#2198,0.500000000000003);
#80=CIRCLE('',#2201,0.499999999999998);
#81=CIRCLE('',#2207,1.7);
#82=CIRCLE('',#2210,0.5);
#83=CIRCLE('',#2213,0.499999999999998);
#84=CIRCLE('',#2216,0.499999999999998);
#85=CIRCLE('',#2219,0.5);
#86=CIRCLE('',#2221,1.7);
#87=CIRCLE('',#2223,1.7);
#88=CIRCLE('',#2225,1.7);
#89=CIRCLE('',#2228,0.5);
#90=CIRCLE('',#2231,0.500000000000003);
#91=CIRCLE('',#2234,0.499999999999998);
#92=CIRCLE('',#2237,0.499999999999998);
#93=CYLINDRICAL_SURFACE('',#2138,5.);
#94=CYLINDRICAL_SURFACE('',#2166,5.);
#95=CYLINDRICAL_SURFACE('',#2169,5.);
#96=CYLINDRICAL_SURFACE('',#2172,5.);
#97=CYLINDRICAL_SURFACE('',#2179,0.499999999999998);
#98=CYLINDRICAL_SURFACE('',#2182,0.499999999999998);
#99=CYLINDRICAL_SURFACE('',#2185,0.500000000000003);
#100=CYLINDRICAL_SURFACE('',#2188,0.5);
#101=CYLINDRICAL_SURFACE('',#2191,0.499999999999998);
#102=CYLINDRICAL_SURFACE('',#2194,0.500000000000003);
#103=CYLINDRICAL_SURFACE('',#2197,0.500000000000003);
#104=CYLINDRICAL_SURFACE('',#2200,0.499999999999998);
#105=CYLINDRICAL_SURFACE('',#2206,1.7);
#106=CYLINDRICAL_SURFACE('',#2209,0.5);
#107=CYLINDRICAL_SURFACE('',#2212,0.499999999999998);
#108=CYLINDRICAL_SURFACE('',#2215,0.499999999999998);
#109=CYLINDRICAL_SURFACE('',#2218,0.5);
#110=CYLINDRICAL_SURFACE('',#2220,1.7);
#111=CYLINDRICAL_SURFACE('',#2222,1.7);
#112=CYLINDRICAL_SURFACE('',#2224,1.7);
#113=CYLINDRICAL_SURFACE('',#2227,0.5);
#114=CYLINDRICAL_SURFACE('',#2230,0.500000000000003);
#115=CYLINDRICAL_SURFACE('',#2233,0.499999999999998);
#116=CYLINDRICAL_SURFACE('',#2236,0.499999999999998);
#117=FACE_OUTER_BOUND('',#223,.T.);
#118=FACE_OUTER_BOUND('',#224,.T.);
#119=FACE_OUTER_BOUND('',#225,.T.);
#120=FACE_OUTER_BOUND('',#226,.T.);
#121=FACE_OUTER_BOUND('',#227,.T.);
#122=FACE_OUTER_BOUND('',#228,.T.);
#123=FACE_OUTER_BOUND('',#229,.T.);
#124=FACE_OUTER_BOUND('',#230,.T.);
#125=FACE_OUTER_BOUND('',#231,.T.);
#126=FACE_OUTER_BOUND('',#232,.T.);
#127=FACE_OUTER_BOUND('',#233,.T.);
#128=FACE_OUTER_BOUND('',#234,.T.);
#129=FACE_OUTER_BOUND('',#235,.T.);
#130=FACE_OUTER_BOUND('',#236,.T.);
#131=FACE_OUTER_BOUND('',#237,.T.);
#132=FACE_OUTER_BOUND('',#238,.T.);
#133=FACE_OUTER_BOUND('',#239,.T.);
#134=FACE_OUTER_BOUND('',#240,.T.);
#135=FACE_OUTER_BOUND('',#241,.T.);
#136=FACE_OUTER_BOUND('',#242,.T.);
#137=FACE_OUTER_BOUND('',#243,.T.);
#138=FACE_OUTER_BOUND('',#244,.T.);
#139=FACE_OUTER_BOUND('',#245,.T.);
#140=FACE_OUTER_BOUND('',#246,.T.);
#141=FACE_OUTER_BOUND('',#247,.T.);
#142=FACE_OUTER_BOUND('',#248,.T.);
#143=FACE_OUTER_BOUND('',#249,.T.);
#144=FACE_OUTER_BOUND('',#250,.T.);
#145=FACE_OUTER_BOUND('',#251,.T.);
#146=FACE_OUTER_BOUND('',#252,.T.);
#147=FACE_OUTER_BOUND('',#253,.T.);
#148=FACE_OUTER_BOUND('',#254,.T.);
#149=FACE_OUTER_BOUND('',#255,.T.);
#150=FACE_OUTER_BOUND('',#256,.T.);
#151=FACE_OUTER_BOUND('',#257,.T.);
#152=FACE_OUTER_BOUND('',#258,.T.);
#153=FACE_OUTER_BOUND('',#259,.T.);
#154=FACE_OUTER_BOUND('',#260,.T.);
#155=FACE_OUTER_BOUND('',#261,.T.);
#156=FACE_OUTER_BOUND('',#262,.T.);
#157=FACE_OUTER_BOUND('',#263,.T.);
#158=FACE_OUTER_BOUND('',#264,.T.);
#159=FACE_OUTER_BOUND('',#265,.T.);
#160=FACE_OUTER_BOUND('',#266,.T.);
#161=FACE_OUTER_BOUND('',#267,.T.);
#162=FACE_OUTER_BOUND('',#268,.T.);
#163=FACE_OUTER_BOUND('',#269,.T.);
#164=FACE_OUTER_BOUND('',#270,.T.);
#165=FACE_OUTER_BOUND('',#271,.T.);
#166=FACE_OUTER_BOUND('',#272,.T.);
#167=FACE_OUTER_BOUND('',#273,.T.);
#168=FACE_OUTER_BOUND('',#290,.T.);
#169=FACE_OUTER_BOUND('',#291,.T.);
#170=FACE_OUTER_BOUND('',#292,.T.);
#171=FACE_OUTER_BOUND('',#293,.T.);
#172=FACE_OUTER_BOUND('',#294,.T.);
#173=FACE_OUTER_BOUND('',#295,.T.);
#174=FACE_OUTER_BOUND('',#296,.T.);
#175=FACE_OUTER_BOUND('',#297,.T.);
#176=FACE_OUTER_BOUND('',#298,.T.);
#177=FACE_OUTER_BOUND('',#299,.T.);
#178=FACE_OUTER_BOUND('',#300,.T.);
#179=FACE_OUTER_BOUND('',#301,.T.);
#180=FACE_OUTER_BOUND('',#302,.T.);
#181=FACE_OUTER_BOUND('',#303,.T.);
#182=FACE_OUTER_BOUND('',#304,.T.);
#183=FACE_OUTER_BOUND('',#305,.T.);
#184=FACE_OUTER_BOUND('',#306,.T.);
#185=FACE_OUTER_BOUND('',#307,.T.);
#186=FACE_OUTER_BOUND('',#308,.T.);
#187=FACE_OUTER_BOUND('',#309,.T.);
#188=FACE_OUTER_BOUND('',#310,.T.);
#189=FACE_OUTER_BOUND('',#311,.T.);
#190=FACE_OUTER_BOUND('',#312,.T.);
#191=FACE_OUTER_BOUND('',#313,.T.);
#192=FACE_OUTER_BOUND('',#314,.T.);
#193=FACE_OUTER_BOUND('',#315,.T.);
#194=FACE_OUTER_BOUND('',#316,.T.);
#195=FACE_OUTER_BOUND('',#317,.T.);
#196=FACE_OUTER_BOUND('',#318,.T.);
#197=FACE_OUTER_BOUND('',#319,.T.);
#198=FACE_OUTER_BOUND('',#320,.T.);
#199=FACE_OUTER_BOUND('',#321,.T.);
#200=FACE_OUTER_BOUND('',#322,.T.);
#201=FACE_OUTER_BOUND('',#323,.T.);
#202=FACE_OUTER_BOUND('',#324,.T.);
#203=FACE_OUTER_BOUND('',#325,.T.);
#204=FACE_OUTER_BOUND('',#326,.T.);
#205=FACE_OUTER_BOUND('',#327,.T.);
#206=FACE_OUTER_BOUND('',#328,.T.);
#207=FACE_OUTER_BOUND('',#329,.T.);
#208=FACE_OUTER_BOUND('',#330,.T.);
#209=FACE_OUTER_BOUND('',#331,.T.);
#210=FACE_OUTER_BOUND('',#332,.T.);
#211=FACE_OUTER_BOUND('',#333,.T.);
#212=FACE_OUTER_BOUND('',#334,.T.);
#213=FACE_OUTER_BOUND('',#335,.T.);
#214=FACE_OUTER_BOUND('',#336,.T.);
#215=FACE_OUTER_BOUND('',#337,.T.);
#216=FACE_OUTER_BOUND('',#338,.T.);
#217=FACE_OUTER_BOUND('',#339,.T.);
#218=FACE_OUTER_BOUND('',#340,.T.);
#219=FACE_OUTER_BOUND('',#341,.T.);
#220=FACE_OUTER_BOUND('',#342,.T.);
#221=FACE_OUTER_BOUND('',#343,.T.);
#222=FACE_OUTER_BOUND('',#344,.T.);
#223=EDGE_LOOP('',(#1311,#1312,#1313,#1314));
#224=EDGE_LOOP('',(#1315,#1316,#1317,#1318));
#225=EDGE_LOOP('',(#1319,#1320,#1321,#1322));
#226=EDGE_LOOP('',(#1323,#1324,#1325,#1326));
#227=EDGE_LOOP('',(#1327,#1328,#1329,#1330));
#228=EDGE_LOOP('',(#1331,#1332,#1333,#1334));
#229=EDGE_LOOP('',(#1335,#1336,#1337,#1338));
#230=EDGE_LOOP('',(#1339,#1340,#1341,#1342));
#231=EDGE_LOOP('',(#1343,#1344,#1345,#1346));
#232=EDGE_LOOP('',(#1347,#1348,#1349,#1350));
#233=EDGE_LOOP('',(#1351,#1352,#1353,#1354));
#234=EDGE_LOOP('',(#1355,#1356,#1357,#1358));
#235=EDGE_LOOP('',(#1359,#1360,#1361,#1362));
#236=EDGE_LOOP('',(#1363,#1364,#1365,#1366));
#237=EDGE_LOOP('',(#1367,#1368,#1369,#1370));
#238=EDGE_LOOP('',(#1371,#1372,#1373,#1374));
#239=EDGE_LOOP('',(#1375,#1376,#1377,#1378));
#240=EDGE_LOOP('',(#1379,#1380,#1381,#1382));
#241=EDGE_LOOP('',(#1383,#1384,#1385,#1386));
#242=EDGE_LOOP('',(#1387,#1388,#1389,#1390));
#243=EDGE_LOOP('',(#1391,#1392,#1393,#1394));
#244=EDGE_LOOP('',(#1395,#1396,#1397,#1398));
#245=EDGE_LOOP('',(#1399,#1400,#1401,#1402));
#246=EDGE_LOOP('',(#1403,#1404,#1405,#1406));
#247=EDGE_LOOP('',(#1407,#1408,#1409,#1410));
#248=EDGE_LOOP('',(#1411,#1412,#1413,#1414));
#249=EDGE_LOOP('',(#1415,#1416,#1417,#1418));
#250=EDGE_LOOP('',(#1419,#1420,#1421,#1422));
#251=EDGE_LOOP('',(#1423,#1424,#1425,#1426));
#252=EDGE_LOOP('',(#1427,#1428,#1429,#1430));
#253=EDGE_LOOP('',(#1431,#1432,#1433,#1434));
#254=EDGE_LOOP('',(#1435,#1436,#1437,#1438));
#255=EDGE_LOOP('',(#1439,#1440,#1441,#1442));
#256=EDGE_LOOP('',(#1443,#1444,#1445,#1446));
#257=EDGE_LOOP('',(#1447,#1448,#1449,#1450));
#258=EDGE_LOOP('',(#1451,#1452,#1453,#1454));
#259=EDGE_LOOP('',(#1455,#1456,#1457,#1458));
#260=EDGE_LOOP('',(#1459,#1460,#1461,#1462));
#261=EDGE_LOOP('',(#1463,#1464,#1465,#1466));
#262=EDGE_LOOP('',(#1467,#1468,#1469,#1470));
#263=EDGE_LOOP('',(#1471,#1472,#1473,#1474));
#264=EDGE_LOOP('',(#1475,#1476,#1477,#1478));
#265=EDGE_LOOP('',(#1479,#1480,#1481,#1482));
#266=EDGE_LOOP('',(#1483,#1484,#1485,#1486));
#267=EDGE_LOOP('',(#1487,#1488,#1489,#1490));
#268=EDGE_LOOP('',(#1491,#1492,#1493,#1494));
#269=EDGE_LOOP('',(#1495,#1496,#1497,#1498));
#270=EDGE_LOOP('',(#1499,#1500,#1501,#1502,#1503,#1504,#1505,#1506,#1507,
#1508,#1509,#1510));
#271=EDGE_LOOP('',(#1511,#1512,#1513,#1514));
#272=EDGE_LOOP('',(#1515,#1516,#1517,#1518));
#273=EDGE_LOOP('',(#1519,#1520,#1521,#1522,#1523,#1524,#1525,#1526,#1527,
#1528,#1529,#1530));
#274=EDGE_LOOP('',(#1531,#1532,#1533,#1534));
#275=EDGE_LOOP('',(#1535,#1536,#1537,#1538,#1539,#1540,#1541,#1542,#1543,
#1544,#1545,#1546));
#276=EDGE_LOOP('',(#1547,#1548,#1549,#1550));
#277=EDGE_LOOP('',(#1551,#1552,#1553,#1554));
#278=EDGE_LOOP('',(#1555,#1556,#1557,#1558));
#279=EDGE_LOOP('',(#1559,#1560,#1561,#1562,#1563,#1564,#1565,#1566,#1567,
#1568,#1569,#1570));
#280=EDGE_LOOP('',(#1571,#1572,#1573,#1574,#1575,#1576,#1577,#1578));
#281=EDGE_LOOP('',(#1579));
#282=EDGE_LOOP('',(#1580));
#283=EDGE_LOOP('',(#1581));
#284=EDGE_LOOP('',(#1582,#1583,#1584,#1585,#1586,#1587,#1588,#1589));
#285=EDGE_LOOP('',(#1590));
#286=EDGE_LOOP('',(#1591,#1592,#1593,#1594));
#287=EDGE_LOOP('',(#1595,#1596,#1597,#1598,#1599,#1600,#1601,#1602));
#288=EDGE_LOOP('',(#1603,#1604,#1605,#1606,#1607,#1608,#1609,#1610));
#289=EDGE_LOOP('',(#1611,#1612,#1613,#1614));
#290=EDGE_LOOP('',(#1615,#1616,#1617,#1618));
#291=EDGE_LOOP('',(#1619,#1620,#1621,#1622));
#292=EDGE_LOOP('',(#1623,#1624,#1625,#1626));
#293=EDGE_LOOP('',(#1627,#1628,#1629,#1630));
#294=EDGE_LOOP('',(#1631,#1632,#1633,#1634));
#295=EDGE_LOOP('',(#1635,#1636,#1637,#1638));
#296=EDGE_LOOP('',(#1639,#1640,#1641,#1642));
#297=EDGE_LOOP('',(#1643,#1644,#1645,#1646));
#298=EDGE_LOOP('',(#1647,#1648,#1649,#1650));
#299=EDGE_LOOP('',(#1651,#1652,#1653,#1654));
#300=EDGE_LOOP('',(#1655,#1656,#1657,#1658));
#301=EDGE_LOOP('',(#1659,#1660,#1661,#1662));
#302=EDGE_LOOP('',(#1663,#1664,#1665,#1666));
#303=EDGE_LOOP('',(#1667,#1668,#1669,#1670));
#304=EDGE_LOOP('',(#1671,#1672,#1673,#1674));
#305=EDGE_LOOP('',(#1675,#1676,#1677,#1678));
#306=EDGE_LOOP('',(#1679,#1680,#1681,#1682));
#307=EDGE_LOOP('',(#1683,#1684,#1685,#1686));
#308=EDGE_LOOP('',(#1687,#1688,#1689,#1690));
#309=EDGE_LOOP('',(#1691,#1692,#1693,#1694));
#310=EDGE_LOOP('',(#1695,#1696,#1697,#1698));
#311=EDGE_LOOP('',(#1699,#1700,#1701,#1702));
#312=EDGE_LOOP('',(#1703,#1704,#1705,#1706));
#313=EDGE_LOOP('',(#1707,#1708,#1709,#1710));
#314=EDGE_LOOP('',(#1711,#1712,#1713,#1714));
#315=EDGE_LOOP('',(#1715,#1716,#1717,#1718));
#316=EDGE_LOOP('',(#1719,#1720,#1721,#1722));
#317=EDGE_LOOP('',(#1723,#1724,#1725,#1726));
#318=EDGE_LOOP('',(#1727,#1728,#1729,#1730));
#319=EDGE_LOOP('',(#1731,#1732,#1733,#1734));
#320=EDGE_LOOP('',(#1735,#1736,#1737,#1738));
#321=EDGE_LOOP('',(#1739,#1740,#1741,#1742));
#322=EDGE_LOOP('',(#1743,#1744,#1745,#1746));
#323=EDGE_LOOP('',(#1747,#1748,#1749,#1750));
#324=EDGE_LOOP('',(#1751,#1752,#1753,#1754));
#325=EDGE_LOOP('',(#1755,#1756,#1757,#1758));
#326=EDGE_LOOP('',(#1759,#1760,#1761,#1762));
#327=EDGE_LOOP('',(#1763,#1764,#1765,#1766));
#328=EDGE_LOOP('',(#1767,#1768,#1769,#1770));
#329=EDGE_LOOP('',(#1771,#1772,#1773,#1774));
#330=EDGE_LOOP('',(#1775,#1776,#1777,#1778));
#331=EDGE_LOOP('',(#1779,#1780,#1781,#1782));
#332=EDGE_LOOP('',(#1783,#1784,#1785,#1786));
#333=EDGE_LOOP('',(#1787,#1788,#1789,#1790));
#334=EDGE_LOOP('',(#1791,#1792,#1793,#1794));
#335=EDGE_LOOP('',(#1795,#1796,#1797,#1798));
#336=EDGE_LOOP('',(#1799,#1800,#1801,#1802));
#337=EDGE_LOOP('',(#1803,#1804,#1805,#1806));
#338=EDGE_LOOP('',(#1807,#1808,#1809,#1810));
#339=EDGE_LOOP('',(#1811,#1812,#1813,#1814));
#340=EDGE_LOOP('',(#1815,#1816,#1817,#1818));
#341=EDGE_LOOP('',(#1819,#1820,#1821,#1822));
#342=EDGE_LOOP('',(#1823,#1824,#1825,#1826));
#343=EDGE_LOOP('',(#1827,#1828,#1829,#1830));
#344=EDGE_LOOP('',(#1831,#1832,#1833,#1834,#1835,#1836,#1837,#1838,#1839,
#1840,#1841,#1842));
#345=EDGE_LOOP('',(#1843,#1844,#1845,#1846,#1847,#1848,#1849,#1850));
#346=EDGE_LOOP('',(#1851));
#347=EDGE_LOOP('',(#1852));
#348=EDGE_LOOP('',(#1853));
#349=EDGE_LOOP('',(#1854,#1855,#1856,#1857,#1858,#1859,#1860,#1861));
#350=EDGE_LOOP('',(#1862));
#351=EDGE_LOOP('',(#1863,#1864,#1865,#1866));
#352=EDGE_LOOP('',(#1867,#1868,#1869,#1870,#1871,#1872,#1873,#1874));
#353=EDGE_LOOP('',(#1875,#1876,#1877,#1878,#1879,#1880,#1881,#1882));
#354=EDGE_LOOP('',(#1883,#1884,#1885,#1886));
#355=LINE('',#2804,#595);
#356=LINE('',#2806,#596);
#357=LINE('',#2808,#597);
#358=LINE('',#2809,#598);
#359=LINE('',#2812,#599);
#360=LINE('',#2814,#600);
#361=LINE('',#2815,#601);
#362=LINE('',#2818,#602);
#363=LINE('',#2820,#603);
#364=LINE('',#2821,#604);
#365=LINE('',#2823,#605);
#366=LINE('',#2824,#606);
#367=LINE('',#2829,#607);
#368=LINE('',#2831,#608);
#369=LINE('',#2833,#609);
#370=LINE('',#2834,#610);
#371=LINE('',#2837,#611);
#372=LINE('',#2839,#612);
#373=LINE('',#2840,#613);
#374=LINE('',#2843,#614);
#375=LINE('',#2845,#615);
#376=LINE('',#2846,#616);
#377=LINE('',#2848,#617);
#378=LINE('',#2849,#618);
#379=LINE('',#2850,#619);
#380=LINE('',#2851,#620);
#381=LINE('',#2856,#621);
#382=LINE('',#2858,#622);
#383=LINE('',#2860,#623);
#384=LINE('',#2861,#624);
#385=LINE('',#2864,#625);
#386=LINE('',#2866,#626);
#387=LINE('',#2867,#627);
#388=LINE('',#2869,#628);
#389=LINE('',#2870,#629);
#390=LINE('',#2872,#630);
#391=LINE('',#2873,#631);
#392=LINE('',#2878,#632);
#393=LINE('',#2880,#633);
#394=LINE('',#2882,#634);
#395=LINE('',#2883,#635);
#396=LINE('',#2886,#636);
#397=LINE('',#2888,#637);
#398=LINE('',#2889,#638);
#399=LINE('',#2891,#639);
#400=LINE('',#2892,#640);
#401=LINE('',#2894,#641);
#402=LINE('',#2895,#642);
#403=LINE('',#2900,#643);
#404=LINE('',#2902,#644);
#405=LINE('',#2904,#645);
#406=LINE('',#2905,#646);
#407=LINE('',#2908,#647);
#408=LINE('',#2910,#648);
#409=LINE('',#2911,#649);
#410=LINE('',#2914,#650);
#411=LINE('',#2916,#651);
#412=LINE('',#2917,#652);
#413=LINE('',#2919,#653);
#414=LINE('',#2920,#654);
#415=LINE('',#2925,#655);
#416=LINE('',#2927,#656);
#417=LINE('',#2929,#657);
#418=LINE('',#2930,#658);
#419=LINE('',#2933,#659);
#420=LINE('',#2935,#660);
#421=LINE('',#2936,#661);
#422=LINE('',#2939,#662);
#423=LINE('',#2941,#663);
#424=LINE('',#2942,#664);
#425=LINE('',#2944,#665);
#426=LINE('',#2945,#666);
#427=LINE('',#2950,#667);
#428=LINE('',#2952,#668);
#429=LINE('',#2954,#669);
#430=LINE('',#2955,#670);
#431=LINE('',#2958,#671);
#432=LINE('',#2960,#672);
#433=LINE('',#2961,#673);
#434=LINE('',#2964,#674);
#435=LINE('',#2966,#675);
#436=LINE('',#2967,#676);
#437=LINE('',#2969,#677);
#438=LINE('',#2970,#678);
#439=LINE('',#2975,#679);
#440=LINE('',#2977,#680);
#441=LINE('',#2979,#681);
#442=LINE('',#2980,#682);
#443=LINE('',#2983,#683);
#444=LINE('',#2985,#684);
#445=LINE('',#2986,#685);
#446=LINE('',#2989,#686);
#447=LINE('',#2991,#687);
#448=LINE('',#2992,#688);
#449=LINE('',#2995,#689);
#450=LINE('',#2997,#690);
#451=LINE('',#2998,#691);
#452=LINE('',#3001,#692);
#453=LINE('',#3003,#693);
#454=LINE('',#3004,#694);
#455=LINE('',#3007,#695);
#456=LINE('',#3009,#696);
#457=LINE('',#3010,#697);
#458=LINE('',#3013,#698);
#459=LINE('',#3015,#699);
#460=LINE('',#3016,#700);
#461=LINE('',#3019,#701);
#462=LINE('',#3021,#702);
#463=LINE('',#3022,#703);
#464=LINE('',#3025,#704);
#465=LINE('',#3027,#705);
#466=LINE('',#3028,#706);
#467=LINE('',#3031,#707);
#468=LINE('',#3033,#708);
#469=LINE('',#3034,#709);
#470=LINE('',#3037,#710);
#471=LINE('',#3039,#711);
#472=LINE('',#3040,#712);
#473=LINE('',#3042,#713);
#474=LINE('',#3043,#714);
#475=LINE('',#3050,#715);
#476=LINE('',#3053,#716);
#477=LINE('',#3056,#717);
#478=LINE('',#3058,#718);
#479=LINE('',#3059,#719);
#480=LINE('',#3062,#720);
#481=LINE('',#3066,#721);
#482=LINE('',#3070,#722);
#483=LINE('',#3074,#723);
#484=LINE('',#3076,#724);
#485=LINE('',#3078,#725);
#486=LINE('',#3079,#726);
#487=LINE('',#3084,#727);
#488=LINE('',#3088,#728);
#489=LINE('',#3092,#729);
#490=LINE('',#3095,#730);
#491=LINE('',#3106,#731);
#492=LINE('',#3110,#732);
#493=LINE('',#3114,#733);
#494=LINE('',#3117,#734);
#495=LINE('',#3122,#735);
#496=LINE('',#3124,#736);
#497=LINE('',#3126,#737);
#498=LINE('',#3127,#738);
#499=LINE('',#3132,#739);
#500=LINE('',#3136,#740);
#501=LINE('',#3140,#741);
#502=LINE('',#3143,#742);
#503=LINE('',#3148,#743);
#504=LINE('',#3152,#744);
#505=LINE('',#3156,#745);
#506=LINE('',#3159,#746);
#507=LINE('',#3162,#747);
#508=LINE('',#3164,#748);
#509=LINE('',#3166,#749);
#510=LINE('',#3167,#750);
#511=LINE('',#3172,#751);
#512=LINE('',#3173,#752);
#513=LINE('',#3176,#753);
#514=LINE('',#3177,#754);
#515=LINE('',#3181,#755);
#516=LINE('',#3184,#756);
#517=LINE('',#3185,#757);
#518=LINE('',#3189,#758);
#519=LINE('',#3192,#759);
#520=LINE('',#3194,#760);
#521=LINE('',#3195,#761);
#522=LINE('',#3198,#762);
#523=LINE('',#3199,#763);
#524=LINE('',#3202,#764);
#525=LINE('',#3203,#765);
#526=LINE('',#3205,#766);
#527=LINE('',#3208,#767);
#528=LINE('',#3210,#768);
#529=LINE('',#3211,#769);
#530=LINE('',#3215,#770);
#531=LINE('',#3218,#771);
#532=LINE('',#3219,#772);
#533=LINE('',#3223,#773);
#534=LINE('',#3226,#774);
#535=LINE('',#3227,#775);
#536=LINE('',#3231,#776);
#537=LINE('',#3234,#777);
#538=LINE('',#3235,#778);
#539=LINE('',#3240,#779);
#540=LINE('',#3242,#780);
#541=LINE('',#3243,#781);
#542=LINE('',#3247,#782);
#543=LINE('',#3250,#783);
#544=LINE('',#3251,#784);
#545=LINE('',#3255,#785);
#546=LINE('',#3258,#786);
#547=LINE('',#3259,#787);
#548=LINE('',#3263,#788);
#549=LINE('',#3266,#789);
#550=LINE('',#3267,#790);
#551=LINE('',#3272,#791);
#552=LINE('',#3274,#792);
#553=LINE('',#3275,#793);
#554=LINE('',#3278,#794);
#555=LINE('',#3279,#795);
#556=LINE('',#3282,#796);
#557=LINE('',#3283,#797);
#558=LINE('',#3285,#798);
#559=LINE('',#3289,#799);
#560=LINE('',#3292,#800);
#561=LINE('',#3294,#801);
#562=LINE('',#3295,#802);
#563=LINE('',#3299,#803);
#564=LINE('',#3302,#804);
#565=LINE('',#3303,#805);
#566=LINE('',#3307,#806);
#567=LINE('',#3310,#807);
#568=LINE('',#3311,#808);
#569=LINE('',#3315,#809);
#570=LINE('',#3318,#810);
#571=LINE('',#3319,#811);
#572=LINE('',#3325,#812);
#573=LINE('',#3329,#813);
#574=LINE('',#3333,#814);
#575=LINE('',#3336,#815);
#576=LINE('',#3338,#816);
#577=LINE('',#3339,#817);
#578=LINE('',#3343,#818);
#579=LINE('',#3346,#819);
#580=LINE('',#3347,#820);
#581=LINE('',#3351,#821);
#582=LINE('',#3354,#822);
#583=LINE('',#3355,#823);
#584=LINE('',#3359,#824);
#585=LINE('',#3362,#825);
#586=LINE('',#3363,#826);
#587=LINE('',#3368,#827);
#588=LINE('',#3370,#828);
#589=LINE('',#3371,#829);
#590=LINE('',#3374,#830);
#591=LINE('',#3375,#831);
#592=LINE('',#3377,#832);
#593=LINE('',#3379,#833);
#594=LINE('',#3381,#834);
#595=VECTOR('',#2251,10.);
#596=VECTOR('',#2252,10.);
#597=VECTOR('',#2253,10.);
#598=VECTOR('',#2254,10.);
#599=VECTOR('',#2257,10.);
#600=VECTOR('',#2258,10.);
#601=VECTOR('',#2259,10.);
#602=VECTOR('',#2262,10.);
#603=VECTOR('',#2263,10.);
#604=VECTOR('',#2264,10.);
#605=VECTOR('',#2267,10.);
#606=VECTOR('',#2268,10.);
#607=VECTOR('',#2273,10.);
#608=VECTOR('',#2274,10.);
#609=VECTOR('',#2275,10.);
#610=VECTOR('',#2276,10.);
#611=VECTOR('',#2279,10.);
#612=VECTOR('',#2280,10.);
#613=VECTOR('',#2281,10.);
#614=VECTOR('',#2284,10.);
#615=VECTOR('',#2285,10.);
#616=VECTOR('',#2286,10.);
#617=VECTOR('',#2289,10.);
#618=VECTOR('',#2290,10.);
#619=VECTOR('',#2291,10.);
#620=VECTOR('',#2292,10.);
#621=VECTOR('',#2297,10.);
#622=VECTOR('',#2298,10.);
#623=VECTOR('',#2299,10.);
#624=VECTOR('',#2300,10.);
#625=VECTOR('',#2303,10.);
#626=VECTOR('',#2304,10.);
#627=VECTOR('',#2305,10.);
#628=VECTOR('',#2308,10.);
#629=VECTOR('',#2309,10.);
#630=VECTOR('',#2312,10.);
#631=VECTOR('',#2313,10.);
#632=VECTOR('',#2318,10.);
#633=VECTOR('',#2319,10.);
#634=VECTOR('',#2320,10.);
#635=VECTOR('',#2321,10.);
#636=VECTOR('',#2324,10.);
#637=VECTOR('',#2325,10.);
#638=VECTOR('',#2326,10.);
#639=VECTOR('',#2329,10.);
#640=VECTOR('',#2330,10.);
#641=VECTOR('',#2333,10.);
#642=VECTOR('',#2334,10.);
#643=VECTOR('',#2339,10.);
#644=VECTOR('',#2340,10.);
#645=VECTOR('',#2341,10.);
#646=VECTOR('',#2342,10.);
#647=VECTOR('',#2345,10.);
#648=VECTOR('',#2346,10.);
#649=VECTOR('',#2347,10.);
#650=VECTOR('',#2350,10.);
#651=VECTOR('',#2351,10.);
#652=VECTOR('',#2352,10.);
#653=VECTOR('',#2355,10.);
#654=VECTOR('',#2356,10.);
#655=VECTOR('',#2361,10.);
#656=VECTOR('',#2362,10.);
#657=VECTOR('',#2363,10.);
#658=VECTOR('',#2364,10.);
#659=VECTOR('',#2367,10.);
#660=VECTOR('',#2368,10.);
#661=VECTOR('',#2369,10.);
#662=VECTOR('',#2372,10.);
#663=VECTOR('',#2373,10.);
#664=VECTOR('',#2374,10.);
#665=VECTOR('',#2377,10.);
#666=VECTOR('',#2378,10.);
#667=VECTOR('',#2383,10.);
#668=VECTOR('',#2384,10.);
#669=VECTOR('',#2385,10.);
#670=VECTOR('',#2386,10.);
#671=VECTOR('',#2389,10.);
#672=VECTOR('',#2390,10.);
#673=VECTOR('',#2391,10.);
#674=VECTOR('',#2394,10.);
#675=VECTOR('',#2395,10.);
#676=VECTOR('',#2396,10.);
#677=VECTOR('',#2399,10.);
#678=VECTOR('',#2400,10.);
#679=VECTOR('',#2405,10.);
#680=VECTOR('',#2406,10.);
#681=VECTOR('',#2407,10.);
#682=VECTOR('',#2408,10.);
#683=VECTOR('',#2411,10.);
#684=VECTOR('',#2412,10.);
#685=VECTOR('',#2413,10.);
#686=VECTOR('',#2416,10.);
#687=VECTOR('',#2417,10.);
#688=VECTOR('',#2418,10.);
#689=VECTOR('',#2421,10.);
#690=VECTOR('',#2422,10.);
#691=VECTOR('',#2423,10.);
#692=VECTOR('',#2426,10.);
#693=VECTOR('',#2427,10.);
#694=VECTOR('',#2428,10.);
#695=VECTOR('',#2431,10.);
#696=VECTOR('',#2432,10.);
#697=VECTOR('',#2433,10.);
#698=VECTOR('',#2436,10.);
#699=VECTOR('',#2437,10.);
#700=VECTOR('',#2438,10.);
#701=VECTOR('',#2441,10.);
#702=VECTOR('',#2442,10.);
#703=VECTOR('',#2443,10.);
#704=VECTOR('',#2446,10.);
#705=VECTOR('',#2447,10.);
#706=VECTOR('',#2448,10.);
#707=VECTOR('',#2451,10.);
#708=VECTOR('',#2452,10.);
#709=VECTOR('',#2453,10.);
#710=VECTOR('',#2456,10.);
#711=VECTOR('',#2457,10.);
#712=VECTOR('',#2458,10.);
#713=VECTOR('',#2461,10.);
#714=VECTOR('',#2462,10.);
#715=VECTOR('',#2469,10.);
#716=VECTOR('',#2472,10.);
#717=VECTOR('',#2475,10.);
#718=VECTOR('',#2476,10.);
#719=VECTOR('',#2477,10.);
#720=VECTOR('',#2480,10.);
#721=VECTOR('',#2483,10.);
#722=VECTOR('',#2486,10.);
#723=VECTOR('',#2489,10.);
#724=VECTOR('',#2490,10.);
#725=VECTOR('',#2491,10.);
#726=VECTOR('',#2492,10.);
#727=VECTOR('',#2495,10.);
#728=VECTOR('',#2498,10.);
#729=VECTOR('',#2501,10.);
#730=VECTOR('',#2504,10.);
#731=VECTOR('',#2513,10.);
#732=VECTOR('',#2516,10.);
#733=VECTOR('',#2519,10.);
#734=VECTOR('',#2522,10.);
#735=VECTOR('',#2525,10.);
#736=VECTOR('',#2526,10.);
#737=VECTOR('',#2527,10.);
#738=VECTOR('',#2528,10.);
#739=VECTOR('',#2531,10.);
#740=VECTOR('',#2534,10.);
#741=VECTOR('',#2537,10.);
#742=VECTOR('',#2540,10.);
#743=VECTOR('',#2543,10.);
#744=VECTOR('',#2546,10.);
#745=VECTOR('',#2549,10.);
#746=VECTOR('',#2552,10.);
#747=VECTOR('',#2553,10.);
#748=VECTOR('',#2554,10.);
#749=VECTOR('',#2555,10.);
#750=VECTOR('',#2556,10.);
#751=VECTOR('',#2561,10.);
#752=VECTOR('',#2562,10.);
#753=VECTOR('',#2565,10.);
#754=VECTOR('',#2566,10.);
#755=VECTOR('',#2571,10.);
#756=VECTOR('',#2574,10.);
#757=VECTOR('',#2575,10.);
#758=VECTOR('',#2580,10.);
#759=VECTOR('',#2583,10.);
#760=VECTOR('',#2584,10.);
#761=VECTOR('',#2585,10.);
#762=VECTOR('',#2588,10.);
#763=VECTOR('',#2589,10.);
#764=VECTOR('',#2592,10.);
#765=VECTOR('',#2593,10.);
#766=VECTOR('',#2596,10.);
#767=VECTOR('',#2599,10.);
#768=VECTOR('',#2600,10.);
#769=VECTOR('',#2601,10.);
#770=VECTOR('',#2606,10.);
#771=VECTOR('',#2609,10.);
#772=VECTOR('',#2610,10.);
#773=VECTOR('',#2615,10.);
#774=VECTOR('',#2618,10.);
#775=VECTOR('',#2619,10.);
#776=VECTOR('',#2624,10.);
#777=VECTOR('',#2627,10.);
#778=VECTOR('',#2628,10.);
#779=VECTOR('',#2635,10.);
#780=VECTOR('',#2636,10.);
#781=VECTOR('',#2637,10.);
#782=VECTOR('',#2642,10.);
#783=VECTOR('',#2645,10.);
#784=VECTOR('',#2646,10.);
#785=VECTOR('',#2651,10.);
#786=VECTOR('',#2654,10.);
#787=VECTOR('',#2655,10.);
#788=VECTOR('',#2660,10.);
#789=VECTOR('',#2663,10.);
#790=VECTOR('',#2664,10.);
#791=VECTOR('',#2671,10.);
#792=VECTOR('',#2672,10.);
#793=VECTOR('',#2673,10.);
#794=VECTOR('',#2676,10.);
#795=VECTOR('',#2677,10.);
#796=VECTOR('',#2680,10.);
#797=VECTOR('',#2681,10.);
#798=VECTOR('',#2684,10.);
#799=VECTOR('',#2689,1.7);
#800=VECTOR('',#2692,10.);
#801=VECTOR('',#2693,10.);
#802=VECTOR('',#2694,10.);
#803=VECTOR('',#2699,10.);
#804=VECTOR('',#2702,10.);
#805=VECTOR('',#2703,10.);
#806=VECTOR('',#2708,10.);
#807=VECTOR('',#2711,10.);
#808=VECTOR('',#2712,10.);
#809=VECTOR('',#2717,10.);
#810=VECTOR('',#2720,10.);
#811=VECTOR('',#2721,10.);
#812=VECTOR('',#2730,1.7);
#813=VECTOR('',#2735,1.7);
#814=VECTOR('',#2740,1.7);
#815=VECTOR('',#2743,10.);
#816=VECTOR('',#2744,10.);
#817=VECTOR('',#2745,10.);
#818=VECTOR('',#2750,10.);
#819=VECTOR('',#2753,10.);
#820=VECTOR('',#2754,10.);
#821=VECTOR('',#2759,10.);
#822=VECTOR('',#2762,10.);
#823=VECTOR('',#2763,10.);
#824=VECTOR('',#2768,10.);
#825=VECTOR('',#2771,10.);
#826=VECTOR('',#2772,10.);
#827=VECTOR('',#2779,10.);
#828=VECTOR('',#2780,10.);
#829=VECTOR('',#2781,10.);
#830=VECTOR('',#2784,10.);
#831=VECTOR('',#2785,10.);
#832=VECTOR('',#2788,10.);
#833=VECTOR('',#2791,10.);
#834=VECTOR('',#2794,10.);
#835=VERTEX_POINT('',#2802);
#836=VERTEX_POINT('',#2803);
#837=VERTEX_POINT('',#2805);
#838=VERTEX_POINT('',#2807);
#839=VERTEX_POINT('',#2811);
#840=VERTEX_POINT('',#2813);
#841=VERTEX_POINT('',#2817);
#842=VERTEX_POINT('',#2819);
#843=VERTEX_POINT('',#2827);
#844=VERTEX_POINT('',#2828);
#845=VERTEX_POINT('',#2830);
#846=VERTEX_POINT('',#2832);
#847=VERTEX_POINT('',#2836);
#848=VERTEX_POINT('',#2838);
#849=VERTEX_POINT('',#2842);
#850=VERTEX_POINT('',#2844);
#851=VERTEX_POINT('',#2854);
#852=VERTEX_POINT('',#2855);
#853=VERTEX_POINT('',#2857);
#854=VERTEX_POINT('',#2859);
#855=VERTEX_POINT('',#2863);
#856=VERTEX_POINT('',#2865);
#857=VERTEX_POINT('',#2876);
#858=VERTEX_POINT('',#2877);
#859=VERTEX_POINT('',#2879);
#860=VERTEX_POINT('',#2881);
#861=VERTEX_POINT('',#2885);
#862=VERTEX_POINT('',#2887);
#863=VERTEX_POINT('',#2898);
#864=VERTEX_POINT('',#2899);
#865=VERTEX_POINT('',#2901);
#866=VERTEX_POINT('',#2903);
#867=VERTEX_POINT('',#2907);
#868=VERTEX_POINT('',#2909);
#869=VERTEX_POINT('',#2913);
#870=VERTEX_POINT('',#2915);
#871=VERTEX_POINT('',#2923);
#872=VERTEX_POINT('',#2924);
#873=VERTEX_POINT('',#2926);
#874=VERTEX_POINT('',#2928);
#875=VERTEX_POINT('',#2932);
#876=VERTEX_POINT('',#2934);
#877=VERTEX_POINT('',#2938);
#878=VERTEX_POINT('',#2940);
#879=VERTEX_POINT('',#2948);
#880=VERTEX_POINT('',#2949);
#881=VERTEX_POINT('',#2951);
#882=VERTEX_POINT('',#2953);
#883=VERTEX_POINT('',#2957);
#884=VERTEX_POINT('',#2959);
#885=VERTEX_POINT('',#2963);
#886=VERTEX_POINT('',#2965);
#887=VERTEX_POINT('',#2973);
#888=VERTEX_POINT('',#2974);
#889=VERTEX_POINT('',#2976);
#890=VERTEX_POINT('',#2978);
#891=VERTEX_POINT('',#2982);
#892=VERTEX_POINT('',#2984);
#893=VERTEX_POINT('',#2988);
#894=VERTEX_POINT('',#2990);
#895=VERTEX_POINT('',#2994);
#896=VERTEX_POINT('',#2996);
#897=VERTEX_POINT('',#3000);
#898=VERTEX_POINT('',#3002);
#899=VERTEX_POINT('',#3006);
#900=VERTEX_POINT('',#3008);
#901=VERTEX_POINT('',#3012);
#902=VERTEX_POINT('',#3014);
#903=VERTEX_POINT('',#3018);
#904=VERTEX_POINT('',#3020);
#905=VERTEX_POINT('',#3024);
#906=VERTEX_POINT('',#3026);
#907=VERTEX_POINT('',#3030);
#908=VERTEX_POINT('',#3032);
#909=VERTEX_POINT('',#3036);
#910=VERTEX_POINT('',#3038);
#911=VERTEX_POINT('',#3046);
#912=VERTEX_POINT('',#3047);
#913=VERTEX_POINT('',#3049);
#914=VERTEX_POINT('',#3051);
#915=VERTEX_POINT('',#3055);
#916=VERTEX_POINT('',#3057);
#917=VERTEX_POINT('',#3061);
#918=VERTEX_POINT('',#3063);
#919=VERTEX_POINT('',#3065);
#920=VERTEX_POINT('',#3067);
#921=VERTEX_POINT('',#3069);
#922=VERTEX_POINT('',#3071);
#923=VERTEX_POINT('',#3073);
#924=VERTEX_POINT('',#3075);
#925=VERTEX_POINT('',#3077);
#926=VERTEX_POINT('',#3080);
#927=VERTEX_POINT('',#3081);
#928=VERTEX_POINT('',#3083);
#929=VERTEX_POINT('',#3085);
#930=VERTEX_POINT('',#3087);
#931=VERTEX_POINT('',#3089);
#932=VERTEX_POINT('',#3091);
#933=VERTEX_POINT('',#3093);
#934=VERTEX_POINT('',#3096);
#935=VERTEX_POINT('',#3098);
#936=VERTEX_POINT('',#3100);
#937=VERTEX_POINT('',#3102);
#938=VERTEX_POINT('',#3103);
#939=VERTEX_POINT('',#3105);
#940=VERTEX_POINT('',#3107);
#941=VERTEX_POINT('',#3109);
#942=VERTEX_POINT('',#3111);
#943=VERTEX_POINT('',#3113);
#944=VERTEX_POINT('',#3115);
#945=VERTEX_POINT('',#3118);
#946=VERTEX_POINT('',#3120);
#947=VERTEX_POINT('',#3121);
#948=VERTEX_POINT('',#3123);
#949=VERTEX_POINT('',#3125);
#950=VERTEX_POINT('',#3128);
#951=VERTEX_POINT('',#3129);
#952=VERTEX_POINT('',#3131);
#953=VERTEX_POINT('',#3133);
#954=VERTEX_POINT('',#3135);
#955=VERTEX_POINT('',#3137);
#956=VERTEX_POINT('',#3139);
#957=VERTEX_POINT('',#3141);
#958=VERTEX_POINT('',#3144);
#959=VERTEX_POINT('',#3145);
#960=VERTEX_POINT('',#3147);
#961=VERTEX_POINT('',#3149);
#962=VERTEX_POINT('',#3151);
#963=VERTEX_POINT('',#3153);
#964=VERTEX_POINT('',#3155);
#965=VERTEX_POINT('',#3157);
#966=VERTEX_POINT('',#3160);
#967=VERTEX_POINT('',#3161);
#968=VERTEX_POINT('',#3163);
#969=VERTEX_POINT('',#3165);
#970=VERTEX_POINT('',#3169);
#971=VERTEX_POINT('',#3170);
#972=VERTEX_POINT('',#3175);
#973=VERTEX_POINT('',#3179);
#974=VERTEX_POINT('',#3183);
#975=VERTEX_POINT('',#3187);
#976=VERTEX_POINT('',#3191);
#977=VERTEX_POINT('',#3193);
#978=VERTEX_POINT('',#3197);
#979=VERTEX_POINT('',#3201);
#980=VERTEX_POINT('',#3207);
#981=VERTEX_POINT('',#3209);
#982=VERTEX_POINT('',#3213);
#983=VERTEX_POINT('',#3217);
#984=VERTEX_POINT('',#3221);
#985=VERTEX_POINT('',#3225);
#986=VERTEX_POINT('',#3229);
#987=VERTEX_POINT('',#3233);
#988=VERTEX_POINT('',#3239);
#989=VERTEX_POINT('',#3241);
#990=VERTEX_POINT('',#3245);
#991=VERTEX_POINT('',#3249);
#992=VERTEX_POINT('',#3253);
#993=VERTEX_POINT('',#3257);
#994=VERTEX_POINT('',#3261);
#995=VERTEX_POINT('',#3265);
#996=VERTEX_POINT('',#3271);
#997=VERTEX_POINT('',#3273);
#998=VERTEX_POINT('',#3277);
#999=VERTEX_POINT('',#3281);
#1000=VERTEX_POINT('',#3287);
#1001=VERTEX_POINT('',#3291);
#1002=VERTEX_POINT('',#3293);
#1003=VERTEX_POINT('',#3297);
#1004=VERTEX_POINT('',#3301);
#1005=VERTEX_POINT('',#3305);
#1006=VERTEX_POINT('',#3309);
#1007=VERTEX_POINT('',#3313);
#1008=VERTEX_POINT('',#3317);
#1009=VERTEX_POINT('',#3323);
#1010=VERTEX_POINT('',#3327);
#1011=VERTEX_POINT('',#3331);
#1012=VERTEX_POINT('',#3335);
#1013=VERTEX_POINT('',#3337);
#1014=VERTEX_POINT('',#3341);
#1015=VERTEX_POINT('',#3345);
#1016=VERTEX_POINT('',#3349);
#1017=VERTEX_POINT('',#3353);
#1018=VERTEX_POINT('',#3357);
#1019=VERTEX_POINT('',#3361);
#1020=VERTEX_POINT('',#3367);
#1021=VERTEX_POINT('',#3369);
#1022=VERTEX_POINT('',#3373);
#1023=EDGE_CURVE('',#835,#836,#355,.T.);
#1024=EDGE_CURVE('',#835,#837,#356,.T.);
#1025=EDGE_CURVE('',#837,#838,#357,.T.);
#1026=EDGE_CURVE('',#836,#838,#358,.T.);
#1027=EDGE_CURVE('',#839,#835,#359,.T.);
#1028=EDGE_CURVE('',#839,#840,#360,.T.);
#1029=EDGE_CURVE('',#840,#837,#361,.T.);
#1030=EDGE_CURVE('',#841,#839,#362,.T.);
#1031=EDGE_CURVE('',#841,#842,#363,.T.);
#1032=EDGE_CURVE('',#842,#840,#364,.T.);
#1033=EDGE_CURVE('',#836,#841,#365,.T.);
#1034=EDGE_CURVE('',#838,#842,#366,.T.);
#1035=EDGE_CURVE('',#843,#844,#367,.T.);
#1036=EDGE_CURVE('',#843,#845,#368,.T.);
#1037=EDGE_CURVE('',#845,#846,#369,.T.);
#1038=EDGE_CURVE('',#844,#846,#370,.T.);
#1039=EDGE_CURVE('',#847,#843,#371,.T.);
#1040=EDGE_CURVE('',#847,#848,#372,.T.);
#1041=EDGE_CURVE('',#848,#845,#373,.T.);
#1042=EDGE_CURVE('',#849,#847,#374,.T.);
#1043=EDGE_CURVE('',#849,#850,#375,.T.);
#1044=EDGE_CURVE('',#850,#848,#376,.T.);
#1045=EDGE_CURVE('',#844,#849,#377,.T.);
#1046=EDGE_CURVE('',#844,#846,#378,.T.);
#1047=EDGE_CURVE('',#846,#850,#379,.T.);
#1048=EDGE_CURVE('',#849,#850,#380,.T.);
#1049=EDGE_CURVE('',#851,#852,#381,.T.);
#1050=EDGE_CURVE('',#851,#853,#382,.T.);
#1051=EDGE_CURVE('',#853,#854,#383,.T.);
#1052=EDGE_CURVE('',#852,#854,#384,.T.);
#1053=EDGE_CURVE('',#855,#851,#385,.T.);
#1054=EDGE_CURVE('',#855,#856,#386,.T.);
#1055=EDGE_CURVE('',#856,#853,#387,.T.);
#1056=EDGE_CURVE('',#844,#855,#388,.T.);
#1057=EDGE_CURVE('',#846,#856,#389,.T.);
#1058=EDGE_CURVE('',#852,#844,#390,.T.);
#1059=EDGE_CURVE('',#854,#846,#391,.T.);
#1060=EDGE_CURVE('',#857,#858,#392,.T.);
#1061=EDGE_CURVE('',#857,#859,#393,.T.);
#1062=EDGE_CURVE('',#859,#860,#394,.T.);
#1063=EDGE_CURVE('',#858,#860,#395,.T.);
#1064=EDGE_CURVE('',#861,#857,#396,.T.);
#1065=EDGE_CURVE('',#861,#862,#397,.T.);
#1066=EDGE_CURVE('',#862,#859,#398,.T.);
#1067=EDGE_CURVE('',#849,#861,#399,.T.);
#1068=EDGE_CURVE('',#850,#862,#400,.T.);
#1069=EDGE_CURVE('',#858,#849,#401,.T.);
#1070=EDGE_CURVE('',#860,#850,#402,.T.);
#1071=EDGE_CURVE('',#863,#864,#403,.T.);
#1072=EDGE_CURVE('',#863,#865,#404,.T.);
#1073=EDGE_CURVE('',#865,#866,#405,.T.);
#1074=EDGE_CURVE('',#864,#866,#406,.T.);
#1075=EDGE_CURVE('',#867,#863,#407,.T.);
#1076=EDGE_CURVE('',#867,#868,#408,.T.);
#1077=EDGE_CURVE('',#868,#865,#409,.T.);
#1078=EDGE_CURVE('',#869,#867,#410,.T.);
#1079=EDGE_CURVE('',#869,#870,#411,.T.);
#1080=EDGE_CURVE('',#870,#868,#412,.T.);
#1081=EDGE_CURVE('',#864,#869,#413,.T.);
#1082=EDGE_CURVE('',#866,#870,#414,.T.);
#1083=EDGE_CURVE('',#871,#872,#415,.T.);
#1084=EDGE_CURVE('',#871,#873,#416,.T.);
#1085=EDGE_CURVE('',#873,#874,#417,.T.);
#1086=EDGE_CURVE('',#872,#874,#418,.T.);
#1087=EDGE_CURVE('',#875,#871,#419,.T.);
#1088=EDGE_CURVE('',#875,#876,#420,.T.);
#1089=EDGE_CURVE('',#876,#873,#421,.T.);
#1090=EDGE_CURVE('',#877,#875,#422,.T.);
#1091=EDGE_CURVE('',#877,#878,#423,.T.);
#1092=EDGE_CURVE('',#878,#876,#424,.T.);
#1093=EDGE_CURVE('',#872,#877,#425,.T.);
#1094=EDGE_CURVE('',#874,#878,#426,.T.);
#1095=EDGE_CURVE('',#879,#880,#427,.T.);
#1096=EDGE_CURVE('',#879,#881,#428,.T.);
#1097=EDGE_CURVE('',#881,#882,#429,.T.);
#1098=EDGE_CURVE('',#880,#882,#430,.T.);
#1099=EDGE_CURVE('',#883,#879,#431,.T.);
#1100=EDGE_CURVE('',#883,#884,#432,.T.);
#1101=EDGE_CURVE('',#884,#881,#433,.T.);
#1102=EDGE_CURVE('',#885,#883,#434,.T.);
#1103=EDGE_CURVE('',#885,#886,#435,.T.);
#1104=EDGE_CURVE('',#886,#884,#436,.T.);
#1105=EDGE_CURVE('',#880,#885,#437,.T.);
#1106=EDGE_CURVE('',#882,#886,#438,.T.);
#1107=EDGE_CURVE('',#887,#888,#439,.T.);
#1108=EDGE_CURVE('',#887,#889,#440,.T.);
#1109=EDGE_CURVE('',#889,#890,#441,.T.);
#1110=EDGE_CURVE('',#888,#890,#442,.T.);
#1111=EDGE_CURVE('',#891,#887,#443,.T.);
#1112=EDGE_CURVE('',#891,#892,#444,.T.);
#1113=EDGE_CURVE('',#892,#889,#445,.T.);
#1114=EDGE_CURVE('',#893,#891,#446,.T.);
#1115=EDGE_CURVE('',#893,#894,#447,.T.);
#1116=EDGE_CURVE('',#894,#892,#448,.T.);
#1117=EDGE_CURVE('',#895,#893,#449,.T.);
#1118=EDGE_CURVE('',#895,#896,#450,.T.);
#1119=EDGE_CURVE('',#896,#894,#451,.T.);
#1120=EDGE_CURVE('',#897,#895,#452,.T.);
#1121=EDGE_CURVE('',#897,#898,#453,.T.);
#1122=EDGE_CURVE('',#898,#896,#454,.T.);
#1123=EDGE_CURVE('',#899,#897,#455,.T.);
#1124=EDGE_CURVE('',#899,#900,#456,.T.);
#1125=EDGE_CURVE('',#900,#898,#457,.T.);
#1126=EDGE_CURVE('',#901,#899,#458,.T.);
#1127=EDGE_CURVE('',#901,#902,#459,.T.);
#1128=EDGE_CURVE('',#902,#900,#460,.T.);
#1129=EDGE_CURVE('',#903,#901,#461,.T.);
#1130=EDGE_CURVE('',#903,#904,#462,.T.);
#1131=EDGE_CURVE('',#904,#902,#463,.T.);
#1132=EDGE_CURVE('',#905,#903,#464,.T.);
#1133=EDGE_CURVE('',#905,#906,#465,.T.);
#1134=EDGE_CURVE('',#906,#904,#466,.T.);
#1135=EDGE_CURVE('',#907,#905,#467,.T.);
#1136=EDGE_CURVE('',#907,#908,#468,.T.);
#1137=EDGE_CURVE('',#908,#906,#469,.T.);
#1138=EDGE_CURVE('',#909,#907,#470,.T.);
#1139=EDGE_CURVE('',#909,#910,#471,.T.);
#1140=EDGE_CURVE('',#910,#908,#472,.T.);
#1141=EDGE_CURVE('',#888,#909,#473,.T.);
#1142=EDGE_CURVE('',#890,#910,#474,.T.);
#1143=EDGE_CURVE('',#911,#912,#45,.T.);
#1144=EDGE_CURVE('',#912,#913,#475,.T.);
#1145=EDGE_CURVE('',#913,#914,#46,.T.);
#1146=EDGE_CURVE('',#914,#911,#476,.T.);
#1147=EDGE_CURVE('',#915,#914,#477,.T.);
#1148=EDGE_CURVE('',#915,#916,#478,.T.);
#1149=EDGE_CURVE('',#911,#916,#479,.T.);
#1150=EDGE_CURVE('',#913,#917,#480,.T.);
#1151=EDGE_CURVE('',#918,#917,#47,.T.);
#1152=EDGE_CURVE('',#918,#919,#481,.T.);
#1153=EDGE_CURVE('',#920,#919,#48,.T.);
#1154=EDGE_CURVE('',#920,#921,#482,.T.);
#1155=EDGE_CURVE('',#922,#921,#49,.T.);
#1156=EDGE_CURVE('',#922,#923,#483,.T.);
#1157=EDGE_CURVE('',#923,#924,#484,.T.);
#1158=EDGE_CURVE('',#924,#925,#485,.T.);
#1159=EDGE_CURVE('',#925,#915,#486,.T.);
#1160=EDGE_CURVE('',#926,#927,#50,.T.);
#1161=EDGE_CURVE('',#928,#926,#487,.T.);
#1162=EDGE_CURVE('',#929,#928,#51,.T.);
#1163=EDGE_CURVE('',#930,#929,#488,.T.);
#1164=EDGE_CURVE('',#931,#930,#52,.T.);
#1165=EDGE_CURVE('',#932,#931,#489,.T.);
#1166=EDGE_CURVE('',#933,#932,#53,.T.);
#1167=EDGE_CURVE('',#927,#933,#490,.T.);
#1168=EDGE_CURVE('',#934,#934,#54,.T.);
#1169=EDGE_CURVE('',#935,#935,#55,.T.);
#1170=EDGE_CURVE('',#936,#936,#56,.T.);
#1171=EDGE_CURVE('',#937,#938,#57,.T.);
#1172=EDGE_CURVE('',#939,#937,#491,.T.);
#1173=EDGE_CURVE('',#940,#939,#58,.T.);
#1174=EDGE_CURVE('',#941,#940,#492,.T.);
#1175=EDGE_CURVE('',#942,#941,#59,.T.);
#1176=EDGE_CURVE('',#943,#942,#493,.T.);
#1177=EDGE_CURVE('',#944,#943,#60,.T.);
#1178=EDGE_CURVE('',#938,#944,#494,.T.);
#1179=EDGE_CURVE('',#945,#945,#61,.T.);
#1180=EDGE_CURVE('',#946,#947,#495,.T.);
#1181=EDGE_CURVE('',#948,#946,#496,.T.);
#1182=EDGE_CURVE('',#949,#948,#497,.T.);
#1183=EDGE_CURVE('',#947,#949,#498,.T.);
#1184=EDGE_CURVE('',#950,#951,#62,.T.);
#1185=EDGE_CURVE('',#952,#950,#499,.T.);
#1186=EDGE_CURVE('',#953,#952,#63,.T.);
#1187=EDGE_CURVE('',#954,#953,#500,.T.);
#1188=EDGE_CURVE('',#955,#954,#64,.T.);
#1189=EDGE_CURVE('',#956,#955,#501,.T.);
#1190=EDGE_CURVE('',#957,#956,#65,.T.);
#1191=EDGE_CURVE('',#951,#957,#502,.T.);
#1192=EDGE_CURVE('',#958,#959,#66,.T.);
#1193=EDGE_CURVE('',#960,#958,#503,.T.);
#1194=EDGE_CURVE('',#961,#960,#67,.T.);
#1195=EDGE_CURVE('',#962,#961,#504,.T.);
#1196=EDGE_CURVE('',#963,#962,#68,.T.);
#1197=EDGE_CURVE('',#964,#963,#505,.T.);
#1198=EDGE_CURVE('',#965,#964,#69,.T.);
#1199=EDGE_CURVE('',#959,#965,#506,.T.);
#1200=EDGE_CURVE('',#966,#967,#507,.T.);
#1201=EDGE_CURVE('',#968,#966,#508,.T.);
#1202=EDGE_CURVE('',#969,#968,#509,.T.);
#1203=EDGE_CURVE('',#967,#969,#510,.T.);
#1204=EDGE_CURVE('',#970,#971,#70,.T.);
#1205=EDGE_CURVE('',#971,#922,#511,.T.);
#1206=EDGE_CURVE('',#921,#970,#512,.T.);
#1207=EDGE_CURVE('',#972,#920,#513,.T.);
#1208=EDGE_CURVE('',#970,#972,#514,.T.);
#1209=EDGE_CURVE('',#973,#972,#71,.T.);
#1210=EDGE_CURVE('',#919,#973,#515,.T.);
#1211=EDGE_CURVE('',#974,#918,#516,.T.);
#1212=EDGE_CURVE('',#973,#974,#517,.T.);
#1213=EDGE_CURVE('',#975,#974,#72,.T.);
#1214=EDGE_CURVE('',#917,#975,#518,.T.);
#1215=EDGE_CURVE('',#966,#976,#519,.T.);
#1216=EDGE_CURVE('',#977,#976,#520,.T.);
#1217=EDGE_CURVE('',#968,#977,#521,.T.);
#1218=EDGE_CURVE('',#978,#977,#522,.T.);
#1219=EDGE_CURVE('',#969,#978,#523,.T.);
#1220=EDGE_CURVE('',#979,#978,#524,.T.);
#1221=EDGE_CURVE('',#967,#979,#525,.T.);
#1222=EDGE_CURVE('',#976,#979,#526,.T.);
#1223=EDGE_CURVE('',#958,#980,#527,.T.);
#1224=EDGE_CURVE('',#981,#980,#528,.T.);
#1225=EDGE_CURVE('',#960,#981,#529,.T.);
#1226=EDGE_CURVE('',#982,#981,#73,.T.);
#1227=EDGE_CURVE('',#961,#982,#530,.T.);
#1228=EDGE_CURVE('',#983,#982,#531,.T.);
#1229=EDGE_CURVE('',#962,#983,#532,.T.);
#1230=EDGE_CURVE('',#984,#983,#74,.T.);
#1231=EDGE_CURVE('',#963,#984,#533,.T.);
#1232=EDGE_CURVE('',#985,#984,#534,.T.);
#1233=EDGE_CURVE('',#964,#985,#535,.T.);
#1234=EDGE_CURVE('',#986,#985,#75,.T.);
#1235=EDGE_CURVE('',#965,#986,#536,.T.);
#1236=EDGE_CURVE('',#987,#986,#537,.T.);
#1237=EDGE_CURVE('',#959,#987,#538,.T.);
#1238=EDGE_CURVE('',#980,#987,#76,.T.);
#1239=EDGE_CURVE('',#950,#988,#539,.T.);
#1240=EDGE_CURVE('',#989,#988,#540,.T.);
#1241=EDGE_CURVE('',#952,#989,#541,.T.);
#1242=EDGE_CURVE('',#990,#989,#77,.T.);
#1243=EDGE_CURVE('',#953,#990,#542,.T.);
#1244=EDGE_CURVE('',#991,#990,#543,.T.);
#1245=EDGE_CURVE('',#954,#991,#544,.T.);
#1246=EDGE_CURVE('',#992,#991,#78,.T.);
#1247=EDGE_CURVE('',#955,#992,#545,.T.);
#1248=EDGE_CURVE('',#993,#992,#546,.T.);
#1249=EDGE_CURVE('',#956,#993,#547,.T.);
#1250=EDGE_CURVE('',#994,#993,#79,.T.);
#1251=EDGE_CURVE('',#957,#994,#548,.T.);
#1252=EDGE_CURVE('',#995,#994,#549,.T.);
#1253=EDGE_CURVE('',#951,#995,#550,.T.);
#1254=EDGE_CURVE('',#988,#995,#80,.T.);
#1255=EDGE_CURVE('',#946,#996,#551,.T.);
#1256=EDGE_CURVE('',#997,#996,#552,.T.);
#1257=EDGE_CURVE('',#948,#997,#553,.T.);
#1258=EDGE_CURVE('',#998,#997,#554,.T.);
#1259=EDGE_CURVE('',#949,#998,#555,.T.);
#1260=EDGE_CURVE('',#999,#998,#556,.T.);
#1261=EDGE_CURVE('',#947,#999,#557,.T.);
#1262=EDGE_CURVE('',#996,#999,#558,.T.);
#1263=EDGE_CURVE('',#1000,#1000,#81,.T.);
#1264=EDGE_CURVE('',#1000,#945,#559,.T.);
#1265=EDGE_CURVE('',#937,#1001,#560,.T.);
#1266=EDGE_CURVE('',#1002,#1001,#561,.T.);
#1267=EDGE_CURVE('',#939,#1002,#562,.T.);
#1268=EDGE_CURVE('',#1003,#1002,#82,.T.);
#1269=EDGE_CURVE('',#940,#1003,#563,.T.);
#1270=EDGE_CURVE('',#1004,#1003,#564,.T.);
#1271=EDGE_CURVE('',#941,#1004,#565,.T.);
#1272=EDGE_CURVE('',#1005,#1004,#83,.T.);
#1273=EDGE_CURVE('',#942,#1005,#566,.T.);
#1274=EDGE_CURVE('',#1006,#1005,#567,.T.);
#1275=EDGE_CURVE('',#943,#1006,#568,.T.);
#1276=EDGE_CURVE('',#1007,#1006,#84,.T.);
#1277=EDGE_CURVE('',#944,#1007,#569,.T.);
#1278=EDGE_CURVE('',#1008,#1007,#570,.T.);
#1279=EDGE_CURVE('',#938,#1008,#571,.T.);
#1280=EDGE_CURVE('',#1001,#1008,#85,.T.);
#1281=EDGE_CURVE('',#1009,#1009,#86,.T.);
#1282=EDGE_CURVE('',#1009,#936,#572,.T.);
#1283=EDGE_CURVE('',#1010,#1010,#87,.T.);
#1284=EDGE_CURVE('',#1010,#935,#573,.T.);
#1285=EDGE_CURVE('',#1011,#1011,#88,.T.);
#1286=EDGE_CURVE('',#1011,#934,#574,.T.);
#1287=EDGE_CURVE('',#926,#1012,#575,.T.);
#1288=EDGE_CURVE('',#1013,#1012,#576,.T.);
#1289=EDGE_CURVE('',#928,#1013,#577,.T.);
#1290=EDGE_CURVE('',#1014,#1013,#89,.T.);
#1291=EDGE_CURVE('',#929,#1014,#578,.T.);
#1292=EDGE_CURVE('',#1015,#1014,#579,.T.);
#1293=EDGE_CURVE('',#930,#1015,#580,.T.);
#1294=EDGE_CURVE('',#1016,#1015,#90,.T.);
#1295=EDGE_CURVE('',#931,#1016,#581,.T.);
#1296=EDGE_CURVE('',#1017,#1016,#582,.T.);
#1297=EDGE_CURVE('',#932,#1017,#583,.T.);
#1298=EDGE_CURVE('',#1018,#1017,#91,.T.);
#1299=EDGE_CURVE('',#933,#1018,#584,.T.);
#1300=EDGE_CURVE('',#1019,#1018,#585,.T.);
#1301=EDGE_CURVE('',#927,#1019,#586,.T.);
#1302=EDGE_CURVE('',#1012,#1019,#92,.T.);
#1303=EDGE_CURVE('',#923,#1020,#587,.T.);
#1304=EDGE_CURVE('',#1021,#1020,#588,.T.);
#1305=EDGE_CURVE('',#924,#1021,#589,.T.);
#1306=EDGE_CURVE('',#1022,#1021,#590,.T.);
#1307=EDGE_CURVE('',#925,#1022,#591,.T.);
#1308=EDGE_CURVE('',#916,#1022,#592,.T.);
#1309=EDGE_CURVE('',#975,#912,#593,.T.);
#1310=EDGE_CURVE('',#1020,#971,#594,.T.);
#1311=ORIENTED_EDGE('',*,*,#1023,.F.);
#1312=ORIENTED_EDGE('',*,*,#1024,.T.);
#1313=ORIENTED_EDGE('',*,*,#1025,.T.);
#1314=ORIENTED_EDGE('',*,*,#1026,.F.);
#1315=ORIENTED_EDGE('',*,*,#1027,.F.);
#1316=ORIENTED_EDGE('',*,*,#1028,.T.);
#1317=ORIENTED_EDGE('',*,*,#1029,.T.);
#1318=ORIENTED_EDGE('',*,*,#1024,.F.);
#1319=ORIENTED_EDGE('',*,*,#1030,.F.);
#1320=ORIENTED_EDGE('',*,*,#1031,.T.);
#1321=ORIENTED_EDGE('',*,*,#1032,.T.);
#1322=ORIENTED_EDGE('',*,*,#1028,.F.);
#1323=ORIENTED_EDGE('',*,*,#1033,.F.);
#1324=ORIENTED_EDGE('',*,*,#1026,.T.);
#1325=ORIENTED_EDGE('',*,*,#1034,.T.);
#1326=ORIENTED_EDGE('',*,*,#1031,.F.);
#1327=ORIENTED_EDGE('',*,*,#1034,.F.);
#1328=ORIENTED_EDGE('',*,*,#1025,.F.);
#1329=ORIENTED_EDGE('',*,*,#1029,.F.);
#1330=ORIENTED_EDGE('',*,*,#1032,.F.);
#1331=ORIENTED_EDGE('',*,*,#1035,.F.);
#1332=ORIENTED_EDGE('',*,*,#1036,.T.);
#1333=ORIENTED_EDGE('',*,*,#1037,.T.);
#1334=ORIENTED_EDGE('',*,*,#1038,.F.);
#1335=ORIENTED_EDGE('',*,*,#1039,.F.);
#1336=ORIENTED_EDGE('',*,*,#1040,.T.);
#1337=ORIENTED_EDGE('',*,*,#1041,.T.);
#1338=ORIENTED_EDGE('',*,*,#1036,.F.);
#1339=ORIENTED_EDGE('',*,*,#1042,.F.);
#1340=ORIENTED_EDGE('',*,*,#1043,.T.);
#1341=ORIENTED_EDGE('',*,*,#1044,.T.);
#1342=ORIENTED_EDGE('',*,*,#1040,.F.);
#1343=ORIENTED_EDGE('',*,*,#1045,.F.);
#1344=ORIENTED_EDGE('',*,*,#1046,.T.);
#1345=ORIENTED_EDGE('',*,*,#1047,.T.);
#1346=ORIENTED_EDGE('',*,*,#1048,.F.);
#1347=ORIENTED_EDGE('',*,*,#1047,.F.);
#1348=ORIENTED_EDGE('',*,*,#1037,.F.);
#1349=ORIENTED_EDGE('',*,*,#1041,.F.);
#1350=ORIENTED_EDGE('',*,*,#1044,.F.);
#1351=ORIENTED_EDGE('',*,*,#1049,.F.);
#1352=ORIENTED_EDGE('',*,*,#1050,.T.);
#1353=ORIENTED_EDGE('',*,*,#1051,.T.);
#1354=ORIENTED_EDGE('',*,*,#1052,.F.);
#1355=ORIENTED_EDGE('',*,*,#1053,.F.);
#1356=ORIENTED_EDGE('',*,*,#1054,.T.);
#1357=ORIENTED_EDGE('',*,*,#1055,.T.);
#1358=ORIENTED_EDGE('',*,*,#1050,.F.);
#1359=ORIENTED_EDGE('',*,*,#1056,.F.);
#1360=ORIENTED_EDGE('',*,*,#1038,.T.);
#1361=ORIENTED_EDGE('',*,*,#1057,.T.);
#1362=ORIENTED_EDGE('',*,*,#1054,.F.);
#1363=ORIENTED_EDGE('',*,*,#1058,.F.);
#1364=ORIENTED_EDGE('',*,*,#1052,.T.);
#1365=ORIENTED_EDGE('',*,*,#1059,.T.);
#1366=ORIENTED_EDGE('',*,*,#1046,.F.);
#1367=ORIENTED_EDGE('',*,*,#1059,.F.);
#1368=ORIENTED_EDGE('',*,*,#1051,.F.);
#1369=ORIENTED_EDGE('',*,*,#1055,.F.);
#1370=ORIENTED_EDGE('',*,*,#1057,.F.);
#1371=ORIENTED_EDGE('',*,*,#1060,.F.);
#1372=ORIENTED_EDGE('',*,*,#1061,.T.);
#1373=ORIENTED_EDGE('',*,*,#1062,.T.);
#1374=ORIENTED_EDGE('',*,*,#1063,.F.);
#1375=ORIENTED_EDGE('',*,*,#1064,.F.);
#1376=ORIENTED_EDGE('',*,*,#1065,.T.);
#1377=ORIENTED_EDGE('',*,*,#1066,.T.);
#1378=ORIENTED_EDGE('',*,*,#1061,.F.);
#1379=ORIENTED_EDGE('',*,*,#1067,.F.);
#1380=ORIENTED_EDGE('',*,*,#1048,.T.);
#1381=ORIENTED_EDGE('',*,*,#1068,.T.);
#1382=ORIENTED_EDGE('',*,*,#1065,.F.);
#1383=ORIENTED_EDGE('',*,*,#1069,.F.);
#1384=ORIENTED_EDGE('',*,*,#1063,.T.);
#1385=ORIENTED_EDGE('',*,*,#1070,.T.);
#1386=ORIENTED_EDGE('',*,*,#1043,.F.);
#1387=ORIENTED_EDGE('',*,*,#1070,.F.);
#1388=ORIENTED_EDGE('',*,*,#1062,.F.);
#1389=ORIENTED_EDGE('',*,*,#1066,.F.);
#1390=ORIENTED_EDGE('',*,*,#1068,.F.);
#1391=ORIENTED_EDGE('',*,*,#1071,.F.);
#1392=ORIENTED_EDGE('',*,*,#1072,.T.);
#1393=ORIENTED_EDGE('',*,*,#1073,.T.);
#1394=ORIENTED_EDGE('',*,*,#1074,.F.);
#1395=ORIENTED_EDGE('',*,*,#1075,.F.);
#1396=ORIENTED_EDGE('',*,*,#1076,.T.);
#1397=ORIENTED_EDGE('',*,*,#1077,.T.);
#1398=ORIENTED_EDGE('',*,*,#1072,.F.);
#1399=ORIENTED_EDGE('',*,*,#1078,.F.);
#1400=ORIENTED_EDGE('',*,*,#1079,.T.);
#1401=ORIENTED_EDGE('',*,*,#1080,.T.);
#1402=ORIENTED_EDGE('',*,*,#1076,.F.);
#1403=ORIENTED_EDGE('',*,*,#1081,.F.);
#1404=ORIENTED_EDGE('',*,*,#1074,.T.);
#1405=ORIENTED_EDGE('',*,*,#1082,.T.);
#1406=ORIENTED_EDGE('',*,*,#1079,.F.);
#1407=ORIENTED_EDGE('',*,*,#1082,.F.);
#1408=ORIENTED_EDGE('',*,*,#1073,.F.);
#1409=ORIENTED_EDGE('',*,*,#1077,.F.);
#1410=ORIENTED_EDGE('',*,*,#1080,.F.);
#1411=ORIENTED_EDGE('',*,*,#1083,.F.);
#1412=ORIENTED_EDGE('',*,*,#1084,.T.);
#1413=ORIENTED_EDGE('',*,*,#1085,.T.);
#1414=ORIENTED_EDGE('',*,*,#1086,.F.);
#1415=ORIENTED_EDGE('',*,*,#1087,.F.);
#1416=ORIENTED_EDGE('',*,*,#1088,.T.);
#1417=ORIENTED_EDGE('',*,*,#1089,.T.);
#1418=ORIENTED_EDGE('',*,*,#1084,.F.);
#1419=ORIENTED_EDGE('',*,*,#1090,.F.);
#1420=ORIENTED_EDGE('',*,*,#1091,.T.);
#1421=ORIENTED_EDGE('',*,*,#1092,.T.);
#1422=ORIENTED_EDGE('',*,*,#1088,.F.);
#1423=ORIENTED_EDGE('',*,*,#1093,.F.);
#1424=ORIENTED_EDGE('',*,*,#1086,.T.);
#1425=ORIENTED_EDGE('',*,*,#1094,.T.);
#1426=ORIENTED_EDGE('',*,*,#1091,.F.);
#1427=ORIENTED_EDGE('',*,*,#1094,.F.);
#1428=ORIENTED_EDGE('',*,*,#1085,.F.);
#1429=ORIENTED_EDGE('',*,*,#1089,.F.);
#1430=ORIENTED_EDGE('',*,*,#1092,.F.);
#1431=ORIENTED_EDGE('',*,*,#1095,.F.);
#1432=ORIENTED_EDGE('',*,*,#1096,.T.);
#1433=ORIENTED_EDGE('',*,*,#1097,.T.);
#1434=ORIENTED_EDGE('',*,*,#1098,.F.);
#1435=ORIENTED_EDGE('',*,*,#1099,.F.);
#1436=ORIENTED_EDGE('',*,*,#1100,.T.);
#1437=ORIENTED_EDGE('',*,*,#1101,.T.);
#1438=ORIENTED_EDGE('',*,*,#1096,.F.);
#1439=ORIENTED_EDGE('',*,*,#1102,.F.);
#1440=ORIENTED_EDGE('',*,*,#1103,.T.);
#1441=ORIENTED_EDGE('',*,*,#1104,.T.);
#1442=ORIENTED_EDGE('',*,*,#1100,.F.);
#1443=ORIENTED_EDGE('',*,*,#1105,.F.);
#1444=ORIENTED_EDGE('',*,*,#1098,.T.);
#1445=ORIENTED_EDGE('',*,*,#1106,.T.);
#1446=ORIENTED_EDGE('',*,*,#1103,.F.);
#1447=ORIENTED_EDGE('',*,*,#1106,.F.);
#1448=ORIENTED_EDGE('',*,*,#1097,.F.);
#1449=ORIENTED_EDGE('',*,*,#1101,.F.);
#1450=ORIENTED_EDGE('',*,*,#1104,.F.);
#1451=ORIENTED_EDGE('',*,*,#1107,.F.);
#1452=ORIENTED_EDGE('',*,*,#1108,.T.);
#1453=ORIENTED_EDGE('',*,*,#1109,.T.);
#1454=ORIENTED_EDGE('',*,*,#1110,.F.);
#1455=ORIENTED_EDGE('',*,*,#1111,.F.);
#1456=ORIENTED_EDGE('',*,*,#1112,.T.);
#1457=ORIENTED_EDGE('',*,*,#1113,.T.);
#1458=ORIENTED_EDGE('',*,*,#1108,.F.);
#1459=ORIENTED_EDGE('',*,*,#1114,.F.);
#1460=ORIENTED_EDGE('',*,*,#1115,.T.);
#1461=ORIENTED_EDGE('',*,*,#1116,.T.);
#1462=ORIENTED_EDGE('',*,*,#1112,.F.);
#1463=ORIENTED_EDGE('',*,*,#1117,.F.);
#1464=ORIENTED_EDGE('',*,*,#1118,.T.);
#1465=ORIENTED_EDGE('',*,*,#1119,.T.);
#1466=ORIENTED_EDGE('',*,*,#1115,.F.);
#1467=ORIENTED_EDGE('',*,*,#1120,.F.);
#1468=ORIENTED_EDGE('',*,*,#1121,.T.);
#1469=ORIENTED_EDGE('',*,*,#1122,.T.);
#1470=ORIENTED_EDGE('',*,*,#1118,.F.);
#1471=ORIENTED_EDGE('',*,*,#1123,.F.);
#1472=ORIENTED_EDGE('',*,*,#1124,.T.);
#1473=ORIENTED_EDGE('',*,*,#1125,.T.);
#1474=ORIENTED_EDGE('',*,*,#1121,.F.);
#1475=ORIENTED_EDGE('',*,*,#1126,.F.);
#1476=ORIENTED_EDGE('',*,*,#1127,.T.);
#1477=ORIENTED_EDGE('',*,*,#1128,.T.);
#1478=ORIENTED_EDGE('',*,*,#1124,.F.);
#1479=ORIENTED_EDGE('',*,*,#1129,.F.);
#1480=ORIENTED_EDGE('',*,*,#1130,.T.);
#1481=ORIENTED_EDGE('',*,*,#1131,.T.);
#1482=ORIENTED_EDGE('',*,*,#1127,.F.);
#1483=ORIENTED_EDGE('',*,*,#1132,.F.);
#1484=ORIENTED_EDGE('',*,*,#1133,.T.);
#1485=ORIENTED_EDGE('',*,*,#1134,.T.);
#1486=ORIENTED_EDGE('',*,*,#1130,.F.);
#1487=ORIENTED_EDGE('',*,*,#1135,.F.);
#1488=ORIENTED_EDGE('',*,*,#1136,.T.);
#1489=ORIENTED_EDGE('',*,*,#1137,.T.);
#1490=ORIENTED_EDGE('',*,*,#1133,.F.);
#1491=ORIENTED_EDGE('',*,*,#1138,.F.);
#1492=ORIENTED_EDGE('',*,*,#1139,.T.);
#1493=ORIENTED_EDGE('',*,*,#1140,.T.);
#1494=ORIENTED_EDGE('',*,*,#1136,.F.);
#1495=ORIENTED_EDGE('',*,*,#1141,.F.);
#1496=ORIENTED_EDGE('',*,*,#1110,.T.);
#1497=ORIENTED_EDGE('',*,*,#1142,.T.);
#1498=ORIENTED_EDGE('',*,*,#1139,.F.);
#1499=ORIENTED_EDGE('',*,*,#1142,.F.);
#1500=ORIENTED_EDGE('',*,*,#1109,.F.);
#1501=ORIENTED_EDGE('',*,*,#1113,.F.);
#1502=ORIENTED_EDGE('',*,*,#1116,.F.);
#1503=ORIENTED_EDGE('',*,*,#1119,.F.);
#1504=ORIENTED_EDGE('',*,*,#1122,.F.);
#1505=ORIENTED_EDGE('',*,*,#1125,.F.);
#1506=ORIENTED_EDGE('',*,*,#1128,.F.);
#1507=ORIENTED_EDGE('',*,*,#1131,.F.);
#1508=ORIENTED_EDGE('',*,*,#1134,.F.);
#1509=ORIENTED_EDGE('',*,*,#1137,.F.);
#1510=ORIENTED_EDGE('',*,*,#1140,.F.);
#1511=ORIENTED_EDGE('',*,*,#1143,.T.);
#1512=ORIENTED_EDGE('',*,*,#1144,.T.);
#1513=ORIENTED_EDGE('',*,*,#1145,.T.);
#1514=ORIENTED_EDGE('',*,*,#1146,.T.);
#1515=ORIENTED_EDGE('',*,*,#1146,.F.);
#1516=ORIENTED_EDGE('',*,*,#1147,.F.);
#1517=ORIENTED_EDGE('',*,*,#1148,.T.);
#1518=ORIENTED_EDGE('',*,*,#1149,.F.);
#1519=ORIENTED_EDGE('',*,*,#1145,.F.);
#1520=ORIENTED_EDGE('',*,*,#1150,.T.);
#1521=ORIENTED_EDGE('',*,*,#1151,.F.);
#1522=ORIENTED_EDGE('',*,*,#1152,.T.);
#1523=ORIENTED_EDGE('',*,*,#1153,.F.);
#1524=ORIENTED_EDGE('',*,*,#1154,.T.);
#1525=ORIENTED_EDGE('',*,*,#1155,.F.);
#1526=ORIENTED_EDGE('',*,*,#1156,.T.);
#1527=ORIENTED_EDGE('',*,*,#1157,.T.);
#1528=ORIENTED_EDGE('',*,*,#1158,.T.);
#1529=ORIENTED_EDGE('',*,*,#1159,.T.);
#1530=ORIENTED_EDGE('',*,*,#1147,.T.);
#1531=ORIENTED_EDGE('',*,*,#1023,.T.);
#1532=ORIENTED_EDGE('',*,*,#1033,.T.);
#1533=ORIENTED_EDGE('',*,*,#1030,.T.);
#1534=ORIENTED_EDGE('',*,*,#1027,.T.);
#1535=ORIENTED_EDGE('',*,*,#1060,.T.);
#1536=ORIENTED_EDGE('',*,*,#1069,.T.);
#1537=ORIENTED_EDGE('',*,*,#1042,.T.);
#1538=ORIENTED_EDGE('',*,*,#1039,.T.);
#1539=ORIENTED_EDGE('',*,*,#1035,.T.);
#1540=ORIENTED_EDGE('',*,*,#1056,.T.);
#1541=ORIENTED_EDGE('',*,*,#1053,.T.);
#1542=ORIENTED_EDGE('',*,*,#1049,.T.);
#1543=ORIENTED_EDGE('',*,*,#1058,.T.);
#1544=ORIENTED_EDGE('',*,*,#1045,.T.);
#1545=ORIENTED_EDGE('',*,*,#1067,.T.);
#1546=ORIENTED_EDGE('',*,*,#1064,.T.);
#1547=ORIENTED_EDGE('',*,*,#1071,.T.);
#1548=ORIENTED_EDGE('',*,*,#1081,.T.);
#1549=ORIENTED_EDGE('',*,*,#1078,.T.);
#1550=ORIENTED_EDGE('',*,*,#1075,.T.);
#1551=ORIENTED_EDGE('',*,*,#1083,.T.);
#1552=ORIENTED_EDGE('',*,*,#1093,.T.);
#1553=ORIENTED_EDGE('',*,*,#1090,.T.);
#1554=ORIENTED_EDGE('',*,*,#1087,.T.);
#1555=ORIENTED_EDGE('',*,*,#1095,.T.);
#1556=ORIENTED_EDGE('',*,*,#1105,.T.);
#1557=ORIENTED_EDGE('',*,*,#1102,.T.);
#1558=ORIENTED_EDGE('',*,*,#1099,.T.);
#1559=ORIENTED_EDGE('',*,*,#1107,.T.);
#1560=ORIENTED_EDGE('',*,*,#1141,.T.);
#1561=ORIENTED_EDGE('',*,*,#1138,.T.);
#1562=ORIENTED_EDGE('',*,*,#1135,.T.);
#1563=ORIENTED_EDGE('',*,*,#1132,.T.);
#1564=ORIENTED_EDGE('',*,*,#1129,.T.);
#1565=ORIENTED_EDGE('',*,*,#1126,.T.);
#1566=ORIENTED_EDGE('',*,*,#1123,.T.);
#1567=ORIENTED_EDGE('',*,*,#1120,.T.);
#1568=ORIENTED_EDGE('',*,*,#1117,.T.);
#1569=ORIENTED_EDGE('',*,*,#1114,.T.);
#1570=ORIENTED_EDGE('',*,*,#1111,.T.);
#1571=ORIENTED_EDGE('',*,*,#1160,.F.);
#1572=ORIENTED_EDGE('',*,*,#1161,.F.);
#1573=ORIENTED_EDGE('',*,*,#1162,.F.);
#1574=ORIENTED_EDGE('',*,*,#1163,.F.);
#1575=ORIENTED_EDGE('',*,*,#1164,.F.);
#1576=ORIENTED_EDGE('',*,*,#1165,.F.);
#1577=ORIENTED_EDGE('',*,*,#1166,.F.);
#1578=ORIENTED_EDGE('',*,*,#1167,.F.);
#1579=ORIENTED_EDGE('',*,*,#1168,.F.);
#1580=ORIENTED_EDGE('',*,*,#1169,.F.);
#1581=ORIENTED_EDGE('',*,*,#1170,.F.);
#1582=ORIENTED_EDGE('',*,*,#1171,.F.);
#1583=ORIENTED_EDGE('',*,*,#1172,.F.);
#1584=ORIENTED_EDGE('',*,*,#1173,.F.);
#1585=ORIENTED_EDGE('',*,*,#1174,.F.);
#1586=ORIENTED_EDGE('',*,*,#1175,.F.);
#1587=ORIENTED_EDGE('',*,*,#1176,.F.);
#1588=ORIENTED_EDGE('',*,*,#1177,.F.);
#1589=ORIENTED_EDGE('',*,*,#1178,.F.);
#1590=ORIENTED_EDGE('',*,*,#1179,.F.);
#1591=ORIENTED_EDGE('',*,*,#1180,.F.);
#1592=ORIENTED_EDGE('',*,*,#1181,.F.);
#1593=ORIENTED_EDGE('',*,*,#1182,.F.);
#1594=ORIENTED_EDGE('',*,*,#1183,.F.);
#1595=ORIENTED_EDGE('',*,*,#1184,.F.);
#1596=ORIENTED_EDGE('',*,*,#1185,.F.);
#1597=ORIENTED_EDGE('',*,*,#1186,.F.);
#1598=ORIENTED_EDGE('',*,*,#1187,.F.);
#1599=ORIENTED_EDGE('',*,*,#1188,.F.);
#1600=ORIENTED_EDGE('',*,*,#1189,.F.);
#1601=ORIENTED_EDGE('',*,*,#1190,.F.);
#1602=ORIENTED_EDGE('',*,*,#1191,.F.);
#1603=ORIENTED_EDGE('',*,*,#1192,.F.);
#1604=ORIENTED_EDGE('',*,*,#1193,.F.);
#1605=ORIENTED_EDGE('',*,*,#1194,.F.);
#1606=ORIENTED_EDGE('',*,*,#1195,.F.);
#1607=ORIENTED_EDGE('',*,*,#1196,.F.);
#1608=ORIENTED_EDGE('',*,*,#1197,.F.);
#1609=ORIENTED_EDGE('',*,*,#1198,.F.);
#1610=ORIENTED_EDGE('',*,*,#1199,.F.);
#1611=ORIENTED_EDGE('',*,*,#1200,.F.);
#1612=ORIENTED_EDGE('',*,*,#1201,.F.);
#1613=ORIENTED_EDGE('',*,*,#1202,.F.);
#1614=ORIENTED_EDGE('',*,*,#1203,.F.);
#1615=ORIENTED_EDGE('',*,*,#1204,.T.);
#1616=ORIENTED_EDGE('',*,*,#1205,.T.);
#1617=ORIENTED_EDGE('',*,*,#1155,.T.);
#1618=ORIENTED_EDGE('',*,*,#1206,.T.);
#1619=ORIENTED_EDGE('',*,*,#1206,.F.);
#1620=ORIENTED_EDGE('',*,*,#1154,.F.);
#1621=ORIENTED_EDGE('',*,*,#1207,.F.);
#1622=ORIENTED_EDGE('',*,*,#1208,.F.);
#1623=ORIENTED_EDGE('',*,*,#1209,.T.);
#1624=ORIENTED_EDGE('',*,*,#1207,.T.);
#1625=ORIENTED_EDGE('',*,*,#1153,.T.);
#1626=ORIENTED_EDGE('',*,*,#1210,.T.);
#1627=ORIENTED_EDGE('',*,*,#1210,.F.);
#1628=ORIENTED_EDGE('',*,*,#1152,.F.);
#1629=ORIENTED_EDGE('',*,*,#1211,.F.);
#1630=ORIENTED_EDGE('',*,*,#1212,.F.);
#1631=ORIENTED_EDGE('',*,*,#1213,.T.);
#1632=ORIENTED_EDGE('',*,*,#1211,.T.);
#1633=ORIENTED_EDGE('',*,*,#1151,.T.);
#1634=ORIENTED_EDGE('',*,*,#1214,.T.);
#1635=ORIENTED_EDGE('',*,*,#1201,.T.);
#1636=ORIENTED_EDGE('',*,*,#1215,.T.);
#1637=ORIENTED_EDGE('',*,*,#1216,.F.);
#1638=ORIENTED_EDGE('',*,*,#1217,.F.);
#1639=ORIENTED_EDGE('',*,*,#1202,.T.);
#1640=ORIENTED_EDGE('',*,*,#1217,.T.);
#1641=ORIENTED_EDGE('',*,*,#1218,.F.);
#1642=ORIENTED_EDGE('',*,*,#1219,.F.);
#1643=ORIENTED_EDGE('',*,*,#1203,.T.);
#1644=ORIENTED_EDGE('',*,*,#1219,.T.);
#1645=ORIENTED_EDGE('',*,*,#1220,.F.);
#1646=ORIENTED_EDGE('',*,*,#1221,.F.);
#1647=ORIENTED_EDGE('',*,*,#1200,.T.);
#1648=ORIENTED_EDGE('',*,*,#1221,.T.);
#1649=ORIENTED_EDGE('',*,*,#1222,.F.);
#1650=ORIENTED_EDGE('',*,*,#1215,.F.);
#1651=ORIENTED_EDGE('',*,*,#1193,.T.);
#1652=ORIENTED_EDGE('',*,*,#1223,.T.);
#1653=ORIENTED_EDGE('',*,*,#1224,.F.);
#1654=ORIENTED_EDGE('',*,*,#1225,.F.);
#1655=ORIENTED_EDGE('',*,*,#1194,.T.);
#1656=ORIENTED_EDGE('',*,*,#1225,.T.);
#1657=ORIENTED_EDGE('',*,*,#1226,.F.);
#1658=ORIENTED_EDGE('',*,*,#1227,.F.);
#1659=ORIENTED_EDGE('',*,*,#1195,.T.);
#1660=ORIENTED_EDGE('',*,*,#1227,.T.);
#1661=ORIENTED_EDGE('',*,*,#1228,.F.);
#1662=ORIENTED_EDGE('',*,*,#1229,.F.);
#1663=ORIENTED_EDGE('',*,*,#1196,.T.);
#1664=ORIENTED_EDGE('',*,*,#1229,.T.);
#1665=ORIENTED_EDGE('',*,*,#1230,.F.);
#1666=ORIENTED_EDGE('',*,*,#1231,.F.);
#1667=ORIENTED_EDGE('',*,*,#1197,.T.);
#1668=ORIENTED_EDGE('',*,*,#1231,.T.);
#1669=ORIENTED_EDGE('',*,*,#1232,.F.);
#1670=ORIENTED_EDGE('',*,*,#1233,.F.);
#1671=ORIENTED_EDGE('',*,*,#1198,.T.);
#1672=ORIENTED_EDGE('',*,*,#1233,.T.);
#1673=ORIENTED_EDGE('',*,*,#1234,.F.);
#1674=ORIENTED_EDGE('',*,*,#1235,.F.);
#1675=ORIENTED_EDGE('',*,*,#1199,.T.);
#1676=ORIENTED_EDGE('',*,*,#1235,.T.);
#1677=ORIENTED_EDGE('',*,*,#1236,.F.);
#1678=ORIENTED_EDGE('',*,*,#1237,.F.);
#1679=ORIENTED_EDGE('',*,*,#1192,.T.);
#1680=ORIENTED_EDGE('',*,*,#1237,.T.);
#1681=ORIENTED_EDGE('',*,*,#1238,.F.);
#1682=ORIENTED_EDGE('',*,*,#1223,.F.);
#1683=ORIENTED_EDGE('',*,*,#1185,.T.);
#1684=ORIENTED_EDGE('',*,*,#1239,.T.);
#1685=ORIENTED_EDGE('',*,*,#1240,.F.);
#1686=ORIENTED_EDGE('',*,*,#1241,.F.);
#1687=ORIENTED_EDGE('',*,*,#1186,.T.);
#1688=ORIENTED_EDGE('',*,*,#1241,.T.);
#1689=ORIENTED_EDGE('',*,*,#1242,.F.);
#1690=ORIENTED_EDGE('',*,*,#1243,.F.);
#1691=ORIENTED_EDGE('',*,*,#1187,.T.);
#1692=ORIENTED_EDGE('',*,*,#1243,.T.);
#1693=ORIENTED_EDGE('',*,*,#1244,.F.);
#1694=ORIENTED_EDGE('',*,*,#1245,.F.);
#1695=ORIENTED_EDGE('',*,*,#1188,.T.);
#1696=ORIENTED_EDGE('',*,*,#1245,.T.);
#1697=ORIENTED_EDGE('',*,*,#1246,.F.);
#1698=ORIENTED_EDGE('',*,*,#1247,.F.);
#1699=ORIENTED_EDGE('',*,*,#1189,.T.);
#1700=ORIENTED_EDGE('',*,*,#1247,.T.);
#1701=ORIENTED_EDGE('',*,*,#1248,.F.);
#1702=ORIENTED_EDGE('',*,*,#1249,.F.);
#1703=ORIENTED_EDGE('',*,*,#1190,.T.);
#1704=ORIENTED_EDGE('',*,*,#1249,.T.);
#1705=ORIENTED_EDGE('',*,*,#1250,.F.);
#1706=ORIENTED_EDGE('',*,*,#1251,.F.);
#1707=ORIENTED_EDGE('',*,*,#1191,.T.);
#1708=ORIENTED_EDGE('',*,*,#1251,.T.);
#1709=ORIENTED_EDGE('',*,*,#1252,.F.);
#1710=ORIENTED_EDGE('',*,*,#1253,.F.);
#1711=ORIENTED_EDGE('',*,*,#1184,.T.);
#1712=ORIENTED_EDGE('',*,*,#1253,.T.);
#1713=ORIENTED_EDGE('',*,*,#1254,.F.);
#1714=ORIENTED_EDGE('',*,*,#1239,.F.);
#1715=ORIENTED_EDGE('',*,*,#1181,.T.);
#1716=ORIENTED_EDGE('',*,*,#1255,.T.);
#1717=ORIENTED_EDGE('',*,*,#1256,.F.);
#1718=ORIENTED_EDGE('',*,*,#1257,.F.);
#1719=ORIENTED_EDGE('',*,*,#1182,.T.);
#1720=ORIENTED_EDGE('',*,*,#1257,.T.);
#1721=ORIENTED_EDGE('',*,*,#1258,.F.);
#1722=ORIENTED_EDGE('',*,*,#1259,.F.);
#1723=ORIENTED_EDGE('',*,*,#1183,.T.);
#1724=ORIENTED_EDGE('',*,*,#1259,.T.);
#1725=ORIENTED_EDGE('',*,*,#1260,.F.);
#1726=ORIENTED_EDGE('',*,*,#1261,.F.);
#1727=ORIENTED_EDGE('',*,*,#1180,.T.);
#1728=ORIENTED_EDGE('',*,*,#1261,.T.);
#1729=ORIENTED_EDGE('',*,*,#1262,.F.);
#1730=ORIENTED_EDGE('',*,*,#1255,.F.);
#1731=ORIENTED_EDGE('',*,*,#1263,.F.);
#1732=ORIENTED_EDGE('',*,*,#1264,.T.);
#1733=ORIENTED_EDGE('',*,*,#1179,.T.);
#1734=ORIENTED_EDGE('',*,*,#1264,.F.);
#1735=ORIENTED_EDGE('',*,*,#1172,.T.);
#1736=ORIENTED_EDGE('',*,*,#1265,.T.);
#1737=ORIENTED_EDGE('',*,*,#1266,.F.);
#1738=ORIENTED_EDGE('',*,*,#1267,.F.);
#1739=ORIENTED_EDGE('',*,*,#1173,.T.);
#1740=ORIENTED_EDGE('',*,*,#1267,.T.);
#1741=ORIENTED_EDGE('',*,*,#1268,.F.);
#1742=ORIENTED_EDGE('',*,*,#1269,.F.);
#1743=ORIENTED_EDGE('',*,*,#1174,.T.);
#1744=ORIENTED_EDGE('',*,*,#1269,.T.);
#1745=ORIENTED_EDGE('',*,*,#1270,.F.);
#1746=ORIENTED_EDGE('',*,*,#1271,.F.);
#1747=ORIENTED_EDGE('',*,*,#1175,.T.);
#1748=ORIENTED_EDGE('',*,*,#1271,.T.);
#1749=ORIENTED_EDGE('',*,*,#1272,.F.);
#1750=ORIENTED_EDGE('',*,*,#1273,.F.);
#1751=ORIENTED_EDGE('',*,*,#1176,.T.);
#1752=ORIENTED_EDGE('',*,*,#1273,.T.);
#1753=ORIENTED_EDGE('',*,*,#1274,.F.);
#1754=ORIENTED_EDGE('',*,*,#1275,.F.);
#1755=ORIENTED_EDGE('',*,*,#1177,.T.);
#1756=ORIENTED_EDGE('',*,*,#1275,.T.);
#1757=ORIENTED_EDGE('',*,*,#1276,.F.);
#1758=ORIENTED_EDGE('',*,*,#1277,.F.);
#1759=ORIENTED_EDGE('',*,*,#1178,.T.);
#1760=ORIENTED_EDGE('',*,*,#1277,.T.);
#1761=ORIENTED_EDGE('',*,*,#1278,.F.);
#1762=ORIENTED_EDGE('',*,*,#1279,.F.);
#1763=ORIENTED_EDGE('',*,*,#1171,.T.);
#1764=ORIENTED_EDGE('',*,*,#1279,.T.);
#1765=ORIENTED_EDGE('',*,*,#1280,.F.);
#1766=ORIENTED_EDGE('',*,*,#1265,.F.);
#1767=ORIENTED_EDGE('',*,*,#1281,.F.);
#1768=ORIENTED_EDGE('',*,*,#1282,.T.);
#1769=ORIENTED_EDGE('',*,*,#1170,.T.);
#1770=ORIENTED_EDGE('',*,*,#1282,.F.);
#1771=ORIENTED_EDGE('',*,*,#1283,.F.);
#1772=ORIENTED_EDGE('',*,*,#1284,.T.);
#1773=ORIENTED_EDGE('',*,*,#1169,.T.);
#1774=ORIENTED_EDGE('',*,*,#1284,.F.);
#1775=ORIENTED_EDGE('',*,*,#1285,.F.);
#1776=ORIENTED_EDGE('',*,*,#1286,.T.);
#1777=ORIENTED_EDGE('',*,*,#1168,.T.);
#1778=ORIENTED_EDGE('',*,*,#1286,.F.);
#1779=ORIENTED_EDGE('',*,*,#1161,.T.);
#1780=ORIENTED_EDGE('',*,*,#1287,.T.);
#1781=ORIENTED_EDGE('',*,*,#1288,.F.);
#1782=ORIENTED_EDGE('',*,*,#1289,.F.);
#1783=ORIENTED_EDGE('',*,*,#1162,.T.);
#1784=ORIENTED_EDGE('',*,*,#1289,.T.);
#1785=ORIENTED_EDGE('',*,*,#1290,.F.);
#1786=ORIENTED_EDGE('',*,*,#1291,.F.);
#1787=ORIENTED_EDGE('',*,*,#1163,.T.);
#1788=ORIENTED_EDGE('',*,*,#1291,.T.);
#1789=ORIENTED_EDGE('',*,*,#1292,.F.);
#1790=ORIENTED_EDGE('',*,*,#1293,.F.);
#1791=ORIENTED_EDGE('',*,*,#1164,.T.);
#1792=ORIENTED_EDGE('',*,*,#1293,.T.);
#1793=ORIENTED_EDGE('',*,*,#1294,.F.);
#1794=ORIENTED_EDGE('',*,*,#1295,.F.);
#1795=ORIENTED_EDGE('',*,*,#1165,.T.);
#1796=ORIENTED_EDGE('',*,*,#1295,.T.);
#1797=ORIENTED_EDGE('',*,*,#1296,.F.);
#1798=ORIENTED_EDGE('',*,*,#1297,.F.);
#1799=ORIENTED_EDGE('',*,*,#1166,.T.);
#1800=ORIENTED_EDGE('',*,*,#1297,.T.);
#1801=ORIENTED_EDGE('',*,*,#1298,.F.);
#1802=ORIENTED_EDGE('',*,*,#1299,.F.);
#1803=ORIENTED_EDGE('',*,*,#1167,.T.);
#1804=ORIENTED_EDGE('',*,*,#1299,.T.);
#1805=ORIENTED_EDGE('',*,*,#1300,.F.);
#1806=ORIENTED_EDGE('',*,*,#1301,.F.);
#1807=ORIENTED_EDGE('',*,*,#1160,.T.);
#1808=ORIENTED_EDGE('',*,*,#1301,.T.);
#1809=ORIENTED_EDGE('',*,*,#1302,.F.);
#1810=ORIENTED_EDGE('',*,*,#1287,.F.);
#1811=ORIENTED_EDGE('',*,*,#1157,.F.);
#1812=ORIENTED_EDGE('',*,*,#1303,.T.);
#1813=ORIENTED_EDGE('',*,*,#1304,.F.);
#1814=ORIENTED_EDGE('',*,*,#1305,.F.);
#1815=ORIENTED_EDGE('',*,*,#1158,.F.);
#1816=ORIENTED_EDGE('',*,*,#1305,.T.);
#1817=ORIENTED_EDGE('',*,*,#1306,.F.);
#1818=ORIENTED_EDGE('',*,*,#1307,.F.);
#1819=ORIENTED_EDGE('',*,*,#1159,.F.);
#1820=ORIENTED_EDGE('',*,*,#1307,.T.);
#1821=ORIENTED_EDGE('',*,*,#1308,.F.);
#1822=ORIENTED_EDGE('',*,*,#1148,.F.);
#1823=ORIENTED_EDGE('',*,*,#1144,.F.);
#1824=ORIENTED_EDGE('',*,*,#1309,.F.);
#1825=ORIENTED_EDGE('',*,*,#1214,.F.);
#1826=ORIENTED_EDGE('',*,*,#1150,.F.);
#1827=ORIENTED_EDGE('',*,*,#1205,.F.);
#1828=ORIENTED_EDGE('',*,*,#1310,.F.);
#1829=ORIENTED_EDGE('',*,*,#1303,.F.);
#1830=ORIENTED_EDGE('',*,*,#1156,.F.);
#1831=ORIENTED_EDGE('',*,*,#1143,.F.);
#1832=ORIENTED_EDGE('',*,*,#1149,.T.);
#1833=ORIENTED_EDGE('',*,*,#1308,.T.);
#1834=ORIENTED_EDGE('',*,*,#1306,.T.);
#1835=ORIENTED_EDGE('',*,*,#1304,.T.);
#1836=ORIENTED_EDGE('',*,*,#1310,.T.);
#1837=ORIENTED_EDGE('',*,*,#1204,.F.);
#1838=ORIENTED_EDGE('',*,*,#1208,.T.);
#1839=ORIENTED_EDGE('',*,*,#1209,.F.);
#1840=ORIENTED_EDGE('',*,*,#1212,.T.);
#1841=ORIENTED_EDGE('',*,*,#1213,.F.);
#1842=ORIENTED_EDGE('',*,*,#1309,.T.);
#1843=ORIENTED_EDGE('',*,*,#1302,.T.);
#1844=ORIENTED_EDGE('',*,*,#1300,.T.);
#1845=ORIENTED_EDGE('',*,*,#1298,.T.);
#1846=ORIENTED_EDGE('',*,*,#1296,.T.);
#1847=ORIENTED_EDGE('',*,*,#1294,.T.);
#1848=ORIENTED_EDGE('',*,*,#1292,.T.);
#1849=ORIENTED_EDGE('',*,*,#1290,.T.);
#1850=ORIENTED_EDGE('',*,*,#1288,.T.);
#1851=ORIENTED_EDGE('',*,*,#1285,.T.);
#1852=ORIENTED_EDGE('',*,*,#1283,.T.);
#1853=ORIENTED_EDGE('',*,*,#1281,.T.);
#1854=ORIENTED_EDGE('',*,*,#1280,.T.);
#1855=ORIENTED_EDGE('',*,*,#1278,.T.);
#1856=ORIENTED_EDGE('',*,*,#1276,.T.);
#1857=ORIENTED_EDGE('',*,*,#1274,.T.);
#1858=ORIENTED_EDGE('',*,*,#1272,.T.);
#1859=ORIENTED_EDGE('',*,*,#1270,.T.);
#1860=ORIENTED_EDGE('',*,*,#1268,.T.);
#1861=ORIENTED_EDGE('',*,*,#1266,.T.);
#1862=ORIENTED_EDGE('',*,*,#1263,.T.);
#1863=ORIENTED_EDGE('',*,*,#1262,.T.);
#1864=ORIENTED_EDGE('',*,*,#1260,.T.);
#1865=ORIENTED_EDGE('',*,*,#1258,.T.);
#1866=ORIENTED_EDGE('',*,*,#1256,.T.);
#1867=ORIENTED_EDGE('',*,*,#1254,.T.);
#1868=ORIENTED_EDGE('',*,*,#1252,.T.);
#1869=ORIENTED_EDGE('',*,*,#1250,.T.);
#1870=ORIENTED_EDGE('',*,*,#1248,.T.);
#1871=ORIENTED_EDGE('',*,*,#1246,.T.);
#1872=ORIENTED_EDGE('',*,*,#1244,.T.);
#1873=ORIENTED_EDGE('',*,*,#1242,.T.);
#1874=ORIENTED_EDGE('',*,*,#1240,.T.);
#1875=ORIENTED_EDGE('',*,*,#1238,.T.);
#1876=ORIENTED_EDGE('',*,*,#1236,.T.);
#1877=ORIENTED_EDGE('',*,*,#1234,.T.);
#1878=ORIENTED_EDGE('',*,*,#1232,.T.);
#1879=ORIENTED_EDGE('',*,*,#1230,.T.);
#1880=ORIENTED_EDGE('',*,*,#1228,.T.);
#1881=ORIENTED_EDGE('',*,*,#1226,.T.);
#1882=ORIENTED_EDGE('',*,*,#1224,.T.);
#1883=ORIENTED_EDGE('',*,*,#1222,.T.);
#1884=ORIENTED_EDGE('',*,*,#1220,.T.);
#1885=ORIENTED_EDGE('',*,*,#1218,.T.);
#1886=ORIENTED_EDGE('',*,*,#1216,.T.);
#1887=PLANE('',#2090);
#1888=PLANE('',#2091);
#1889=PLANE('',#2092);
#1890=PLANE('',#2093);
#1891=PLANE('',#2094);
#1892=PLANE('',#2095);
#1893=PLANE('',#2096);
#1894=PLANE('',#2097);
#1895=PLANE('',#2098);
#1896=PLANE('',#2099);
#1897=PLANE('',#2100);
#1898=PLANE('',#2101);
#1899=PLANE('',#2102);
#1900=PLANE('',#2103);
#1901=PLANE('',#2104);
#1902=PLANE('',#2105);
#1903=PLANE('',#2106);
#1904=PLANE('',#2107);
#1905=PLANE('',#2108);
#1906=PLANE('',#2109);
#1907=PLANE('',#2110);
#1908=PLANE('',#2111);
#1909=PLANE('',#2112);
#1910=PLANE('',#2113);
#1911=PLANE('',#2114);
#1912=PLANE('',#2115);
#1913=PLANE('',#2116);
#1914=PLANE('',#2117);
#1915=PLANE('',#2118);
#1916=PLANE('',#2119);
#1917=PLANE('',#2120);
#1918=PLANE('',#2121);
#1919=PLANE('',#2122);
#1920=PLANE('',#2123);
#1921=PLANE('',#2124);
#1922=PLANE('',#2125);
#1923=PLANE('',#2126);
#1924=PLANE('',#2127);
#1925=PLANE('',#2128);
#1926=PLANE('',#2129);
#1927=PLANE('',#2130);
#1928=PLANE('',#2131);
#1929=PLANE('',#2132);
#1930=PLANE('',#2133);
#1931=PLANE('',#2134);
#1932=PLANE('',#2135);
#1933=PLANE('',#2136);
#1934=PLANE('',#2137);
#1935=PLANE('',#2141);
#1936=PLANE('',#2142);
#1937=PLANE('',#2168);
#1938=PLANE('',#2171);
#1939=PLANE('',#2174);
#1940=PLANE('',#2175);
#1941=PLANE('',#2176);
#1942=PLANE('',#2177);
#1943=PLANE('',#2178);
#1944=PLANE('',#2181);
#1945=PLANE('',#2184);
#1946=PLANE('',#2187);
#1947=PLANE('',#2190);
#1948=PLANE('',#2193);
#1949=PLANE('',#2196);
#1950=PLANE('',#2199);
#1951=PLANE('',#2202);
#1952=PLANE('',#2203);
#1953=PLANE('',#2204);
#1954=PLANE('',#2205);
#1955=PLANE('',#2208);
#1956=PLANE('',#2211);
#1957=PLANE('',#2214);
#1958=PLANE('',#2217);
#1959=PLANE('',#2226);
#1960=PLANE('',#2229);
#1961=PLANE('',#2232);
#1962=PLANE('',#2235);
#1963=PLANE('',#2238);
#1964=PLANE('',#2239);
#1965=PLANE('',#2240);
#1966=PLANE('',#2241);
#1967=PLANE('',#2242);
#1968=PLANE('',#2243);
#1969=ADVANCED_FACE('',(#117),#1887,.F.);
#1970=ADVANCED_FACE('',(#118),#1888,.F.);
#1971=ADVANCED_FACE('',(#119),#1889,.F.);
#1972=ADVANCED_FACE('',(#120),#1890,.F.);
#1973=ADVANCED_FACE('',(#121),#1891,.F.);
#1974=ADVANCED_FACE('',(#122),#1892,.F.);
#1975=ADVANCED_FACE('',(#123),#1893,.F.);
#1976=ADVANCED_FACE('',(#124),#1894,.F.);
#1977=ADVANCED_FACE('',(#125),#1895,.F.);
#1978=ADVANCED_FACE('',(#126),#1896,.F.);
#1979=ADVANCED_FACE('',(#127),#1897,.F.);
#1980=ADVANCED_FACE('',(#128),#1898,.F.);
#1981=ADVANCED_FACE('',(#129),#1899,.F.);
#1982=ADVANCED_FACE('',(#130),#1900,.F.);
#1983=ADVANCED_FACE('',(#131),#1901,.F.);
#1984=ADVANCED_FACE('',(#132),#1902,.F.);
#1985=ADVANCED_FACE('',(#133),#1903,.F.);
#1986=ADVANCED_FACE('',(#134),#1904,.F.);
#1987=ADVANCED_FACE('',(#135),#1905,.F.);
#1988=ADVANCED_FACE('',(#136),#1906,.F.);
#1989=ADVANCED_FACE('',(#137),#1907,.F.);
#1990=ADVANCED_FACE('',(#138),#1908,.F.);
#1991=ADVANCED_FACE('',(#139),#1909,.F.);
#1992=ADVANCED_FACE('',(#140),#1910,.F.);
#1993=ADVANCED_FACE('',(#141),#1911,.F.);
#1994=ADVANCED_FACE('',(#142),#1912,.F.);
#1995=ADVANCED_FACE('',(#143),#1913,.F.);
#1996=ADVANCED_FACE('',(#144),#1914,.F.);
#1997=ADVANCED_FACE('',(#145),#1915,.F.);
#1998=ADVANCED_FACE('',(#146),#1916,.F.);
#1999=ADVANCED_FACE('',(#147),#1917,.F.);
#2000=ADVANCED_FACE('',(#148),#1918,.F.);
#2001=ADVANCED_FACE('',(#149),#1919,.F.);
#2002=ADVANCED_FACE('',(#150),#1920,.F.);
#2003=ADVANCED_FACE('',(#151),#1921,.F.);
#2004=ADVANCED_FACE('',(#152),#1922,.F.);
#2005=ADVANCED_FACE('',(#153),#1923,.F.);
#2006=ADVANCED_FACE('',(#154),#1924,.F.);
#2007=ADVANCED_FACE('',(#155),#1925,.F.);
#2008=ADVANCED_FACE('',(#156),#1926,.F.);
#2009=ADVANCED_FACE('',(#157),#1927,.F.);
#2010=ADVANCED_FACE('',(#158),#1928,.F.);
#2011=ADVANCED_FACE('',(#159),#1929,.F.);
#2012=ADVANCED_FACE('',(#160),#1930,.F.);
#2013=ADVANCED_FACE('',(#161),#1931,.F.);
#2014=ADVANCED_FACE('',(#162),#1932,.F.);
#2015=ADVANCED_FACE('',(#163),#1933,.F.);
#2016=ADVANCED_FACE('',(#164),#1934,.F.);
#2017=ADVANCED_FACE('',(#165),#93,.T.);
#2018=ADVANCED_FACE('',(#166),#1935,.T.);
#2019=ADVANCED_FACE('',(#167,#19,#20,#21,#22,#23,#24,#25,#26,#27,#28,#29,
#30,#31,#32,#33,#34),#1936,.F.);
#2020=ADVANCED_FACE('',(#168),#94,.T.);
#2021=ADVANCED_FACE('',(#169),#1937,.T.);
#2022=ADVANCED_FACE('',(#170),#95,.T.);
#2023=ADVANCED_FACE('',(#171),#1938,.T.);
#2024=ADVANCED_FACE('',(#172),#96,.T.);
#2025=ADVANCED_FACE('',(#173),#1939,.T.);
#2026=ADVANCED_FACE('',(#174),#1940,.T.);
#2027=ADVANCED_FACE('',(#175),#1941,.T.);
#2028=ADVANCED_FACE('',(#176),#1942,.T.);
#2029=ADVANCED_FACE('',(#177),#1943,.T.);
#2030=ADVANCED_FACE('',(#178),#97,.F.);
#2031=ADVANCED_FACE('',(#179),#1944,.T.);
#2032=ADVANCED_FACE('',(#180),#98,.F.);
#2033=ADVANCED_FACE('',(#181),#1945,.T.);
#2034=ADVANCED_FACE('',(#182),#99,.F.);
#2035=ADVANCED_FACE('',(#183),#1946,.T.);
#2036=ADVANCED_FACE('',(#184),#100,.F.);
#2037=ADVANCED_FACE('',(#185),#1947,.T.);
#2038=ADVANCED_FACE('',(#186),#101,.F.);
#2039=ADVANCED_FACE('',(#187),#1948,.T.);
#2040=ADVANCED_FACE('',(#188),#102,.F.);
#2041=ADVANCED_FACE('',(#189),#1949,.T.);
#2042=ADVANCED_FACE('',(#190),#103,.F.);
#2043=ADVANCED_FACE('',(#191),#1950,.T.);
#2044=ADVANCED_FACE('',(#192),#104,.F.);
#2045=ADVANCED_FACE('',(#193),#1951,.T.);
#2046=ADVANCED_FACE('',(#194),#1952,.T.);
#2047=ADVANCED_FACE('',(#195),#1953,.T.);
#2048=ADVANCED_FACE('',(#196),#1954,.T.);
#2049=ADVANCED_FACE('',(#197),#105,.F.);
#2050=ADVANCED_FACE('',(#198),#1955,.T.);
#2051=ADVANCED_FACE('',(#199),#106,.F.);
#2052=ADVANCED_FACE('',(#200),#1956,.T.);
#2053=ADVANCED_FACE('',(#201),#107,.F.);
#2054=ADVANCED_FACE('',(#202),#1957,.T.);
#2055=ADVANCED_FACE('',(#203),#108,.F.);
#2056=ADVANCED_FACE('',(#204),#1958,.T.);
#2057=ADVANCED_FACE('',(#205),#109,.F.);
#2058=ADVANCED_FACE('',(#206),#110,.F.);
#2059=ADVANCED_FACE('',(#207),#111,.F.);
#2060=ADVANCED_FACE('',(#208),#112,.F.);
#2061=ADVANCED_FACE('',(#209),#1959,.T.);
#2062=ADVANCED_FACE('',(#210),#113,.F.);
#2063=ADVANCED_FACE('',(#211),#1960,.T.);
#2064=ADVANCED_FACE('',(#212),#114,.F.);
#2065=ADVANCED_FACE('',(#213),#1961,.T.);
#2066=ADVANCED_FACE('',(#214),#115,.F.);
#2067=ADVANCED_FACE('',(#215),#1962,.T.);
#2068=ADVANCED_FACE('',(#216),#116,.F.);
#2069=ADVANCED_FACE('',(#217),#1963,.T.);
#2070=ADVANCED_FACE('',(#218),#1964,.T.);
#2071=ADVANCED_FACE('',(#219),#1965,.T.);
#2072=ADVANCED_FACE('',(#220),#1966,.T.);
#2073=ADVANCED_FACE('',(#221),#1967,.T.);
#2074=ADVANCED_FACE('',(#222,#35,#36,#37,#38,#39,#40,#41,#42,#43,#44),#1968,
 .T.);
#2075=CLOSED_SHELL('',(#1969,#1970,#1971,#1972,#1973,#1974,#1975,#1976,
#1977,#1978,#1979,#1980,#1981,#1982,#1983,#1984,#1985,#1986,#1987,#1988,
#1989,#1990,#1991,#1992,#1993,#1994,#1995,#1996,#1997,#1998,#1999,#2000,
#2001,#2002,#2003,#2004,#2005,#2006,#2007,#2008,#2009,#2010,#2011,#2012,
#2013,#2014,#2015,#2016,#2017,#2018,#2019,#2020,#2021,#2022,#2023,#2024,
#2025,#2026,#2027,#2028,#2029,#2030,#2031,#2032,#2033,#2034,#2035,#2036,
#2037,#2038,#2039,#2040,#2041,#2042,#2043,#2044,#2045,#2046,#2047,#2048,
#2049,#2050,#2051,#2052,#2053,#2054,#2055,#2056,#2057,#2058,#2059,#2060,
#2061,#2062,#2063,#2064,#2065,#2066,#2067,#2068,#2069,#2070,#2071,#2072,
#2073,#2074));
#2076=DERIVED_UNIT_ELEMENT(#2078,1.);
#2077=DERIVED_UNIT_ELEMENT(#3391,-3.);
#2078=(
MASS_UNIT()
NAMED_UNIT(*)
SI_UNIT(.KILO.,.GRAM.)
);
#2079=DERIVED_UNIT((#2076,#2077));
#2080=MEASURE_REPRESENTATION_ITEM('density measure',
POSITIVE_RATIO_MEASURE(7850.),#2079);
#2081=PROPERTY_DEFINITION_REPRESENTATION(#2086,#2083);
#2082=PROPERTY_DEFINITION_REPRESENTATION(#2087,#2084);
#2083=REPRESENTATION('material name',(#2085),#3388);
#2084=REPRESENTATION('density',(#2080),#3388);
#2085=DESCRIPTIVE_REPRESENTATION_ITEM('Steel','Steel');
#2086=PROPERTY_DEFINITION('material property','material name',#3403);
#2087=PROPERTY_DEFINITION('material property','density of part',#3403);
#2088=AXIS2_PLACEMENT_3D('',#2799,#2245,#2246);
#2089=AXIS2_PLACEMENT_3D('',#2800,#2247,#2248);
#2090=AXIS2_PLACEMENT_3D('',#2801,#2249,#2250);
#2091=AXIS2_PLACEMENT_3D('',#2810,#2255,#2256);
#2092=AXIS2_PLACEMENT_3D('',#2816,#2260,#2261);
#2093=AXIS2_PLACEMENT_3D('',#2822,#2265,#2266);
#2094=AXIS2_PLACEMENT_3D('',#2825,#2269,#2270);
#2095=AXIS2_PLACEMENT_3D('',#2826,#2271,#2272);
#2096=AXIS2_PLACEMENT_3D('',#2835,#2277,#2278);
#2097=AXIS2_PLACEMENT_3D('',#2841,#2282,#2283);
#2098=AXIS2_PLACEMENT_3D('',#2847,#2287,#2288);
#2099=AXIS2_PLACEMENT_3D('',#2852,#2293,#2294);
#2100=AXIS2_PLACEMENT_3D('',#2853,#2295,#2296);
#2101=AXIS2_PLACEMENT_3D('',#2862,#2301,#2302);
#2102=AXIS2_PLACEMENT_3D('',#2868,#2306,#2307);
#2103=AXIS2_PLACEMENT_3D('',#2871,#2310,#2311);
#2104=AXIS2_PLACEMENT_3D('',#2874,#2314,#2315);
#2105=AXIS2_PLACEMENT_3D('',#2875,#2316,#2317);
#2106=AXIS2_PLACEMENT_3D('',#2884,#2322,#2323);
#2107=AXIS2_PLACEMENT_3D('',#2890,#2327,#2328);
#2108=AXIS2_PLACEMENT_3D('',#2893,#2331,#2332);
#2109=AXIS2_PLACEMENT_3D('',#2896,#2335,#2336);
#2110=AXIS2_PLACEMENT_3D('',#2897,#2337,#2338);
#2111=AXIS2_PLACEMENT_3D('',#2906,#2343,#2344);
#2112=AXIS2_PLACEMENT_3D('',#2912,#2348,#2349);
#2113=AXIS2_PLACEMENT_3D('',#2918,#2353,#2354);
#2114=AXIS2_PLACEMENT_3D('',#2921,#2357,#2358);
#2115=AXIS2_PLACEMENT_3D('',#2922,#2359,#2360);
#2116=AXIS2_PLACEMENT_3D('',#2931,#2365,#2366);
#2117=AXIS2_PLACEMENT_3D('',#2937,#2370,#2371);
#2118=AXIS2_PLACEMENT_3D('',#2943,#2375,#2376);
#2119=AXIS2_PLACEMENT_3D('',#2946,#2379,#2380);
#2120=AXIS2_PLACEMENT_3D('',#2947,#2381,#2382);
#2121=AXIS2_PLACEMENT_3D('',#2956,#2387,#2388);
#2122=AXIS2_PLACEMENT_3D('',#2962,#2392,#2393);
#2123=AXIS2_PLACEMENT_3D('',#2968,#2397,#2398);
#2124=AXIS2_PLACEMENT_3D('',#2971,#2401,#2402);
#2125=AXIS2_PLACEMENT_3D('',#2972,#2403,#2404);
#2126=AXIS2_PLACEMENT_3D('',#2981,#2409,#2410);
#2127=AXIS2_PLACEMENT_3D('',#2987,#2414,#2415);
#2128=AXIS2_PLACEMENT_3D('',#2993,#2419,#2420);
#2129=AXIS2_PLACEMENT_3D('',#2999,#2424,#2425);
#2130=AXIS2_PLACEMENT_3D('',#3005,#2429,#2430);
#2131=AXIS2_PLACEMENT_3D('',#3011,#2434,#2435);
#2132=AXIS2_PLACEMENT_3D('',#3017,#2439,#2440);
#2133=AXIS2_PLACEMENT_3D('',#3023,#2444,#2445);
#2134=AXIS2_PLACEMENT_3D('',#3029,#2449,#2450);
#2135=AXIS2_PLACEMENT_3D('',#3035,#2454,#2455);
#2136=AXIS2_PLACEMENT_3D('',#3041,#2459,#2460);
#2137=AXIS2_PLACEMENT_3D('',#3044,#2463,#2464);
#2138=AXIS2_PLACEMENT_3D('',#3045,#2465,#2466);
#2139=AXIS2_PLACEMENT_3D('',#3048,#2467,#2468);
#2140=AXIS2_PLACEMENT_3D('',#3052,#2470,#2471);
#2141=AXIS2_PLACEMENT_3D('',#3054,#2473,#2474);
#2142=AXIS2_PLACEMENT_3D('',#3060,#2478,#2479);
#2143=AXIS2_PLACEMENT_3D('',#3064,#2481,#2482);
#2144=AXIS2_PLACEMENT_3D('',#3068,#2484,#2485);
#2145=AXIS2_PLACEMENT_3D('',#3072,#2487,#2488);
#2146=AXIS2_PLACEMENT_3D('',#3082,#2493,#2494);
#2147=AXIS2_PLACEMENT_3D('',#3086,#2496,#2497);
#2148=AXIS2_PLACEMENT_3D('',#3090,#2499,#2500);
#2149=AXIS2_PLACEMENT_3D('',#3094,#2502,#2503);
#2150=AXIS2_PLACEMENT_3D('',#3097,#2505,#2506);
#2151=AXIS2_PLACEMENT_3D('',#3099,#2507,#2508);
#2152=AXIS2_PLACEMENT_3D('',#3101,#2509,#2510);
#2153=AXIS2_PLACEMENT_3D('',#3104,#2511,#2512);
#2154=AXIS2_PLACEMENT_3D('',#3108,#2514,#2515);
#2155=AXIS2_PLACEMENT_3D('',#3112,#2517,#2518);
#2156=AXIS2_PLACEMENT_3D('',#3116,#2520,#2521);
#2157=AXIS2_PLACEMENT_3D('',#3119,#2523,#2524);
#2158=AXIS2_PLACEMENT_3D('',#3130,#2529,#2530);
#2159=AXIS2_PLACEMENT_3D('',#3134,#2532,#2533);
#2160=AXIS2_PLACEMENT_3D('',#3138,#2535,#2536);
#2161=AXIS2_PLACEMENT_3D('',#3142,#2538,#2539);
#2162=AXIS2_PLACEMENT_3D('',#3146,#2541,#2542);
#2163=AXIS2_PLACEMENT_3D('',#3150,#2544,#2545);
#2164=AXIS2_PLACEMENT_3D('',#3154,#2547,#2548);
#2165=AXIS2_PLACEMENT_3D('',#3158,#2550,#2551);
#2166=AXIS2_PLACEMENT_3D('',#3168,#2557,#2558);
#2167=AXIS2_PLACEMENT_3D('',#3171,#2559,#2560);
#2168=AXIS2_PLACEMENT_3D('',#3174,#2563,#2564);
#2169=AXIS2_PLACEMENT_3D('',#3178,#2567,#2568);
#2170=AXIS2_PLACEMENT_3D('',#3180,#2569,#2570);
#2171=AXIS2_PLACEMENT_3D('',#3182,#2572,#2573);
#2172=AXIS2_PLACEMENT_3D('',#3186,#2576,#2577);
#2173=AXIS2_PLACEMENT_3D('',#3188,#2578,#2579);
#2174=AXIS2_PLACEMENT_3D('',#3190,#2581,#2582);
#2175=AXIS2_PLACEMENT_3D('',#3196,#2586,#2587);
#2176=AXIS2_PLACEMENT_3D('',#3200,#2590,#2591);
#2177=AXIS2_PLACEMENT_3D('',#3204,#2594,#2595);
#2178=AXIS2_PLACEMENT_3D('',#3206,#2597,#2598);
#2179=AXIS2_PLACEMENT_3D('',#3212,#2602,#2603);
#2180=AXIS2_PLACEMENT_3D('',#3214,#2604,#2605);
#2181=AXIS2_PLACEMENT_3D('',#3216,#2607,#2608);
#2182=AXIS2_PLACEMENT_3D('',#3220,#2611,#2612);
#2183=AXIS2_PLACEMENT_3D('',#3222,#2613,#2614);
#2184=AXIS2_PLACEMENT_3D('',#3224,#2616,#2617);
#2185=AXIS2_PLACEMENT_3D('',#3228,#2620,#2621);
#2186=AXIS2_PLACEMENT_3D('',#3230,#2622,#2623);
#2187=AXIS2_PLACEMENT_3D('',#3232,#2625,#2626);
#2188=AXIS2_PLACEMENT_3D('',#3236,#2629,#2630);
#2189=AXIS2_PLACEMENT_3D('',#3237,#2631,#2632);
#2190=AXIS2_PLACEMENT_3D('',#3238,#2633,#2634);
#2191=AXIS2_PLACEMENT_3D('',#3244,#2638,#2639);
#2192=AXIS2_PLACEMENT_3D('',#3246,#2640,#2641);
#2193=AXIS2_PLACEMENT_3D('',#3248,#2643,#2644);
#2194=AXIS2_PLACEMENT_3D('',#3252,#2647,#2648);
#2195=AXIS2_PLACEMENT_3D('',#3254,#2649,#2650);
#2196=AXIS2_PLACEMENT_3D('',#3256,#2652,#2653);
#2197=AXIS2_PLACEMENT_3D('',#3260,#2656,#2657);
#2198=AXIS2_PLACEMENT_3D('',#3262,#2658,#2659);
#2199=AXIS2_PLACEMENT_3D('',#3264,#2661,#2662);
#2200=AXIS2_PLACEMENT_3D('',#3268,#2665,#2666);
#2201=AXIS2_PLACEMENT_3D('',#3269,#2667,#2668);
#2202=AXIS2_PLACEMENT_3D('',#3270,#2669,#2670);
#2203=AXIS2_PLACEMENT_3D('',#3276,#2674,#2675);
#2204=AXIS2_PLACEMENT_3D('',#3280,#2678,#2679);
#2205=AXIS2_PLACEMENT_3D('',#3284,#2682,#2683);
#2206=AXIS2_PLACEMENT_3D('',#3286,#2685,#2686);
#2207=AXIS2_PLACEMENT_3D('',#3288,#2687,#2688);
#2208=AXIS2_PLACEMENT_3D('',#3290,#2690,#2691);
#2209=AXIS2_PLACEMENT_3D('',#3296,#2695,#2696);
#2210=AXIS2_PLACEMENT_3D('',#3298,#2697,#2698);
#2211=AXIS2_PLACEMENT_3D('',#3300,#2700,#2701);
#2212=AXIS2_PLACEMENT_3D('',#3304,#2704,#2705);
#2213=AXIS2_PLACEMENT_3D('',#3306,#2706,#2707);
#2214=AXIS2_PLACEMENT_3D('',#3308,#2709,#2710);
#2215=AXIS2_PLACEMENT_3D('',#3312,#2713,#2714);
#2216=AXIS2_PLACEMENT_3D('',#3314,#2715,#2716);
#2217=AXIS2_PLACEMENT_3D('',#3316,#2718,#2719);
#2218=AXIS2_PLACEMENT_3D('',#3320,#2722,#2723);
#2219=AXIS2_PLACEMENT_3D('',#3321,#2724,#2725);
#2220=AXIS2_PLACEMENT_3D('',#3322,#2726,#2727);
#2221=AXIS2_PLACEMENT_3D('',#3324,#2728,#2729);
#2222=AXIS2_PLACEMENT_3D('',#3326,#2731,#2732);
#2223=AXIS2_PLACEMENT_3D('',#3328,#2733,#2734);
#2224=AXIS2_PLACEMENT_3D('',#3330,#2736,#2737);
#2225=AXIS2_PLACEMENT_3D('',#3332,#2738,#2739);
#2226=AXIS2_PLACEMENT_3D('',#3334,#2741,#2742);
#2227=AXIS2_PLACEMENT_3D('',#3340,#2746,#2747);
#2228=AXIS2_PLACEMENT_3D('',#3342,#2748,#2749);
#2229=AXIS2_PLACEMENT_3D('',#3344,#2751,#2752);
#2230=AXIS2_PLACEMENT_3D('',#3348,#2755,#2756);
#2231=AXIS2_PLACEMENT_3D('',#3350,#2757,#2758);
#2232=AXIS2_PLACEMENT_3D('',#3352,#2760,#2761);
#2233=AXIS2_PLACEMENT_3D('',#3356,#2764,#2765);
#2234=AXIS2_PLACEMENT_3D('',#3358,#2766,#2767);
#2235=AXIS2_PLACEMENT_3D('',#3360,#2769,#2770);
#2236=AXIS2_PLACEMENT_3D('',#3364,#2773,#2774);
#2237=AXIS2_PLACEMENT_3D('',#3365,#2775,#2776);
#2238=AXIS2_PLACEMENT_3D('',#3366,#2777,#2778);
#2239=AXIS2_PLACEMENT_3D('',#3372,#2782,#2783);
#2240=AXIS2_PLACEMENT_3D('',#3376,#2786,#2787);
#2241=AXIS2_PLACEMENT_3D('',#3378,#2789,#2790);
#2242=AXIS2_PLACEMENT_3D('',#3380,#2792,#2793);
#2243=AXIS2_PLACEMENT_3D('',#3382,#2795,#2796);
#2244=AXIS2_PLACEMENT_3D('',#3383,#2797,#2798);
#2245=DIRECTION('axis',(0.,0.,1.));
#2246=DIRECTION('refdir',(1.,0.,0.));
#2247=DIRECTION('axis',(0.,0.,1.));
#2248=DIRECTION('refdir',(1.,0.,0.));
#2249=DIRECTION('center_axis',(1.,0.,0.));
#2250=DIRECTION('ref_axis',(0.,1.,0.));
#2251=DIRECTION('',(0.,1.,0.));
#2252=DIRECTION('',(0.,0.,1.));
#2253=DIRECTION('',(0.,1.,0.));
#2254=DIRECTION('',(0.,0.,1.));
#2255=DIRECTION('center_axis',(0.,-1.,0.));
#2256=DIRECTION('ref_axis',(1.,0.,0.));
#2257=DIRECTION('',(1.,0.,0.));
#2258=DIRECTION('',(0.,0.,1.));
#2259=DIRECTION('',(1.,0.,0.));
#2260=DIRECTION('center_axis',(-1.,0.,0.));
#2261=DIRECTION('ref_axis',(0.,-1.,0.));
#2262=DIRECTION('',(0.,-1.,0.));
#2263=DIRECTION('',(0.,0.,1.));
#2264=DIRECTION('',(0.,-1.,0.));
#2265=DIRECTION('center_axis',(0.,1.,0.));
#2266=DIRECTION('ref_axis',(-1.,0.,0.));
#2267=DIRECTION('',(-1.,0.,0.));
#2268=DIRECTION('',(-1.,0.,0.));
#2269=DIRECTION('center_axis',(0.,0.,1.));
#2270=DIRECTION('ref_axis',(1.,0.,0.));
#2271=DIRECTION('center_axis',(0.,1.,0.));
#2272=DIRECTION('ref_axis',(-1.,0.,0.));
#2273=DIRECTION('',(-1.,0.,0.));
#2274=DIRECTION('',(0.,0.,1.));
#2275=DIRECTION('',(-1.,0.,0.));
#2276=DIRECTION('',(0.,0.,1.));
#2277=DIRECTION('center_axis',(1.,0.,0.));
#2278=DIRECTION('ref_axis',(0.,1.,0.));
#2279=DIRECTION('',(0.,1.,0.));
#2280=DIRECTION('',(0.,0.,1.));
#2281=DIRECTION('',(0.,1.,0.));
#2282=DIRECTION('center_axis',(0.,-1.,0.));
#2283=DIRECTION('ref_axis',(1.,0.,0.));
#2284=DIRECTION('',(1.,0.,0.));
#2285=DIRECTION('',(0.,0.,1.));
#2286=DIRECTION('',(1.,0.,0.));
#2287=DIRECTION('center_axis',(-1.,0.,0.));
#2288=DIRECTION('ref_axis',(0.,-1.,0.));
#2289=DIRECTION('',(0.,-1.,0.));
#2290=DIRECTION('',(0.,0.,1.));
#2291=DIRECTION('',(0.,-1.,0.));
#2292=DIRECTION('',(0.,0.,1.));
#2293=DIRECTION('center_axis',(0.,0.,1.));
#2294=DIRECTION('ref_axis',(1.,0.,0.));
#2295=DIRECTION('center_axis',(-1.,0.,0.));
#2296=DIRECTION('ref_axis',(0.,-1.,0.));
#2297=DIRECTION('',(0.,-1.,0.));
#2298=DIRECTION('',(0.,0.,1.));
#2299=DIRECTION('',(0.,-1.,0.));
#2300=DIRECTION('',(0.,0.,1.));
#2301=DIRECTION('center_axis',(0.,1.,0.));
#2302=DIRECTION('ref_axis',(-1.,0.,0.));
#2303=DIRECTION('',(-1.,0.,0.));
#2304=DIRECTION('',(0.,0.,1.));
#2305=DIRECTION('',(-1.,0.,0.));
#2306=DIRECTION('center_axis',(1.,0.,0.));
#2307=DIRECTION('ref_axis',(0.,1.,0.));
#2308=DIRECTION('',(0.,1.,0.));
#2309=DIRECTION('',(0.,1.,0.));
#2310=DIRECTION('center_axis',(0.,-1.,0.));
#2311=DIRECTION('ref_axis',(1.,0.,0.));
#2312=DIRECTION('',(1.,0.,0.));
#2313=DIRECTION('',(1.,0.,0.));
#2314=DIRECTION('center_axis',(0.,0.,1.));
#2315=DIRECTION('ref_axis',(1.,0.,0.));
#2316=DIRECTION('center_axis',(0.,-1.,0.));
#2317=DIRECTION('ref_axis',(1.,0.,0.));
#2318=DIRECTION('',(1.,0.,0.));
#2319=DIRECTION('',(0.,0.,1.));
#2320=DIRECTION('',(1.,0.,0.));
#2321=DIRECTION('',(0.,0.,1.));
#2322=DIRECTION('center_axis',(-1.,0.,0.));
#2323=DIRECTION('ref_axis',(0.,-1.,0.));
#2324=DIRECTION('',(0.,-1.,0.));
#2325=DIRECTION('',(0.,0.,1.));
#2326=DIRECTION('',(0.,-1.,0.));
#2327=DIRECTION('center_axis',(0.,1.,0.));
#2328=DIRECTION('ref_axis',(-1.,0.,0.));
#2329=DIRECTION('',(-1.,0.,0.));
#2330=DIRECTION('',(-1.,0.,0.));
#2331=DIRECTION('center_axis',(1.,0.,0.));
#2332=DIRECTION('ref_axis',(0.,1.,0.));
#2333=DIRECTION('',(0.,1.,0.));
#2334=DIRECTION('',(0.,1.,0.));
#2335=DIRECTION('center_axis',(0.,0.,1.));
#2336=DIRECTION('ref_axis',(1.,0.,0.));
#2337=DIRECTION('center_axis',(1.,0.,0.));
#2338=DIRECTION('ref_axis',(0.,1.,0.));
#2339=DIRECTION('',(0.,1.,0.));
#2340=DIRECTION('',(0.,0.,1.));
#2341=DIRECTION('',(0.,1.,0.));
#2342=DIRECTION('',(0.,0.,1.));
#2343=DIRECTION('center_axis',(0.,-1.,0.));
#2344=DIRECTION('ref_axis',(1.,0.,0.));
#2345=DIRECTION('',(1.,0.,0.));
#2346=DIRECTION('',(0.,0.,1.));
#2347=DIRECTION('',(1.,0.,0.));
#2348=DIRECTION('center_axis',(-1.,0.,0.));
#2349=DIRECTION('ref_axis',(0.,-1.,0.));
#2350=DIRECTION('',(0.,-1.,0.));
#2351=DIRECTION('',(0.,0.,1.));
#2352=DIRECTION('',(0.,-1.,0.));
#2353=DIRECTION('center_axis',(0.,1.,0.));
#2354=DIRECTION('ref_axis',(-1.,0.,0.));
#2355=DIRECTION('',(-1.,0.,0.));
#2356=DIRECTION('',(-1.,0.,0.));
#2357=DIRECTION('center_axis',(0.,0.,1.));
#2358=DIRECTION('ref_axis',(1.,0.,0.));
#2359=DIRECTION('center_axis',(1.,0.,0.));
#2360=DIRECTION('ref_axis',(0.,1.,0.));
#2361=DIRECTION('',(0.,1.,0.));
#2362=DIRECTION('',(0.,0.,1.));
#2363=DIRECTION('',(0.,1.,0.));
#2364=DIRECTION('',(0.,0.,1.));
#2365=DIRECTION('center_axis',(0.,-1.,0.));
#2366=DIRECTION('ref_axis',(1.,0.,0.));
#2367=DIRECTION('',(1.,0.,0.));
#2368=DIRECTION('',(0.,0.,1.));
#2369=DIRECTION('',(1.,0.,0.));
#2370=DIRECTION('center_axis',(-1.,0.,0.));
#2371=DIRECTION('ref_axis',(0.,-1.,0.));
#2372=DIRECTION('',(0.,-1.,0.));
#2373=DIRECTION('',(0.,0.,1.));
#2374=DIRECTION('',(0.,-1.,0.));
#2375=DIRECTION('center_axis',(0.,1.,0.));
#2376=DIRECTION('ref_axis',(-1.,0.,0.));
#2377=DIRECTION('',(-1.,0.,0.));
#2378=DIRECTION('',(-1.,0.,0.));
#2379=DIRECTION('center_axis',(0.,0.,1.));
#2380=DIRECTION('ref_axis',(1.,0.,0.));
#2381=DIRECTION('center_axis',(1.,0.,0.));
#2382=DIRECTION('ref_axis',(0.,1.,0.));
#2383=DIRECTION('',(0.,1.,0.));
#2384=DIRECTION('',(0.,0.,1.));
#2385=DIRECTION('',(0.,1.,0.));
#2386=DIRECTION('',(0.,0.,1.));
#2387=DIRECTION('center_axis',(0.,-1.,0.));
#2388=DIRECTION('ref_axis',(1.,0.,0.));
#2389=DIRECTION('',(1.,0.,0.));
#2390=DIRECTION('',(0.,0.,1.));
#2391=DIRECTION('',(1.,0.,0.));
#2392=DIRECTION('center_axis',(-1.,0.,0.));
#2393=DIRECTION('ref_axis',(0.,-1.,0.));
#2394=DIRECTION('',(0.,-1.,0.));
#2395=DIRECTION('',(0.,0.,1.));
#2396=DIRECTION('',(0.,-1.,0.));
#2397=DIRECTION('center_axis',(0.,1.,0.));
#2398=DIRECTION('ref_axis',(-1.,0.,0.));
#2399=DIRECTION('',(-1.,0.,0.));
#2400=DIRECTION('',(-1.,0.,0.));
#2401=DIRECTION('center_axis',(0.,0.,1.));
#2402=DIRECTION('ref_axis',(1.,0.,0.));
#2403=DIRECTION('center_axis',(1.,0.,0.));
#2404=DIRECTION('ref_axis',(0.,1.,0.));
#2405=DIRECTION('',(0.,1.,0.));
#2406=DIRECTION('',(0.,0.,1.));
#2407=DIRECTION('',(0.,1.,0.));
#2408=DIRECTION('',(0.,0.,1.));
#2409=DIRECTION('center_axis',(0.,-1.,0.));
#2410=DIRECTION('ref_axis',(1.,0.,0.));
#2411=DIRECTION('',(1.,0.,0.));
#2412=DIRECTION('',(0.,0.,1.));
#2413=DIRECTION('',(1.,0.,0.));
#2414=DIRECTION('center_axis',(-1.,0.,0.));
#2415=DIRECTION('ref_axis',(0.,-1.,0.));
#2416=DIRECTION('',(0.,-1.,0.));
#2417=DIRECTION('',(0.,0.,1.));
#2418=DIRECTION('',(0.,-1.,0.));
#2419=DIRECTION('center_axis',(0.,-1.,0.));
#2420=DIRECTION('ref_axis',(1.,0.,0.));
#2421=DIRECTION('',(1.,0.,0.));
#2422=DIRECTION('',(0.,0.,1.));
#2423=DIRECTION('',(1.,0.,0.));
#2424=DIRECTION('center_axis',(1.,0.,0.));
#2425=DIRECTION('ref_axis',(0.,1.,0.));
#2426=DIRECTION('',(0.,1.,0.));
#2427=DIRECTION('',(0.,0.,1.));
#2428=DIRECTION('',(0.,1.,0.));
#2429=DIRECTION('center_axis',(0.,-1.,0.));
#2430=DIRECTION('ref_axis',(1.,0.,0.));
#2431=DIRECTION('',(1.,0.,0.));
#2432=DIRECTION('',(0.,0.,1.));
#2433=DIRECTION('',(1.,0.,0.));
#2434=DIRECTION('center_axis',(-1.,0.,0.));
#2435=DIRECTION('ref_axis',(0.,-1.,0.));
#2436=DIRECTION('',(0.,-1.,0.));
#2437=DIRECTION('',(0.,0.,1.));
#2438=DIRECTION('',(0.,-1.,0.));
#2439=DIRECTION('center_axis',(0.,1.,0.));
#2440=DIRECTION('ref_axis',(-1.,0.,0.));
#2441=DIRECTION('',(-1.,0.,0.));
#2442=DIRECTION('',(0.,0.,1.));
#2443=DIRECTION('',(-1.,0.,0.));
#2444=DIRECTION('center_axis',(1.,0.,0.));
#2445=DIRECTION('ref_axis',(0.,1.,0.));
#2446=DIRECTION('',(0.,1.,0.));
#2447=DIRECTION('',(0.,0.,1.));
#2448=DIRECTION('',(0.,1.,0.));
#2449=DIRECTION('center_axis',(0.,1.,0.));
#2450=DIRECTION('ref_axis',(-1.,0.,0.));
#2451=DIRECTION('',(-1.,0.,0.));
#2452=DIRECTION('',(0.,0.,1.));
#2453=DIRECTION('',(-1.,0.,0.));
#2454=DIRECTION('center_axis',(-1.,0.,0.));
#2455=DIRECTION('ref_axis',(0.,-1.,0.));
#2456=DIRECTION('',(0.,-1.,0.));
#2457=DIRECTION('',(0.,0.,1.));
#2458=DIRECTION('',(0.,-1.,0.));
#2459=DIRECTION('center_axis',(0.,1.,0.));
#2460=DIRECTION('ref_axis',(-1.,0.,0.));
#2461=DIRECTION('',(-1.,0.,0.));
#2462=DIRECTION('',(-1.,0.,0.));
#2463=DIRECTION('center_axis',(0.,0.,1.));
#2464=DIRECTION('ref_axis',(1.,0.,0.));
#2465=DIRECTION('center_axis',(0.,0.,1.));
#2466=DIRECTION('ref_axis',(-0.707106781186547,-0.707106781186548,0.));
#2467=DIRECTION('center_axis',(0.,0.,-1.));
#2468=DIRECTION('ref_axis',(-0.707106781186547,-0.707106781186548,0.));
#2469=DIRECTION('',(0.,0.,-1.));
#2470=DIRECTION('center_axis',(0.,0.,1.));
#2471=DIRECTION('ref_axis',(-0.707106781186547,-0.707106781186548,0.));
#2472=DIRECTION('',(0.,0.,1.));
#2473=DIRECTION('center_axis',(0.,-1.,0.));
#2474=DIRECTION('ref_axis',(1.,0.,0.));
#2475=DIRECTION('',(-1.,0.,0.));
#2476=DIRECTION('',(0.,0.,1.));
#2477=DIRECTION('',(1.,0.,0.));
#2478=DIRECTION('center_axis',(0.,0.,1.));
#2479=DIRECTION('ref_axis',(1.,0.,0.));
#2480=DIRECTION('',(0.,1.,0.));
#2481=DIRECTION('center_axis',(0.,0.,1.));
#2482=DIRECTION('ref_axis',(-0.707106781186547,0.707106781186547,0.));
#2483=DIRECTION('',(1.,0.,0.));
#2484=DIRECTION('center_axis',(0.,0.,1.));
#2485=DIRECTION('ref_axis',(0.707106781186547,0.707106781186547,0.));
#2486=DIRECTION('',(0.,-1.,0.));
#2487=DIRECTION('center_axis',(0.,0.,1.));
#2488=DIRECTION('ref_axis',(0.707106781186547,-0.707106781186547,0.));
#2489=DIRECTION('',(-1.,0.,0.));
#2490=DIRECTION('',(0.,1.,0.));
#2491=DIRECTION('',(-1.,0.,0.));
#2492=DIRECTION('',(0.,-1.,0.));
#2493=DIRECTION('center_axis',(0.,0.,-1.));
#2494=DIRECTION('ref_axis',(0.,1.,0.));
#2495=DIRECTION('',(0.,1.,0.));
#2496=DIRECTION('center_axis',(0.,0.,-1.));
#2497=DIRECTION('ref_axis',(-1.,0.,0.));
#2498=DIRECTION('',(-1.,0.,0.));
#2499=DIRECTION('center_axis',(0.,0.,-1.));
#2500=DIRECTION('ref_axis',(0.,-1.,0.));
#2501=DIRECTION('',(0.,-1.,0.));
#2502=DIRECTION('center_axis',(0.,0.,-1.));
#2503=DIRECTION('ref_axis',(1.,0.,0.));
#2504=DIRECTION('',(1.,0.,0.));
#2505=DIRECTION('center_axis',(0.,0.,-1.));
#2506=DIRECTION('ref_axis',(1.,0.,0.));
#2507=DIRECTION('center_axis',(0.,0.,-1.));
#2508=DIRECTION('ref_axis',(1.,0.,0.));
#2509=DIRECTION('center_axis',(0.,0.,-1.));
#2510=DIRECTION('ref_axis',(1.,0.,0.));
#2511=DIRECTION('center_axis',(0.,0.,-1.));
#2512=DIRECTION('ref_axis',(0.,1.,0.));
#2513=DIRECTION('',(0.,1.,0.));
#2514=DIRECTION('center_axis',(0.,0.,-1.));
#2515=DIRECTION('ref_axis',(-1.,0.,0.));
#2516=DIRECTION('',(-1.,0.,0.));
#2517=DIRECTION('center_axis',(0.,0.,-1.));
#2518=DIRECTION('ref_axis',(0.,-1.,0.));
#2519=DIRECTION('',(0.,-1.,0.));
#2520=DIRECTION('center_axis',(0.,0.,-1.));
#2521=DIRECTION('ref_axis',(1.,0.,0.));
#2522=DIRECTION('',(1.,0.,0.));
#2523=DIRECTION('center_axis',(0.,0.,-1.));
#2524=DIRECTION('ref_axis',(1.,0.,0.));
#2525=DIRECTION('',(-1.,0.,0.));
#2526=DIRECTION('',(0.,-1.,0.));
#2527=DIRECTION('',(1.,0.,0.));
#2528=DIRECTION('',(0.,1.,0.));
#2529=DIRECTION('center_axis',(0.,0.,-1.));
#2530=DIRECTION('ref_axis',(0.,1.,0.));
#2531=DIRECTION('',(0.,1.,0.));
#2532=DIRECTION('center_axis',(0.,0.,-1.));
#2533=DIRECTION('ref_axis',(-1.,0.,0.));
#2534=DIRECTION('',(-1.,0.,0.));
#2535=DIRECTION('center_axis',(0.,0.,-1.));
#2536=DIRECTION('ref_axis',(0.,-1.,0.));
#2537=DIRECTION('',(0.,-1.,0.));
#2538=DIRECTION('center_axis',(0.,0.,-1.));
#2539=DIRECTION('ref_axis',(1.,0.,0.));
#2540=DIRECTION('',(1.,0.,0.));
#2541=DIRECTION('center_axis',(0.,0.,-1.));
#2542=DIRECTION('ref_axis',(0.,1.,0.));
#2543=DIRECTION('',(0.,1.,0.));
#2544=DIRECTION('center_axis',(0.,0.,-1.));
#2545=DIRECTION('ref_axis',(-1.,0.,0.));
#2546=DIRECTION('',(-1.,0.,0.));
#2547=DIRECTION('center_axis',(0.,0.,-1.));
#2548=DIRECTION('ref_axis',(0.,-1.,0.));
#2549=DIRECTION('',(0.,-1.,0.));
#2550=DIRECTION('center_axis',(0.,0.,-1.));
#2551=DIRECTION('ref_axis',(1.,0.,0.));
#2552=DIRECTION('',(1.,0.,0.));
#2553=DIRECTION('',(-1.,0.,0.));
#2554=DIRECTION('',(0.,-1.,0.));
#2555=DIRECTION('',(1.,0.,0.));
#2556=DIRECTION('',(0.,1.,0.));
#2557=DIRECTION('center_axis',(0.,0.,1.));
#2558=DIRECTION('ref_axis',(0.707106781186547,-0.707106781186547,0.));
#2559=DIRECTION('center_axis',(0.,0.,-1.));
#2560=DIRECTION('ref_axis',(0.707106781186547,-0.707106781186547,0.));
#2561=DIRECTION('',(0.,0.,-1.));
#2562=DIRECTION('',(0.,0.,1.));
#2563=DIRECTION('center_axis',(1.,0.,0.));
#2564=DIRECTION('ref_axis',(0.,1.,0.));
#2565=DIRECTION('',(0.,0.,-1.));
#2566=DIRECTION('',(0.,1.,0.));
#2567=DIRECTION('center_axis',(0.,0.,1.));
#2568=DIRECTION('ref_axis',(0.707106781186547,0.707106781186547,0.));
#2569=DIRECTION('center_axis',(0.,0.,-1.));
#2570=DIRECTION('ref_axis',(0.707106781186547,0.707106781186547,0.));
#2571=DIRECTION('',(0.,0.,1.));
#2572=DIRECTION('center_axis',(0.,1.,0.));
#2573=DIRECTION('ref_axis',(-1.,0.,0.));
#2574=DIRECTION('',(0.,0.,-1.));
#2575=DIRECTION('',(-1.,0.,0.));
#2576=DIRECTION('center_axis',(0.,0.,1.));
#2577=DIRECTION('ref_axis',(-0.707106781186547,0.707106781186547,0.));
#2578=DIRECTION('center_axis',(0.,0.,-1.));
#2579=DIRECTION('ref_axis',(-0.707106781186547,0.707106781186547,0.));
#2580=DIRECTION('',(0.,0.,1.));
#2581=DIRECTION('center_axis',(-1.,0.,0.));
#2582=DIRECTION('ref_axis',(0.,-1.,0.));
#2583=DIRECTION('',(0.,0.,1.));
#2584=DIRECTION('',(0.,-1.,0.));
#2585=DIRECTION('',(0.,0.,1.));
#2586=DIRECTION('center_axis',(0.,-1.,0.));
#2587=DIRECTION('ref_axis',(1.,0.,0.));
#2588=DIRECTION('',(1.,0.,0.));
#2589=DIRECTION('',(0.,0.,1.));
#2590=DIRECTION('center_axis',(1.,0.,0.));
#2591=DIRECTION('ref_axis',(0.,1.,0.));
#2592=DIRECTION('',(0.,1.,0.));
#2593=DIRECTION('',(0.,0.,1.));
#2594=DIRECTION('center_axis',(0.,1.,0.));
#2595=DIRECTION('ref_axis',(-1.,0.,0.));
#2596=DIRECTION('',(-1.,0.,0.));
#2597=DIRECTION('center_axis',(1.,0.,0.));
#2598=DIRECTION('ref_axis',(0.,1.,0.));
#2599=DIRECTION('',(0.,0.,1.));
#2600=DIRECTION('',(0.,1.,0.));
#2601=DIRECTION('',(0.,0.,1.));
#2602=DIRECTION('center_axis',(0.,0.,1.));
#2603=DIRECTION('ref_axis',(-1.,0.,0.));
#2604=DIRECTION('center_axis',(0.,0.,-1.));
#2605=DIRECTION('ref_axis',(-1.,0.,0.));
#2606=DIRECTION('',(0.,0.,1.));
#2607=DIRECTION('center_axis',(0.,1.,0.));
#2608=DIRECTION('ref_axis',(-1.,0.,0.));
#2609=DIRECTION('',(-1.,0.,0.));
#2610=DIRECTION('',(0.,0.,1.));
#2611=DIRECTION('center_axis',(0.,0.,1.));
#2612=DIRECTION('ref_axis',(0.,-1.,0.));
#2613=DIRECTION('center_axis',(0.,0.,-1.));
#2614=DIRECTION('ref_axis',(0.,-1.,0.));
#2615=DIRECTION('',(0.,0.,1.));
#2616=DIRECTION('center_axis',(-1.,0.,0.));
#2617=DIRECTION('ref_axis',(0.,-1.,0.));
#2618=DIRECTION('',(0.,-1.,0.));
#2619=DIRECTION('',(0.,0.,1.));
#2620=DIRECTION('center_axis',(0.,0.,1.));
#2621=DIRECTION('ref_axis',(1.,0.,0.));
#2622=DIRECTION('center_axis',(0.,0.,-1.));
#2623=DIRECTION('ref_axis',(1.,0.,0.));
#2624=DIRECTION('',(0.,0.,1.));
#2625=DIRECTION('center_axis',(0.,-1.,0.));
#2626=DIRECTION('ref_axis',(1.,0.,0.));
#2627=DIRECTION('',(1.,0.,0.));
#2628=DIRECTION('',(0.,0.,1.));
#2629=DIRECTION('center_axis',(0.,0.,1.));
#2630=DIRECTION('ref_axis',(0.,1.,0.));
#2631=DIRECTION('center_axis',(0.,0.,-1.));
#2632=DIRECTION('ref_axis',(0.,1.,0.));
#2633=DIRECTION('center_axis',(1.,0.,0.));
#2634=DIRECTION('ref_axis',(0.,1.,0.));
#2635=DIRECTION('',(0.,0.,1.));
#2636=DIRECTION('',(0.,1.,0.));
#2637=DIRECTION('',(0.,0.,1.));
#2638=DIRECTION('center_axis',(0.,0.,1.));
#2639=DIRECTION('ref_axis',(-1.,0.,0.));
#2640=DIRECTION('center_axis',(0.,0.,-1.));
#2641=DIRECTION('ref_axis',(-1.,0.,0.));
#2642=DIRECTION('',(0.,0.,1.));
#2643=DIRECTION('center_axis',(0.,1.,0.));
#2644=DIRECTION('ref_axis',(-1.,0.,0.));
#2645=DIRECTION('',(-1.,0.,0.));
#2646=DIRECTION('',(0.,0.,1.));
#2647=DIRECTION('center_axis',(0.,0.,1.));
#2648=DIRECTION('ref_axis',(0.,-1.,0.));
#2649=DIRECTION('center_axis',(0.,0.,-1.));
#2650=DIRECTION('ref_axis',(0.,-1.,0.));
#2651=DIRECTION('',(0.,0.,1.));
#2652=DIRECTION('center_axis',(-1.,0.,0.));
#2653=DIRECTION('ref_axis',(0.,-1.,0.));
#2654=DIRECTION('',(0.,-1.,0.));
#2655=DIRECTION('',(0.,0.,1.));
#2656=DIRECTION('center_axis',(0.,0.,1.));
#2657=DIRECTION('ref_axis',(1.,0.,0.));
#2658=DIRECTION('center_axis',(0.,0.,-1.));
#2659=DIRECTION('ref_axis',(1.,0.,0.));
#2660=DIRECTION('',(0.,0.,1.));
#2661=DIRECTION('center_axis',(0.,-1.,0.));
#2662=DIRECTION('ref_axis',(1.,0.,0.));
#2663=DIRECTION('',(1.,0.,0.));
#2664=DIRECTION('',(0.,0.,1.));
#2665=DIRECTION('center_axis',(0.,0.,1.));
#2666=DIRECTION('ref_axis',(0.,1.,0.));
#2667=DIRECTION('center_axis',(0.,0.,-1.));
#2668=DIRECTION('ref_axis',(0.,1.,0.));
#2669=DIRECTION('center_axis',(-1.,0.,0.));
#2670=DIRECTION('ref_axis',(0.,-1.,0.));
#2671=DIRECTION('',(0.,0.,1.));
#2672=DIRECTION('',(0.,-1.,0.));
#2673=DIRECTION('',(0.,0.,1.));
#2674=DIRECTION('center_axis',(0.,-1.,0.));
#2675=DIRECTION('ref_axis',(1.,0.,0.));
#2676=DIRECTION('',(1.,0.,0.));
#2677=DIRECTION('',(0.,0.,1.));
#2678=DIRECTION('center_axis',(1.,0.,0.));
#2679=DIRECTION('ref_axis',(0.,1.,0.));
#2680=DIRECTION('',(0.,1.,0.));
#2681=DIRECTION('',(0.,0.,1.));
#2682=DIRECTION('center_axis',(0.,1.,0.));
#2683=DIRECTION('ref_axis',(-1.,0.,0.));
#2684=DIRECTION('',(-1.,0.,0.));
#2685=DIRECTION('center_axis',(0.,0.,1.));
#2686=DIRECTION('ref_axis',(1.,0.,0.));
#2687=DIRECTION('center_axis',(0.,0.,-1.));
#2688=DIRECTION('ref_axis',(1.,0.,0.));
#2689=DIRECTION('',(0.,0.,-1.));
#2690=DIRECTION('center_axis',(1.,0.,0.));
#2691=DIRECTION('ref_axis',(0.,1.,0.));
#2692=DIRECTION('',(0.,0.,1.));
#2693=DIRECTION('',(0.,1.,0.));
#2694=DIRECTION('',(0.,0.,1.));
#2695=DIRECTION('center_axis',(0.,0.,1.));
#2696=DIRECTION('ref_axis',(-1.,0.,0.));
#2697=DIRECTION('center_axis',(0.,0.,-1.));
#2698=DIRECTION('ref_axis',(-1.,0.,0.));
#2699=DIRECTION('',(0.,0.,1.));
#2700=DIRECTION('center_axis',(0.,1.,0.));
#2701=DIRECTION('ref_axis',(-1.,0.,0.));
#2702=DIRECTION('',(-1.,0.,0.));
#2703=DIRECTION('',(0.,0.,1.));
#2704=DIRECTION('center_axis',(0.,0.,1.));
#2705=DIRECTION('ref_axis',(0.,-1.,0.));
#2706=DIRECTION('center_axis',(0.,0.,-1.));
#2707=DIRECTION('ref_axis',(0.,-1.,0.));
#2708=DIRECTION('',(0.,0.,1.));
#2709=DIRECTION('center_axis',(-1.,0.,0.));
#2710=DIRECTION('ref_axis',(0.,-1.,0.));
#2711=DIRECTION('',(0.,-1.,0.));
#2712=DIRECTION('',(0.,0.,1.));
#2713=DIRECTION('center_axis',(0.,0.,1.));
#2714=DIRECTION('ref_axis',(1.,0.,0.));
#2715=DIRECTION('center_axis',(0.,0.,-1.));
#2716=DIRECTION('ref_axis',(1.,0.,0.));
#2717=DIRECTION('',(0.,0.,1.));
#2718=DIRECTION('center_axis',(0.,-1.,0.));
#2719=DIRECTION('ref_axis',(1.,0.,0.));
#2720=DIRECTION('',(1.,0.,0.));
#2721=DIRECTION('',(0.,0.,1.));
#2722=DIRECTION('center_axis',(0.,0.,1.));
#2723=DIRECTION('ref_axis',(0.,1.,0.));
#2724=DIRECTION('center_axis',(0.,0.,-1.));
#2725=DIRECTION('ref_axis',(0.,1.,0.));
#2726=DIRECTION('center_axis',(0.,0.,1.));
#2727=DIRECTION('ref_axis',(1.,0.,0.));
#2728=DIRECTION('center_axis',(0.,0.,-1.));
#2729=DIRECTION('ref_axis',(1.,0.,0.));
#2730=DIRECTION('',(0.,0.,-1.));
#2731=DIRECTION('center_axis',(0.,0.,1.));
#2732=DIRECTION('ref_axis',(1.,0.,0.));
#2733=DIRECTION('center_axis',(0.,0.,-1.));
#2734=DIRECTION('ref_axis',(1.,0.,0.));
#2735=DIRECTION('',(0.,0.,-1.));
#2736=DIRECTION('center_axis',(0.,0.,1.));
#2737=DIRECTION('ref_axis',(1.,0.,0.));
#2738=DIRECTION('center_axis',(0.,0.,-1.));
#2739=DIRECTION('ref_axis',(1.,0.,0.));
#2740=DIRECTION('',(0.,0.,-1.));
#2741=DIRECTION('center_axis',(1.,0.,0.));
#2742=DIRECTION('ref_axis',(0.,1.,0.));
#2743=DIRECTION('',(0.,0.,1.));
#2744=DIRECTION('',(0.,1.,0.));
#2745=DIRECTION('',(0.,0.,1.));
#2746=DIRECTION('center_axis',(0.,0.,1.));
#2747=DIRECTION('ref_axis',(-1.,0.,0.));
#2748=DIRECTION('center_axis',(0.,0.,-1.));
#2749=DIRECTION('ref_axis',(-1.,0.,0.));
#2750=DIRECTION('',(0.,0.,1.));
#2751=DIRECTION('center_axis',(0.,1.,0.));
#2752=DIRECTION('ref_axis',(-1.,0.,0.));
#2753=DIRECTION('',(-1.,0.,0.));
#2754=DIRECTION('',(0.,0.,1.));
#2755=DIRECTION('center_axis',(0.,0.,1.));
#2756=DIRECTION('ref_axis',(0.,-1.,0.));
#2757=DIRECTION('center_axis',(0.,0.,-1.));
#2758=DIRECTION('ref_axis',(0.,-1.,0.));
#2759=DIRECTION('',(0.,0.,1.));
#2760=DIRECTION('center_axis',(-1.,0.,0.));
#2761=DIRECTION('ref_axis',(0.,-1.,0.));
#2762=DIRECTION('',(0.,-1.,0.));
#2763=DIRECTION('',(0.,0.,1.));
#2764=DIRECTION('center_axis',(0.,0.,1.));
#2765=DIRECTION('ref_axis',(1.,0.,0.));
#2766=DIRECTION('center_axis',(0.,0.,-1.));
#2767=DIRECTION('ref_axis',(1.,0.,0.));
#2768=DIRECTION('',(0.,0.,1.));
#2769=DIRECTION('center_axis',(0.,-1.,0.));
#2770=DIRECTION('ref_axis',(1.,0.,0.));
#2771=DIRECTION('',(1.,0.,0.));
#2772=DIRECTION('',(0.,0.,1.));
#2773=DIRECTION('center_axis',(0.,0.,1.));
#2774=DIRECTION('ref_axis',(0.,1.,0.));
#2775=DIRECTION('center_axis',(0.,0.,-1.));
#2776=DIRECTION('ref_axis',(0.,1.,0.));
#2777=DIRECTION('center_axis',(-1.,0.,0.));
#2778=DIRECTION('ref_axis',(0.,-1.,0.));
#2779=DIRECTION('',(0.,0.,1.));
#2780=DIRECTION('',(0.,-1.,0.));
#2781=DIRECTION('',(0.,0.,1.));
#2782=DIRECTION('center_axis',(0.,-1.,0.));
#2783=DIRECTION('ref_axis',(1.,0.,0.));
#2784=DIRECTION('',(1.,0.,0.));
#2785=DIRECTION('',(0.,0.,1.));
#2786=DIRECTION('center_axis',(1.,0.,0.));
#2787=DIRECTION('ref_axis',(0.,1.,0.));
#2788=DIRECTION('',(0.,1.,0.));
#2789=DIRECTION('center_axis',(-1.,0.,0.));
#2790=DIRECTION('ref_axis',(0.,-1.,0.));
#2791=DIRECTION('',(0.,-1.,0.));
#2792=DIRECTION('center_axis',(0.,-1.,0.));
#2793=DIRECTION('ref_axis',(1.,0.,0.));
#2794=DIRECTION('',(1.,0.,0.));
#2795=DIRECTION('center_axis',(0.,0.,1.));
#2796=DIRECTION('ref_axis',(1.,0.,0.));
#2797=DIRECTION('',(0.,0.,1.));
#2798=DIRECTION('',(1.,0.,0.));
#2799=CARTESIAN_POINT('',(0.,0.,0.));
#2800=CARTESIAN_POINT('',(0.,0.,0.));
#2801=CARTESIAN_POINT('Origin',(51.8867452789032,-8.15001940037091,0.));
#2802=CARTESIAN_POINT('',(51.8867452789032,-8.15001940037091,0.));
#2803=CARTESIAN_POINT('',(51.8867452789032,-4.40001940037091,0.));
#2804=CARTESIAN_POINT('',(51.8867452789032,-14.2510097001855,0.));
#2805=CARTESIAN_POINT('',(51.8867452789032,-8.15001940037091,0.2));
#2806=CARTESIAN_POINT('',(51.8867452789032,-8.15001940037091,0.));
#2807=CARTESIAN_POINT('',(51.8867452789032,-4.40001940037091,0.2));
#2808=CARTESIAN_POINT('',(51.8867452789032,-4.8166859676965,0.2));
#2809=CARTESIAN_POINT('',(51.8867452789032,-4.40001940037091,0.));
#2810=CARTESIAN_POINT('Origin',(51.0534115482056,-8.15001940037091,0.));
#2811=CARTESIAN_POINT('',(51.0534115482056,-8.15001940037091,0.));
#2812=CARTESIAN_POINT('',(40.9179557741028,-8.15001940037091,0.));
#2813=CARTESIAN_POINT('',(51.0534115482056,-8.15001940037091,0.2));
#2814=CARTESIAN_POINT('',(51.0534115482056,-8.15001940037091,0.));
#2815=CARTESIAN_POINT('',(51.470077817508,-8.15001940037091,0.2));
#2816=CARTESIAN_POINT('Origin',(51.0534115482056,-4.40001940037091,0.));
#2817=CARTESIAN_POINT('',(51.0534115482056,-4.40001940037091,0.));
#2818=CARTESIAN_POINT('',(51.0534115482056,-12.3760097001855,0.));
#2819=CARTESIAN_POINT('',(51.0534115482056,-4.40001940037091,0.2));
#2820=CARTESIAN_POINT('',(51.0534115482056,-4.40001940037091,0.));
#2821=CARTESIAN_POINT('',(51.0534115482056,-7.73335283304531,0.2));
#2822=CARTESIAN_POINT('Origin',(51.8867452789032,-4.40001940037091,0.));
#2823=CARTESIAN_POINT('',(41.3346226394516,-4.40001940037091,0.));
#2824=CARTESIAN_POINT('',(51.8867452789032,-4.40001940037091,0.2));
#2825=CARTESIAN_POINT('Origin',(49.1784115482056,-3.56668566967328,0.2));
#2826=CARTESIAN_POINT('Origin',(51.2617452789032,1.43331433032672,0.));
#2827=CARTESIAN_POINT('',(51.2617452789032,1.43331433032672,0.));
#2828=CARTESIAN_POINT('',(50.4284115482056,1.43331433032672,0.));
#2829=CARTESIAN_POINT('',(41.0221226394516,1.43331433032672,0.));
#2830=CARTESIAN_POINT('',(51.2617452789032,1.43331433032672,0.2));
#2831=CARTESIAN_POINT('',(51.2617452789032,1.43331433032672,0.));
#2832=CARTESIAN_POINT('',(50.4284115482056,1.43331433032672,0.2));
#2833=CARTESIAN_POINT('',(50.845077817508,1.43331433032672,0.2));
#2834=CARTESIAN_POINT('',(50.4284115482056,1.43331433032672,0.));
#2835=CARTESIAN_POINT('Origin',(51.2617452789032,-1.90001880432446,0.));
#2836=CARTESIAN_POINT('',(51.2617452789032,-1.90001880432446,0.));
#2837=CARTESIAN_POINT('',(51.2617452789032,-11.1260094021622,0.));
#2838=CARTESIAN_POINT('',(51.2617452789032,-1.90001880432446,0.2));
#2839=CARTESIAN_POINT('',(51.2617452789032,-1.90001880432446,0.));
#2840=CARTESIAN_POINT('',(51.2617452789032,1.01664806102436,0.2));
#2841=CARTESIAN_POINT('Origin',(50.4284115482056,-1.90001880432446,0.));
#2842=CARTESIAN_POINT('',(50.4284115482056,-1.90001880432446,0.));
#2843=CARTESIAN_POINT('',(40.6054557741028,-1.90001880432446,0.));
#2844=CARTESIAN_POINT('',(50.4284115482056,-1.90001880432446,0.2));
#2845=CARTESIAN_POINT('',(50.4284115482056,-1.90001880432446,0.));
#2846=CARTESIAN_POINT('',(50.845077817508,-1.90001880432446,0.2));
#2847=CARTESIAN_POINT('Origin',(50.4284115482056,1.43331433032672,0.));
#2848=CARTESIAN_POINT('',(50.4284115482056,-9.45934283483664,0.));
#2849=CARTESIAN_POINT('',(50.4284115482056,1.43331433032672,0.));
#2850=CARTESIAN_POINT('',(50.4284115482056,-1.48335193897564,0.2));
#2851=CARTESIAN_POINT('',(50.4284115482056,-1.90001880432446,0.));
#2852=CARTESIAN_POINT('Origin',(49.1784115482056,-3.56668566967328,0.2));
#2853=CARTESIAN_POINT('Origin',(48.7617440868103,2.26664806102436,0.));
#2854=CARTESIAN_POINT('',(48.7617440868103,2.26664806102436,0.));
#2855=CARTESIAN_POINT('',(48.7617440868103,1.43331433032672,0.));
#2856=CARTESIAN_POINT('',(48.7617440868103,-9.04267596948783,0.));
#2857=CARTESIAN_POINT('',(48.7617440868103,2.26664806102436,0.2));
#2858=CARTESIAN_POINT('',(48.7617440868103,2.26664806102436,0.));
#2859=CARTESIAN_POINT('',(48.7617440868103,1.43331433032672,0.2));
#2860=CARTESIAN_POINT('',(48.7617440868103,1.84998179172199,0.2));
#2861=CARTESIAN_POINT('',(48.7617440868103,1.43331433032672,0.));
#2862=CARTESIAN_POINT('Origin',(50.4284115482056,2.26664806102436,0.));
#2863=CARTESIAN_POINT('',(50.4284115482056,2.26664806102436,0.));
#2864=CARTESIAN_POINT('',(40.6054557741028,2.26664806102435,0.));
#2865=CARTESIAN_POINT('',(50.4284115482056,2.26664806102436,0.2));
#2866=CARTESIAN_POINT('',(50.4284115482056,2.26664806102436,0.));
#2867=CARTESIAN_POINT('',(49.1784115482056,2.26664806102436,0.2));
#2868=CARTESIAN_POINT('Origin',(50.4284115482056,1.43331433032672,0.));
#2869=CARTESIAN_POINT('',(50.4284115482056,-9.45934283483664,0.));
#2870=CARTESIAN_POINT('',(50.4284115482056,1.84998179172199,0.2));
#2871=CARTESIAN_POINT('Origin',(48.7617440868103,1.43331433032672,0.));
#2872=CARTESIAN_POINT('',(39.7721220434052,1.43331433032672,0.));
#2873=CARTESIAN_POINT('',(50.0117452789032,1.43331433032672,0.2));
#2874=CARTESIAN_POINT('Origin',(49.1784115482056,-3.56668566967328,0.2));
#2875=CARTESIAN_POINT('Origin',(48.7617440868103,-2.73335193897564,0.));
#2876=CARTESIAN_POINT('',(48.7617440868103,-2.73335193897564,0.));
#2877=CARTESIAN_POINT('',(50.4284115482056,-2.73335193897564,0.));
#2878=CARTESIAN_POINT('',(39.7721220434052,-2.73335193897564,0.));
#2879=CARTESIAN_POINT('',(48.7617440868103,-2.73335193897564,0.2));
#2880=CARTESIAN_POINT('',(48.7617440868103,-2.73335193897564,0.));
#2881=CARTESIAN_POINT('',(50.4284115482056,-2.73335193897564,0.2));
#2882=CARTESIAN_POINT('',(50.0117452789032,-2.73335193897564,0.2));
#2883=CARTESIAN_POINT('',(50.4284115482056,-2.73335193897564,0.));
#2884=CARTESIAN_POINT('Origin',(48.7617440868103,-1.90001880432446,0.));
#2885=CARTESIAN_POINT('',(48.7617440868103,-1.90001880432446,0.));
#2886=CARTESIAN_POINT('',(48.7617440868103,-11.1260094021622,0.));
#2887=CARTESIAN_POINT('',(48.7617440868103,-1.90001880432446,0.2));
#2888=CARTESIAN_POINT('',(48.7617440868103,-1.90001880432446,0.));
#2889=CARTESIAN_POINT('',(48.7617440868103,-2.31668566967328,0.2));
#2890=CARTESIAN_POINT('Origin',(50.4284115482056,-1.90001880432446,0.));
#2891=CARTESIAN_POINT('',(40.6054557741028,-1.90001880432446,0.));
#2892=CARTESIAN_POINT('',(49.1784115482056,-1.90001880432446,0.2));
#2893=CARTESIAN_POINT('Origin',(50.4284115482056,-2.73335193897564,0.));
#2894=CARTESIAN_POINT('',(50.4284115482056,-11.5426759694878,0.));
#2895=CARTESIAN_POINT('',(50.4284115482056,-2.73335193897564,0.2));
#2896=CARTESIAN_POINT('Origin',(49.1784115482056,-3.56668566967328,0.2));
#2897=CARTESIAN_POINT('Origin',(48.345077817508,-1.48335193897564,0.));
#2898=CARTESIAN_POINT('',(48.345077817508,-1.48335193897564,0.));
#2899=CARTESIAN_POINT('',(48.345077817508,-0.65001880432446,0.));
#2900=CARTESIAN_POINT('',(48.345077817508,-10.9176759694878,0.));
#2901=CARTESIAN_POINT('',(48.345077817508,-1.48335193897564,0.2));
#2902=CARTESIAN_POINT('',(48.345077817508,-1.48335193897564,0.));
#2903=CARTESIAN_POINT('',(48.345077817508,-0.65001880432446,0.2));
#2904=CARTESIAN_POINT('',(48.345077817508,-1.06668566967328,0.2));
#2905=CARTESIAN_POINT('',(48.345077817508,-0.65001880432446,0.));
#2906=CARTESIAN_POINT('Origin',(47.5117440868103,-1.48335193897564,0.));
#2907=CARTESIAN_POINT('',(47.5117440868103,-1.48335193897564,0.));
#2908=CARTESIAN_POINT('',(39.1471220434052,-1.48335193897565,0.));
#2909=CARTESIAN_POINT('',(47.5117440868103,-1.48335193897564,0.2));
#2910=CARTESIAN_POINT('',(47.5117440868103,-1.48335193897564,0.));
#2911=CARTESIAN_POINT('',(47.9284115482056,-1.48335193897564,0.2));
#2912=CARTESIAN_POINT('Origin',(47.5117440868103,-0.65001880432446,0.));
#2913=CARTESIAN_POINT('',(47.5117440868103,-0.65001880432446,0.));
#2914=CARTESIAN_POINT('',(47.5117440868103,-10.5010094021622,0.));
#2915=CARTESIAN_POINT('',(47.5117440868103,-0.65001880432446,0.2));
#2916=CARTESIAN_POINT('',(47.5117440868103,-0.65001880432446,0.));
#2917=CARTESIAN_POINT('',(47.5117440868103,-1.06668566967328,0.2));
#2918=CARTESIAN_POINT('Origin',(48.345077817508,-0.65001880432446,0.));
#2919=CARTESIAN_POINT('',(39.563788908754,-0.650018804324461,0.));
#2920=CARTESIAN_POINT('',(48.345077817508,-0.65001880432446,0.2));
#2921=CARTESIAN_POINT('Origin',(49.1784115482056,-3.56668566967328,0.2));
#2922=CARTESIAN_POINT('Origin',(48.345077817508,1.43331433032672,0.));
#2923=CARTESIAN_POINT('',(48.345077817508,1.43331433032672,0.));
#2924=CARTESIAN_POINT('',(48.345077817508,2.26664806102436,0.));
#2925=CARTESIAN_POINT('',(48.345077817508,-9.45934283483664,0.));
#2926=CARTESIAN_POINT('',(48.345077817508,1.43331433032672,0.2));
#2927=CARTESIAN_POINT('',(48.345077817508,1.43331433032672,0.));
#2928=CARTESIAN_POINT('',(48.345077817508,2.26664806102436,0.2));
#2929=CARTESIAN_POINT('',(48.345077817508,1.84998179172199,0.2));
#2930=CARTESIAN_POINT('',(48.345077817508,2.26664806102436,0.));
#2931=CARTESIAN_POINT('Origin',(47.5117440868103,1.43331433032672,0.));
#2932=CARTESIAN_POINT('',(47.5117440868103,1.43331433032672,0.));
#2933=CARTESIAN_POINT('',(39.1471220434052,1.43331433032672,0.));
#2934=CARTESIAN_POINT('',(47.5117440868103,1.43331433032672,0.2));
#2935=CARTESIAN_POINT('',(47.5117440868103,1.43331433032672,0.));
#2936=CARTESIAN_POINT('',(47.9284115482056,1.43331433032672,0.2));
#2937=CARTESIAN_POINT('Origin',(47.5117440868103,2.26664806102436,0.));
#2938=CARTESIAN_POINT('',(47.5117440868103,2.26664806102436,0.));
#2939=CARTESIAN_POINT('',(47.5117440868103,-9.04267596948783,0.));
#2940=CARTESIAN_POINT('',(47.5117440868103,2.26664806102436,0.2));
#2941=CARTESIAN_POINT('',(47.5117440868103,2.26664806102436,0.));
#2942=CARTESIAN_POINT('',(47.5117440868103,1.84998179172199,0.2));
#2943=CARTESIAN_POINT('Origin',(48.345077817508,2.26664806102436,0.));
#2944=CARTESIAN_POINT('',(39.563788908754,2.26664806102435,0.));
#2945=CARTESIAN_POINT('',(48.345077817508,2.26664806102436,0.2));
#2946=CARTESIAN_POINT('Origin',(49.1784115482056,-3.56668566967328,0.2));
#2947=CARTESIAN_POINT('Origin',(51.8867452789032,-9.40001940037091,0.));
#2948=CARTESIAN_POINT('',(51.8867452789032,-9.40001940037091,0.));
#2949=CARTESIAN_POINT('',(51.8867452789032,-8.56668626571972,0.));
#2950=CARTESIAN_POINT('',(51.8867452789032,-14.8760097001855,0.));
#2951=CARTESIAN_POINT('',(51.8867452789032,-9.40001940037091,0.2));
#2952=CARTESIAN_POINT('',(51.8867452789032,-9.40001940037091,0.));
#2953=CARTESIAN_POINT('',(51.8867452789032,-8.56668626571972,0.2));
#2954=CARTESIAN_POINT('',(51.8867452789032,-8.98335283304531,0.2));
#2955=CARTESIAN_POINT('',(51.8867452789032,-8.56668626571972,0.));
#2956=CARTESIAN_POINT('Origin',(51.0534115482056,-9.40001940037091,0.));
#2957=CARTESIAN_POINT('',(51.0534115482056,-9.40001940037091,0.));
#2958=CARTESIAN_POINT('',(40.9179557741028,-9.40001940037091,0.));
#2959=CARTESIAN_POINT('',(51.0534115482056,-9.40001940037091,0.2));
#2960=CARTESIAN_POINT('',(51.0534115482056,-9.40001940037091,0.));
#2961=CARTESIAN_POINT('',(51.470077817508,-9.40001940037091,0.2));
#2962=CARTESIAN_POINT('Origin',(51.0534115482056,-8.56668626571972,0.));
#2963=CARTESIAN_POINT('',(51.0534115482056,-8.56668626571972,0.));
#2964=CARTESIAN_POINT('',(51.0534115482056,-14.4593431328599,0.));
#2965=CARTESIAN_POINT('',(51.0534115482056,-8.56668626571972,0.2));
#2966=CARTESIAN_POINT('',(51.0534115482056,-8.56668626571972,0.));
#2967=CARTESIAN_POINT('',(51.0534115482056,-8.98335283304531,0.2));
#2968=CARTESIAN_POINT('Origin',(51.8867452789032,-8.56668626571972,0.));
#2969=CARTESIAN_POINT('',(41.3346226394516,-8.56668626571972,0.));
#2970=CARTESIAN_POINT('',(51.8867452789032,-8.56668626571972,0.2));
#2971=CARTESIAN_POINT('Origin',(49.1784115482056,-3.56668566967328,0.2));
#2972=CARTESIAN_POINT('Origin',(50.6367452789032,-9.40001940037091,0.));
#2973=CARTESIAN_POINT('',(50.6367452789032,-9.40001940037091,0.));
#2974=CARTESIAN_POINT('',(50.6367452789032,-4.40001940037091,0.));
#2975=CARTESIAN_POINT('',(50.6367452789032,-14.8760097001855,0.));
#2976=CARTESIAN_POINT('',(50.6367452789032,-9.40001940037091,0.2));
#2977=CARTESIAN_POINT('',(50.6367452789032,-9.40001940037091,0.));
#2978=CARTESIAN_POINT('',(50.6367452789032,-4.40001940037091,0.2));
#2979=CARTESIAN_POINT('',(50.6367452789032,-4.8166859676965,0.2));
#2980=CARTESIAN_POINT('',(50.6367452789032,-4.40001940037091,0.));
#2981=CARTESIAN_POINT('Origin',(49.8034115482056,-9.40001940037091,0.));
#2982=CARTESIAN_POINT('',(49.8034115482056,-9.40001940037091,0.));
#2983=CARTESIAN_POINT('',(40.2929557741028,-9.40001940037091,0.));
#2984=CARTESIAN_POINT('',(49.8034115482056,-9.40001940037091,0.2));
#2985=CARTESIAN_POINT('',(49.8034115482056,-9.40001940037091,0.));
#2986=CARTESIAN_POINT('',(50.220077817508,-9.40001940037091,0.2));
#2987=CARTESIAN_POINT('Origin',(49.8034115482056,-7.31668626571972,0.));
#2988=CARTESIAN_POINT('',(49.8034115482056,-7.31668626571972,0.));
#2989=CARTESIAN_POINT('',(49.8034115482056,-13.8343431328599,0.));
#2990=CARTESIAN_POINT('',(49.8034115482056,-7.31668626571972,0.2));
#2991=CARTESIAN_POINT('',(49.8034115482056,-7.31668626571972,0.));
#2992=CARTESIAN_POINT('',(49.8034115482056,-8.98335283304531,0.2));
#2993=CARTESIAN_POINT('Origin',(47.3034115482056,-7.31668626571972,0.));
#2994=CARTESIAN_POINT('',(47.3034115482056,-7.31668626571972,0.));
#2995=CARTESIAN_POINT('',(39.0429557741028,-7.31668626571972,0.));
#2996=CARTESIAN_POINT('',(47.3034115482056,-7.31668626571972,0.2));
#2997=CARTESIAN_POINT('',(47.3034115482056,-7.31668626571972,0.));
#2998=CARTESIAN_POINT('',(49.3867452789032,-7.31668626571972,0.2));
#2999=CARTESIAN_POINT('Origin',(47.3034115482056,-9.40001940037091,0.));
#3000=CARTESIAN_POINT('',(47.3034115482056,-9.40001940037091,0.));
#3001=CARTESIAN_POINT('',(47.3034115482056,-14.8760097001855,0.));
#3002=CARTESIAN_POINT('',(47.3034115482056,-9.40001940037091,0.2));
#3003=CARTESIAN_POINT('',(47.3034115482056,-9.40001940037091,0.));
#3004=CARTESIAN_POINT('',(47.3034115482056,-7.73335283304531,0.2));
#3005=CARTESIAN_POINT('Origin',(46.470077817508,-9.40001940037091,0.));
#3006=CARTESIAN_POINT('',(46.470077817508,-9.40001940037091,0.));
#3007=CARTESIAN_POINT('',(38.626288908754,-9.40001940037091,0.));
#3008=CARTESIAN_POINT('',(46.470077817508,-9.40001940037091,0.2));
#3009=CARTESIAN_POINT('',(46.470077817508,-9.40001940037091,0.));
#3010=CARTESIAN_POINT('',(46.8867440868103,-9.40001940037091,0.2));
#3011=CARTESIAN_POINT('Origin',(46.470077817508,-4.40001940037091,0.));
#3012=CARTESIAN_POINT('',(46.470077817508,-4.40001940037091,0.));
#3013=CARTESIAN_POINT('',(46.470077817508,-12.3760097001855,0.));
#3014=CARTESIAN_POINT('',(46.470077817508,-4.40001940037091,0.2));
#3015=CARTESIAN_POINT('',(46.470077817508,-4.40001940037091,0.));
#3016=CARTESIAN_POINT('',(46.470077817508,-8.98335283304532,0.2));
#3017=CARTESIAN_POINT('Origin',(47.3034115482056,-4.40001940037091,0.));
#3018=CARTESIAN_POINT('',(47.3034115482056,-4.40001940037091,0.));
#3019=CARTESIAN_POINT('',(39.0429557741028,-4.40001940037091,0.));
#3020=CARTESIAN_POINT('',(47.3034115482056,-4.40001940037091,0.2));
#3021=CARTESIAN_POINT('',(47.3034115482056,-4.40001940037091,0.));
#3022=CARTESIAN_POINT('',(46.8867440868103,-4.40001940037091,0.2));
#3023=CARTESIAN_POINT('Origin',(47.3034115482056,-6.48335283304531,0.));
#3024=CARTESIAN_POINT('',(47.3034115482056,-6.48335283304531,0.));
#3025=CARTESIAN_POINT('',(47.3034115482056,-13.4176764165227,0.));
#3026=CARTESIAN_POINT('',(47.3034115482056,-6.48335283304531,0.2));
#3027=CARTESIAN_POINT('',(47.3034115482056,-6.48335283304531,0.));
#3028=CARTESIAN_POINT('',(47.3034115482056,-4.8166859676965,0.2));
#3029=CARTESIAN_POINT('Origin',(49.8034115482056,-6.48335283304531,0.));
#3030=CARTESIAN_POINT('',(49.8034115482056,-6.48335283304531,0.));
#3031=CARTESIAN_POINT('',(40.2929557741028,-6.48335283304531,0.));
#3032=CARTESIAN_POINT('',(49.8034115482056,-6.48335283304531,0.2));
#3033=CARTESIAN_POINT('',(49.8034115482056,-6.48335283304531,0.));
#3034=CARTESIAN_POINT('',(47.720077817508,-6.48335283304531,0.2));
#3035=CARTESIAN_POINT('Origin',(49.8034115482056,-4.40001940037091,0.));
#3036=CARTESIAN_POINT('',(49.8034115482056,-4.40001940037091,0.));
#3037=CARTESIAN_POINT('',(49.8034115482056,-12.3760097001855,0.));
#3038=CARTESIAN_POINT('',(49.8034115482056,-4.40001940037091,0.2));
#3039=CARTESIAN_POINT('',(49.8034115482056,-4.40001940037091,0.));
#3040=CARTESIAN_POINT('',(49.8034115482056,-6.06668626571972,0.2));
#3041=CARTESIAN_POINT('Origin',(50.6367452789032,-4.40001940037091,0.));
#3042=CARTESIAN_POINT('',(40.7096226394516,-4.40001940037091,0.));
#3043=CARTESIAN_POINT('',(50.6367452789032,-4.40001940037091,0.2));
#3044=CARTESIAN_POINT('Origin',(49.1784115482056,-3.56668566967328,0.2));
#3045=CARTESIAN_POINT('Origin',(-8.055,-47.283,0.));
#3046=CARTESIAN_POINT('',(-8.055,-52.283,1.5));
#3047=CARTESIAN_POINT('',(-13.055,-47.283,1.5));
#3048=CARTESIAN_POINT('Origin',(-8.055,-47.283,1.5));
#3049=CARTESIAN_POINT('',(-13.055,-47.283,0.));
#3050=CARTESIAN_POINT('',(-13.055,-47.283,0.));
#3051=CARTESIAN_POINT('',(-8.055,-52.283,0.));
#3052=CARTESIAN_POINT('Origin',(-8.055,-47.283,0.));
#3053=CARTESIAN_POINT('',(-8.055,-52.283,0.));
#3054=CARTESIAN_POINT('Origin',(-13.055,-52.283,0.));
#3055=CARTESIAN_POINT('',(41.232,-52.283,0.));
#3056=CARTESIAN_POINT('',(74.62,-52.283,0.));
#3057=CARTESIAN_POINT('',(41.232,-52.283,1.5));
#3058=CARTESIAN_POINT('',(41.232,-52.283,0.));
#3059=CARTESIAN_POINT('',(74.62,-52.283,1.5));
#3060=CARTESIAN_POINT('Origin',(30.7825,-20.352,0.));
#3061=CARTESIAN_POINT('',(-13.055,6.579,0.));
#3062=CARTESIAN_POINT('',(-13.055,-52.283,0.));
#3063=CARTESIAN_POINT('',(-8.055,11.579,0.));
#3064=CARTESIAN_POINT('Origin',(-8.055,6.579,0.));
#3065=CARTESIAN_POINT('',(69.62,11.579,0.));
#3066=CARTESIAN_POINT('',(-13.055,11.579,0.));
#3067=CARTESIAN_POINT('',(74.62,6.579,0.));
#3068=CARTESIAN_POINT('Origin',(69.62,6.579,0.));
#3069=CARTESIAN_POINT('',(74.62,-47.283,0.));
#3070=CARTESIAN_POINT('',(74.62,11.579,0.));
#3071=CARTESIAN_POINT('',(69.62,-52.283,0.));
#3072=CARTESIAN_POINT('Origin',(69.62,-47.283,0.));
#3073=CARTESIAN_POINT('',(59.732,-52.283,0.));
#3074=CARTESIAN_POINT('',(74.62,-52.283,0.));
#3075=CARTESIAN_POINT('',(59.732,-21.283,0.));
#3076=CARTESIAN_POINT('',(59.732,-52.283,0.));
#3077=CARTESIAN_POINT('',(41.232,-21.283,0.));
#3078=CARTESIAN_POINT('',(59.732,-21.283,0.));
#3079=CARTESIAN_POINT('',(41.232,-21.283,0.));
#3080=CARTESIAN_POINT('',(2.525,-22.075,0.));
#3081=CARTESIAN_POINT('',(3.025,-21.575,0.));
#3082=CARTESIAN_POINT('Origin',(3.025,-22.075,0.));
#3083=CARTESIAN_POINT('',(2.525,-35.075,0.));
#3084=CARTESIAN_POINT('',(2.525,-22.075,0.));
#3085=CARTESIAN_POINT('',(3.025,-35.575,0.));
#3086=CARTESIAN_POINT('Origin',(3.025,-35.075,0.));
#3087=CARTESIAN_POINT('',(16.025,-35.575,0.));
#3088=CARTESIAN_POINT('',(3.025,-35.575,0.));
#3089=CARTESIAN_POINT('',(16.525,-35.075,0.));
#3090=CARTESIAN_POINT('Origin',(16.025,-35.075,0.));
#3091=CARTESIAN_POINT('',(16.525,-22.075,0.));
#3092=CARTESIAN_POINT('',(16.525,-22.075,0.));
#3093=CARTESIAN_POINT('',(16.025,-21.575,0.));
#3094=CARTESIAN_POINT('Origin',(16.025,-22.075,0.));
#3095=CARTESIAN_POINT('',(3.025,-21.575,0.));
#3096=CARTESIAN_POINT('',(67.92,6.579,0.));
#3097=CARTESIAN_POINT('Origin',(69.62,6.579,0.));
#3098=CARTESIAN_POINT('',(67.92,-47.283,0.));
#3099=CARTESIAN_POINT('Origin',(69.62,-47.283,0.));
#3100=CARTESIAN_POINT('',(-9.755,-47.283,0.));
#3101=CARTESIAN_POINT('Origin',(-8.055,-47.283,0.));
#3102=CARTESIAN_POINT('',(2.525,-3.025,0.));
#3103=CARTESIAN_POINT('',(3.025,-2.525,0.));
#3104=CARTESIAN_POINT('Origin',(3.025,-3.025,0.));
#3105=CARTESIAN_POINT('',(2.525,-16.025,0.));
#3106=CARTESIAN_POINT('',(2.525,-3.025,0.));
#3107=CARTESIAN_POINT('',(3.025,-16.525,0.));
#3108=CARTESIAN_POINT('Origin',(3.025,-16.025,0.));
#3109=CARTESIAN_POINT('',(16.025,-16.525,0.));
#3110=CARTESIAN_POINT('',(3.025,-16.525,0.));
#3111=CARTESIAN_POINT('',(16.525,-16.025,0.));
#3112=CARTESIAN_POINT('Origin',(16.025,-16.025,0.));
#3113=CARTESIAN_POINT('',(16.525,-3.025,0.));
#3114=CARTESIAN_POINT('',(16.525,-3.025,0.));
#3115=CARTESIAN_POINT('',(16.025,-2.525,0.));
#3116=CARTESIAN_POINT('Origin',(16.025,-3.025,0.));
#3117=CARTESIAN_POINT('',(3.025,-2.525,0.));
#3118=CARTESIAN_POINT('',(-9.755,6.579,0.));
#3119=CARTESIAN_POINT('Origin',(-8.055,6.579,0.));
#3120=CARTESIAN_POINT('',(47.269,-16.632,0.));
#3121=CARTESIAN_POINT('',(41.669,-16.632,0.));
#3122=CARTESIAN_POINT('',(47.269,-16.632,0.));
#3123=CARTESIAN_POINT('',(47.269,-12.632,0.));
#3124=CARTESIAN_POINT('',(47.269,-12.632,0.));
#3125=CARTESIAN_POINT('',(41.669,-12.632,0.));
#3126=CARTESIAN_POINT('',(41.669,-12.632,0.));
#3127=CARTESIAN_POINT('',(41.669,-16.632,0.));
#3128=CARTESIAN_POINT('',(21.575,-22.075,0.));
#3129=CARTESIAN_POINT('',(22.075,-21.575,0.));
#3130=CARTESIAN_POINT('Origin',(22.075,-22.075,0.));
#3131=CARTESIAN_POINT('',(21.575,-35.075,0.));
#3132=CARTESIAN_POINT('',(21.575,-22.075,0.));
#3133=CARTESIAN_POINT('',(22.075,-35.575,0.));
#3134=CARTESIAN_POINT('Origin',(22.075,-35.075,0.));
#3135=CARTESIAN_POINT('',(35.075,-35.575,0.));
#3136=CARTESIAN_POINT('',(22.075,-35.575,0.));
#3137=CARTESIAN_POINT('',(35.575,-35.075,0.));
#3138=CARTESIAN_POINT('Origin',(35.075,-35.075,0.));
#3139=CARTESIAN_POINT('',(35.575,-22.075,0.));
#3140=CARTESIAN_POINT('',(35.575,-22.075,0.));
#3141=CARTESIAN_POINT('',(35.075,-21.575,0.));
#3142=CARTESIAN_POINT('Origin',(35.075,-22.075,0.));
#3143=CARTESIAN_POINT('',(22.075,-21.575,0.));
#3144=CARTESIAN_POINT('',(21.575,-3.025,0.));
#3145=CARTESIAN_POINT('',(22.075,-2.525,0.));
#3146=CARTESIAN_POINT('Origin',(22.075,-3.025,0.));
#3147=CARTESIAN_POINT('',(21.575,-16.025,0.));
#3148=CARTESIAN_POINT('',(21.575,-3.025,0.));
#3149=CARTESIAN_POINT('',(22.075,-16.525,0.));
#3150=CARTESIAN_POINT('Origin',(22.075,-16.025,0.));
#3151=CARTESIAN_POINT('',(35.075,-16.525,0.));
#3152=CARTESIAN_POINT('',(22.075,-16.525,0.));
#3153=CARTESIAN_POINT('',(35.575,-16.025,0.));
#3154=CARTESIAN_POINT('Origin',(35.075,-16.025,0.));
#3155=CARTESIAN_POINT('',(35.575,-3.025,0.));
#3156=CARTESIAN_POINT('',(35.575,-3.025,0.));
#3157=CARTESIAN_POINT('',(35.075,-2.525,0.));
#3158=CARTESIAN_POINT('Origin',(35.075,-3.025,0.));
#3159=CARTESIAN_POINT('',(22.075,-2.525,0.));
#3160=CARTESIAN_POINT('',(56.794,-16.632,0.));
#3161=CARTESIAN_POINT('',(51.194,-16.632,0.));
#3162=CARTESIAN_POINT('',(56.794,-16.632,0.));
#3163=CARTESIAN_POINT('',(56.794,-12.632,0.));
#3164=CARTESIAN_POINT('',(56.794,-12.632,0.));
#3165=CARTESIAN_POINT('',(51.194,-12.632,0.));
#3166=CARTESIAN_POINT('',(51.194,-12.632,0.));
#3167=CARTESIAN_POINT('',(51.194,-16.632,0.));
#3168=CARTESIAN_POINT('Origin',(69.62,-47.283,0.));
#3169=CARTESIAN_POINT('',(74.62,-47.283,1.5));
#3170=CARTESIAN_POINT('',(69.62,-52.283,1.5));
#3171=CARTESIAN_POINT('Origin',(69.62,-47.283,1.5));
#3172=CARTESIAN_POINT('',(69.62,-52.283,0.));
#3173=CARTESIAN_POINT('',(74.62,-47.283,0.));
#3174=CARTESIAN_POINT('Origin',(74.62,-52.283,0.));
#3175=CARTESIAN_POINT('',(74.62,6.579,1.5));
#3176=CARTESIAN_POINT('',(74.62,6.579,0.));
#3177=CARTESIAN_POINT('',(74.62,11.579,1.5));
#3178=CARTESIAN_POINT('Origin',(69.62,6.579,0.));
#3179=CARTESIAN_POINT('',(69.62,11.579,1.5));
#3180=CARTESIAN_POINT('Origin',(69.62,6.579,1.5));
#3181=CARTESIAN_POINT('',(69.62,11.579,0.));
#3182=CARTESIAN_POINT('Origin',(74.62,11.579,0.));
#3183=CARTESIAN_POINT('',(-8.055,11.579,1.5));
#3184=CARTESIAN_POINT('',(-8.055,11.579,0.));
#3185=CARTESIAN_POINT('',(-13.055,11.579,1.5));
#3186=CARTESIAN_POINT('Origin',(-8.055,6.579,0.));
#3187=CARTESIAN_POINT('',(-13.055,6.579,1.5));
#3188=CARTESIAN_POINT('Origin',(-8.055,6.579,1.5));
#3189=CARTESIAN_POINT('',(-13.055,6.579,0.));
#3190=CARTESIAN_POINT('Origin',(56.794,-12.632,0.));
#3191=CARTESIAN_POINT('',(56.794,-16.632,1.5));
#3192=CARTESIAN_POINT('',(56.794,-16.632,0.));
#3193=CARTESIAN_POINT('',(56.794,-12.632,1.5));
#3194=CARTESIAN_POINT('',(56.794,-12.632,1.5));
#3195=CARTESIAN_POINT('',(56.794,-12.632,0.));
#3196=CARTESIAN_POINT('Origin',(51.194,-12.632,0.));
#3197=CARTESIAN_POINT('',(51.194,-12.632,1.5));
#3198=CARTESIAN_POINT('',(51.194,-12.632,1.5));
#3199=CARTESIAN_POINT('',(51.194,-12.632,0.));
#3200=CARTESIAN_POINT('Origin',(51.194,-16.632,0.));
#3201=CARTESIAN_POINT('',(51.194,-16.632,1.5));
#3202=CARTESIAN_POINT('',(51.194,-16.632,1.5));
#3203=CARTESIAN_POINT('',(51.194,-16.632,0.));
#3204=CARTESIAN_POINT('Origin',(56.794,-16.632,0.));
#3205=CARTESIAN_POINT('',(56.794,-16.632,1.5));
#3206=CARTESIAN_POINT('Origin',(21.575,-16.025,0.));
#3207=CARTESIAN_POINT('',(21.575,-3.025,1.5));
#3208=CARTESIAN_POINT('',(21.575,-3.025,0.));
#3209=CARTESIAN_POINT('',(21.575,-16.025,1.5));
#3210=CARTESIAN_POINT('',(21.575,-3.025,1.5));
#3211=CARTESIAN_POINT('',(21.575,-16.025,0.));
#3212=CARTESIAN_POINT('Origin',(22.075,-16.025,0.));
#3213=CARTESIAN_POINT('',(22.075,-16.525,1.5));
#3214=CARTESIAN_POINT('Origin',(22.075,-16.025,1.5));
#3215=CARTESIAN_POINT('',(22.075,-16.525,0.));
#3216=CARTESIAN_POINT('Origin',(35.075,-16.525,0.));
#3217=CARTESIAN_POINT('',(35.075,-16.525,1.5));
#3218=CARTESIAN_POINT('',(22.075,-16.525,1.5));
#3219=CARTESIAN_POINT('',(35.075,-16.525,0.));
#3220=CARTESIAN_POINT('Origin',(35.075,-16.025,0.));
#3221=CARTESIAN_POINT('',(35.575,-16.025,1.5));
#3222=CARTESIAN_POINT('Origin',(35.075,-16.025,1.5));
#3223=CARTESIAN_POINT('',(35.575,-16.025,0.));
#3224=CARTESIAN_POINT('Origin',(35.575,-3.025,0.));
#3225=CARTESIAN_POINT('',(35.575,-3.025,1.5));
#3226=CARTESIAN_POINT('',(35.575,-3.025,1.5));
#3227=CARTESIAN_POINT('',(35.575,-3.025,0.));
#3228=CARTESIAN_POINT('Origin',(35.075,-3.025,0.));
#3229=CARTESIAN_POINT('',(35.075,-2.525,1.5));
#3230=CARTESIAN_POINT('Origin',(35.075,-3.025,1.5));
#3231=CARTESIAN_POINT('',(35.075,-2.525,0.));
#3232=CARTESIAN_POINT('Origin',(22.075,-2.525,0.));
#3233=CARTESIAN_POINT('',(22.075,-2.525,1.5));
#3234=CARTESIAN_POINT('',(22.075,-2.525,1.5));
#3235=CARTESIAN_POINT('',(22.075,-2.525,0.));
#3236=CARTESIAN_POINT('Origin',(22.075,-3.025,0.));
#3237=CARTESIAN_POINT('Origin',(22.075,-3.025,1.5));
#3238=CARTESIAN_POINT('Origin',(21.575,-35.075,0.));
#3239=CARTESIAN_POINT('',(21.575,-22.075,1.5));
#3240=CARTESIAN_POINT('',(21.575,-22.075,0.));
#3241=CARTESIAN_POINT('',(21.575,-35.075,1.5));
#3242=CARTESIAN_POINT('',(21.575,-22.075,1.5));
#3243=CARTESIAN_POINT('',(21.575,-35.075,0.));
#3244=CARTESIAN_POINT('Origin',(22.075,-35.075,0.));
#3245=CARTESIAN_POINT('',(22.075,-35.575,1.5));
#3246=CARTESIAN_POINT('Origin',(22.075,-35.075,1.5));
#3247=CARTESIAN_POINT('',(22.075,-35.575,0.));
#3248=CARTESIAN_POINT('Origin',(35.075,-35.575,0.));
#3249=CARTESIAN_POINT('',(35.075,-35.575,1.5));
#3250=CARTESIAN_POINT('',(22.075,-35.575,1.5));
#3251=CARTESIAN_POINT('',(35.075,-35.575,0.));
#3252=CARTESIAN_POINT('Origin',(35.075,-35.075,0.));
#3253=CARTESIAN_POINT('',(35.575,-35.075,1.5));
#3254=CARTESIAN_POINT('Origin',(35.075,-35.075,1.5));
#3255=CARTESIAN_POINT('',(35.575,-35.075,0.));
#3256=CARTESIAN_POINT('Origin',(35.575,-22.075,0.));
#3257=CARTESIAN_POINT('',(35.575,-22.075,1.5));
#3258=CARTESIAN_POINT('',(35.575,-22.075,1.5));
#3259=CARTESIAN_POINT('',(35.575,-22.075,0.));
#3260=CARTESIAN_POINT('Origin',(35.075,-22.075,0.));
#3261=CARTESIAN_POINT('',(35.075,-21.575,1.5));
#3262=CARTESIAN_POINT('Origin',(35.075,-22.075,1.5));
#3263=CARTESIAN_POINT('',(35.075,-21.575,0.));
#3264=CARTESIAN_POINT('Origin',(22.075,-21.575,0.));
#3265=CARTESIAN_POINT('',(22.075,-21.575,1.5));
#3266=CARTESIAN_POINT('',(22.075,-21.575,1.5));
#3267=CARTESIAN_POINT('',(22.075,-21.575,0.));
#3268=CARTESIAN_POINT('Origin',(22.075,-22.075,0.));
#3269=CARTESIAN_POINT('Origin',(22.075,-22.075,1.5));
#3270=CARTESIAN_POINT('Origin',(47.269,-12.632,0.));
#3271=CARTESIAN_POINT('',(47.269,-16.632,1.5));
#3272=CARTESIAN_POINT('',(47.269,-16.632,0.));
#3273=CARTESIAN_POINT('',(47.269,-12.632,1.5));
#3274=CARTESIAN_POINT('',(47.269,-12.632,1.5));
#3275=CARTESIAN_POINT('',(47.269,-12.632,0.));
#3276=CARTESIAN_POINT('Origin',(41.669,-12.632,0.));
#3277=CARTESIAN_POINT('',(41.669,-12.632,1.5));
#3278=CARTESIAN_POINT('',(41.669,-12.632,1.5));
#3279=CARTESIAN_POINT('',(41.669,-12.632,0.));
#3280=CARTESIAN_POINT('Origin',(41.669,-16.632,0.));
#3281=CARTESIAN_POINT('',(41.669,-16.632,1.5));
#3282=CARTESIAN_POINT('',(41.669,-16.632,1.5));
#3283=CARTESIAN_POINT('',(41.669,-16.632,0.));
#3284=CARTESIAN_POINT('Origin',(47.269,-16.632,0.));
#3285=CARTESIAN_POINT('',(47.269,-16.632,1.5));
#3286=CARTESIAN_POINT('Origin',(-8.055,6.579,0.));
#3287=CARTESIAN_POINT('',(-9.755,6.579,1.5));
#3288=CARTESIAN_POINT('Origin',(-8.055,6.579,1.5));
#3289=CARTESIAN_POINT('',(-9.755,6.579,0.));
#3290=CARTESIAN_POINT('Origin',(2.525,-16.025,0.));
#3291=CARTESIAN_POINT('',(2.525,-3.025,1.5));
#3292=CARTESIAN_POINT('',(2.525,-3.025,0.));
#3293=CARTESIAN_POINT('',(2.525,-16.025,1.5));
#3294=CARTESIAN_POINT('',(2.525,-3.025,1.5));
#3295=CARTESIAN_POINT('',(2.525,-16.025,0.));
#3296=CARTESIAN_POINT('Origin',(3.025,-16.025,0.));
#3297=CARTESIAN_POINT('',(3.025,-16.525,1.5));
#3298=CARTESIAN_POINT('Origin',(3.025,-16.025,1.5));
#3299=CARTESIAN_POINT('',(3.025,-16.525,0.));
#3300=CARTESIAN_POINT('Origin',(16.025,-16.525,0.));
#3301=CARTESIAN_POINT('',(16.025,-16.525,1.5));
#3302=CARTESIAN_POINT('',(3.025,-16.525,1.5));
#3303=CARTESIAN_POINT('',(16.025,-16.525,0.));
#3304=CARTESIAN_POINT('Origin',(16.025,-16.025,0.));
#3305=CARTESIAN_POINT('',(16.525,-16.025,1.5));
#3306=CARTESIAN_POINT('Origin',(16.025,-16.025,1.5));
#3307=CARTESIAN_POINT('',(16.525,-16.025,0.));
#3308=CARTESIAN_POINT('Origin',(16.525,-3.025,0.));
#3309=CARTESIAN_POINT('',(16.525,-3.025,1.5));
#3310=CARTESIAN_POINT('',(16.525,-3.025,1.5));
#3311=CARTESIAN_POINT('',(16.525,-3.025,0.));
#3312=CARTESIAN_POINT('Origin',(16.025,-3.025,0.));
#3313=CARTESIAN_POINT('',(16.025,-2.525,1.5));
#3314=CARTESIAN_POINT('Origin',(16.025,-3.025,1.5));
#3315=CARTESIAN_POINT('',(16.025,-2.525,0.));
#3316=CARTESIAN_POINT('Origin',(3.025,-2.525,0.));
#3317=CARTESIAN_POINT('',(3.025,-2.525,1.5));
#3318=CARTESIAN_POINT('',(3.025,-2.525,1.5));
#3319=CARTESIAN_POINT('',(3.025,-2.525,0.));
#3320=CARTESIAN_POINT('Origin',(3.025,-3.025,0.));
#3321=CARTESIAN_POINT('Origin',(3.025,-3.025,1.5));
#3322=CARTESIAN_POINT('Origin',(-8.055,-47.283,0.));
#3323=CARTESIAN_POINT('',(-9.755,-47.283,1.5));
#3324=CARTESIAN_POINT('Origin',(-8.055,-47.283,1.5));
#3325=CARTESIAN_POINT('',(-9.755,-47.283,0.));
#3326=CARTESIAN_POINT('Origin',(69.62,-47.283,0.));
#3327=CARTESIAN_POINT('',(67.92,-47.283,1.5));
#3328=CARTESIAN_POINT('Origin',(69.62,-47.283,1.5));
#3329=CARTESIAN_POINT('',(67.92,-47.283,0.));
#3330=CARTESIAN_POINT('Origin',(69.62,6.579,0.));
#3331=CARTESIAN_POINT('',(67.92,6.579,1.5));
#3332=CARTESIAN_POINT('Origin',(69.62,6.579,1.5));
#3333=CARTESIAN_POINT('',(67.92,6.579,0.));
#3334=CARTESIAN_POINT('Origin',(2.525,-35.075,0.));
#3335=CARTESIAN_POINT('',(2.525,-22.075,1.5));
#3336=CARTESIAN_POINT('',(2.525,-22.075,0.));
#3337=CARTESIAN_POINT('',(2.525,-35.075,1.5));
#3338=CARTESIAN_POINT('',(2.525,-22.075,1.5));
#3339=CARTESIAN_POINT('',(2.525,-35.075,0.));
#3340=CARTESIAN_POINT('Origin',(3.025,-35.075,0.));
#3341=CARTESIAN_POINT('',(3.025,-35.575,1.5));
#3342=CARTESIAN_POINT('Origin',(3.025,-35.075,1.5));
#3343=CARTESIAN_POINT('',(3.025,-35.575,0.));
#3344=CARTESIAN_POINT('Origin',(16.025,-35.575,0.));
#3345=CARTESIAN_POINT('',(16.025,-35.575,1.5));
#3346=CARTESIAN_POINT('',(3.025,-35.575,1.5));
#3347=CARTESIAN_POINT('',(16.025,-35.575,0.));
#3348=CARTESIAN_POINT('Origin',(16.025,-35.075,0.));
#3349=CARTESIAN_POINT('',(16.525,-35.075,1.5));
#3350=CARTESIAN_POINT('Origin',(16.025,-35.075,1.5));
#3351=CARTESIAN_POINT('',(16.525,-35.075,0.));
#3352=CARTESIAN_POINT('Origin',(16.525,-22.075,0.));
#3353=CARTESIAN_POINT('',(16.525,-22.075,1.5));
#3354=CARTESIAN_POINT('',(16.525,-22.075,1.5));
#3355=CARTESIAN_POINT('',(16.525,-22.075,0.));
#3356=CARTESIAN_POINT('Origin',(16.025,-22.075,0.));
#3357=CARTESIAN_POINT('',(16.025,-21.575,1.5));
#3358=CARTESIAN_POINT('Origin',(16.025,-22.075,1.5));
#3359=CARTESIAN_POINT('',(16.025,-21.575,0.));
#3360=CARTESIAN_POINT('Origin',(3.025,-21.575,0.));
#3361=CARTESIAN_POINT('',(3.025,-21.575,1.5));
#3362=CARTESIAN_POINT('',(3.025,-21.575,1.5));
#3363=CARTESIAN_POINT('',(3.025,-21.575,0.));
#3364=CARTESIAN_POINT('Origin',(3.025,-22.075,0.));
#3365=CARTESIAN_POINT('Origin',(3.025,-22.075,1.5));
#3366=CARTESIAN_POINT('Origin',(59.732,-21.283,0.));
#3367=CARTESIAN_POINT('',(59.732,-52.283,1.5));
#3368=CARTESIAN_POINT('',(59.732,-52.283,0.));
#3369=CARTESIAN_POINT('',(59.732,-21.283,1.5));
#3370=CARTESIAN_POINT('',(59.732,-52.283,1.5));
#3371=CARTESIAN_POINT('',(59.732,-21.283,0.));
#3372=CARTESIAN_POINT('Origin',(41.232,-21.283,0.));
#3373=CARTESIAN_POINT('',(41.232,-21.283,1.5));
#3374=CARTESIAN_POINT('',(59.732,-21.283,1.5));
#3375=CARTESIAN_POINT('',(41.232,-21.283,0.));
#3376=CARTESIAN_POINT('Origin',(41.232,-52.283,0.));
#3377=CARTESIAN_POINT('',(41.232,-21.283,1.5));
#3378=CARTESIAN_POINT('Origin',(-13.055,11.579,0.));
#3379=CARTESIAN_POINT('',(-13.055,-52.283,1.5));
#3380=CARTESIAN_POINT('Origin',(59.732,-52.283,0.));
#3381=CARTESIAN_POINT('',(74.62,-52.283,1.5));
#3382=CARTESIAN_POINT('Origin',(30.7825,-20.352,1.5));
#3383=CARTESIAN_POINT('',(0.,0.,0.));
#3384=UNCERTAINTY_MEASURE_WITH_UNIT(LENGTH_MEASURE(0.01),#3390,
'DISTANCE_ACCURACY_VALUE',
'Maximum model space distance between geometric entities at asserted c
onnectivities');
#3385=UNCERTAINTY_MEASURE_WITH_UNIT(LENGTH_MEASURE(0.01),#3390,
'DISTANCE_ACCURACY_VALUE',
'Maximum model space distance between geometric entities at asserted c
onnectivities');
#3386=UNCERTAINTY_MEASURE_WITH_UNIT(LENGTH_MEASURE(0.01),#3390,
'DISTANCE_ACCURACY_VALUE',
'Maximum model space distance between geometric entities at asserted c
onnectivities');
#3387=(
GEOMETRIC_REPRESENTATION_CONTEXT(3)
GLOBAL_UNCERTAINTY_ASSIGNED_CONTEXT((#3384))
GLOBAL_UNIT_ASSIGNED_CONTEXT((#3390,#3392,#3393))
REPRESENTATION_CONTEXT('','3D')
);
#3388=(
GEOMETRIC_REPRESENTATION_CONTEXT(3)
GLOBAL_UNCERTAINTY_ASSIGNED_CONTEXT((#3385))
GLOBAL_UNIT_ASSIGNED_CONTEXT((#3390,#3392,#3393))
REPRESENTATION_CONTEXT('','3D')
);
#3389=(
GEOMETRIC_REPRESENTATION_CONTEXT(3)
GLOBAL_UNCERTAINTY_ASSIGNED_CONTEXT((#3386))
GLOBAL_UNIT_ASSIGNED_CONTEXT((#3390,#3392,#3393))
REPRESENTATION_CONTEXT('','3D')
);
#3390=(
LENGTH_UNIT()
NAMED_UNIT(*)
SI_UNIT(.MILLI.,.METRE.)
);
#3391=(
LENGTH_UNIT()
NAMED_UNIT(*)
SI_UNIT($,.METRE.)
);
#3392=(
NAMED_UNIT(*)
PLANE_ANGLE_UNIT()
SI_UNIT($,.RADIAN.)
);
#3393=(
NAMED_UNIT(*)
SI_UNIT($,.STERADIAN.)
SOLID_ANGLE_UNIT()
);
#3394=SHAPE_DEFINITION_REPRESENTATION(#3396,#3399);
#3395=SHAPE_DEFINITION_REPRESENTATION(#3397,#3400);
#3396=PRODUCT_DEFINITION_SHAPE('',$,#3402);
#3397=PRODUCT_DEFINITION_SHAPE('',$,#3403);
#3398=PRODUCT_DEFINITION_SHAPE($,$,#14);
#3399=SHAPE_REPRESENTATION('',(#2088,#2244),#3387);
#3400=SHAPE_REPRESENTATION('',(#2089),#3388);
#3401=PRODUCT_DEFINITION_CONTEXT('part definition',#3409,'design');
#3402=PRODUCT_DEFINITION('2026-01-10-15-42-13-528','(Unsaved)',#3404,#3401);
#3403=PRODUCT_DEFINITION('2026-01-10-16-17-28-955','Component1',#3405,#3401);
#3404=PRODUCT_DEFINITION_FORMATION('',$,#3411);
#3405=PRODUCT_DEFINITION_FORMATION('',$,#3412);
#3406=PRODUCT_RELATED_PRODUCT_CATEGORY('(Unsaved)','(Unsaved)',(#3411));
#3407=PRODUCT_RELATED_PRODUCT_CATEGORY('Component1','Component1',(#3412));
#3408=APPLICATION_PROTOCOL_DEFINITION('international standard',
'automotive_design',2009,#3409);
#3409=APPLICATION_CONTEXT(
'Core Data for Automotive Mechanical Design Process');
#3410=PRODUCT_CONTEXT('part definition',#3409,'mechanical');
#3411=PRODUCT('2026-01-10-15-42-13-528','(Unsaved)',$,(#3410));
#3412=PRODUCT('2026-01-10-16-17-28-955','Component1',$,(#3410));
#3413=PRESENTATION_STYLE_ASSIGNMENT((#3414));
#3414=SURFACE_STYLE_USAGE(.BOTH.,#3415);
#3415=SURFACE_SIDE_STYLE('',(#3416));
#3416=SURFACE_STYLE_FILL_AREA(#3417);
#3417=FILL_AREA_STYLE('Steel - Satin',(#3418));
#3418=FILL_AREA_STYLE_COLOUR('Steel - Satin',#3419);
#3419=COLOUR_RGB('Steel - Satin',0.627450980392157,0.627450980392157,0.627450980392157);
ENDSEC;
END-ISO-10303-21;
